unit,cycle,RUL,fe_RMS,fe_RMS_norm,fe_Kurtosis,fe_Crest,fe_Entropy
1,1,389,0.15922663029009815,0.22088202954624592,5.257903319293726,4.532434283777839,0.6629974940553797
1,2,388,0.1568340027273607,0.2192473097993493,5.078419844854539,4.582364929973273,0.6757687820714062
1,3,387,0.16044183823311034,0.22395712360320832,5.2373350409094,4.424815465859565,0.6853592555676737
1,4,386,0.16365849596949006,0.22834369431241153,5.074597052768496,5.038380457257853,0.6614223555157714
1,5,385,0.16181381756502905,0.22729101557871018,5.369069880681703,4.739807086561437,0.6658286816460866
1,6,384,0.1600685527288805,0.22638611168852238,4.702419634739925,4.383651069414807,0.6403768759183
1,7,383,0.16211696568831954,0.22977145534303253,5.512863628396065,4.442011286137909,0.6613017218275256
1,8,382,0.16310315817744162,0.23178397425193648,4.995523122080458,4.4630471839797545,0.6404793456564293
1,9,381,0.1621949652824636,0.22881086187388183,5.271637990690252,4.253977475439522,0.6542804285382566
1,10,380,0.15920875007149016,0.22272579600800343,5.289272598318043,4.265791549190428,0.6839936213479796
1,11,379,0.16232020423226468,0.2298222759752171,5.608906421227461,4.687197099931476,0.6368706806802926
1,12,378,0.15975497214292034,0.2240370880338905,5.506980471972971,4.742418857231677,0.6688472897547106
1,13,377,0.16207449565572715,0.2268976995391714,5.406636315598278,4.861751052845767,0.6578765513761582
1,14,376,0.15915606129116064,0.22165547015614595,5.204695888151871,4.2731858362454185,0.6549691350399804
1,15,375,0.16492548072508853,0.22964550429635666,5.055863852698009,4.000512023294891,0.6578220569661382
1,16,374,0.15960363649470102,0.21915726651587633,5.236785046239476,4.307126988628143,0.659066156170887
1,17,373,0.16740480445338804,0.2296456639212314,5.441417449422003,4.513931003056524,0.6505403494532671
1,18,372,0.1714554160335703,0.23674398153508439,5.4024473984591594,5.112571423028764,0.6274262800732795
1,19,371,0.16465609316352317,0.22674119402562054,4.927593803639329,4.4851122410839865,0.6425724036744981
1,20,370,0.16480320064541396,0.22955337015617772,5.260609019808877,4.455922430971783,0.6763513344451186
1,21,369,0.16469091656572235,0.22800470610000295,5.572838406053322,4.6768649521680405,0.6697025386347815
1,22,368,0.16884989093391825,0.23267570670269302,5.04660004979436,4.692048486174209,0.6434743255800801
1,23,367,0.1637754191337284,0.22810686581825482,5.48287198366529,4.398820283775524,0.6420389385798072
1,24,366,0.16239006614170412,0.22453628872340617,5.227304089077016,4.508248429942243,0.661846056221537
1,25,365,0.163106379709007,0.22424261853060012,5.165154556593945,4.5690751067754345,0.6772087059807347
1,26,364,0.16788752411980307,0.22711209067688545,5.261356301104989,5.033380254980965,0.6522444019983563
1,27,363,0.17163979942034507,0.23351787463033025,5.549801801550833,4.701397928075054,0.6683888931332732
1,28,362,0.1619601620355796,0.2241958899106649,5.831794051052581,5.2067341834870575,0.6895031482962901
1,29,361,0.16376129155187424,0.22512409345152842,5.3051762525257935,4.789095263825149,0.6630630110848786
1,30,360,0.16528690205756413,0.2311629179386053,5.480972515696443,4.471751669706551,0.6651563961259764
1,31,359,0.16047453823133323,0.2238898982170897,5.449404971500027,4.6788588816969465,0.6799410982213384
1,32,358,0.1647764880827265,0.22859506751755762,5.253026777077388,4.386505548783049,0.656464126212008
1,33,357,0.16422470873971035,0.23035043939496608,5.578679976293034,4.4748795926651495,0.6598744643168126
1,34,356,0.16028366440540556,0.2211345043729988,4.919014559925796,4.363752796900366,0.6732981830112015
1,35,355,0.16881117917068605,0.23150638387054104,5.2564622310652425,4.488040497499992,0.6446045307854825
1,36,354,0.1659772359858666,0.2292693167490685,5.896968724721155,5.403676892815364,0.6651384313996216
1,37,353,0.16558432089402697,0.22982052135362507,5.08067384209099,4.270283458651735,0.6646771781670966
1,38,352,0.17059830422322705,0.23316629060541685,5.6954075512721545,4.960633690771248,0.6699692351875135
1,39,351,0.17074897300271807,0.23255014119255665,5.309597897555133,4.265137941617651,0.6614513162930168
1,40,350,0.16250564342904517,0.21772624652476805,5.242994462108568,4.39509144077243,0.6643033205984964
1,41,349,0.17622803866369488,0.23107258297544098,5.110556910598704,4.242281190054713,0.6593967727258221
1,42,348,0.16528054635751094,0.2167079975002672,5.165588931458702,4.481008750352232,0.6701060506669021
1,43,347,0.1675290911610319,0.22206967020559196,5.17039839526203,4.599097061689853,0.644794910306809
1,44,346,0.16533404289677883,0.2184185475297648,4.869503616514101,4.001166050361463,0.6658468924698866
1,45,345,0.16860876354825288,0.22241369464094832,5.050229702469759,4.909168060027119,0.6753450583199808
1,46,344,0.1700153651257362,0.22614245692764873,5.574883412720997,5.063439375820221,0.6604935981015574
1,47,343,0.17297670674364718,0.23191352448160654,5.14228086595139,4.839188703891024,0.6419290531134865
1,48,342,0.17146580320941876,0.22791659489731553,5.244248999349988,4.555166980621211,0.6914014338697528
1,49,341,0.17662402426321108,0.2327148080816225,5.326256583234673,4.933347794805452,0.652969761172003
1,50,340,0.1752949127954428,0.23111725634212063,5.255962517128666,4.7031598305184765,0.666900016140233
1,51,339,0.17178468171660582,0.22346167262546351,5.195114390218941,4.624927174228532,0.6599674714631538
1,52,338,0.18010059277810095,0.2339121526339515,5.212368852716562,4.714453707677234,0.6586157945982009
1,53,337,0.16773788879687979,0.21968280068409943,4.7144350840118365,4.010658940898352,0.6452769780092017
1,54,336,0.17075466662254815,0.2218017640650037,5.024233615048336,3.9733019205876325,0.6653001905692507
1,55,335,0.1822843970020507,0.23705925968012506,5.092524990691512,4.314399684132341,0.6457805256325905
1,56,334,0.17477370182004695,0.23000080020216307,5.0613333274679135,4.09335429624132,0.6635874745811964
1,57,333,0.17534837337352396,0.229576288157811,5.175434070567408,4.481416678536509,0.6496725021591603
1,58,332,0.1706639991350435,0.2242871919006606,5.144141953717558,4.474674545789287,0.6576407861930342
1,59,331,0.18010815562996768,0.23783075189551328,5.564073596950183,5.386953908668847,0.6475333441925472
1,60,330,0.1735879437923517,0.23193576998342713,5.188073290462169,4.477650950404035,0.6602500500994073
1,61,329,0.17184387714458782,0.2284950106361007,5.0018805734714595,4.586001875900998,0.6619743932320071
1,62,328,0.17091441115153677,0.22767775749492605,4.933819947488728,4.38345105639163,0.644514072714008
1,63,327,0.17029754373631018,0.22798868829946517,5.058378144863104,4.292809990326839,0.6733372364480879
1,64,326,0.1701639707748263,0.22725101067705203,5.397856268865178,5.4716084452407845,0.655567827387915
1,65,325,0.17571286569521105,0.23425612813289548,5.317810917452597,4.437629333098063,0.6919724622015276
1,66,324,0.17683810815570805,0.23721052313398772,5.3961461361312395,4.77196790618474,0.6445409243024747
1,67,323,0.17722805977723718,0.2399579189147703,5.4114686612205425,5.196783909575762,0.6469194488175247
1,68,322,0.1648378716368735,0.2272494769773341,5.64796408376791,4.9952356351235085,0.6852821861097553
1,69,321,0.1743479406378464,0.23888642824433778,4.993280759114322,4.3214695439608795,0.6452190242229654
1,70,320,0.17257413162621776,0.23331180158778178,5.226710016761487,4.523359086926774,0.6460297668706777
1,71,319,0.18343739752306715,0.24484256662640644,5.641931202626047,5.46383015743837,0.6364590582200075
1,72,318,0.17646697809197856,0.23621119689821135,5.139268133562096,5.017277102698106,0.6564072556138288
1,73,317,0.1733083578851696,0.23288226275411975,5.015255158937936,4.99010437262826,0.6463531632695906
1,74,316,0.17291369563339754,0.23320216764693827,5.609385792038408,4.694401258854011,0.6444473175090485
1,75,315,0.17432799788922856,0.2364640121283439,5.64307082724355,5.751944487303567,0.674038046397036
1,76,314,0.17389426250101792,0.23908224669796052,5.126870375575412,4.415943405339885,0.6418516696297013
1,77,313,0.1747827111804984,0.24307679925203038,5.438904984856416,4.686345766555242,0.6546966309078732
1,78,312,0.1720437161921496,0.2412466437545968,5.654538992726735,4.790324280709965,0.6593444326695168
1,79,311,0.1764513636751058,0.24699911597011434,5.509606107494765,5.988852804933169,0.6615094602433081
1,80,310,0.16736308843792014,0.2332594733107612,5.028663239727759,5.473741952483918,0.6563268114118771
1,81,309,0.17305672392960125,0.24478301676946626,5.2872842123550505,4.822246615329418,0.6626150795427289
1,82,308,0.17367247481757492,0.24231446912223997,5.671158499638898,5.3542720379815485,0.627847566577685
1,83,307,0.1778290248270213,0.2479569945601777,5.332579803892637,5.601917280706084,0.639887679404081
1,84,306,0.1758446707059856,0.24549583990668686,4.910923329697618,4.604626299750021,0.6410078690881007
1,85,305,0.17894452777764902,0.25013930356788205,5.496963437325734,4.440098107829214,0.6533894568683225
1,86,304,0.17464294293810553,0.2442035084440341,4.90174417049807,4.783465977481328,0.6493633319676547
1,87,303,0.171589317753978,0.23593041287140318,4.7709188162452865,4.096046444156467,0.641566824649621
1,88,302,0.17527600138443195,0.24322793727249345,4.752883797323404,4.2698429837853,0.6310319034311126
1,89,301,0.1707651680813093,0.2377473953047398,5.43336944273617,4.951952339066494,0.6484765480080783
1,90,300,0.17119617584361152,0.24240368615095126,5.0348760513521595,4.250879432939096,0.6746730990751613
1,91,299,0.17533475297165743,0.24545069071331035,5.201172081356113,4.635477128201873,0.6632335247852832
1,92,298,0.17003573334409255,0.2370147438716446,5.136158689432779,4.722919357394659,0.6583354003058922
1,93,297,0.1782282227655921,0.2487029326850068,5.913935032824692,5.815087656924054,0.6685119137722542
1,94,296,0.1737800073884589,0.24360763040737837,5.0648755659957665,4.536122075018437,0.6699356345127278
1,95,295,0.17480600338581068,0.24344487531898296,4.9371195961393735,4.365624874179946,0.6691973790349868
1,96,294,0.17670073721120796,0.24438544149619365,5.46897916741031,5.744326131009189,0.6481637011775874
1,97,293,0.1801152105582801,0.24695070854030549,5.07172556497509,4.533889854319799,0.6465244279962289
1,98,292,0.1855889906023062,0.25453142095706716,5.513625268519299,4.20312705417432,0.6508827737176047
1,99,291,0.17614578256391125,0.24234593146477304,5.064115472294349,4.664302774978043,0.6458455327314043
1,100,290,0.171257900756613,0.23707235713713526,5.469461617789364,5.335925915486332,0.6596493302953726
1,101,289,0.17453563914532755,0.23898876227039043,5.415241023274534,4.930198407306511,0.6681460649062115
1,102,288,0.1782525748807491,0.2450856330838346,4.68271964136254,4.393638191254826,0.6206885167829452
1,103,287,0.17929640202282723,0.2461535392387605,5.0375494479795915,4.104677767324479,0.6565810207761881
1,104,286,0.17864555431508017,0.24311857177956372,5.3867162624763765,4.788532306072742,0.6593525979729504
1,105,285,0.17550201293342532,0.23895805012421772,5.70694766832934,5.274133355691846,0.6710923570773605
1,106,284,0.17234038170340157,0.23456916326421157,4.943384612207599,4.109398571859368,0.6604542511775079
1,107,283,0.17983433155512327,0.2403992880268399,5.427006705418858,5.539606502327059,0.6765979811491887
1,108,282,0.17328601146556769,0.23141403105488237,4.985582263889355,5.249403800312456,0.6598346503332093
1,109,281,0.17237204724466393,0.23269475837178225,5.37082243586603,4.218995180027908,0.674592920690357
1,110,280,0.18036698166965667,0.24608648570683478,5.332422718833213,4.6888526683158425,0.6373393493024516
1,111,279,0.18534118723267046,0.25277813342646316,5.7467554243839,5.043257535457451,0.6576819907396676
1,112,278,0.1792694239407565,0.24535978593477573,5.431323090667949,5.049871545529442,0.6578268320817079
1,113,277,0.1842184513831474,0.2522016738499037,5.509390394004766,5.213155028127691,0.6413863004654935
1,114,276,0.18529251328269464,0.25247460292241963,5.781843442870089,5.712589099561567,0.6756186768994715
1,115,275,0.17982994832683527,0.24424695244716152,5.011208607151308,4.535010664670968,0.6403822934601827
1,116,274,0.18788860090482795,0.256553849191076,5.365637752869879,4.667246227794688,0.6384085969858675
1,117,273,0.18409272647058478,0.2507553559516015,5.40377286567618,4.911425585359366,0.6543895399946299
1,118,272,0.17874625804544164,0.24553686147719175,5.456071815534159,5.179001052658943,0.6529745944877235
1,119,271,0.17861565528270498,0.2434122422862712,5.047047340800374,4.570458138640865,0.6432941020761191
1,120,270,0.18049019055964852,0.2446742860652224,5.398262132961558,4.933614766567762,0.6593248666893123
1,121,269,0.1827417680711595,0.24316507189256395,5.0833233766632,4.471041819815931,0.6435755109718652
1,122,268,0.1856118350086466,0.24466050436351786,5.413511513771752,4.580819897663047,0.6721027602752254
1,123,267,0.18102906891797246,0.238980729491292,6.060118715975835,5.351817727513167,0.6595821263933456
1,124,266,0.18353185278784684,0.24256726067751105,4.824686400235537,4.486917155997665,0.6536834225432918
1,125,265,0.1913778036339919,0.2515698351317234,5.115265749389572,4.477481726441032,0.6381143930027077
1,126,264,0.18205042426055995,0.24014329431546177,5.455683143028213,4.433558893312195,0.6565031277003447
1,127,263,0.17997407820435274,0.23897830860622188,5.124058022420415,4.971895198028366,0.6464997290575804
1,128,262,0.1915826332699731,0.256568373324731,5.455858391198921,4.787552668034494,0.6475195005523866
1,129,261,0.19055192940979865,0.2567786061065911,5.398043363646385,4.295064677656708,0.6346619600417538
1,130,260,0.18639421922775584,0.250602968090423,5.590924755641458,4.5951381730495084,0.6800887916817011
1,131,259,0.18125204599124567,0.2424918453312129,5.331064721038317,4.6268544189804235,0.6639823070634343
1,132,258,0.1923532775448047,0.255815148771211,5.278932189051651,4.990106485293353,0.6488368690399116
1,133,257,0.19162765764420941,0.25795013556982155,5.771464757136453,5.0624756244418405,0.6498338314180239
1,134,256,0.18471490959585554,0.2503234452505662,5.09230055984167,4.518229920450058,0.6616623752773024
1,135,255,0.18689150466518437,0.25338417059093676,5.401528511495501,4.933384626143753,0.6561616263737295
1,136,254,0.19011738900162808,0.25852391782011397,5.296938552094464,5.84210473848007,0.6418891125572337
1,137,253,0.18673266142742986,0.2564501541635826,4.9654691189476114,4.03510389266716,0.642393886655051
1,138,252,0.1815883636653257,0.24867699402043505,5.152610544589615,5.239968157091495,0.6738755809869625
1,139,251,0.18373347871216492,0.2516905020376805,5.511237089843619,4.490167186197407,0.6590855149227608
1,140,250,0.18679239403608144,0.25399523104123267,5.206243275432233,4.584539951984375,0.6541355322404258
1,141,249,0.18837901088584216,0.25228999905809607,5.32752309061426,5.026088565089649,0.6472841172554782
1,142,248,0.1885149713846558,0.252828786407027,5.027208971554561,4.925374401513344,0.6379481558902141
1,143,247,0.18377158507919852,0.24925459416013823,5.169514893860699,4.46387776016362,0.6493828314387682
1,144,246,0.18530437121599463,0.2546197425957542,5.166782536544879,4.957921328145594,0.6436510206557723
1,145,245,0.18829845384018953,0.2580957218220255,5.036182497016549,4.485374800462131,0.6416373851091908
1,146,244,0.18966135407582382,0.2598156943022771,5.257432805934908,4.824390966452941,0.6519798539615977
1,147,243,0.1872053059299775,0.2605715433167626,5.042921669729007,4.540183683519955,0.6473355521282719
1,148,242,0.19017420664900525,0.26860081147212067,5.346184986229167,4.44744520044901,0.6494072381383089
1,149,241,0.18851019951338277,0.2614186700209421,5.3916063872731215,4.553834558514139,0.647084918729736
1,150,240,0.18020009761256214,0.24821921778789138,5.440618221246062,5.157175235869562,0.6563216191729171
1,151,239,0.18251481955134966,0.2566104720721254,4.977784385785819,4.015174930625069,0.6471106941896019
1,152,238,0.19501766338587387,0.27023779740054593,5.625671640229097,5.060731108386604,0.6399808199368646
1,153,237,0.1898790564963353,0.26496739746322345,5.22200540171649,4.843657558326071,0.6332083893041554
1,154,236,0.18737362096519572,0.2637336434018148,5.15029207753573,4.581407813601731,0.6285102082401669
1,155,235,0.18245881275054943,0.25753730942470016,4.8116546896824985,4.012496394076209,0.6556128660917508
1,156,234,0.1874960911670217,0.2691698170550355,5.143672794275291,5.445633805860707,0.626617224529526
1,157,233,0.20798627259749833,0.29542827573222746,5.02874805570583,4.624887253358042,0.5783418854952442
1,158,232,0.2112465064141958,0.29840520586731034,5.35956782739833,4.58560935430776,0.5960258937772317
1,159,231,0.2057987856168653,0.2899975973451721,5.717040072895244,5.652157800355227,0.5864909326167473
1,160,230,0.20537353635045522,0.2911205969242359,5.5293649508115905,4.60919312277252,0.5891538373393325
1,161,229,0.20111999324969831,0.2865984286013188,4.875810336497665,4.470397838324387,0.5741991891408886
1,162,228,0.20996190408633505,0.3015231289238546,4.7531079486182435,3.895819241322724,0.5814441099339133
1,163,227,0.19815513823684253,0.28352532296794125,5.232438933663549,4.744967589876495,0.577494646534904
1,164,226,0.2008469513649537,0.28838266641459737,4.944179489997939,4.776464592926699,0.5947371094825216
1,165,225,0.20833806276796285,0.29392608307693663,5.050045485651294,4.619704168274267,0.5741342283290726
1,166,224,0.2082580139661266,0.28979566517327365,5.779794573130989,5.75968666962525,0.5807946195704142
1,167,223,0.20838859591530062,0.28733402416293713,5.395815253961715,5.06797753973031,0.6079193658586814
1,168,222,0.2039388153189444,0.28346247262348245,5.864634385124565,5.61789083929196,0.602746333739687
1,169,221,0.20672376196073036,0.2888798059203492,5.28386257292279,4.88546551149689,0.571479302907359
1,170,220,0.1997713090036855,0.2767861847123556,5.290305667071185,4.688630065216811,0.5904073811311066
1,171,219,0.2057651280943404,0.2876080526721002,4.865508088466804,4.253140373773002,0.5894501482790705
1,172,218,0.20528249958907055,0.28424878374454204,5.320137831180404,5.187291237633712,0.6247371279364806
1,173,217,0.21083534041902519,0.2879236712987129,4.781310019452379,4.5393495810870546,0.5812467573166707
1,174,216,0.21188122195306666,0.2964473561158625,5.44156902665039,5.129738976490907,0.5978614520610454
1,175,215,0.2106442361176982,0.29321982261329566,4.940760006002206,4.356903828256172,0.5715896885375034
1,176,214,0.21285527996827058,0.2978938939370122,5.113220403684475,4.388312916814536,0.579297315215558
1,177,213,0.20791435008680506,0.2871279168765326,4.922886626425348,5.041974877529134,0.5893201584357263
1,178,212,0.21598722271633028,0.3023915482370765,5.235311382701829,5.453379840637871,0.5596962582245609
1,179,211,0.21559439100232014,0.29793231738596376,4.488843326945723,4.305484499516768,0.5594734540855524
1,180,210,0.2068743535626669,0.2842398214178212,5.0567984535346024,4.3094867632118286,0.5941090342118222
1,181,209,0.210818838084445,0.29163226197282516,5.011687501957052,4.702611037450942,0.58032366520376
1,182,208,0.2127692505969296,0.29373792390236064,4.706922227500505,4.302879712435534,0.5630476815359019
1,183,207,0.20536766458879063,0.2828479618296349,4.825075321995225,4.495881952559663,0.570096981055756
1,184,206,0.21479867379430487,0.29330753375589125,4.984449452653626,4.570973508539799,0.5522668642829678
1,185,205,0.21157417726894207,0.2834904276501423,5.015713136568644,4.604123160569101,0.5733127524229678
1,186,204,0.20909046590728095,0.28172161940786705,4.784207054552307,4.033998022549426,0.6034992762724469
1,187,203,0.21069287593595137,0.2851608357162948,5.261275124781169,4.5741991405065825,0.587908548870134
1,188,202,0.2161573438882626,0.29117088485808995,5.168636279887397,5.032188619818317,0.5679005482565801
1,189,201,0.22043922498871713,0.2965116947782757,5.336785465386852,4.394054130974947,0.5881953803790456
1,190,200,0.21079483468694235,0.28703715980253314,5.268513185138229,5.20916348054825,0.570036363700469
1,191,199,0.21978192555911602,0.29617321527685453,5.2361719578053485,4.4592578142372625,0.5732488136481758
1,192,198,0.21306020090259903,0.29015415479562895,5.0841470232476675,4.3205920841686325,0.5791710115039744
1,193,197,0.212531504318961,0.28696544259828266,4.863771179209932,4.636416336061326,0.5871801256876504
1,194,196,0.21910947868019587,0.2963768017950111,5.192527344764669,4.440004625953901,0.5607820089663926
1,195,195,0.21661961135233782,0.2919062647922908,5.366707903261776,4.885187448940631,0.5730606364278207
1,196,194,0.2178946708385672,0.2902101034422487,5.207408307643162,4.626240423231697,0.582470546831017
1,197,193,0.21652201240302277,0.2869980620431082,4.931948286718736,4.5703229991835235,0.5816603711771287
1,198,192,0.2194553444849927,0.2888133117762341,5.1207866806958044,5.02088350200692,0.573664942720448
1,199,191,0.21952180984570102,0.2897567432708509,5.135469978118541,4.368689007758565,0.5926699516997693
1,200,190,0.21292746502571192,0.2787133358674618,5.502962830319218,5.398804874887235,0.6019470541610467
1,201,189,0.2227082315198116,0.29192291751696625,5.851654237910811,5.13864678964124,0.5939705374280888
1,202,188,0.22039919766527796,0.28470104068575247,5.44671876255704,5.176173243931428,0.5887827729975936
1,203,187,0.21900390821710228,0.2822688147781674,4.887104557565602,4.925553117766685,0.5911619610966087
1,204,186,0.21962247872611448,0.2842271443640794,4.813859507612759,4.721939006107965,0.587976972635882
1,205,185,0.21324535039317777,0.27835158067048577,5.263542373799481,4.038110095989568,0.5921591495028723
1,206,184,0.22677868306864482,0.2953396491620786,4.896617988490085,4.238203275988437,0.5973024540018453
1,207,183,0.21613628089163173,0.28461859537624373,5.476388007278043,5.148671513980635,0.5903882397846116
1,208,182,0.21169652563944488,0.279791533050434,4.920972044559375,4.5662112576568905,0.6109191484832328
1,209,181,0.22029235792830537,0.2907049021943425,5.132282792154086,4.666852138380343,0.5760157661433708
1,210,180,0.22220364406326593,0.2917899398574976,4.7283491798115485,4.823141154209389,0.5510103102867622
1,211,179,0.22425780672878004,0.29800830374755494,5.565123371132978,5.132287629347056,0.5604467530005222
1,212,178,0.21866169521631404,0.2917599866269858,4.7423371088790836,4.145284739063759,0.5708994037495329
1,213,177,0.21436473313512666,0.28391830560119097,5.078026799439916,5.033207446076449,0.5910916606282842
1,214,176,0.22362785619927003,0.2940934955793488,5.578308485226703,5.544762105669124,0.5815549887611684
1,215,175,0.2228710624731841,0.29440248248826917,5.86785522013421,5.497544408372526,0.5613319734287013
1,216,174,0.22106389651621072,0.29376354028878093,5.077308709446829,4.456970717048362,0.5572734130314324
1,217,173,0.22089402964704996,0.29374123841412386,5.452823359119085,4.952551279617459,0.6087464199416325
1,218,172,0.21490836066860008,0.28707805328171315,5.206047041957584,4.656750571548911,0.6116169300082144
1,219,171,0.22955425846289637,0.30673483481995534,4.881694042766382,4.1191042918996255,0.5698781397337325
1,220,170,0.22136167896059644,0.2954324242499361,5.133312599364443,4.61703604567122,0.6102622437993906
1,221,169,0.2138960205040758,0.28814191776465525,4.737253997170072,4.145917878725563,0.6007088273444949
1,222,168,0.22001120857918322,0.2999343173263033,5.003659305698914,4.6401131145073755,0.5847999982613922
1,223,167,0.22064659865688024,0.3003983900407905,4.833450407566143,4.350465656912629,0.5690873521518838
1,224,166,0.2145354809614666,0.28750861273827416,4.75705647388461,4.463097104493872,0.5932803569320643
1,225,165,0.21995386695348024,0.29470629791755326,5.170490892765192,4.36232522495388,0.57924059077837
1,226,164,0.2181616409951133,0.295343274553767,5.3004410651938345,4.924882924278268,0.5915024731941394
1,227,163,0.22716449723856233,0.30884914854119844,7.077489838253469,7.681111033295931,0.605829388725779
1,228,162,0.23063995675594046,0.31245472785345924,5.302069516438065,4.5274710665445985,0.5921284228827771
1,229,161,0.22966733670352255,0.30948788140759587,5.090612853883511,4.515076961347902,0.5694612473053874
1,230,160,0.22073727155631867,0.3042953446210999,5.15043126577361,4.658561500892208,0.5793344233852589
1,231,159,0.22497054176332956,0.31325012120626694,5.080801764383212,4.097393240138141,0.5775769073263938
1,232,158,0.22762849589362824,0.3151679936020612,5.687319464476406,5.462099587964571,0.5986894903789066
1,233,157,0.22212037169616447,0.31051873763626997,5.091122578359099,4.5633986172407734,0.5983662595387907
1,234,156,0.22648780087854603,0.3177557604373911,4.641399804219344,4.115759677126769,0.5633587788720966
1,235,155,0.22352432222521362,0.3114869180865177,5.017609075469822,4.3589162295731665,0.5771398647983098
1,236,154,0.2222837392343292,0.3096038961618427,5.224878245879452,4.26934912167096,0.5829838302978423
1,237,153,0.22473897468761728,0.3152278521179678,5.040708828611825,4.524987509895443,0.5592238738754721
1,238,152,0.21721509772713055,0.30132238908807446,5.418990835039793,4.580249444863479,0.5628493041622212
1,239,151,0.22319821258595154,0.3147502363471948,5.323001719630456,4.6717428919647235,0.5682635610467764
1,240,150,0.22772888103410543,0.323661070950832,5.336807367443141,4.594865712957375,0.5558229883328906
1,241,149,0.21723629080602544,0.3074064114151434,4.759935523122472,4.0950350424430075,0.5812844972264517
1,242,148,0.2181957189275606,0.3116837984741444,4.794568173866107,4.351120386060249,0.5674412624353713
1,243,147,0.2203410084589296,0.3132422312335028,4.699825356911363,4.011055533751398,0.5801025793761774
1,244,146,0.2176344237054541,0.3097146052646799,4.85836796354804,4.645170966198941,0.5914174459932982
1,245,145,0.21970709545346254,0.31441408667802895,4.980674576221157,4.224982916134009,0.5624230963580837
1,246,144,0.22295971965522685,0.31718422901877164,5.127373315176304,4.601574223469719,0.5762927237295166
1,247,143,0.219704002649648,0.3147354399594498,4.940392522487661,4.418258670512061,0.5757168258614388
1,248,142,0.22305173105852094,0.3201637280237904,5.840760511160099,4.753941224969717,0.57263439436714
1,249,141,0.22880862303145677,0.3316832521045956,5.064428076836215,4.33497710785047,0.5744615445911729
1,250,140,0.2233185222678352,0.32558188471277366,5.197164912906272,4.30330730407622,0.5689424064237344
1,251,139,0.22014684729837242,0.317282838308267,4.930231392771971,4.232705643917604,0.5567461423408562
1,252,138,0.22442793494579172,0.3224607252260669,5.025708883015055,4.695640321467299,0.5523062163520384
1,253,137,0.2261082863594596,0.3260072998108142,5.219406677910135,5.00801845188032,0.5881194209610304
1,254,136,0.22687616392075918,0.32826166370566867,4.783299104097045,4.347677556016843,0.5700290370163315
1,255,135,0.22242120221469922,0.3173630919830102,4.545445135866595,4.309090722675519,0.5710690320939944
1,256,134,0.22927560277155934,0.3241198075337382,4.9493731531733784,4.347431816540048,0.5452953760804145
1,257,133,0.2249265045897725,0.3176374605511118,5.169187863531468,4.485784922173656,0.5801799541446203
1,258,132,0.21879343184814704,0.3067219789646149,5.198844284286205,4.696137905857421,0.6010901561216321
1,259,131,0.22168752374879638,0.310220019152078,5.476193993550127,5.6420032783994785,0.5962662861556146
1,260,130,0.22032559647654704,0.31097354097396634,5.083630857943929,4.72672618035839,0.5918348386393192
1,261,129,0.22743558424054777,0.3158157152234199,5.327900778243917,4.4863986766365915,0.566981687991658
1,262,128,0.21725439699281626,0.3043859291013366,5.066589748871779,4.0872460637945425,0.6060932756070404
1,263,127,0.22840785736910163,0.31901406234837115,4.925524195329707,4.251515499198404,0.5657409865745203
1,264,126,0.22152998634014026,0.30854276804141867,5.512774944795133,4.50676140735199,0.5746430658483277
1,265,125,0.23167966754654784,0.3286677135719796,5.235960771943873,4.386826184219408,0.5612575405543723
1,266,124,0.22830708121885798,0.3248503673245021,5.197610319576983,4.548912938381975,0.5507673308909828
1,267,123,0.22034507478842855,0.31785226159569746,5.312333272126217,4.9916930948888885,0.5803688394364966
1,268,122,0.22551157566869956,0.3214104346816445,4.681278124624342,3.947225381916426,0.5816359674753475
1,269,121,0.22449697071246355,0.32247667174530353,5.25531797276636,4.411348933594638,0.5845566744277397
1,270,120,0.22336291303302522,0.32024078241206155,5.2016110456613855,4.232664943125597,0.577939545712802
1,271,119,0.22335261008494958,0.3177393187042202,5.282132821812287,4.496393575407628,0.5773879568749157
1,272,118,0.22654411080517473,0.3246255981500093,5.113597211263217,5.185214911876946,0.5898822434034245
1,273,117,0.22717221007331692,0.3192470014427669,4.856477863891056,4.131869875699129,0.5750870236824106
1,274,116,0.22923929584784236,0.32068160500903653,4.916274514130567,4.30710626259831,0.5496154478790399
1,275,115,0.2352766428224876,0.325264502832053,4.3817873740393285,4.119505715773621,0.560030315289783
1,276,114,0.22805379289956498,0.3175046581849919,4.793636616758976,4.702748904779204,0.594245126136888
1,277,113,0.2327675446213204,0.32677290761120614,4.819174121467213,4.847636853812032,0.5643053598071749
1,278,112,0.22880761832621227,0.31816843582497245,4.970406600252257,4.201785369960348,0.5540011016826613
1,279,111,0.23268962555028183,0.3219631783530568,5.3041515497810545,4.531221677285591,0.5791548266429212
1,280,110,0.23422354146298696,0.3198714909627837,5.3642023682003375,4.901249562695188,0.564669821983808
1,281,109,0.2348136045226157,0.3140748613827425,5.34992995797245,5.1011306526945885,0.5785012255628276
1,282,108,0.2331724227445457,0.31202199441995654,4.6042919697632065,4.032275912245637,0.5701963938022235
1,283,107,0.224183787675379,0.3013575125875823,4.868995398036423,4.449474997094658,0.5777397330194394
1,284,106,0.2285308692659731,0.30979187132675934,5.0827134331480215,4.2473448205127875,0.6047193745935088
1,285,105,0.24398527495644876,0.33173657006990465,4.850025015710877,4.427380668415059,0.5836193814239931
1,286,104,0.24164519437825846,0.3278655458692276,5.0121139421287335,4.13607028835477,0.5463515718644205
1,287,103,0.23458892819984944,0.31900810036113925,5.135509379612257,4.550867699197156,0.5790682672711922
1,288,102,0.23539556963778158,0.3214279592184449,4.949909756555989,4.8401100154383006,0.5658961603255481
1,289,101,0.23471964048436925,0.32042456373132056,4.8194604254993925,4.066482494255851,0.5564146504940343
1,290,100,0.23535732918383348,0.32297258234737636,4.691120076325561,4.395928289112842,0.5867520335389085
1,291,99,0.2407618283554116,0.32578769583617617,5.186955753665655,4.7528157177424095,0.5624128308550195
1,292,98,0.24116142086011833,0.3259888791323521,5.59902173743191,4.6401749718298335,0.5729735730988754
1,293,97,0.23775722768532825,0.31705611973721326,4.837054438985508,4.095274546915879,0.5813324379936644
1,294,96,0.2301998764069987,0.3043005261600396,5.261644862945461,4.591696585973685,0.5766961100012962
1,295,95,0.2342175819049544,0.31399369851105907,4.652858386336479,4.117085317417161,0.5789494236907219
1,296,94,0.2358198448988614,0.31411301866311725,4.798272055505793,5.039640577550659,0.5741393083473517
1,297,93,0.24056887089128862,0.31830092253238806,4.97475979288534,4.194756896692734,0.5676402570873328
1,298,92,0.24583602590162096,0.3267010244414483,5.0365430352772105,4.532013940524893,0.5854886692340239
1,299,91,0.23882864837970214,0.32014932820191994,5.174670444336298,4.407335301862594,0.5709401991859138
1,300,90,0.2360183941890112,0.3174156048547668,4.964957926805322,4.6070079561862,0.585959673936961
1,301,89,0.24542450592064313,0.3311578156184984,5.017091472477732,4.16186165265411,0.5623479531543211
1,302,88,0.23474709000241856,0.31893689024244737,5.0791574892365325,4.6400438277141145,0.5440405621626017
1,303,87,0.23354025466501793,0.32152598630659784,4.763322327448928,4.071915484729115,0.5513657568929511
1,304,86,0.22906058710331748,0.3175019658023663,4.640366684570433,4.3988791489434105,0.5728576319190674
1,305,85,0.22180903849937117,0.3067354226516191,5.015228174684774,4.974746035079448,0.5787906679226388
1,306,84,0.2324603679191941,0.3199038562083665,4.856767465180062,4.257408176417952,0.5717035182357854
1,307,83,0.23348513240915045,0.3189482004672937,4.777989839390658,4.171646992693803,0.5905782438910803
1,308,82,0.23040729746293287,0.31382355844190957,5.495899947944304,4.61329534462554,0.5783459619984317
1,309,81,0.24420531306624696,0.3349462620002749,5.510123186569109,4.7600246271042606,0.5514883729712955
1,310,80,0.22977437442622137,0.3176864092859649,5.007844261636244,4.4598607303967945,0.5785182750906863
1,311,79,0.23767724396609402,0.3302563347652587,4.5402668767655285,3.816323742617017,0.5557138675446651
1,312,78,0.23257021420687155,0.32145417056099135,4.867203509454924,4.1276128195902935,0.5845058894488969
1,313,77,0.2537620596266926,0.3477441176467697,5.058560554416165,4.926897104313642,0.5274892094843872
1,314,76,0.2568336308326177,0.3544693608996303,4.54942300210973,3.989357745014081,0.531037006373072
1,315,75,0.26237641904402054,0.35799062931395775,5.2362166199434155,4.431660085109839,0.5105573268605976
1,316,74,0.2737697660274693,0.3717812578880579,4.946383906472175,4.791977367695491,0.4879999815138414
1,317,73,0.25721415571830647,0.35181403828339614,4.464053114789233,4.0430985694289125,0.5311256648489843
1,318,72,0.24666938836396016,0.3370497864036385,5.2940487231673075,5.284092199573754,0.5589456205484269
1,319,71,0.277556141984265,0.3771654313351387,4.664844940264037,4.410541374629522,0.48702049823242727
1,320,70,0.2755021204288175,0.37860636827665034,4.898412348552508,4.105650969370636,0.48686155637045664
1,321,69,0.2654050830622531,0.373962217943313,5.213280411665481,4.438915657630098,0.5155685356341198
1,322,68,0.2665344572392872,0.36911632705998243,4.683982177486785,4.211908554415214,0.5264757182869
1,323,67,0.2667907355628121,0.37489550176956393,4.5879713841593945,4.094345355350462,0.48651261967726345
1,324,66,0.27768592372103024,0.39253208798539035,4.89086885343885,4.569614889627412,0.4828672382320015
1,325,65,0.2626935007205827,0.3739248328594682,4.83294808197077,4.238183345295308,0.5316516988414403
1,326,64,0.270328184425227,0.37960739659241466,4.5415526314146675,4.252089235539873,0.4889792144635809
1,327,63,0.25932739786955783,0.36995739812567446,5.076582384592646,4.717205235417919,0.5131350367165551
1,328,62,0.2617328485490038,0.3724586323360872,4.370510514384484,3.7389440708096022,0.5094960787890708
1,329,61,0.2455244001572977,0.35249217537345817,5.171801375120742,4.439249400306284,0.5390071023806055
1,330,60,0.2531706087988631,0.3632754701165289,4.8077107833361055,4.303290122639652,0.5210381770359047
1,331,59,0.25181845950906107,0.36469439363001893,4.715552001786321,4.14124550313585,0.507520117076618
1,332,58,0.25045225006238053,0.36176351066911977,4.887453464719673,4.784029900692578,0.5313036838190159
1,333,57,0.27634553101608406,0.40344001646123573,5.092641889522869,4.41027231838481,0.4912900416381894
1,334,56,0.25207658731315347,0.36591259881549526,5.184656912979789,5.03345894161459,0.5300329576608646
1,335,55,0.2601336003039776,0.37220258398936634,4.678902587356722,4.0676346043597675,0.5155490834026757
1,336,54,0.2602650184080722,0.3740806596153306,5.245491024340048,4.820147089407081,0.5177930788985331
1,337,53,0.26134129828292085,0.37433207691080694,5.071435364849542,4.259376470859268,0.509409513140561
1,338,52,0.27208580426185447,0.38972109123752957,4.932183346487007,4.157944061687849,0.5106865083732965
1,339,51,0.2578191853386701,0.3666330902311171,4.883255045412223,4.937443809685695,0.518616841612954
1,340,50,0.2595801872647946,0.3668275329623244,5.013051508106024,4.678934702863903,0.5323310282425553
1,341,49,0.2701933207096257,0.3793993424172931,4.729339851230284,4.242131870034722,0.509471503485765
1,342,48,0.27266597665584785,0.37457613845569127,4.922806302060543,4.896751434513773,0.5251772906878873
1,343,47,0.28004361937196864,0.38107844019575665,5.205657392159434,4.9405986271784466,0.5038399153596472
1,344,46,0.2665933848502254,0.35783405553821557,4.683847794149979,4.14922544748864,0.5230526527916688
1,345,45,0.2674049757176155,0.3611193607784626,5.001909903591066,4.571418867146737,0.5091273494516657
1,346,44,0.2917413828966335,0.39811319072844403,4.888549607811024,4.28713929138086,0.486956502688607
1,347,43,0.276700762018706,0.37693892799656137,4.448188686352262,3.9270235935780584,0.5126193510102846
1,348,42,0.2790320054486058,0.3769934705197947,4.960952359917004,4.343074462169356,0.4835000832313846
1,349,41,0.25825176191318444,0.3499823618886384,4.857111232763827,4.379852725231421,0.5347695099782278
1,350,40,0.2654733383957891,0.3603095866193013,5.106307528340403,4.68456425927108,0.535426814895575
1,351,39,0.28257906555693596,0.39189700217892887,5.196387849192054,4.778186804907841,0.48725289861146687
1,352,38,0.2563742205503345,0.3579414950127268,5.052303591313856,4.309253341356142,0.5368683481746015
1,353,37,0.25460175932022,0.35470991863697204,4.63821984774412,4.082742959675096,0.5486523499667757
1,354,36,0.2597547261836257,0.36373514488656855,5.011965199416977,4.39154820711267,0.5368112194705398
1,355,35,0.28212277357748283,0.39287593549439154,4.850671830674668,3.8809056150752097,0.4811242857822767
1,356,34,0.27348586184848755,0.3771695084074847,4.822980176471547,5.0154984292340625,0.5255695657262405
1,357,33,0.27311345982977014,0.37385987172861507,5.283243208137284,4.688467500652864,0.510124934877616
1,358,32,0.26191485020106053,0.35081891897100903,4.490163878313839,4.426091202728781,0.5510787443094499
1,359,31,0.2792844522314298,0.37644427849468015,4.522189817673655,3.959504305272655,0.5098190593674141
1,360,30,0.2526816433073061,0.33939579288548694,4.744418224199127,4.024932092195535,0.5389550961777749
1,361,29,0.28713903843813454,0.37937175909325244,4.769563593477157,4.091472805014141,0.4989196163301075
1,362,28,0.2713051670500495,0.36019682308452383,4.921407062770571,4.5486872377812375,0.5071772277337435
1,363,27,0.28054004174924646,0.37163947287859583,4.798521513895371,4.531337811351259,0.5292021115300852
1,364,26,0.27977986001801036,0.36739458943756437,4.520237891229017,4.513734719005586,0.5235488611186377
1,365,25,0.27239807260067395,0.356221645427506,5.047428708302261,4.449328247076243,0.5463761668141807
1,366,24,0.27672662223547345,0.36386328570530174,4.722500250167609,4.339693804930983,0.5105152522941802
1,367,23,0.2771148573700562,0.3585660437181252,5.033257593490008,4.595940664921708,0.5412208919024516
1,368,22,0.2770982308090096,0.36090445495404344,4.556408797416057,4.010470724402349,0.4876054496263491
1,369,21,0.2984689017142319,0.39321076291597234,4.943509395947174,5.003558680308165,0.48484456550183136
1,370,20,0.2777850001037024,0.36813515867470786,4.688595256381899,4.02333731713543,0.5346046731094959
1,371,19,0.2654855812937634,0.3545320109642772,4.755848086107228,4.1914836923313326,0.5425684232135296
1,372,18,0.2826544368918446,0.3791282653450679,4.653787949353848,3.8940065422459207,0.49908022563801585
1,373,17,0.2548757835179392,0.34071644119427363,5.212532142485843,4.271397183675522,0.5472160829674001
1,374,16,0.2950399436722111,0.395728278054873,5.03179974497454,4.162082071422872,0.4866297208564613
1,375,15,0.2767678085428346,0.37047390419870285,5.006709613115375,3.9857633555495156,0.5012030765121902
1,376,14,0.2808607088053079,0.373460406845052,4.528852584451904,4.233703466524164,0.4972195099432818
1,377,13,0.28971634134304836,0.392384204932995,4.609811689906286,4.057395934563384,0.4809771470868311
1,378,12,0.2658833409573288,0.3540576637397412,4.8987428943302245,4.029973918457462,0.5428780113371797
1,379,11,0.26775064401612053,0.3575054910342052,4.909846288661824,4.298452999510217,0.535414831896414
1,380,10,0.27226166907209914,0.3638814859244749,4.551982868555933,3.9458383802609838,0.5412939045370835
1,381,9,0.2977193287651771,0.40161590964809707,4.877139081167222,5.152242219617668,0.4829135086053099
1,382,8,0.2601126931918946,0.3539508000611831,4.611034700188397,4.127853192428264,0.5456118930116375
1,383,7,0.2845441050506757,0.3863069070689695,4.659359561031881,4.202123657203058,0.495443672742916
1,384,6,0.2777047168809647,0.371803512858677,4.388188852556857,4.266406768048343,0.4962830936630692
1,385,5,0.2820272794828853,0.387860943167667,4.823282987671481,4.533583593346495,0.5091234504280988
1,386,4,0.2614392028707672,0.3598452380700179,4.89560704622369,4.885845521790892,0.5392855761703538
1,387,3,0.29150662811203193,0.4027965792401152,4.794173473152107,4.31502620561273,0.4833050168567191
1,388,2,0.28177596192449633,0.3826179570720171,5.338146365851907,5.157906313581716,0.5031551689332754
1,389,1,0.2965994665875714,0.40826408410708814,4.917020856219448,4.204456681038865,0.46488411261620216
1,390,0,0.27837598282944637,0.38785246145589136,4.945993251853834,4.451622909449099,0.5155832689620385
3,1,123,0.15143084792790631,0.2358369016449053,5.2852916990196945,4.825051464275562,0.6608025362032034
3,2,122,0.1529398158525546,0.2381954771767578,5.952649473464236,5.336343644116151,0.659290025967444
3,3,121,0.15155700521270526,0.23502208223499726,5.281794563286978,4.990426699928372,0.6563018249734582
3,4,120,0.15028915968765197,0.235174028767696,5.262578393962547,5.2532387220100825,0.6611479590524093
3,5,119,0.1572172998690962,0.24080015940094013,5.304354045070198,4.390940853613431,0.6602206671841353
3,6,118,0.15356293080783306,0.2368849875608845,5.163215121257419,5.362688288126533,0.6538368285066745
3,7,117,0.154069000885817,0.24054645174784595,5.063692399452587,5.16064746312321,0.6497748719199156
3,8,116,0.15506646981113723,0.24128886480777376,5.907005084728942,5.088424651293384,0.6628357263619081
3,9,115,0.1539094359967949,0.2398559206652153,5.312086803592564,5.010789556648229,0.6537691620127811
3,10,114,0.15125595098371908,0.2375770260261464,4.878661376583922,4.1829811117986715,0.6711706099900433
3,11,113,0.15441768024892982,0.24169308157124175,4.976897185274173,4.384165783442505,0.6712030061700104
3,12,112,0.15398921534828042,0.242301167007568,5.258461468249381,4.312288685601712,0.6791102209530201
3,13,111,0.15094276141504215,0.23418955361595792,4.934633018704015,4.880786344938803,0.6492026533054045
3,14,110,0.1545759465068784,0.24093433927729652,5.509360425165314,4.777371216931266,0.6505462419040877
3,15,109,0.15167636521743633,0.23387179509405187,4.700294515631249,4.103207835978956,0.649450464247712
3,16,108,0.1596676648383087,0.24543299375527255,5.082252824265993,4.40179081506376,0.6408388244602998
3,17,107,0.15578459472072861,0.24131729563865553,5.47709996934682,4.9970866053984935,0.6462244686037191
3,18,106,0.15275582206054814,0.2366334897099116,5.165684767646237,4.803831161124932,0.6680635822242188
3,19,105,0.15875114524221448,0.24633752022067368,5.606234273763183,4.865909494512995,0.6385877016179036
3,20,104,0.16177224942128685,0.2467442931126099,5.267263720820692,4.965585887953873,0.638451647437802
3,21,103,0.15705055023798503,0.24545801300455747,5.6129327480351,5.469744382143184,0.6706101359371941
3,22,102,0.15656723982431583,0.24626853147243757,5.396827913863144,5.19921472709159,0.6767934465604895
3,23,101,0.15939096217570778,0.2534947272419876,5.435860454472173,4.80872716198742,0.6364218358104363
3,24,100,0.15732911185532916,0.24617270546890732,5.22692508895811,5.954046439698727,0.6519998995835079
3,25,99,0.15877660234383273,0.24543829292892155,5.216059701313032,3.9468910070366845,0.6710914497076607
3,26,98,0.15513340987488092,0.2396987657564587,5.1064164634408895,5.242383874596395,0.6516297887863168
3,27,97,0.15352009585979184,0.23756528936442822,5.117329131955258,4.172256684281187,0.6472296628974343
3,28,96,0.15971332594181797,0.2479115541364275,5.078831556459002,4.643078988796746,0.6296200473153969
3,29,95,0.1593698104796168,0.24637410924682032,5.515575046691856,4.405489030480454,0.6584106731881533
3,30,94,0.1560573222986979,0.2427109654103897,5.127428131598552,4.564814593947115,0.6568635952342561
3,31,93,0.15353167264130743,0.2405079128671742,5.69263771505745,4.860738070508905,0.6564366246785301
3,32,92,0.15557412481878083,0.24178102520561623,5.477171881826466,4.98825193082428,0.6470453324418034
3,33,91,0.15630702410394895,0.23939550420440098,5.088632874683979,4.402527077194482,0.6442957543946686
3,34,90,0.1602025058882509,0.24640980048141506,5.875381862283085,4.895209688552824,0.6335468685899202
3,35,89,0.16091172571146756,0.250631327212005,5.737308165783203,4.886227927143569,0.6685729502433275
3,36,88,0.15872324085433698,0.2477307177699103,5.1315384441335405,4.412030929254387,0.6352367149670406
3,37,87,0.15543217624986128,0.24216171307688397,5.2717168469931845,4.213050116952814,0.6546408871851206
3,38,86,0.15631749590899768,0.2416944050482619,5.388362622390317,4.5827263832127825,0.6410721441214663
3,39,85,0.15683390289994373,0.24427603852385596,5.761345868257527,5.001045602226402,0.6721275456511536
3,40,84,0.16086539313941645,0.25227394380335877,5.359936010456992,4.905799159945069,0.6389910959292561
3,41,83,0.15934047069955554,0.24994845261268844,5.174447413249879,4.472421714246763,0.6469218367883327
3,42,82,0.15831722844802812,0.24737542669715093,5.319598065778249,4.696850598154979,0.6565536885425879
3,43,81,0.15957232047309605,0.2490306038253641,5.143296021329368,4.589196452828967,0.6390718982339212
3,44,80,0.16268607611167096,0.25552836909627086,4.726823157488596,4.174300848971382,0.6503367210779719
3,45,79,0.1580186965094602,0.24745902676588621,5.396888307273518,4.770818724368881,0.6265846694454471
3,46,78,0.16133727576591977,0.25179963116695786,5.506147390661597,5.643875932608726,0.6270492641435382
3,47,77,0.1597477326543364,0.2467620998204363,5.522767646261327,5.334078183009679,0.6369585219784727
3,48,76,0.15922627342818385,0.24578022984503414,5.843916756510236,5.720575178914528,0.6572356392691683
3,49,75,0.16220981830824543,0.2543636413884194,4.969898146810554,4.531357017161834,0.608254288176968
3,50,74,0.17524149375837386,0.27722310313038284,5.525114099609016,4.420825870746129,0.6038854006456603
3,51,73,0.1706950320865374,0.27100062874094744,5.697716075523514,5.481136811838432,0.5821674539048134
3,52,72,0.1752135624685394,0.27938010655246925,4.382381895570594,3.8608646008943133,0.558806620859437
3,53,71,0.16963125836680273,0.26713661501392855,5.310016891200663,4.443495961972628,0.5992505716185994
3,54,70,0.16925540419082252,0.2662623654142865,4.952637250665523,4.6071900267055295,0.5972276495485345
3,55,69,0.17579584836050516,0.27804811370406707,5.107239403716504,4.629987499008291,0.5807450054804804
3,56,68,0.17014923675708335,0.2707446786030789,4.818674396230993,4.623245583841597,0.590444800749551
3,57,67,0.17284400395156005,0.27256174071597306,4.694934724224009,4.07512561601488,0.5751161204760067
3,58,66,0.17317183142702236,0.27323845573480776,4.855687002519634,4.290208649718907,0.5907750780616792
3,59,65,0.17472946552828855,0.27286826556565086,4.988538624252795,4.546188273020515,0.5842466303002737
3,60,64,0.17606828025959845,0.2749661625453448,5.511231667780934,5.237100007276875,0.5850648319181407
3,61,63,0.17649799887405057,0.27509849961629573,4.8853653518559135,4.647190490238946,0.5784333226474161
3,62,62,0.17502287539334374,0.2746011489809487,5.619438344754416,4.982428809283587,0.5796038997253484
3,63,61,0.17673031179896187,0.2720737026329962,4.658869214396925,4.331295677118995,0.5856092825822321
3,64,60,0.1793290523166998,0.2762093689022255,5.183315147629395,4.505832069311312,0.5620987527940545
3,65,59,0.18412722147080077,0.28717380951254207,5.288532243877023,5.259412434612409,0.5668284738071179
3,66,58,0.1764535750682916,0.2733398828691727,4.729935535711634,4.4197661191406645,0.5855542956182883
3,67,57,0.18427096439143154,0.2884613005313353,4.883679846455464,4.374506488991483,0.569740482266025
3,68,56,0.17711966293201933,0.28155133987397607,5.226299923480718,4.674947254579617,0.5680586075011429
3,69,55,0.17571449164186873,0.2822314045607419,5.46598850459638,5.1249946096534025,0.5965817097330344
3,70,54,0.1670736483559541,0.26769633791750447,4.850192354704493,4.088717466344508,0.5920846921193189
3,71,53,0.18140977596214883,0.2872898050550292,4.964516081380371,3.879006762491678,0.5582190721561453
3,72,52,0.18053813427305726,0.28359939008619695,4.789284277958444,3.996354279116461,0.5755322332330437
3,73,51,0.1807674899102517,0.2830062449589498,4.603716085134068,4.205091384092279,0.576591101687058
3,74,50,0.17493566374934266,0.2750292592393096,4.951214836081229,4.317889354567091,0.5894586263660383
3,75,49,0.1824096317181865,0.287213914240764,5.892718439805512,5.436461177279002,0.5877884836981523
3,76,48,0.1733377694554032,0.2722734161955591,4.813566730785172,4.8495841199768375,0.6015322143988555
3,77,47,0.18560103241388257,0.2914639928503795,4.973015914412301,3.9569375552782065,0.5595678755302675
3,78,46,0.17609778892194514,0.2795505523846466,5.097001367043409,4.80030470282196,0.558238042843497
3,79,45,0.17853868516971236,0.28377095769133515,4.9037248204342045,4.811518578394552,0.5678682239598495
3,80,44,0.17654854339443926,0.2785290001736467,4.8524166071872195,4.173884127089874,0.5811676171222363
3,81,43,0.1747350297633473,0.27748742138193383,4.969565523310523,4.954449368751657,0.5767154849528602
3,82,42,0.18068520117227807,0.2850899563964386,4.816648273325903,4.038421121033008,0.5727772112524842
3,83,41,0.1740975016506646,0.2769503813157459,4.907629053632553,4.245638385445825,0.5747995762661521
3,84,40,0.17777997911807278,0.2787096550360748,5.141050476346224,4.71158202501086,0.5595727335451792
3,85,39,0.17818014240718333,0.27403342692940746,5.637481583177847,4.869374174343081,0.589576381120648
3,86,38,0.18027422746723443,0.2798755725021987,4.82493345077979,4.866700259615259,0.5869009575701677
3,87,37,0.18090396774345563,0.27991654165661467,4.848775264617384,4.384495014025591,0.5773161352840962
3,88,36,0.1844092751091154,0.284567163101328,5.463220083763948,5.281718433340801,0.5772695119209469
3,89,35,0.17835034480684914,0.27671321746371697,5.013678642002837,4.944817889199833,0.5843911086821139
3,90,34,0.18514875059069547,0.2869664543134479,5.245928726256896,4.246140120464486,0.5611733575624167
3,91,33,0.18192053919292872,0.28102076690017214,5.303623253866402,4.920501868443405,0.5732628196052849
3,92,32,0.18830317554599088,0.29185975858550395,5.263312608028784,4.658440142210652,0.5644640685636905
3,93,31,0.18951841413070597,0.2943160993058784,4.978646081683204,4.447811485227597,0.5597955007874549
3,94,30,0.18708606637597938,0.2920951897917032,5.194123861968784,4.815842821300675,0.5471032440203883
3,95,29,0.1865008473907933,0.28964012837693665,5.51831738750713,4.904195926562776,0.5739505590652748
3,96,28,0.18116610567701433,0.28098614508044134,4.641706128716574,4.203996272899042,0.5658109022224245
3,97,27,0.18008651640581275,0.2797126047368307,5.2411864072573024,4.451422739097902,0.592623571555976
3,98,26,0.18661029128407303,0.28945591172391333,5.113681539338765,4.045298867229093,0.5643538068837245
3,99,25,0.18013131861991874,0.2863208974607594,4.867315332897806,4.083448627025055,0.5825704768601112
3,100,24,0.1967302755885289,0.3156098595010625,5.044750692014283,4.640305679797967,0.5383382003734773
3,101,23,0.19440407334481094,0.30812022647306875,4.852923156120149,4.157712959811201,0.5326353882946532
3,102,22,0.20270742057004218,0.32119607316979953,4.841862086031396,4.080255230606868,0.5195944892782355
3,103,21,0.19526183877146056,0.3059361693229332,4.979737694080972,4.2417112652829,0.5269768337862948
3,104,20,0.19801481699849663,0.31091652131125536,5.191037591918167,4.733944171492121,0.5232828510795611
3,105,19,0.19902311301171627,0.30972029349861513,4.870973315016236,4.045700650882601,0.514168860853571
3,106,18,0.2114919602916133,0.331813271770953,4.8660687926683,3.923412254997798,0.5014684093917058
3,107,17,0.20278896038270522,0.31798570118566416,4.667399291162314,4.322470726649671,0.5100391604381367
3,108,16,0.2139907007212017,0.32817234511445403,4.8289366833457,4.0607377859226705,0.5004417546395267
3,109,15,0.20392243457034867,0.31359029296362945,4.382417871399227,3.8498427376325575,0.5306183193931072
3,110,14,0.214863077478731,0.328262242072301,5.537833072458518,4.558394708172424,0.48660704225028645
3,111,13,0.19297004333197598,0.29298649391217485,4.397137351729717,4.000329536887217,0.5388112474559629
3,112,12,0.2009444463026943,0.3108246994348498,5.098535834447845,4.9529101220161404,0.5106029564478414
3,113,11,0.21101642498566453,0.3285656004305267,4.628676153778233,4.530877973391791,0.5100767984091439
3,114,10,0.20653569029629673,0.3209324597702102,4.60315405015535,5.02136230631556,0.5125248390206572
3,115,9,0.204716194780839,0.3200494232036057,4.62341931192938,3.997244382196003,0.5208129718434598
3,116,8,0.20826285173393644,0.32771407614008535,5.23134445160901,4.368568709618993,0.5187528542209506
3,117,7,0.2005865309946245,0.31111081953991376,4.86714815436281,4.291538878498197,0.5399614649093557
3,118,6,0.21537478092969525,0.33148658292358096,4.785911001276291,4.2815172344994235,0.5052747340515213
3,119,5,0.21289675550105144,0.3322782597670944,4.702810854441278,3.973148678854701,0.4932262227378588
3,120,4,0.1977412039583953,0.31109285806862574,4.331675684542099,3.9989304642965924,0.5462525162166186
3,121,3,0.20321488048753186,0.3178113325382573,4.636687639526918,4.467434847907243,0.4963276061512396
3,122,2,0.1997112049787836,0.3139357486392509,4.736210174713402,4.189690232954567,0.5318906231655695
3,123,1,0.2098849734566346,0.332622466101718,5.141642338082593,4.327070755694223,0.5155382168690384
3,124,0,0.21440025245674488,0.33911543934803245,5.131333872185868,4.270274729668773,0.5211576479867052
4,1,294,0.16743900023365088,0.2282384457421282,5.528894577716048,5.450942348714942,0.6654953200587618
4,2,293,0.1621016456585103,0.2201296632785666,5.400880028514177,4.515289005019757,0.6491385987645673
4,3,292,0.16737581993692155,0.22473155995617405,5.770048901095882,5.126816934970171,0.6576186022417287
4,4,291,0.16437385730562987,0.21604875576598498,5.320379410959424,4.4184730217912245,0.6718498052932999
4,5,290,0.1628459091279632,0.21543255759566837,5.520292257719008,5.170828859858016,0.6702311241253384
4,6,289,0.16046343149274073,0.21320170559128906,4.947167797312751,4.99511681293671,0.6374357777222411
4,7,288,0.15651561369111502,0.20705040051215806,5.333891477023822,5.0421184712973,0.6604625671126804
4,8,287,0.16636633820198823,0.22218620981283807,5.218925669916246,4.482494256157414,0.6666537381258435
4,9,286,0.16747009604481033,0.2239510050438342,4.892774582946884,4.249303870309897,0.6271269018402759
4,10,285,0.1624388896172301,0.2164828967130994,5.312643428840715,4.333425448641031,0.6462229343112206
4,11,284,0.1665391879587542,0.21956499181128294,5.209599168115874,4.965307349221522,0.678284792091964
4,12,283,0.16799759876400486,0.22189818550950385,5.669775242100922,5.900733366572862,0.6746705800111574
4,13,282,0.16637379171479932,0.21992181650147308,5.0840096007371915,4.6252485804010774,0.6701367238797398
4,14,281,0.16653234401998304,0.21915594805270638,5.441796119301278,5.001169648825551,0.6634253451244752
4,15,280,0.16033748154160837,0.2154926450545625,5.633340338695499,4.682177999538957,0.6686463915894042
4,16,279,0.16410208573249535,0.22148030793644524,5.31141788255167,4.935544578084964,0.6745506085067478
4,17,278,0.16234639928165,0.22065202577822599,4.953691739350246,4.574182382216657,0.663175605617606
4,18,277,0.16407077832166814,0.22259007194264582,5.4416579696065455,4.961068614901301,0.6730288376911046
4,19,276,0.16891021283122282,0.22727585329457026,5.394017561145343,5.072275049115859,0.6563089346230064
4,20,275,0.1611639352202511,0.2170581770047432,5.1313019369829345,4.329833221891237,0.6987104822833637
4,21,274,0.17156820241319676,0.2305338004325876,5.3236000469609595,4.768512788791326,0.6623145743573378
4,22,273,0.17409369427928414,0.23284223023679243,5.53188896099211,5.009524026028225,0.6430822860504154
4,23,272,0.16727073358339622,0.2222651100823264,5.2939955333198885,4.580119287746561,0.6541335029506203
4,24,271,0.1654401684665823,0.219823260854485,5.1807729052184595,5.024106147614011,0.683599783323358
4,25,270,0.16853253675820398,0.22339323053532262,4.5341818621574905,3.667665965833992,0.623842616806657
4,26,269,0.17323211383283751,0.22881012322678732,5.25634382491719,4.364124516267493,0.6560620250202683
4,27,268,0.1683880474478892,0.21945318634191957,4.978185748398191,4.621911818595795,0.6750405710142235
4,28,267,0.16309547084779166,0.21157104919577083,5.8912724055198264,5.6543370591521676,0.6638765784162928
4,29,266,0.1722315041254559,0.22149178399313277,5.1185678550078935,4.704239795852955,0.6834995344628942
4,30,265,0.17126926873551238,0.21977198966295708,4.867969497250028,4.1932944301618145,0.6389649750348467
4,31,264,0.17195962003024115,0.22105465412454087,5.553121335041988,4.810488941431516,0.6576225886378494
4,32,263,0.170788158896793,0.22061472443157543,5.451737525261351,4.795365024030586,0.660202023422283
4,33,262,0.17119556319577825,0.2245563571217874,5.549443564801146,4.677006789741744,0.6623580195964842
4,34,261,0.16653260842202527,0.2182418834025098,4.937717183827097,5.578022309617112,0.6537051444384553
4,35,260,0.16913143770764605,0.22437335313619455,5.150180950120236,3.900941475340082,0.6649742206678346
4,36,259,0.17574775960662273,0.23259770020639806,5.678795275480128,4.5514408579747165,0.6426239261303376
4,37,258,0.1731236456786751,0.22829498706053628,4.8276331205655705,4.5264630863015505,0.6609705326989598
4,38,257,0.17573610905287093,0.23499736531887222,5.070877242602947,4.523001777519369,0.6862269192656053
4,39,256,0.1739984217896733,0.2286896826742317,5.011613076982421,4.207709836655286,0.6472715733243113
4,40,255,0.17345579214814716,0.22797251529000356,5.004324614791161,4.509913528310232,0.6757074588506345
4,41,254,0.16965847770029258,0.22463392787328498,5.064401192122018,4.238916531540364,0.644254808067608
4,42,253,0.17010730601415072,0.22495465252071176,5.46746409795841,5.386904862451975,0.6369440302513371
4,43,252,0.1736124609503508,0.2274347277260135,5.155285989247062,4.942082168332016,0.6431911101357254
4,44,251,0.17246837652096156,0.23011566036625397,5.582625952331827,4.698316635640124,0.6547237079415957
4,45,250,0.17152418975740277,0.23046422331912786,5.199648061188977,4.272254692487192,0.6678756842366251
4,46,249,0.16814468981625838,0.22372348475409723,5.813269045951772,5.026138584219239,0.6695967323338033
4,47,248,0.16877271716750028,0.22617297164435668,5.040015079226569,4.571898218048554,0.6590776411430304
4,48,247,0.17224596246280632,0.2313172917351591,6.0585152490102425,4.798317839753667,0.6750058279773196
4,49,246,0.17547002633001435,0.23548280995343018,4.9391236252022495,4.137605093824375,0.6487842022884434
4,50,245,0.16828714856986218,0.22511724266669364,5.08935717254439,4.357254721668561,0.6609116573728054
4,51,244,0.1737707951744663,0.2305880834686578,5.537937962075542,5.60578770055977,0.6754684777465421
4,52,243,0.17531476688008227,0.23464370700808101,5.254363595865709,4.212576713244651,0.6378768129892836
4,53,242,0.16945967072015075,0.22704649872091212,5.680463447238198,5.014601774485174,0.6632845865477077
4,54,241,0.17367041470109384,0.23367706951983233,5.802531751261409,5.499961005043971,0.6638603308421249
4,55,240,0.17461336223080204,0.2344953184307122,4.884971500135283,4.728029814104879,0.6510690303063267
4,56,239,0.17650654838821736,0.23842383685037566,5.143355504968318,4.493475671156801,0.6472635267650019
4,57,238,0.16664885244537028,0.22446560984857528,5.707044135837913,5.352781162584869,0.6556425439730433
4,58,237,0.1751163304054531,0.2334663934626279,5.120541768028508,4.676689939450491,0.6304162168536426
4,59,236,0.16891675608378212,0.22486208245640174,4.984076507741783,4.268095912372822,0.6694850378684521
4,60,235,0.1724826281372317,0.2314798528011329,5.697517592079363,5.0098827794460385,0.6620956198023331
4,61,234,0.17587438866790173,0.23657028925186416,4.868939296108,4.166947326948831,0.650419404544572
4,62,233,0.17423691653357523,0.2342393670188996,5.440374181429422,4.745210814246932,0.6364120595490691
4,63,232,0.17556209391706584,0.23334856309484234,5.660626446880983,4.790669927439619,0.6553741785004853
4,64,231,0.1776280636730005,0.23611677196765238,5.46193883181383,4.9443999281506725,0.6197008855155791
4,65,230,0.1738721267044334,0.2311987220423962,5.2066362197792095,4.261990121383045,0.652970054907119
4,66,229,0.17116115618056987,0.22510645027504686,5.4380097387458886,4.689415422533083,0.6488013055599201
4,67,228,0.1796201620949689,0.23501949080507847,5.142615386796673,4.180005819542403,0.6223845003664094
4,68,227,0.17367735595313108,0.22850802326575823,5.575089616665183,5.4710619665755615,0.6517039429354312
4,69,226,0.16886753678007763,0.22412513705915146,5.170725766350329,4.548281532150984,0.6778616069771747
4,70,225,0.1738499650017622,0.22982509755671862,4.771216778286599,3.868527049428465,0.6414712260413368
4,71,224,0.17657955077013596,0.23527055680814749,5.559637968065017,4.769772904944155,0.6696517058682026
4,72,223,0.1781953187389075,0.23359317570502203,5.067753260985931,5.061547756940569,0.6377008614069607
4,73,222,0.18269696408268307,0.23644194086490924,5.44328834351834,4.59557971785031,0.629888691240878
4,74,221,0.1782662110857918,0.23460235239141863,4.797669183667128,3.985847162790913,0.6694139602701588
4,75,220,0.17804464044585175,0.23782133885385293,5.47934683058477,5.184189714796317,0.6598447039896538
4,76,219,0.17628036908544673,0.23300269495507242,5.270087347599601,4.661910114116379,0.6760089198368249
4,77,218,0.17624790281263694,0.234130215341515,5.633425133465773,5.022595009764692,0.6612745978213571
4,78,217,0.1770431994454655,0.2366659184345487,5.047200446721201,4.505957168178966,0.6435423353236381
4,79,216,0.17614140917883364,0.23495543731430843,4.9611050440836,3.8069217420094734,0.6587297814340048
4,80,215,0.18379825488908053,0.24604744147178295,5.612808847122097,5.198907189359026,0.6213243257036294
4,81,214,0.17885417339991472,0.23966930039632173,4.995955939542949,4.261205558979362,0.6467533859865766
4,82,213,0.1765397223839102,0.23811853802481645,5.936160397188292,5.5291235649521955,0.6512226128260471
4,83,212,0.17378674069330863,0.23942178652020496,5.614929958102892,4.640616031658783,0.6531772740781907
4,84,211,0.17650565348645875,0.24309577844497976,5.014920948179755,4.216844041531692,0.6647036441001396
4,85,210,0.1723434681263934,0.23594487194911157,4.964749188185962,4.414273967618015,0.666986474860207
4,86,209,0.17575620743620632,0.2363931563426737,5.21612585292547,4.584378871756,0.6856906675737061
4,87,208,0.1807775656384151,0.24267443719238263,5.146693006837657,4.110258227626757,0.663600543217903
4,88,207,0.18095053316628956,0.24233730046364754,5.025817710045338,4.717080067476186,0.6552291597532772
4,89,206,0.1845981263152178,0.24742364891616378,5.071698374359693,4.716414375831662,0.6395010327230217
4,90,205,0.17930946923120902,0.23714816002011038,4.959265311238321,4.54169323874529,0.6628402355889143
4,91,204,0.17837264517131146,0.23451725768313733,5.57850804119642,4.983419588464612,0.634779618604195
4,92,203,0.1836511599424521,0.2432258282088452,5.855205140542484,5.236165605670948,0.6576316191180366
4,93,202,0.18203016164883845,0.24027413491977312,5.05516519170053,4.404591248151605,0.6677979133362372
4,94,201,0.17318019312301777,0.22899670466455258,4.925891992346851,4.499252630164376,0.668229889197162
4,95,200,0.1758076247391686,0.23739422677006267,5.487265989117855,4.3715573738171765,0.6583828293920152
4,96,199,0.18132451117682377,0.24252028950115379,5.133403978533087,4.496337202192446,0.6586995679242131
4,97,198,0.18156376140727143,0.24346858547855965,5.477334295096633,4.912202949458021,0.6582843656035613
4,98,197,0.1822254987965832,0.24313597068804077,5.539056113610245,4.323704785479948,0.6577315654595822
4,99,196,0.1790430818937095,0.23809303901743276,5.251367011823784,5.492272200982575,0.6459372134536784
4,100,195,0.18622702252260423,0.2467718201481297,5.443509701361427,5.094907058002661,0.6644335002281626
4,101,194,0.18318813041393078,0.24707127320818034,5.203718441761611,4.675639098065186,0.6350883604384977
4,102,193,0.18362253981337628,0.2482125722147966,5.590173047110024,4.520793201837627,0.6537430647526454
4,103,192,0.17668951298384913,0.23680478571185512,5.376132203472919,4.643288830400229,0.6573505209357231
4,104,191,0.181451011172141,0.24118800558169606,5.5086889174707885,4.701832866654341,0.6608412578948347
4,105,190,0.1797407659319385,0.24213934550989855,5.155411000757387,4.6739505690800485,0.6584905790046494
4,106,189,0.18370736353973605,0.2446102435172751,4.8941749437291255,4.45191946370294,0.5993192476628547
4,107,188,0.18692401958177685,0.24840729942092032,5.629389690804148,5.587585727337252,0.6508996524093106
4,108,187,0.1838246542458537,0.24180901662617102,5.186349339268069,5.121789087105614,0.6532711686236644
4,109,186,0.18485239963919564,0.24167511307250283,5.314936056200271,4.3321152271085595,0.6423955677355128
4,110,185,0.18275470988368703,0.24213927319890086,5.621036302254142,5.089205648828319,0.6499218192894798
4,111,184,0.1838253428884727,0.24478381466536647,5.526920718092141,4.730562862121993,0.6547504527612417
4,112,183,0.17750841352185742,0.23582017020891044,5.691680571707681,5.430990545313406,0.652230762057488
4,113,182,0.18705959878454703,0.24902404069410233,4.922135133423437,3.9791349646528276,0.6609702844692822
4,114,181,0.1891507349809423,0.24882741000302894,5.104139234520009,4.450257719106841,0.6411642124165718
4,115,180,0.1892971145864987,0.24769599345533772,5.283645184792648,4.635482721644146,0.6315484084291153
4,116,179,0.18165066656348747,0.23686254510075627,5.153727444244731,4.841542760885211,0.6495368921456794
4,117,178,0.18586671664275728,0.2404152343658948,4.976370201004672,4.626926168346359,0.6577779393450452
4,118,177,0.19224574988441212,0.25293184232275956,5.22200159176362,5.214807600395378,0.653480051981269
4,119,176,0.20282151910054017,0.26662819143101274,4.987588008327189,5.600192497653273,0.5784697572805052
4,120,175,0.1997089788461655,0.2636069467171183,4.777204675608553,4.062976531362231,0.6032099312965763
4,121,174,0.20773567842802926,0.27443148519946464,5.178096380421888,5.002219300281007,0.5675481784359431
4,122,173,0.204989462126756,0.2679228033115009,5.450773060621244,5.24270626569815,0.6365836769350799
4,123,172,0.20246345957103282,0.261825411747314,4.903282934204576,3.9940619976720675,0.6095556377841964
4,124,171,0.20391971376084977,0.25988318904760566,5.127317637018118,4.003309742975357,0.5938274235032508
4,125,170,0.210883943086586,0.2650079090583161,5.282648777660766,4.869457588146069,0.5889645250278234
4,126,169,0.21421331787451592,0.27139625045908206,4.973816092550331,4.3933392291530255,0.5783153806538697
4,127,168,0.21139618974959434,0.2667355323669634,5.319094906848102,4.8136081855335995,0.6009697919459701
4,128,167,0.2157891208721178,0.2747036655144776,4.8827189302771705,4.709208725995611,0.5815297673098655
4,129,166,0.20829942955312544,0.2666076686254679,5.349515288964044,4.6771216067045485,0.5873175330318896
4,130,165,0.20317152772535843,0.26425369992483444,4.808925578892566,4.005282564633445,0.6080834711557737
4,131,164,0.2035828783007697,0.26548671762695747,4.834363808311018,4.255276664515491,0.6014927391912519
4,132,163,0.20003167227224844,0.2610759813530531,5.088231948044623,4.692277337527159,0.5969762537032083
4,133,162,0.20934712478555872,0.2741700495661836,5.234963079728653,5.38450122288722,0.5876162869366571
4,134,161,0.2044084836114439,0.2659634873333789,5.4323898962857555,4.89091136006614,0.6163092267219443
4,135,160,0.21138520679503206,0.26982322408048925,5.449158565645021,4.519746396392961,0.5901158659205855
4,136,159,0.19889393093071786,0.2571527524739597,4.868088680446246,4.129825354252381,0.5864016589319209
4,137,158,0.2029649123803176,0.2625481861707712,4.8504728154876275,4.1208965153998784,0.5976097218042858
4,138,157,0.20698491802013017,0.2672524228139799,5.213368743375568,4.924905172948359,0.6111197238255495
4,139,156,0.21241935598119446,0.27503214037757023,5.035075878908147,4.281525667697824,0.569864923091287
4,140,155,0.20596337492699007,0.26511126915487304,5.061429559493137,5.309607002856508,0.6035998987277799
4,141,154,0.2140494297585694,0.27466622130495766,5.631233844614298,5.3387854170582845,0.5792404609827122
4,142,153,0.20887526013457774,0.26995783162981934,5.220922442275221,4.090280764380604,0.6024461442299834
4,143,152,0.20559877716307565,0.26810329433705327,5.758585313054741,6.071053771673911,0.5842083689384034
4,144,151,0.2110138124163537,0.2791094976436174,5.818187559361382,5.082546130915413,0.5704520280742448
4,145,150,0.20495572524109257,0.2682485958595396,5.1879536909746164,4.176451283538828,0.6067170600877366
4,146,149,0.20866071210362766,0.27562694626367484,5.138446323536364,4.304191677674006,0.5836468914603572
4,147,148,0.20441268621676484,0.2703788916282403,4.760165159185333,4.702412328373244,0.5917542749439801
4,148,147,0.21235633807738968,0.2777410373182641,4.850154639727383,4.385762273374907,0.5819897864587209
4,149,146,0.20745912364879174,0.2689171908526533,5.5377796260575085,5.816288380999951,0.5909387959456176
4,150,145,0.21514893694304565,0.28142342639894874,4.715292846633776,4.042550487150728,0.5878390933748346
4,151,144,0.2168538565409025,0.28379805356261034,4.91315767574463,4.851012651111826,0.5805244299652395
4,152,143,0.2118279690074541,0.27755467345289736,4.914152715344725,4.523311438364344,0.581324927762079
4,153,142,0.20841394010060982,0.26929650641793296,5.299350589279365,4.9063120094713915,0.6205079394816866
4,154,141,0.21249408055484345,0.27538230826916366,5.573255017552925,4.961693227167714,0.6074278682117245
4,155,140,0.21781404323755219,0.28267656062470903,5.027843265301123,4.406774183567858,0.5705012017288575
4,156,139,0.21284543230993982,0.27369753658508045,5.411205893914967,4.913952878028447,0.5963057801658894
4,157,138,0.21138327200238194,0.27338948441839434,5.182192538581875,4.745754052489241,0.5890145298260464
4,158,137,0.21048663260692807,0.2741180278299299,5.364650373815234,4.6338570130937455,0.5974475073801075
4,159,136,0.21669031462184213,0.2849427645980667,4.7313086644573925,4.454542659231554,0.5840927055841708
4,160,135,0.211176305245006,0.28116428218371825,5.281872315647793,4.290202348157181,0.5941539140923969
4,161,134,0.21862427407681004,0.294050062176964,4.939317461905642,4.254534948333652,0.5737613810807319
4,162,133,0.2088654009025169,0.2842547634608634,5.366948670824177,4.842632026661509,0.5943129750971153
4,163,132,0.21150089208471345,0.28897423142935963,4.727720142648317,4.001397640774151,0.5834114934031853
4,164,131,0.2054927553383924,0.28272552606368356,5.401680554746208,4.924698605774734,0.5662143375810129
4,165,130,0.2103231781991198,0.28941097587682013,4.9668701787819725,4.873591278232277,0.5755651265761761
4,166,129,0.20850112079978061,0.28650534701453007,4.8882022335929,4.5005880659939965,0.5963269692842081
4,167,128,0.21756133479802303,0.2959434855935078,4.860044016397676,4.960731736327427,0.5814889401693321
4,168,127,0.2103643092343244,0.28098504860475326,5.042685090256146,4.259182631654857,0.6030862292649526
4,169,126,0.2188228637661899,0.28928968225404367,5.407679547615311,5.023342849464986,0.5800934662328153
4,170,125,0.22468500872412592,0.30135676081993606,5.003181844779391,5.010629137290494,0.5973390996299259
4,171,124,0.21308154106958158,0.28790128625974293,4.779159161473807,3.979986131100927,0.5681895859782442
4,172,123,0.2183809964085396,0.2976277571795852,4.734856442688631,4.446593636466595,0.5647431252120207
4,173,122,0.2124843716891751,0.28764488696052437,5.142183370318415,4.801057272568734,0.5896573793400307
4,174,121,0.2159134381998704,0.29587632844948136,5.399053069863026,5.4798700597674435,0.5640712790965172
4,175,120,0.20941719970000025,0.2877712016122714,5.115239744130195,4.3186714939644375,0.6075399806095899
4,176,119,0.2050306359881631,0.28085919367332457,5.106909773438989,4.241780825689642,0.6091380968887695
4,177,118,0.20888381094081793,0.28725979206917124,5.442317555375972,5.2441549590782275,0.5762827110847769
4,178,117,0.20674820004216043,0.2852388073345346,5.138669447185549,4.682725742989639,0.5891439987683741
4,179,116,0.21176462597157983,0.2900377536340911,4.707493168745264,4.561948023285916,0.5851057665705132
4,180,115,0.21213432707144408,0.2885505883794588,4.917174733837998,3.957168515377422,0.5956793985922736
4,181,114,0.21648529649352444,0.2961324002820582,4.859096921604875,4.273866090663631,0.5930160624135915
4,182,113,0.21563763849575676,0.29222991319455743,5.444521942459287,5.058781869653905,0.6040641469650281
4,183,112,0.22082502248787467,0.299530596560602,5.0621965101364435,4.038506716032785,0.58914462090955
4,184,111,0.2110890134285217,0.28769896223995745,4.865993893816009,4.153470970642089,0.5842964449437658
4,185,110,0.2174486487383445,0.29670245132139794,5.110440010185178,4.517675010862139,0.5841890233315721
4,186,109,0.21562297011368015,0.2895028330374064,5.801761396369041,5.394080900708371,0.5858067588164589
4,187,108,0.21757537313762734,0.292793698314477,5.293573146378506,4.7622845253878365,0.5742087210133175
4,188,107,0.21775703561083407,0.2917035626287705,5.264295072262552,4.888752866327091,0.5810151840213971
4,189,106,0.2138328503501651,0.28816769284349214,5.161559743926501,4.237573692004605,0.5764187760875699
4,190,105,0.2102068957517371,0.28119777736862916,5.2695027966941055,4.741727528467281,0.586183216205558
4,191,104,0.2273566724916953,0.30675879347720064,5.1484173266501365,4.192353364626424,0.569470865154882
4,192,103,0.21901090467389955,0.2942046528497963,4.889790280908425,4.609198065412863,0.5894151552203111
4,193,102,0.2177854791248325,0.29545653088889545,5.592742496527124,4.772082939926036,0.6019602177061005
4,194,101,0.21868935161790343,0.29853059575702456,5.111920233737466,4.809511860807407,0.5666164846101532
4,195,100,0.21498223214560233,0.29608045067337463,4.913714952316868,4.2803720217763335,0.5938857720198576
4,196,99,0.21745687401219102,0.29585870907735096,5.1535094774958266,4.63328797980476,0.5783538766323048
4,197,98,0.2289541744281723,0.28353355938727043,5.258146476060277,4.723872138100986,0.5879047567335387
4,198,97,0.2258493873412352,0.2808019077669326,4.9556670353610714,4.444728872245789,0.5818453246295945
4,199,96,0.22027006439817673,0.27357907951423693,5.093466382419336,4.440205596066188,0.5993015609850562
4,200,95,0.22790218964702233,0.2799953333124063,4.937166664147092,4.387144315084592,0.5701762496198023
4,201,94,0.2311665096196712,0.28241454521098924,5.116509992159257,4.468818821922023,0.5886151366029287
4,202,93,0.2228566033106252,0.2718026789517932,5.216092471147095,4.640357196926793,0.5862548092717763
4,203,92,0.2309354976164125,0.28222045193663164,5.732905467768973,4.716231074352814,0.5644396201090998
4,204,91,0.22760786511593753,0.2750840427501075,5.003638988266896,4.39302528191756,0.5946957867807671
4,205,90,0.22643081924477232,0.27212619060540855,4.972720001089422,4.3471070792794775,0.5831222172709268
4,206,89,0.22925554810675655,0.2774858636993186,5.302589891768999,5.182513741265204,0.5857621110087126
4,207,88,0.22798057456248177,0.2747327793400511,5.181979781182571,4.60001451957912,0.5996374443035914
4,208,87,0.22160219225744507,0.26916141244153685,4.993622337037969,4.544269890545248,0.6135591060181959
4,209,86,0.2268818161186047,0.27635477940880154,5.054416464341834,5.002132645038435,0.5743427247463458
4,210,85,0.22522546329371296,0.2703351442245568,5.514235339520255,4.6146100889393065,0.595895140325841
4,211,84,0.23118027700261323,0.2770722433954249,4.877280506113802,4.21251115559441,0.5883378765472582
4,212,83,0.22455737245557889,0.26807422540223813,5.346624651456241,4.616956650077957,0.6059645588009149
4,213,82,0.23536265493796008,0.2801188994276127,4.942236554627688,4.311326351571602,0.5858217205962057
4,214,81,0.22213600586852447,0.2652244722553597,4.810098172625925,4.481200597381678,0.600505153884819
4,215,80,0.2317416383002341,0.27860938800752966,4.86762791101759,4.118968640054565,0.6042751459188106
4,216,79,0.2313368716099002,0.281224397285006,5.301745273620783,4.821394463900833,0.6024495710783231
4,217,78,0.22952456772933602,0.28002070350829844,5.161687255894654,4.658778642606506,0.5798608817861636
4,218,77,0.24333311231997942,0.2947078910031886,5.130014065760406,4.258448146732057,0.5538065354627525
4,219,76,0.23222145617235407,0.2817535176237437,5.295090146394514,5.262252439900398,0.599303910432956
4,220,75,0.23293803938858643,0.28505038854842185,5.253666276555885,4.860988258250377,0.5879766594530387
4,221,74,0.2410500197174725,0.2972729057351625,5.42753239575333,4.763844905169947,0.569896774524709
4,222,73,0.2296239240413343,0.2824734865991403,5.38916687636155,4.250769217684013,0.6095568478425994
4,223,72,0.2301379034776141,0.28244472344468946,5.156492862922095,4.4878927966798425,0.6268841774387498
4,224,71,0.2411080186375885,0.29561209402439703,5.24786226015545,4.803810208609694,0.5925274348081269
4,225,70,0.23797397496261893,0.2910888412534292,4.430548596658754,3.932138765593893,0.5547593635317629
4,226,69,0.23592615664737945,0.2888451020591166,5.182621996756566,4.414535326249893,0.5836514747171735
4,227,68,0.2319163341102295,0.28660339035790433,5.046259688436493,5.397133159356179,0.5842425528921027
4,228,67,0.24400584806649675,0.30075695770473554,5.071191926250059,4.8645286950461335,0.5558537724974714
4,229,66,0.23656097493549375,0.2916576714557543,5.207485248965002,5.331350143692146,0.568552937495333
4,230,65,0.22821730810021323,0.2858482247351519,5.36517524324578,4.830757523272454,0.5862562907274435
4,231,64,0.2296014424115646,0.28990299991428986,4.543524676725889,4.125170814729605,0.5722407741752344
4,232,63,0.23405155825533389,0.29226283408841447,4.836013846935531,4.622444662958171,0.5842033165689882
4,233,62,0.2358170873717501,0.2972095238955965,5.2262922523558055,4.972904959569122,0.5647456658711287
4,234,61,0.23867018971343962,0.3024750481289162,4.717432557768907,3.9293644450269145,0.5827014774068959
4,235,60,0.22552407165442107,0.282630008222555,5.476383583170479,4.830977096721398,0.6121049857489057
4,236,59,0.24012442133949072,0.3012848037493606,5.145804992479236,4.667745143176736,0.5680765728165
4,237,58,0.2509146145344533,0.3156727511619245,4.597750536027309,4.222488009357953,0.5587779049916223
4,238,57,0.2621334464832936,0.32948355945666546,4.816353853539308,4.708881103958219,0.5098713902297828
4,239,56,0.254104655054465,0.32148287133279757,5.4237846255735445,5.005576369771949,0.5358886575659492
4,240,55,0.24828302215489242,0.31551830407219283,5.752448809063569,5.4931081853236305,0.5483040344750622
4,241,54,0.2798530080309776,0.3523508374387695,4.654979200731775,4.348067141052284,0.48344804707093453
4,242,53,0.2650560822435333,0.33371516377012034,5.134439210129443,5.158973269579739,0.5310267364394526
4,243,52,0.24950203259855652,0.31502159136288754,4.867439403398654,4.4550649815624395,0.5310129975834895
4,244,51,0.2712826445098501,0.3409878926664862,4.425497256312918,4.296598749263709,0.4938246688168475
4,245,50,0.25975245774651795,0.32539929011183705,4.537462493189113,4.684172338454331,0.5295257383348924
4,246,49,0.2756833759972458,0.3441184873244873,4.961412568716327,4.367461100853208,0.515911663097729
4,247,48,0.2581551589098612,0.32086290018696084,4.577871656351582,4.258202616857191,0.5417734121094598
4,248,47,0.25951599038127876,0.3225310802632652,5.290097512484261,4.380313257926515,0.5177482349359587
4,249,46,0.2546033627683592,0.318287102221551,4.666924739624922,4.456334342454659,0.5498191293383636
4,250,45,0.27964584291472516,0.3495070276308184,4.90519162289773,4.051140074399566,0.4993996120417716
4,251,44,0.2749254742140693,0.3473276734697346,5.008361616496213,4.409065959600483,0.5238381559043581
4,252,43,0.2691441569697234,0.3378867956631155,5.484127319954647,5.474761555381448,0.521078914136535
4,253,42,0.2821717359466959,0.35508294287906683,5.042565623724415,5.437022818469547,0.49303467459742545
4,254,41,0.2636813502621875,0.32967785865395927,5.009427715581979,4.399471913584155,0.5171129865129213
4,255,40,0.2873571870816177,0.35716178345621896,4.55457372814748,4.679104901049653,0.5004606403501605
4,256,39,0.2723441455546645,0.34122097022467673,4.635320647739691,3.876108883953703,0.5122209778625122
4,257,38,0.25018104976410616,0.3186650887561645,5.231627504157071,4.7909308876991465,0.5376714417794326
4,258,37,0.2759563258910964,0.3529426991729191,4.854780748979711,4.680396765648307,0.4966705385999834
4,259,36,0.2810633392889972,0.3577895222316627,5.326822576612322,4.863732941590159,0.5105748839291288
4,260,35,0.25564478522393197,0.324166313416258,4.7023304728070325,4.592221825693662,0.5343958543517732
4,261,34,0.2898468596720333,0.36575101151272954,4.598635537020617,4.040467222147435,0.48628376296486964
4,262,33,0.25714303005995953,0.3226782083132326,5.421756896086084,4.880793330103852,0.5299117933608991
4,263,32,0.24939752246439814,0.3125067168150261,4.310492511380195,3.6401273798918843,0.546513147333026
4,264,31,0.273853487574063,0.3439312406410231,4.945127404757763,4.013438595824728,0.49675263176555073
4,265,30,0.26920298166955964,0.3330100717407059,4.9227173448322,4.8493399029594775,0.5284201497428735
4,266,29,0.25426894020730567,0.31268494145009257,4.798077549860353,4.3167049014100485,0.5370295709132963
4,267,28,0.2780055818400492,0.338413892701523,5.202861485044602,4.718507258000428,0.5035943016783333
4,268,27,0.2578772927100684,0.31533825145374017,4.788139475749622,4.527023953451211,0.5335057608810616
4,269,26,0.2609332462279126,0.31446085874461205,4.637592152126365,4.057002819857972,0.5321567681568602
4,270,25,0.2663532737451585,0.3178568946409536,5.356807373735727,4.586253117195305,0.5437193783554777
4,271,24,0.2772283308486525,0.3327622829100166,4.851777034207592,4.499924920248724,0.5123315100420112
4,272,23,0.26953599259507205,0.32065034289884253,4.5400741711763555,4.361782989929385,0.5370898072640943
4,273,22,0.29681950959598097,0.35471290158827107,4.6211518271971785,3.9803676920876816,0.48713893014889126
4,274,21,0.2767877302498834,0.3340062546809762,4.923039014061671,4.432332045655303,0.5187616527018828
4,275,20,0.29569717708568055,0.34972395466626754,4.8607689814411,4.061894240562722,0.48397458028896945
4,276,19,0.28138273566748107,0.33518643312396873,5.125118551030763,4.533613603297546,0.5169258004305423
4,277,18,0.2641165887807649,0.3173453399225862,5.096084346726803,4.811566844937374,0.5490975322474189
4,278,17,0.27097164634483034,0.32813946727980114,4.975651907030878,5.406576245916558,0.5280573780484982
4,279,16,0.2876885827727392,0.34613347424889174,5.0592890262597665,4.112918240038029,0.4976989108753059
4,280,15,0.2661249484963537,0.32379714996986103,5.13071897847629,4.889864410516997,0.5125018983674859
4,281,14,0.2612235784310436,0.3212226354522584,4.591406225117105,4.027644925800666,0.5367340646913711
4,282,13,0.25972617031596085,0.3202014540397723,5.539586922650734,4.436709885441115,0.5751501569642763
4,283,12,0.28104405797811277,0.3475056070477045,4.2689227556698395,3.9980407929340576,0.5148971052687696
4,284,11,0.2841497985420848,0.3544313699517482,4.28616304860849,4.120617343617387,0.47730627294771105
4,285,10,0.2850455012492041,0.3582990122149066,4.434016709148885,4.26813602111235,0.4951388159897838
4,286,9,0.26959620351517033,0.3412279509006386,5.183050519755161,4.7293363577193155,0.5220489137100555
4,287,8,0.260774597156806,0.32885036165713666,5.197824943438705,5.394500251516986,0.5378258601605643
4,288,7,0.27325178424092705,0.34252237240796907,4.987745579050169,4.698956515752196,0.5398180966180439
4,289,6,0.2729181739504604,0.3458932132438146,4.593335887407996,3.9780151189629347,0.5196510533428472
4,290,5,0.27824821024326046,0.36030643405958046,4.367293402264227,3.548521734032275,0.4776482034097426
4,291,4,0.28811121752725233,0.37062189533237005,4.8079474127829425,4.3263101234238635,0.48650720251202606
4,292,3,0.2662434521424958,0.34077140467935,4.899870202769124,4.21806297255228,0.5214098336919653
4,293,2,0.26702152749618946,0.344165965152938,4.418046458166563,4.106506267331612,0.5138587004854946
4,294,1,0.27636883601712225,0.356037190484026,5.142864563589717,5.0295826230351635,0.5097624359740494
4,295,0,0.28760097783711686,0.36540395042040347,4.873259967573336,4.368467714062655,0.5042764427726832
8,1,158,0.15000737055485086,0.23435100050472574,5.257927301519526,4.986723978697028,0.6659433907837481
8,2,157,0.15696123997468042,0.22750924842034856,5.1958210157202585,5.074889879701179,0.6538997073111187
8,3,156,0.1603224446422118,0.2339204490249026,5.098911369989526,4.3306953368563095,0.6562840909005844
8,4,155,0.15149414631164967,0.21995029757684506,6.411964482946083,6.495243222136018,0.6964794605244566
8,5,154,0.15940664524236764,0.2290144895152323,5.096004962055547,4.786028306509973,0.6436107071793126
8,6,153,0.1565731562102954,0.2247423528642357,5.27632324833578,5.237006588018364,0.6579368478167705
8,7,152,0.15842547858031858,0.22899556039833124,5.1837460063004785,4.127556894726947,0.671120846986868
8,8,151,0.15559490676303941,0.232608868153535,5.891710921096863,5.020608108306089,0.6633565470009763
8,9,150,0.15360923372091365,0.23126464733636076,5.098499552166841,4.603237461729657,0.6576802770272326
8,10,149,0.15832643659009868,0.22866761559137885,4.906152986335943,4.451315236027103,0.6684722273474705
8,11,148,0.1562105025693483,0.23017714941338363,5.06701394178409,4.244506943209986,0.6533085186299745
8,12,147,0.15475080779662576,0.23442506061868348,5.496610435427131,5.432047501827894,0.6491572645096769
8,13,146,0.1601225532192153,0.2316900882961584,5.819204654721068,5.003703729559332,0.6765715884165443
8,14,145,0.15912810103876932,0.22787839340860866,5.038502881141784,4.348051419624839,0.6686468250327207
8,15,144,0.15773887789248978,0.22470507787416358,5.736111580724062,5.505439842400114,0.6526550998786448
8,16,143,0.155541179051286,0.222763611845454,5.117099732594461,4.52933428622148,0.642342641057554
8,17,142,0.15882045692151767,0.23105426160833917,5.407573962056279,4.949785235205994,0.6486799944835917
8,18,141,0.15977076902055376,0.22919521615378877,5.333995629597464,4.723817539326049,0.6475266237030258
8,19,140,0.16146615336269168,0.24320206505917413,5.230577373105939,4.902024107223312,0.6514970008356956
8,20,139,0.14891885140193192,0.22794163307797377,5.348087664527076,4.621927383120904,0.6812103657888734
8,21,138,0.15659357833065365,0.2334678161151844,5.5394410997268295,5.028117519606391,0.6282032368107836
8,22,137,0.1570994357095807,0.22911894649767356,5.46260440287406,5.20614541038647,0.6511133447541673
8,23,136,0.15717573525379835,0.22884534702953005,5.286945355778943,4.31573059249278,0.6522112872501683
8,24,135,0.15940607242652927,0.234421529608463,5.245562465523072,4.9284957361792445,0.6514843190963189
8,25,134,0.15484217195111313,0.23255788821894022,5.2971315506962195,4.427690507055417,0.668251930598598
8,26,133,0.16290581933736975,0.247834686870019,4.880404148724271,4.727360777882555,0.6180853325866993
8,27,132,0.1701751451611336,0.24348019735258583,6.158196894380728,6.308455579137672,0.6597304228279125
8,28,131,0.15585738445264244,0.2375111505180077,5.273895638014119,4.305154998453906,0.6402101466680046
8,29,130,0.1617859414864753,0.23869027193827186,5.264664357606133,4.346201868980905,0.6629362709463227
8,30,129,0.1592823657528266,0.2433937826883489,5.8024034886727875,5.235616822267492,0.6877767196010615
8,31,128,0.15874485594416102,0.23317797414635702,5.134542970751528,4.198301265134291,0.6560849825490099
8,32,127,0.15951845592531727,0.2389131011657779,5.050620966272215,4.632980569017347,0.671159973591843
8,33,126,0.1645674309071431,0.24022840672761198,5.389935472840899,5.98274797340425,0.6558316111532881
8,34,125,0.16204789393080674,0.24010197851811507,5.088253621843149,4.416749576223857,0.6663813249095791
8,35,124,0.1601033149420783,0.2377854942802465,5.393752402945015,4.460100019451335,0.6802002857084378
8,36,123,0.16253111841415413,0.24051350871936467,5.595858581941735,5.314703603705862,0.6439611890815375
8,37,122,0.15937242058631942,0.22784684187586324,5.057527068987557,4.1684880520897085,0.6603767002839713
8,38,121,0.16516318360452223,0.23503723921637737,5.398131986994958,4.623298151570748,0.6441257132630485
8,39,120,0.1592045802747182,0.2311845579189697,5.067241778364813,4.654779708298527,0.662264040093137
8,40,119,0.15973912143752156,0.22901115082135506,4.440575283297075,4.375273741773781,0.6243518165455418
8,41,118,0.16966119658026885,0.23321860684080745,4.9842821374974235,4.358911233607697,0.6618938957878795
8,42,117,0.16293145884002433,0.2391495974310239,4.960394436762112,4.312920621372206,0.669139130089228
8,43,116,0.16913021772241138,0.24455422609870414,5.33044977852898,4.684571864940052,0.6298051188154624
8,44,115,0.15970642196021245,0.23323717035428224,5.354439733905673,4.769778704164404,0.6554473666352992
8,45,114,0.1637138687926439,0.23848368098062822,5.368705932012485,6.300996361620137,0.6577874773251948
8,46,113,0.16410450025475118,0.22346644400343701,5.365945373447852,4.30686590782003,0.678986721418823
8,47,112,0.166134158543696,0.24008802920710504,4.938885307937901,3.9697808676349973,0.6277320186289548
8,48,111,0.1680276353380719,0.23684443155286874,5.298275575625116,4.869978876445847,0.6336232802085138
8,49,110,0.16217280815260102,0.23343785354360735,5.299819384578255,4.847352272394983,0.6570814955016074
8,50,109,0.16393471541788035,0.23461257888367287,5.206202670019859,4.8622384369238,0.6489969128238221
8,51,108,0.1666118255566439,0.2413843947611613,5.420723747516185,4.463925748653626,0.6406168914435304
8,52,107,0.1619102459789654,0.22863647166647746,5.004924390714512,4.982187565214499,0.6389121210968547
8,53,106,0.16091839386455434,0.23860138768084674,5.371501750821176,4.3722584851169355,0.6413447377840993
8,54,105,0.16131636016007886,0.2337318661315949,5.393007687255899,5.42248837562523,0.6447127635909385
8,55,104,0.16348518605707366,0.2340796424524654,5.158813155352783,4.284636346159217,0.6368690219579229
8,56,103,0.1682350543204306,0.2442517412719735,5.242475007611389,4.432354341139396,0.6357742388320349
8,57,102,0.1665807544284832,0.24289208262917714,5.217971423954523,4.114557363928863,0.6393511485586305
8,58,101,0.1655525644565987,0.24341464225375367,5.328706274251848,4.365483179299197,0.6428292399083912
8,59,100,0.16280688335198684,0.23543490943792675,4.962221326410052,5.365497568102723,0.6368301555437705
8,60,99,0.16507533048700598,0.24209234545817176,5.255076842819587,4.405694697008544,0.6297067454823667
8,61,98,0.16435378313982785,0.2366622863002016,5.086978912319721,3.889892953348628,0.6663593040739813
8,62,97,0.16526245946954707,0.2448751640202463,5.708079860570059,4.820314201802241,0.6504067801630724
8,63,96,0.1644206172011378,0.23695046510040313,5.889625002095588,5.93544533101874,0.6418668083650542
8,64,95,0.17415118335314766,0.26504751483678746,4.871211563074254,4.5405334032523115,0.5893353782781471
8,65,94,0.17618273984138352,0.25698200792985487,4.952198248038923,4.278011548647526,0.6022533365168413
8,66,93,0.17873959951371698,0.26297823132478154,5.2654089890134195,5.192342673468545,0.5765850380682671
8,67,92,0.18440263283184682,0.27464330823982763,5.178625919811745,4.442095440885965,0.5860143469639558
8,68,91,0.17749869685213773,0.250952884873493,5.0945744538470965,4.650011494746313,0.6062853439425059
8,69,90,0.18195695607603576,0.27496025299383164,5.455951295001056,5.224132671202223,0.5639679625338953
8,70,89,0.18070447647673188,0.26658026335752666,5.030922002210225,4.4436139400517405,0.5784840694927326
8,71,88,0.18501969213167582,0.26620715671404566,5.542843584726441,4.724199210688379,0.5807872502011511
8,72,87,0.1835679216960561,0.2644508931028975,5.808631744569395,5.507246513614099,0.6204401802850363
8,73,86,0.17952887676040014,0.26889927346821396,4.926146435475069,4.031872843380713,0.5795200751630196
8,74,85,0.18635741464592592,0.26963766462854044,5.330041601812793,4.399676250921567,0.5777612536243592
8,75,84,0.18971695839667146,0.26339621411746034,5.256014740621531,4.837304236743593,0.6054676611705605
8,76,83,0.17805013648327628,0.2559537058990092,4.963242158688983,4.270540170936054,0.5857514244456815
8,77,82,0.18606533937456018,0.2640366451243179,4.914750749495443,4.949034939395905,0.5877320618818228
8,78,81,0.184364555240859,0.2648867044359721,4.895587459251629,4.465699918958817,0.6024856419661517
8,79,80,0.17838389321763554,0.2571082240405209,5.25757018295646,4.820966555725002,0.5912091926375896
8,80,79,0.1848146039451233,0.2598124013986502,5.105031217408035,4.693030683660862,0.5844864704571511
8,81,78,0.18997036027054828,0.2632296954526871,5.646663935594658,5.4784526445200905,0.603660954975697
8,82,77,0.18975008759809675,0.26322749050245936,4.895656306711741,4.380705483961623,0.5880873790464397
8,83,76,0.1843721265141039,0.2707453133510196,5.330001243907994,4.462031567737478,0.5956598849960172
8,84,75,0.1870752901627369,0.2609077381761397,5.395981563456731,4.799337364274195,0.6054966806295905
8,85,74,0.18440108422564241,0.2627540796646412,5.17234994509144,4.663292972359756,0.597604396158071
8,86,73,0.18172788341439214,0.26578994489154895,5.460504440006691,5.405373819371993,0.5769928865387802
8,87,72,0.19216397863702453,0.2753620475241062,5.3047690420453595,4.595431713595546,0.5711211083834241
8,88,71,0.19383669811678497,0.27037396056813207,4.870460095229239,4.138670975653583,0.5763592282277613
8,89,70,0.19141964328718272,0.26680058960288316,5.329945639867741,4.5102848348953115,0.6101852099450569
8,90,69,0.18961806988175298,0.26917663461056895,4.970382939928976,4.4374966940513705,0.5866084314692074
8,91,68,0.18663585991201956,0.27956887728798774,4.851713402302481,4.155151289844956,0.5674005375754184
8,92,67,0.17991356270928077,0.2640192079886694,4.971676909952912,4.493891138328627,0.5688424182603545
8,93,66,0.18778376636813515,0.26469207967379527,4.736579595165794,4.173724560601336,0.5715189332651058
8,94,65,0.1898541708171125,0.2686680788361337,5.046331046341175,4.570738126298789,0.569487111611212
8,95,64,0.1909960327862883,0.2697550811826838,5.375912896299743,4.72620646137585,0.5858746947929829
8,96,63,0.18217856025140491,0.27227226289608664,5.5538466165484905,4.946768723322462,0.5856906998513822
8,97,62,0.18580741470676596,0.2631491877302684,5.392347954944955,5.000984963344038,0.5871718366738147
8,98,61,0.18681074128003375,0.2647359767611527,4.813533806837448,4.038266394484625,0.5641010339205704
8,99,60,0.18685299580427658,0.26810869693708833,5.116342648216464,4.540473821985304,0.5678521082272525
8,100,59,0.1829033294092677,0.27557489666865786,5.070066009939257,4.48855792549067,0.6023790083366426
8,101,58,0.19079033215309113,0.2681380945513996,4.890738496413265,4.299379843723498,0.5648227839209267
8,102,57,0.18842041337043683,0.2679187322629215,4.932879290122744,4.651711069323835,0.5711316510781541
8,103,56,0.19579370668215873,0.2800161203823557,4.809965672582122,4.01851153612129,0.5878598755144251
8,104,55,0.19034463832034298,0.2760938378830101,5.295018083203422,4.382328770284205,0.5520388282854921
8,105,54,0.1914655700566899,0.27837942479330025,4.946809469988393,4.357770981455761,0.5649839377730913
8,106,53,0.18701769628770168,0.2681620373140279,4.97074303448965,4.238556395604649,0.5924965729330156
8,107,52,0.19219915024408368,0.2768569371168846,4.937037569886092,4.232348164695369,0.5585607357377109
8,108,51,0.18313014319413326,0.26268651904016777,5.2779948088209485,4.553245267648456,0.572718610603998
8,109,50,0.18823337729328077,0.27523459997273536,5.1538079457319,4.107962964798888,0.5860529426732495
8,110,49,0.18874819275067078,0.27222096123832107,5.432196510424717,4.626986520834512,0.5734763943829473
8,111,48,0.1831058097851444,0.2698196736312523,5.012824745888574,4.628617129449286,0.5713654860637142
8,112,47,0.18837719128913433,0.27114856437979756,4.829747601452837,4.281276492019318,0.590933461743675
8,113,46,0.19652316915842874,0.2817909338034445,5.446395002292476,4.533562108256174,0.5857906655318469
8,114,45,0.1918541264996314,0.2781672020919581,4.985909799620638,4.4979902305728965,0.581938322290558
8,115,44,0.1894016342046426,0.26934738700069355,4.9489095845399165,4.576161760469055,0.5917088129513479
8,116,43,0.18786040333892193,0.2745517163934203,4.92285352632819,4.04522359397195,0.56030761951382
8,117,42,0.189910611097167,0.27873683392011317,5.064911134812638,4.5693355351241545,0.5571789853666753
8,118,41,0.1860264916956408,0.2759651760187189,4.988173139917059,4.624093859242702,0.5746258206765671
8,119,40,0.18868494318472165,0.28330364155878296,5.167195558233594,5.1159359312527135,0.5622352660659231
8,120,39,0.1886985844170485,0.2824564610356115,5.225838218848404,4.813205757194169,0.5704561633663607
8,121,38,0.18668129261959135,0.2679642002924419,5.033212415622716,5.425768297865474,0.580976451426073
8,122,37,0.18958730132526447,0.27493742095680673,4.956179929706443,4.174766755317843,0.5639620168486313
8,123,36,0.18454742856594147,0.27565257957731354,5.239290269487611,4.91361291410074,0.5858975202388528
8,124,35,0.18759796419605645,0.28059380766179,4.887855876749846,4.711109956537415,0.5721620357313036
8,125,34,0.18752683127571626,0.285681001115214,5.180927622065534,5.034293099494043,0.576115865859277
8,126,33,0.18715742475361155,0.2870050957060607,5.20384330162295,4.4913806854885525,0.5887082201343583
8,127,32,0.19231202065876124,0.28030979804596945,4.712706826604493,4.011940265274612,0.5777868269105876
8,128,31,0.20659171831875428,0.30496234988393967,5.472096053138536,4.339135908928073,0.5395342029559543
8,129,30,0.2095656436080223,0.306338807065254,4.783354812846509,4.054380964921913,0.53662428296124
8,130,29,0.20981707853513493,0.312656880683056,4.674514126483295,4.4092964191712865,0.5182067349043942
8,131,28,0.20978815507331453,0.30596783971987807,5.064478420924784,4.35889108982306,0.5513726227552638
8,132,27,0.23142232996487247,0.32813741759295134,5.231042012222424,4.550349319449826,0.4910820763809244
8,133,26,0.20982385129206527,0.31454638268820456,4.723447016440579,3.9724390202827085,0.5108031989711331
8,134,25,0.21594708206657776,0.3137037668186038,4.623837248075586,4.266420528463491,0.5015039872239384
8,135,24,0.20933396197964502,0.3026462903819942,5.132469016306585,4.817731620565378,0.5222761432205345
8,136,23,0.20144278245535616,0.282834513929029,5.130915981427242,5.494695550186174,0.5592634506346041
8,137,22,0.22780113934978735,0.31359981382900615,4.67321417861209,4.301471116988186,0.5010971087410536
8,138,21,0.22170832883263097,0.30712246916969627,4.65436535134825,4.838412149526961,0.5269208427773969
8,139,20,0.21868121486694664,0.3031163271432438,4.4925093435295915,4.805721926764003,0.5273095781888228
8,140,19,0.21425527169966843,0.30500571629581047,4.569293036316237,4.331814662102636,0.5290481457911017
8,141,18,0.20997304191085714,0.298135699569659,5.315396528685058,5.116379610329513,0.5470013953675487
8,142,17,0.21138514063902547,0.3025805350016623,5.372368815443357,4.6488944626486095,0.5405525751187867
8,143,16,0.22189860781090265,0.30069799149450327,4.801726303043468,4.884948190912186,0.5248129128410894
8,144,15,0.20672503761721722,0.2948026103900699,4.569552654223882,4.587341555701605,0.5441889435164367
8,145,14,0.2132217060254789,0.2967724434909097,4.810002676123183,4.695524064853201,0.5464457167505143
8,146,13,0.2165800448633711,0.296451790899803,4.498866535911558,4.6135244285907095,0.523688511368722
8,147,12,0.2208052704124093,0.3175699455327902,4.609000042578275,3.9330211830832047,0.5081157233969821
8,148,11,0.21887048677732426,0.2945202119704453,4.9651372190902245,5.485768862180694,0.5347368947802417
8,149,10,0.23281282899862754,0.31326173748161745,4.338127504500509,4.236198106357706,0.5133084729674463
8,150,9,0.22385660665774468,0.32117917725683,4.421699643034257,4.386579014780537,0.5275503319510209
8,151,8,0.21068124129256866,0.2871504765776544,4.70000319018749,3.886113251075814,0.571784330789079
8,152,7,0.21855834237126878,0.3021466116673936,5.051046979188119,5.712778812543387,0.5271148960643804
8,153,6,0.21843554186519604,0.3091739133675004,4.991691119914803,4.299275468585086,0.5270602420248732
8,154,5,0.2237844345420369,0.32199463268633294,4.929638277195866,4.256136905531381,0.5144649479558184
8,155,4,0.22445238995351052,0.29728338837563983,4.785622361846388,4.2644802861848845,0.5356403135931578
8,156,3,0.22570645221609326,0.3088294320683432,5.200370196765136,4.627385706167294,0.5123537939882334
8,157,2,0.22292971042135565,0.3058259570379693,4.64950057789163,4.268919514205008,0.5208058177319663
8,158,1,0.2145444294821872,0.3029150077924557,5.117105548057713,5.363176145765616,0.5154669434799163
8,159,0,0.22346738946520997,0.30967569629970765,5.200228166410605,4.140737582999356,0.5309960873949356
9,1,165,0.14991273332530888,0.23029681350808168,5.372335702438946,4.515428574663494,0.6506339415672339
9,2,164,0.15227484416437417,0.23704371588459258,5.466739632836697,4.875219565381398,0.6554175976034793
9,3,163,0.15512727908612095,0.23665531489871558,5.517073652964283,4.591509662108084,0.6811799226140904
9,4,162,0.15134751195763893,0.23534841163760364,4.889762757510994,4.240090190290928,0.6524310079625831
9,5,161,0.1566049668314521,0.24697207858443856,5.833660546326519,5.050052917200852,0.6255370146662956
9,6,160,0.15548255303784136,0.23739191997794779,5.545595201554484,4.518316893538896,0.6474857449839614
9,7,159,0.1630829315211839,0.24792014896390013,5.574316843578666,4.589267650990762,0.6510333519421736
9,8,158,0.15712397795777613,0.236664000737333,5.265301402364479,4.797628908962168,0.624488687300953
9,9,157,0.15639350687774548,0.24057719377643855,5.773262266127837,5.521078423994319,0.6506846468339943
9,10,156,0.15457863078606673,0.23292113125327685,5.015878078318837,4.330595673486067,0.654474978437567
9,11,155,0.15215612021910324,0.23393607744710046,5.187960953319363,4.616299737932002,0.6710627237619767
9,12,154,0.15389594276538654,0.2330229955592954,5.331271559183069,4.425430775469962,0.6766786790521243
9,13,153,0.1599634503869398,0.23613702249520646,5.078045412560442,4.148012924896616,0.6344998372422993
9,14,152,0.16021450939706075,0.23853622394506951,5.276387923368995,5.348537987748179,0.6440721114156409
9,15,151,0.1506715673590204,0.22680237254444308,5.5181913136194645,4.975059850565552,0.6627879042530072
9,16,150,0.15421235977172723,0.22655402714068568,5.077414055007944,4.22261128301122,0.6677976941872249
9,17,149,0.15308291611847577,0.22952101956794357,4.960168628090266,4.886178430507591,0.6496505444883937
9,18,148,0.15479779864095286,0.23340773454560151,5.691791711581947,5.057370776250851,0.6820968202775131
9,19,147,0.1552570180307931,0.24234914321950193,5.173483795674528,4.886030944787578,0.6492979226002612
9,20,146,0.14793789213117098,0.23309075018638029,5.700417030301169,5.207328364337524,0.6679919911785608
9,21,145,0.15848729723970875,0.23560701152575858,5.2072361522978525,4.967722884139871,0.6660641774124474
9,22,144,0.15139166718536057,0.2301646112408129,5.307054987356858,4.664160587557488,0.6374065598852062
9,23,143,0.1532326761513164,0.2408630071146462,4.917204885596599,4.154847636315258,0.6626576279733736
9,24,142,0.15873767332242258,0.2515396915426128,5.152141895843078,4.949644797466622,0.6418847653088579
9,25,141,0.1561906243131976,0.24105267916774908,5.52486411450168,4.533496826547742,0.6653660349106276
9,26,140,0.15926884296988983,0.24349062974143737,4.933155030634812,4.829045222377023,0.6323833024175303
9,27,139,0.16021056161862438,0.24380384774146083,5.3666240654178115,5.432365166755355,0.6468607971984089
9,28,138,0.1613562416013652,0.2400797914745638,5.527501635963802,4.69237060941292,0.6501293992777069
9,29,137,0.1566039576939026,0.23762174661878369,4.745998430038575,4.075807298487504,0.6518855520542359
9,30,136,0.15603428154173365,0.2435530688687131,4.631487203870959,4.3847827467397185,0.6501470272127665
9,31,135,0.15440428737482326,0.2377212449957808,5.370341448256238,4.138656517044476,0.6702525414547285
9,32,134,0.16029530337163114,0.23718659238743495,5.209960965612504,5.582156328311998,0.6606598593213584
9,33,133,0.16572078168329066,0.24828305393060732,5.385689224689527,4.222999872915932,0.6417720114446417
9,34,132,0.16683566224330088,0.24373114337256663,5.276023985574968,4.3348622006425925,0.6624360187698006
9,35,131,0.1546048963283465,0.23431203559398733,5.667494906670477,5.665109359270995,0.6578204048588051
9,36,130,0.15778742461818687,0.24203173370329792,5.080079926215625,4.021361527035229,0.6563483057914845
9,37,129,0.15976462633449762,0.24702728145553127,5.407866751320444,4.611235564808803,0.6643777486327677
9,38,128,0.1557530385648068,0.23595946583398966,5.127442784474074,4.813353257012161,0.6580083095148229
9,39,127,0.16101260767981196,0.2427204396273438,5.534721231326062,4.664994798489507,0.6653865617534073
9,40,126,0.15823049709665793,0.24074270568260533,5.316775165940141,4.679810943563304,0.6618176539124004
9,41,125,0.16036604802153703,0.24796161862680793,5.020441031566776,4.07329026019558,0.655064256651131
9,42,124,0.16271701816949374,0.24354623075003812,5.412643248037859,5.170650467900008,0.6311503172109356
9,43,123,0.1557664161758503,0.2407705287042075,5.379747885801539,5.508508491262801,0.6476960520575136
9,44,122,0.15309338945009926,0.24246944227189438,5.673452105489912,5.96531854194958,0.6349840735505592
9,45,121,0.15585680383537023,0.24036924611647198,4.850659419251114,3.880441238594261,0.6393920919622748
9,46,120,0.15661792914904224,0.244266214367301,5.758305737913654,4.934420621995252,0.6683616429572282
9,47,119,0.16304174148755607,0.23735722194648715,5.355568128532006,5.136121101915202,0.656142582996489
9,48,118,0.1603391680105112,0.23930368015547157,5.206419582672672,4.559019574858942,0.6587584876361555
9,49,117,0.16310099982233778,0.24387480293687638,5.852835212038215,5.153566425705233,0.6593132409267932
9,50,116,0.1619080521410457,0.24534763144765193,5.501066038260058,4.519958785564875,0.6676381924924466
9,51,115,0.15810304611924494,0.24357904903282582,5.102831845222239,5.122837287220289,0.682748732659728
9,52,114,0.15797219671252977,0.24401099018247346,5.0661515416853105,5.233272975488271,0.6517006227435077
9,53,113,0.16078294086010134,0.24067786447468148,5.4924245781608185,4.9492606099291425,0.6451887721356205
9,54,112,0.16598053736495408,0.24769752105732626,5.283857823533739,5.06188467979828,0.6530186021499376
9,55,111,0.1634604346860373,0.2510623711513009,4.863271329179411,4.487267177583461,0.6251671954371268
9,56,110,0.1577489554792105,0.24780056131757694,5.4608612439289965,4.652383525574673,0.6195199559958275
9,57,109,0.1601943389696752,0.24415817755521624,5.467437337002925,4.744495241649594,0.6505413131517794
9,58,108,0.1662572245830883,0.25126852182504744,5.6658572443461654,4.6860382014718525,0.6357141142750161
9,59,107,0.16277087995486744,0.2490192328330888,5.224872969412777,4.7116063694028005,0.6387057837304367
9,60,106,0.16437184089610338,0.24765216367433768,5.287771902208012,4.463399803429787,0.6685151880216065
9,61,105,0.16074997628514667,0.2483246510488378,5.268151317585038,5.4523593951170115,0.6535171826698088
9,62,104,0.15823685903414533,0.24097671532638992,5.2634008519543976,4.595552814659782,0.6591452372401936
9,63,103,0.16718409887241042,0.24628805152680652,5.309161929658432,4.4770784878123555,0.6342187664877171
9,64,102,0.1671009856069912,0.23944093419484133,5.228457550755289,4.584922054152574,0.6459687007276953
9,65,101,0.16807113356796155,0.24532426166298224,5.2400810992253515,4.472268820949187,0.6525548214411648
9,66,100,0.17281425088604224,0.2556378301997357,5.509954127496682,4.830982462592326,0.6231594734490378
9,67,99,0.18477048400961163,0.2742343553530464,5.152762776583941,4.808395052258561,0.5892726265329292
9,68,98,0.17907438700336237,0.26563331788620476,5.198567427171646,4.721130185687899,0.6005480524042044
9,69,97,0.18127116208841632,0.26890440924149767,5.348114947509051,4.793908474828373,0.570681688892279
9,70,96,0.18353423113185888,0.2757057898221145,5.57890297198767,5.036470394237501,0.586307962451805
9,71,95,0.18524255598642983,0.27523508931612733,5.440301113162162,5.016289755377117,0.5977704688685376
9,72,94,0.1845397230940155,0.2788152667199584,5.562903458483502,4.753382158379814,0.5787194472126314
9,73,93,0.18381719167415397,0.2776608674417971,4.958370562553845,4.635811811973183,0.5884020775510874
9,74,92,0.1816579455154624,0.28227006114887954,4.717655711761392,3.9999929245781365,0.578702557834391
9,75,91,0.1764586972435094,0.2680168891501691,5.0812335702308395,4.779062580202114,0.5745565066865818
9,76,90,0.17802999445990816,0.2648221272550008,5.690940578423219,4.771838813458542,0.5852057633443808
9,77,89,0.17799043077676646,0.26845694996486463,5.072462209193974,5.0233604233032105,0.5842436821528718
9,78,88,0.1851644073535008,0.2739117670915374,5.023549249200645,4.248310726615869,0.564308837262856
9,79,87,0.18293170041502213,0.2811089465982488,4.8866214248932325,4.280376392022387,0.5665042023183325
9,80,86,0.17816285145183683,0.27856520343693303,5.123792558929962,4.463862053979755,0.5916108568109827
9,81,85,0.17855280892222372,0.2780159464365976,5.114173381488597,4.638789817309388,0.5867157058106389
9,82,84,0.179033624440414,0.27578303176658797,4.917333792436198,4.531213707233267,0.6019056172653474
9,83,83,0.18581553477706775,0.27865131913712177,5.0956404108653555,4.2409090780224314,0.5607673967184083
9,84,82,0.1790501383505655,0.2748458263907016,5.347610455727986,4.519809711746174,0.6091545896014223
9,85,81,0.18258999972629816,0.28517320314197636,5.178464490451599,4.151862412423814,0.5799515914373575
9,86,80,0.17714935663140963,0.26963153859104716,5.37734680868352,4.7410182685217785,0.5857988134787488
9,87,79,0.1814593149135046,0.2720749389720985,4.815220808775912,4.407789168594038,0.5717068906602583
9,88,78,0.18617411180989119,0.2781896881689501,5.100495425921094,5.1628302589718436,0.5815426017634387
9,89,77,0.18300155986127756,0.2790653327425505,5.085148134467734,4.749477462908012,0.5955038860468754
9,90,76,0.1807713642370654,0.27766794651995863,5.443686588006337,5.75298296121856,0.5874226063714697
9,91,75,0.1829125283879549,0.27443400191992107,5.016209459078977,4.4336297002691145,0.6081240295919011
9,92,74,0.18044210943267613,0.28304603465228045,4.956313928226176,4.327260763191792,0.5774809476949604
9,93,73,0.18155939088043377,0.27584371517891887,4.845043341498074,4.267150045825044,0.5658319814352114
9,94,72,0.18849402692492864,0.28302886085488055,5.080625208162154,4.039077367729723,0.5997293246044936
9,95,71,0.18643860179774874,0.2840643052434459,5.408856137222042,5.366266791006436,0.5583498027497819
9,96,70,0.1863832286331949,0.28148595774998825,5.25150471700875,4.3170378833723255,0.5831124079500789
9,97,69,0.18462752731609863,0.2821765149944641,4.7713642097919085,4.115266070058193,0.576308984023352
9,98,68,0.1827796463041066,0.2717044397071151,5.217315979099256,4.656648878881843,0.5888585140129711
9,99,67,0.18193446517560954,0.2702356257726811,5.493456312684316,5.606511109045401,0.5789306520481295
9,100,66,0.18517175004375658,0.27606907476069087,5.161428794345267,4.934037601360971,0.5611805539148483
9,101,65,0.19291733009617074,0.2893396858697532,4.881699236325587,4.417748343678779,0.5752965114237996
9,102,64,0.19120907569387066,0.28992712106179475,5.167083284415291,4.345614382731159,0.5626279060927362
9,103,63,0.18594384746158166,0.2797316564965631,5.354658620061745,4.476682615037104,0.5939053731473068
9,104,62,0.18711826929917005,0.2730234617539753,4.886459238795235,5.248825560379026,0.5703893377926622
9,105,61,0.1869765426392931,0.2799173058777006,4.814239885745861,4.243221008051436,0.5605305870466973
9,106,60,0.19187929554386643,0.27559934093713734,4.85212388205977,4.294962399575025,0.5760455866739868
9,107,59,0.19041386209675837,0.2781829521186343,5.17415308805311,4.730309623950989,0.5913297585777273
9,108,58,0.18459324945234462,0.2773733742019138,4.9510552875610365,4.145618683690325,0.5876595208397567
9,109,57,0.18297060307313368,0.26360656482953326,5.018094480853954,4.998332745781137,0.5853872494188322
9,110,56,0.18472547958276095,0.2605751606793363,4.825663822324834,4.326930046687122,0.5879941995382675
9,111,55,0.18722240613642765,0.275114884068912,5.619747474338348,5.481426779017681,0.580726017988682
9,112,54,0.19200084089788966,0.28131743004555226,5.003560283716327,4.230087458445439,0.5893139913479422
9,113,53,0.19446765126469248,0.284636702762989,4.909087028216011,4.3975156840902105,0.5828288102341298
9,114,52,0.19197342079885987,0.26986454838531776,5.337527225939242,5.045393620371767,0.6075383812444907
9,115,51,0.18610796710694213,0.27220858686782207,4.986891686659725,4.280787027925118,0.5682778293401067
9,116,50,0.19110585253432727,0.28954160887163144,4.6694939791292,4.469023317732932,0.5753190522454226
9,117,49,0.18997896506836012,0.2878822440162142,5.061577193939427,4.225689976735006,0.5870895671195232
9,118,48,0.1907317918994089,0.28324921027639666,5.2990089813491394,4.525190022420136,0.578788923325768
9,119,47,0.19754480318860118,0.286190005342353,5.488321782673136,4.938005226984353,0.5806416667703976
9,120,46,0.18761200337590997,0.2743319094703579,4.935105430950357,4.470388128775142,0.5882598435819408
9,121,45,0.18844527061094427,0.2767399641988314,4.561345071936557,4.084859140244562,0.5772576805815002
9,122,44,0.192896004893065,0.2839029455327018,4.9128232877067175,4.246189945405993,0.5702925901035742
9,123,43,0.19234495936154047,0.27954613477862117,5.269004405198908,4.378565102884323,0.594426210497544
9,124,42,0.1915665459762192,0.2876449568583989,4.954975562320335,4.247367008858093,0.5653560493036842
9,125,41,0.1863543918812344,0.2831080270716436,5.35076250456617,4.8536547244407355,0.5679135404578572
9,126,40,0.19298572722795962,0.2898390472783101,5.128202881383022,4.697854036403587,0.5704555234318913
9,127,39,0.19519512607590533,0.29329932846636053,5.0536813068788655,4.445539662146567,0.5596983458325723
9,128,38,0.19066873939857584,0.28131768603038376,5.231095647252867,5.333988538300516,0.5860784385639859
9,129,37,0.18297220693858066,0.2674700944971897,4.869101501307174,4.5749699389768494,0.5958746564413836
9,130,36,0.19273795155483334,0.2848148945353449,5.061590777622019,4.446110862907282,0.5553248417403799
9,131,35,0.19107062339123176,0.2863619834890964,5.155415757177197,4.647643894031831,0.5870067078865907
9,132,34,0.19411364025759867,0.29028187828477864,5.019560631264644,4.4516586834349825,0.5833124423932564
9,133,33,0.21105683640486952,0.31996798759155565,4.6738930815861295,4.624437934470411,0.5138105256706718
9,134,32,0.21204344925032165,0.31667444179836024,4.984799142313916,4.143735693872175,0.5265392028794148
9,135,31,0.21871198852773444,0.3209994373526726,4.897543885962483,4.539236101001625,0.5356966057064563
9,136,30,0.21317426337559958,0.3188065530365056,4.474630671809436,4.2816806043398,0.5100598531255464
9,137,29,0.2123216969492003,0.3156674529436637,5.110601736663239,4.824265947735412,0.5149129417559205
9,138,28,0.20538396133590714,0.2985050286749252,4.6883609838992975,4.163349076678284,0.5618234902859102
9,139,27,0.20893752449111713,0.29495113539075496,5.30314149070742,5.743257845211145,0.547946456489659
9,140,26,0.21558118599218842,0.31141462393184655,4.71016502311943,4.435449291803778,0.5281312122817613
9,141,25,0.22982308939729926,0.33747291964781007,4.428502367214273,4.493453180747462,0.49127623152759886
9,142,24,0.21100308861446188,0.30960535907491493,4.7208322077578035,4.1725949689633755,0.5194107842166502
9,143,23,0.21393345561937668,0.3103353450545251,4.593502945847751,4.3941226236988005,0.5037895619259997
9,144,22,0.21173172167326193,0.31131762540418956,4.1207994202569225,3.4900139422348904,0.520731518890454
9,145,21,0.21944198608575838,0.3088650753475049,4.729466411956292,4.595862916374395,0.5488424570534545
9,146,20,0.21770445078504258,0.3152825389257547,5.164524036282929,5.330716698840626,0.5138498703787092
9,147,19,0.20946403172126893,0.2977426945504311,4.7095944961306255,4.5039135248390725,0.5353903639273326
9,148,18,0.2218519467132828,0.3160802004088118,4.933059052132918,4.410792293432305,0.4915057229303087
9,149,17,0.21156771510365716,0.30589264081602907,4.808110790685131,4.424505084847744,0.5283216458315506
9,150,16,0.21428911912471904,0.30569987650199265,4.971616284855907,4.374121328877439,0.5257917671475159
9,151,15,0.21556406116669077,0.30306288651946206,4.619871864921588,4.048875759440538,0.5328945488926352
9,152,14,0.22968701739537978,0.3167470861389264,4.69568606880576,3.632119685257676,0.5137811450515382
9,153,13,0.21379350775277794,0.30411900725352853,4.995914260509693,4.509853668959989,0.5160899490598004
9,154,12,0.2044702525018122,0.29907333566058375,4.744618804730987,4.016033841295271,0.5458931378530474
9,155,11,0.21610718625458988,0.30667965191595736,4.839001508135514,4.8512276606783935,0.5382100826510378
9,156,10,0.23026618509587915,0.3278167941906368,5.026053411206429,4.165293021906625,0.4873261761045419
9,157,9,0.21587448968230583,0.3068703437091144,4.584600323555502,4.045251816528026,0.5247003216187079
9,158,8,0.22647488887156408,0.33559543377180795,4.9118981910087225,4.016214873276443,0.5188767275625049
9,159,7,0.2169601320737097,0.3123965061492151,5.5923583677091075,4.857752267460434,0.5469058282033593
9,160,6,0.2171585423183812,0.3215838676796303,5.061203535005868,4.1875815758700305,0.5078713428143121
9,161,5,0.20841626906553354,0.2967214602645463,5.345133026557919,5.013776092591149,0.5374877932012488
9,162,4,0.23376010881748027,0.3289085533709549,4.983366734761682,5.192519783142817,0.5094435524766519
9,163,3,0.21695091616773998,0.31154620349402457,4.692013478766004,4.39539644611964,0.5271162824139638
9,164,2,0.21541057244003511,0.30595905229380127,5.164363947087834,4.275915613740669,0.5441148160730752
9,165,1,0.22234249321967228,0.32407285861338825,4.780214025416145,3.806982720279957,0.515973761875052
9,166,0,0.21968198287401797,0.3192705666327731,4.892994693021837,4.2313472482321455,0.5313998308538015
10,1,55,0.15165901426077455,0.23298638846683395,5.685429374935945,5.555135410496804,0.6558555555190588
10,2,54,0.15599849749935507,0.23743649773040354,5.545230784737042,4.8851371814830085,0.6578781095135037
10,3,53,0.15519631786162885,0.23532896460295663,4.992201530839022,4.680106556417709,0.6624869224984987
10,4,52,0.1561750289681565,0.2346547112259622,5.885195673560078,5.1321335801346,0.6388087201688962
10,5,51,0.1572012854773134,0.23628159572060548,5.237364099680343,4.363869138123453,0.6477564566818524
10,6,50,0.1497362926839532,0.22811679692943448,5.4363124662507705,5.286153137685878,0.6821483443303075
10,7,49,0.15570886531827294,0.23732190977378262,6.7224196445042255,5.51225045306377,0.6718253337544898
10,8,48,0.15775729564917879,0.24039466782048574,5.503338016810789,6.197343243857606,0.6711212756761841
10,9,47,0.15450133209206882,0.23894922174798985,5.377939186950256,4.364893913313151,0.6608558852153988
10,10,46,0.15274945261907297,0.23767477553839375,5.029065612263908,4.354035688189603,0.6526619199003296
10,11,45,0.1580624294549074,0.24587089839106802,5.369636469263704,4.860564525097873,0.6504135647266632
10,12,44,0.15255583655316574,0.23775649510384916,5.032158765024252,4.252631146813177,0.638423218353605
10,13,43,0.1548299136057427,0.2419456585051427,5.401714769558222,5.207044005219564,0.6529201031347789
10,14,42,0.15510982921829222,0.24068888248511433,5.132124023125335,4.131634366776204,0.6662067374198783
10,15,41,0.15411614549837,0.23880826777881428,5.188857868318462,4.642176414143183,0.6439355046172256
10,16,40,0.15619253733583052,0.24475010627966248,5.724678770576921,5.152967825120321,0.6455116522104641
10,17,39,0.15808195300704872,0.24925347626566965,5.0496704201429825,4.454214096439253,0.6388904650677892
10,18,38,0.1526417805630108,0.23578977887898056,5.383675637328195,4.343186301138385,0.6588899976637904
10,19,37,0.15392081184248854,0.24039956645501503,5.342746282462295,4.454906080003499,0.6269988482457819
10,20,36,0.16410883239126584,0.25529926913182577,5.476252892310201,4.790774121003903,0.6235063735546436
10,21,35,0.15678947147194464,0.2494619684429892,4.856934450907779,4.290635429703526,0.6372092724460124
10,22,34,0.16292180676347304,0.2573360412380827,5.1147193150639305,4.5374772304841215,0.6451837323924803
10,23,33,0.17464064248867167,0.2780206482154875,5.244865535265678,4.553975777519777,0.5898356689814976
10,24,32,0.1661632064347942,0.2605351564797865,4.844402978784722,4.182779495086847,0.621958493765076
10,25,31,0.16906001105424004,0.26582339781163944,4.67424689827334,4.756598790177429,0.5798387921194186
10,26,30,0.1715421801740648,0.26698340499656,5.0215325415308065,4.430086625972613,0.5757652032356061
10,27,29,0.17132132251460166,0.26776288825904115,5.027997313168837,4.321245985795363,0.5790107109089075
10,28,28,0.1693257044868429,0.26383456874644945,4.937090522841148,4.094619061344544,0.583765888207746
10,29,27,0.17277891130491674,0.2657324476750356,5.378931092288068,4.4951345499605395,0.5823633603764218
10,30,26,0.17922577139468152,0.2760622287467693,5.224303952589197,4.398559111323842,0.5795441186187631
10,31,25,0.1752696305552092,0.27168517931738195,5.622578058205326,5.085204398092201,0.5895559488320513
10,32,24,0.17363078158756273,0.2742339733904415,5.038942197075143,4.194699006738249,0.5741074092011142
10,33,23,0.17732030163694737,0.27890726669777394,5.253844577325389,5.351253216791458,0.5940270521963273
10,34,22,0.1749051665317912,0.27247672659115346,5.634855584556041,4.679723956984683,0.6045925909746883
10,35,21,0.17516184500147378,0.27022255456750055,5.084102106595054,4.291936336941794,0.5901494613232752
10,36,20,0.1789122735233071,0.27576930896424895,4.9694834498373215,5.309636794747846,0.5784433300510916
10,37,19,0.17670120173510656,0.2737601392969404,5.773893509535225,5.17745651978548,0.5717456394295041
10,38,18,0.17821857588501464,0.27842448506081774,4.996118047071096,4.413178023143847,0.5577509998662128
10,39,17,0.17940743163489212,0.2842396468469401,5.09196452838559,4.302037521396018,0.5491138929827576
10,40,16,0.1789742980593861,0.2847371333640449,5.059935750879282,4.261695640159144,0.5634762570340701
10,41,15,0.17309548285834975,0.27557593886163795,4.59351756130471,4.41113238292382,0.5777513453768333
10,42,14,0.17566369511408542,0.2821753037046954,5.276762454003725,5.68921454502352,0.6008413421102663
10,43,13,0.17465169726132843,0.28094910052172883,4.928319442880052,4.546285315424282,0.5630989402489303
10,44,12,0.1787278066937577,0.28256176796529875,4.939407733774251,4.853552704644459,0.5498604748801359
10,45,11,0.19583919647652714,0.31193804625222293,4.384895557678982,4.277210320163685,0.5074200698274574
10,46,10,0.19883680433269663,0.3187248262094138,4.482392441563699,4.297797449284311,0.5094403135526763
10,47,9,0.19079780857784998,0.3044574579952,4.629138234216478,4.777712916310036,0.5249573706011745
10,48,8,0.20094803054296978,0.3205135856777658,4.968448167259509,4.890438884055999,0.5049945488017238
10,49,7,0.20256468664120358,0.32701238810983063,4.759978295890138,4.322968209998491,0.4901439103761543
10,50,6,0.18538085515970287,0.29741292057278984,4.811748596851956,4.418833834962952,0.53978335555706
10,51,5,0.2026654274674764,0.32555383492243695,4.5158830570287165,4.049114789285938,0.4846600862664662
10,52,4,0.20467813877673846,0.32435386532730986,4.785263668414217,4.341229422539676,0.5012472209470878
10,53,3,0.20318118418596998,0.32131140397025937,5.636151161714302,5.0423910984423825,0.47844171204471336
10,54,2,0.2054004717385338,0.32533191755748025,4.983324764558746,4.257516730547558,0.49663971770045584
10,55,1,0.2121384701901067,0.3347897910865116,4.340974480419467,3.902337976608392,0.4809128658870231
10,56,0,0.20163169481246976,0.3178793814010554,4.707379799609086,4.440198253144108,0.4818136553309173
11,1,136,0.1535711393351518,0.2431934740038215,5.017318949445409,4.766185957755481,0.6533811256979665
11,2,135,0.147639674365219,0.23404723185435697,5.422133448520793,4.922829598080547,0.658026797108392
11,3,134,0.147199178561483,0.232877730493985,5.728949137135004,5.47037087190947,0.6819539457937696
11,4,133,0.15362855620648322,0.24415880274238075,4.951060947839055,3.862344347238549,0.6592924483121704
11,5,132,0.15786786196358496,0.24920858949159388,5.534135588868183,4.484589527430285,0.6701660941899542
11,6,131,0.14812611002470247,0.23926175440464484,5.00991136833872,4.213619747616957,0.6433090486139648
11,7,130,0.14753840260207304,0.23910530948447706,5.051722126711541,4.050458903045542,0.6567971783830038
11,8,129,0.14710077400096852,0.2387819085209389,5.25728185698622,4.819314959279175,0.6543386468948826
11,9,128,0.153781708737208,0.24874220353986803,5.356262100149138,4.285865339913772,0.6565724797287434
11,10,127,0.14826117166351443,0.23662986329830443,5.361243677400987,4.664857050484205,0.6593361865888194
11,11,126,0.1499170335654337,0.2393109901226784,5.50062154891876,4.555464641719473,0.6671964710481497
11,12,125,0.154882194458126,0.2454272128731745,5.6760621499409964,5.554054684706693,0.645382023700538
11,13,124,0.15686526031051604,0.24528816098617304,5.610182892161376,4.946359199940499,0.6704904586676373
11,14,123,0.15295367257441378,0.24369189905323158,5.8001240993252,4.8414394949878155,0.638791002749073
11,15,122,0.15922013919203,0.25259575691816866,5.813254689384415,4.5665484605864375,0.6519820755593234
11,16,121,0.14508428056422867,0.23006936085281793,5.154329246139558,5.060237887106936,0.6375300060555421
11,17,120,0.15032987559789354,0.23730040983317097,5.042724724968403,4.807178775068937,0.6534784916724513
11,18,119,0.153720501052213,0.24314865566017185,5.613663387285106,5.2472362673918065,0.6529931387655544
11,19,118,0.1521196914175982,0.2444822587772856,5.700380940015057,4.888521898978526,0.6306604629091986
11,20,117,0.15263567481990367,0.2428805690275299,5.204728480375513,4.3955760491791835,0.629796913314132
11,21,116,0.15201954614753815,0.2404945309075895,5.152590262681885,4.360005138435015,0.6542564282257394
11,22,115,0.1554380145883832,0.2474753955967506,5.678584113414154,5.433832415179497,0.6763092310192528
11,23,114,0.15643653504023455,0.2446200089076404,5.179125864672872,4.9543774080855885,0.6316795607504715
11,24,113,0.15417711297067535,0.24427221484303696,5.406968550552849,4.558210606661101,0.6515084973909017
11,25,112,0.15497915886473743,0.24785112280335736,5.638166497382279,4.684469743171302,0.645620750325854
11,26,111,0.15356408522730136,0.24617922312232204,5.163233742327662,4.634300294587272,0.6595774145754175
11,27,110,0.15633627087570356,0.2503008424770644,4.568958573386297,3.8874664641109162,0.6189291734872865
11,28,109,0.15774735512290403,0.25049417504069416,5.250802523368751,5.258267541158217,0.6540660039183209
11,29,108,0.1497016966418533,0.23903684504794293,5.143209303361182,4.495922767409031,0.6423127515349246
11,30,107,0.15484057642481477,0.24821648165899599,5.271611565148856,4.810316614642838,0.6368020012576137
11,31,106,0.15797071634605414,0.24672174838612565,5.274628057817823,5.742197608243702,0.6549991238530938
11,32,105,0.1576319993030368,0.24495344597325375,5.437621003241754,5.171678531335151,0.6448511627114769
11,33,104,0.15813961392357578,0.24548063227367636,5.5757417894908325,4.8665967114070785,0.6423718521455303
11,34,103,0.15545934209132098,0.24277451823092766,5.008940018013413,4.760903087369264,0.6483907911219619
11,35,102,0.16095534512088655,0.2509048044735619,5.165385940443047,4.517853221277643,0.6478954326007329
11,36,101,0.15687436772195662,0.24557024187393062,4.908441924986539,4.08117366207488,0.6361700432013306
11,37,100,0.15405789172721565,0.24141543077775293,5.006519806215437,4.970031934838693,0.6417298820368603
11,38,99,0.15365620773794272,0.2404820331317537,5.228405019333182,4.389862648767171,0.6473104053305588
11,39,98,0.1568281536287372,0.2431691386526482,5.331366991489176,4.671908528973768,0.6530027455067859
11,40,97,0.15562779425078382,0.23960838955232236,5.121526808275824,4.222374572414776,0.6534545906481307
11,41,96,0.15543683124640345,0.24033435357511637,5.323929558119856,4.952722715235716,0.6390447308089543
11,42,95,0.15663234937861256,0.24104851609032268,5.352731741462305,4.683180236981025,0.6574891915283748
11,43,94,0.15818639611872148,0.24326588868753332,5.027620564544295,4.776821401742981,0.6413025504779544
11,44,93,0.16060868709680187,0.2466003272120514,4.995584413253555,4.493823956618823,0.6185486059680966
11,45,92,0.15886384072605209,0.2435222689039203,5.211017283104761,4.636285231878676,0.6350395906445362
11,46,91,0.16350636663230902,0.2453546534495876,5.4459233082232394,4.761286020956512,0.6668336272028861
11,47,90,0.16521635479713964,0.25206357447391015,5.177480826293896,4.357264260527635,0.6455508380721457
11,48,89,0.1603264521210431,0.24435735511275739,5.366187215861516,5.018432154106195,0.6470196274066279
11,49,88,0.15718182207437148,0.24358278415644752,5.241243470594089,4.513680080989752,0.6398682423627545
11,50,87,0.16361463895922393,0.25295815653009873,5.101781478458042,4.253697856501928,0.6362399272334784
11,51,86,0.15873075054849217,0.24605662503663653,5.208154521512952,4.829663727941897,0.6483106919423134
11,52,85,0.15954956972785975,0.24794834040882743,4.993974489751137,4.529621090304622,0.652747637038625
11,53,84,0.15216155009030688,0.24099159797211303,5.08609560961604,4.424908948615732,0.6633060773302993
11,54,83,0.16624294296723444,0.24806311821328633,5.417237325838078,4.443476987256578,0.653558560018408
11,55,82,0.1754072843860198,0.2628667552270331,4.775084826043644,4.723581211448534,0.6087783084931426
11,56,81,0.1772617662536076,0.2641889658523306,4.854690987152558,4.632766755895271,0.5907870273557375
11,57,80,0.1743311902989104,0.2603211233910554,4.79832824897746,4.0833177229518025,0.5962652566862849
11,58,79,0.17582453817182045,0.26148427361667903,5.13048195338647,4.819781081099068,0.5749597589025129
11,59,78,0.1754160180275178,0.2604985408156201,4.821702553264449,4.467831880822943,0.6149905145961375
11,60,77,0.17908393277378437,0.26388553271919857,5.062883608998544,4.584805359235677,0.5899172388155559
11,61,76,0.17809505357875463,0.258099465803767,5.3801065631984315,4.8962895588689666,0.5825357675535437
11,62,75,0.17787581177773612,0.25731139143954607,5.039518978163414,4.460251066528269,0.5970384060662143
11,63,74,0.17886386791008743,0.2566172846108406,4.931889808182227,4.905417924987234,0.598174804613577
11,64,73,0.183288063089732,0.26382421524987143,5.231004696936627,5.444759346852689,0.5976379302900461
11,65,72,0.19291926944690044,0.2767594178607164,5.220823475427233,4.97474976902077,0.5847390537698723
11,66,71,0.18166278681986942,0.2596088654308172,4.811267357768721,4.489372165548307,0.5727150957061854
11,67,70,0.1776885686646497,0.25659112448641364,5.20092620034319,4.390285706009444,0.5910019831673688
11,68,69,0.18121111061063858,0.2607151280033082,5.100870533433731,4.381994043713967,0.5906890829576625
11,69,68,0.18342672223375284,0.26588672211443753,5.681571436915627,5.264229217476674,0.5772482480883396
11,70,67,0.18549513139417093,0.26959046037868256,4.967025453625599,5.015135691729757,0.5800637328236616
11,71,66,0.18051066116101616,0.2574240573679246,4.902486180603205,4.227560425627794,0.5991670719490411
11,72,65,0.18468342293025233,0.2639581958668401,5.191225483082734,4.334433267450311,0.6105864886407995
11,73,64,0.18726319884893236,0.26682353489198674,5.358650368999312,4.832527545948158,0.5807322364299908
11,74,63,0.18016257922316406,0.2596607033176665,4.80561577502062,4.277081624470807,0.5849591538782251
11,75,62,0.18663529352807226,0.2658223235197634,5.164535474943532,4.615185677376748,0.575019356410904
11,76,61,0.18888017725980846,0.26795746456550595,5.307393430307835,4.863107753630656,0.5807686933479336
11,77,60,0.18261082287245728,0.2617321041604817,5.154486877755689,4.54611757382098,0.5914523373503603
11,78,59,0.18384818850094276,0.2680031023145186,4.830177030298994,4.970569537497121,0.5794271146110561
11,79,58,0.18405585519357165,0.26876907125112437,4.917270322567987,4.798310529259498,0.5740048535681251
11,80,57,0.18238069916071434,0.2670619317331247,5.013161700279799,4.349326437419827,0.5572369360281461
11,81,56,0.18099264525288827,0.2643355778604129,4.7273428102848865,4.390593363117366,0.5960403369813841
11,82,55,0.18291647592993548,0.26508901505833693,4.744475349851085,4.96940814575633,0.595917912396485
11,83,54,0.17950642173701845,0.2626974557306104,5.383918482693801,5.041100847180024,0.5852589776961994
11,84,53,0.18688216556530834,0.2728859178672606,5.104713197910667,5.154758468276019,0.5710335081595053
11,85,52,0.1920098596038254,0.2846181801461783,5.1542462368080475,4.575889256038902,0.5692651716256196
11,86,51,0.18228561445383237,0.26689710317104004,4.95539347897112,4.127093100985079,0.5855875077033315
11,87,50,0.18500826253458613,0.27038808896574784,4.866443427179942,4.544652494788108,0.6095119470823019
11,88,49,0.18829389388220838,0.2762441648026561,5.117582549307255,4.772334112413734,0.5881914266770888
11,89,48,0.1900266529912939,0.27811974495340935,5.423148426947568,4.662881400018747,0.5971197709199727
11,90,47,0.18572540962699577,0.2752062416187435,4.646784108879302,4.080441368021045,0.5816707367133772
11,91,46,0.18451902933060352,0.27584616120059086,4.971113934289992,4.742050915002702,0.5675101432509757
11,92,45,0.1913191571883834,0.27941467430967537,5.430202545446991,4.6078747697612155,0.5685840664686613
11,93,44,0.18591877406546,0.2710922152340148,5.00290410407002,4.3990071181245884,0.5739010452765287
11,94,43,0.18653204987146815,0.2707197550923491,5.403353926369693,5.3329167878048125,0.585949278567787
11,95,42,0.18725101329724395,0.27276000244726706,5.590763481742251,5.533622812038475,0.5851948943123201
11,96,41,0.1897695716373186,0.27654550703620945,4.914869951916405,4.717726787262699,0.5551011053951367
11,97,40,0.18975018873411154,0.2766089451590484,4.535746930904816,3.8989766634932472,0.5633569803360255
11,98,39,0.18635978419292037,0.2744368053530751,4.698290377858536,4.336409934786419,0.5809323841589562
11,99,38,0.18399213996532768,0.2749721764981295,4.94051734782403,4.476338907186358,0.5708842430907698
11,100,37,0.18502710403452866,0.2732459838399239,5.066039098820574,4.332111419313162,0.5960163318339435
11,101,36,0.18904367042812253,0.2826683669352005,4.947243478649372,4.147378365998971,0.5960219900954558
11,102,35,0.1873461181339894,0.2778018597050083,5.379324261300676,4.5461050402129235,0.5795921459173807
11,103,34,0.18598890370806015,0.27939677277980157,5.070403902439841,4.086323195433884,0.5799088518668521
11,104,33,0.19297966422647328,0.2883115499334381,5.0823943571500685,4.801722828757594,0.5683504185808442
11,105,32,0.18984263341852575,0.2842984443198346,5.035944451351138,4.701411412366152,0.5700833418755704
11,106,31,0.1896982269560566,0.2832360169334928,5.30727500120237,5.19791517022483,0.5771121047287348
11,107,30,0.18863470313454436,0.2809166782430201,4.86355343856658,4.16077344355959,0.5911681037982817
11,108,29,0.1868523485030352,0.2798800445633879,5.139309270119367,4.611528103725028,0.5776104871429492
11,109,28,0.18952850777781283,0.28411780251009233,5.105905486681001,4.691920893612045,0.5911428246386479
11,110,27,0.20919509354545934,0.3179934782464603,4.96737155570416,4.5667369177056765,0.5259740510055668
11,111,26,0.1992174404825025,0.3025316729424932,4.729133132049552,3.834222099258148,0.5176042648560366
11,112,25,0.20178351830888405,0.30169870300575324,4.794680949820368,4.0193686370099595,0.5381692656524898
11,113,24,0.21049644461468914,0.3074656041946677,4.920083976640177,4.464549512756171,0.530147125252322
11,114,23,0.20643600735082576,0.30395081260548107,4.958799735814967,4.168462650228714,0.5468240084706973
11,115,22,0.2093642414818737,0.30876155489508605,5.294248742081921,5.625144831237565,0.5145022536156161
11,116,21,0.20650878641193024,0.30650347753952,4.75940358843823,4.7060629739679625,0.5314825130095024
11,117,20,0.22472297995086427,0.33104773861732756,4.511948109014181,4.422953303617224,0.4847662472258214
11,118,19,0.2073302863037926,0.3052907739363096,5.146531536807455,4.527893296128793,0.5368687279470423
11,119,18,0.20377984113420966,0.300842818134377,4.955366186237834,4.499518822117887,0.5427587059869462
11,120,17,0.2123949946454115,0.30702495374760624,5.3356819095657055,5.25181729512318,0.5291890504781784
11,121,16,0.20315736515665547,0.2948724096507639,4.696119232249702,4.7210318604401955,0.547603793300781
11,122,15,0.2203218488665935,0.31759216536451434,4.752406767197874,4.0951311412451705,0.5141002001066703
11,123,14,0.2297640528060921,0.33289976921974856,4.905734315775264,4.420105931557941,0.5052654254180797
11,124,13,0.22833803587249804,0.3279663152799707,4.373123970858024,3.9639749780832845,0.5034565945728312
11,125,12,0.2269235827032241,0.32581452326577853,4.225451288563156,3.8274115923735943,0.4872774591140888
11,126,11,0.22452757488724978,0.32007534593775894,4.67669656687696,3.793753533315005,0.521251174129672
11,127,10,0.21751009941346888,0.3114128548615706,4.642084790948369,4.288389231305809,0.5014272926830226
11,128,9,0.20987541869798712,0.2993912126903832,5.127697247881297,4.515393607993051,0.5513015420344713
11,129,8,0.22311049717830067,0.31877269608774345,4.604890771754565,4.553411139303833,0.4946162740375829
11,130,7,0.22108933226070202,0.3109332799277122,5.035419736837387,4.807445921293991,0.5098683142223136
11,131,6,0.2181436237116592,0.30765449923763794,4.482362390021304,4.900044073619416,0.4951800982605122
11,132,5,0.20476566629024978,0.2894743829973286,4.892148443868017,4.3462832120305155,0.5381586267614688
11,133,4,0.2135857210847307,0.30565972150115567,4.726607447582307,4.153086430620725,0.5455844479960187
11,134,3,0.22370370154070846,0.3230232695290868,4.667147226638702,4.27022952880244,0.510561346816057
11,135,2,0.22190865922608463,0.32255364698524785,4.578946948647056,3.931769699747659,0.5125681040347699
11,136,1,0.20813048658397876,0.3052329153723571,4.979449815505701,5.119081187114864,0.5411280949929024
11,137,0,0.20867689285115845,0.30850595039235984,5.291116083540232,4.548865406653261,0.5344617642326981
12,1,114,0.1601581878677316,0.22117814913537787,5.285094111008624,4.18772590294753,0.6847844329409745
12,2,113,0.1563574684535362,0.2178624533655728,4.936492015822671,4.505186470313373,0.6414684087577923
12,3,112,0.1570209335299674,0.2169375614356185,5.558978784852705,5.363509167636067,0.6674685054212395
12,4,111,0.15859362666428978,0.2204123313885481,5.68471315504633,5.019936297890361,0.6618509583403528
12,5,110,0.15690157656588374,0.21520375134055134,5.364926796038865,4.568812115665586,0.6599509180449101
12,6,109,0.16336865062769798,0.22548135986949144,4.999277600146142,4.392217303851219,0.6543323664189948
12,7,108,0.15708751872226895,0.2183539362141788,4.943063214697358,4.705027560376891,0.6719594970306114
12,8,107,0.160637032835187,0.22027008837678072,4.9964390321543615,4.449527357683074,0.6607274117792157
12,9,106,0.16063832086784027,0.2221014704089505,5.500832450091802,4.685948739062632,0.6630374426884351
12,10,105,0.16115984994015664,0.22286975327990782,5.349510046190699,4.168048601938642,0.6473157059148521
12,11,104,0.15798490691040823,0.2184085130576757,4.922685529809387,4.097137080091688,0.6529967354524259
12,12,103,0.16465409239442616,0.23000005440074361,5.867017001598138,6.14610148640033,0.6551820574110172
12,13,102,0.16303737808370708,0.22885301949596187,5.479919367053281,4.488502790887433,0.6778258439593046
12,14,101,0.15869773027905723,0.22273523382044896,5.26202531991744,4.642596894053294,0.6828215537701469
12,15,100,0.1653253917155309,0.23067053006186822,5.1008555294964655,4.8604358316001965,0.6439579612455998
12,16,99,0.15661893821585518,0.21694192797921283,5.293459884696589,4.638615041604146,0.6729963288489381
12,17,98,0.15725013151901612,0.21979118512563497,4.86047084973488,4.708105074877784,0.6555046205831018
12,18,97,0.15998816496245408,0.22251165670890016,5.180737262801065,4.757711629982331,0.6771122546248698
12,19,96,0.1608110736973659,0.22365407297049744,5.5364188542917265,4.909235318155476,0.6630242753364295
12,20,95,0.16181580595801473,0.2283397392952881,5.014630086313627,4.8365612390304165,0.6649967590357369
12,21,94,0.16462492780357588,0.23512481165728535,5.3877907777037315,5.035228809952504,0.6393093201055868
12,22,93,0.15820954369056967,0.2256268614452975,5.519249037526022,5.384324286114664,0.6646114202348677
12,23,92,0.16490330497082248,0.237641025763846,5.204322052605921,5.036981951388586,0.641619429631106
12,24,91,0.1597699337014945,0.23344936627500013,5.596521459957812,5.776425500368227,0.6690905567648806
12,25,90,0.1612534834352971,0.23536311158411566,5.172309963578781,4.938504925000427,0.6378021892312078
12,26,89,0.15840610198921207,0.22997941642593403,5.2091797667433095,4.611380566770957,0.627542468364999
12,27,88,0.16668796382277445,0.2411304679621951,5.524924960586837,4.576973315946616,0.6556043467699028
12,28,87,0.16526656176613802,0.2388329758645899,5.5561210472710165,4.295199574723765,0.6415453238407142
12,29,86,0.16000864343031226,0.22986546939924163,5.513921781582535,5.020010312908714,0.6385562774278942
12,30,85,0.16499514514900948,0.23744981462234327,5.1188318492577345,4.576141786936455,0.6562263031337807
12,31,84,0.16517959445701857,0.2352322204680237,5.631947033147728,4.831189677772874,0.6548892954221861
12,32,83,0.16722399869200713,0.23802680883125268,5.223870894156045,5.504840468530756,0.6520652346364518
12,33,82,0.16484703315506205,0.23047315454462775,5.279527606992989,4.687558109481818,0.663387340590554
12,34,81,0.1642009990736429,0.22953469864560258,5.039179096104476,4.921573701167413,0.6361629957604095
12,35,80,0.1665709371760434,0.23232111781666684,4.790266544423329,4.9360418435933235,0.6600418659704287
12,36,79,0.16628628639269688,0.23233172042422134,5.184413546787431,4.449577233877608,0.653596726982213
12,37,78,0.16260393171714227,0.23160025457540448,5.648812081774609,4.638422252760145,0.6437651617454033
12,38,77,0.1611063801064716,0.22867616969923307,5.103949990248559,4.640730707045765,0.662326970397235
12,39,76,0.15354354873224926,0.21671381904903084,5.843696186178602,5.366083532043221,0.6745869019813489
12,40,75,0.16971226644768073,0.23903135838457415,5.60669269101234,4.942759320846628,0.6523468901395411
12,41,74,0.1626015488829911,0.22391343973042907,4.92202977518979,4.6698752287442025,0.6429446703907381
12,42,73,0.17023592329983248,0.23668984305971555,5.140625361723958,4.340798023509991,0.6580360266337429
12,43,72,0.16534516787984485,0.2301297269863287,5.6768281202993265,4.7413276433907745,0.6655337204991506
12,44,71,0.1683935614760882,0.23435091487153123,5.671098798683985,5.170913182789811,0.6491974317545681
12,45,70,0.16792793813974685,0.23181947110260284,5.333793221180866,4.5750533952001255,0.6535518664184821
12,46,69,0.16227050356898376,0.22475938165623804,5.105647807888401,4.255038011572277,0.6698452104848833
12,47,68,0.18193432736768342,0.24862660275741222,4.979992575623887,4.257863945461668,0.6011970373922791
12,48,67,0.18122247646506093,0.25012735605808534,5.130110845719731,4.832022046770679,0.5833057380879468
12,49,66,0.18750961960607396,0.26002742908151877,5.21925176311239,4.360538415102033,0.5689770783764534
12,50,65,0.17939487436256876,0.24886905383666047,5.357141966625405,5.5177255804038845,0.6097097813063102
12,51,64,0.17833055865567113,0.24410001916009538,5.441870901979776,4.749331386022777,0.6051470770139149
12,52,63,0.1836623826350041,0.2508927053131855,5.00078718515846,5.249333556334404,0.5841912768940524
12,53,62,0.18470141726256253,0.2540493698947271,5.874867815865441,5.933332322895577,0.5864200894285296
12,54,61,0.18267041854776472,0.25772132564062494,5.1350469109813215,4.660028037578427,0.583365026276089
12,55,60,0.18010181506993153,0.2520885464308748,4.824502780592618,3.850488299593734,0.6035351955274205
12,56,59,0.18735785930074103,0.26671321615972715,4.615258663064074,4.4698339903147595,0.5886882157992465
12,57,58,0.1865164599612403,0.26423027288727313,5.150428676665808,4.425027464147319,0.5865652739081906
12,58,57,0.18189666594505133,0.2577775246332849,4.95355208177652,4.439304847545563,0.5888479969054605
12,59,56,0.18904037870990373,0.2660506409147504,4.891193611623983,4.381052479207919,0.578037439371514
12,60,55,0.18061585204164055,0.2549893560774323,5.234598345068023,4.451255185996376,0.601079877964914
12,61,54,0.18603425076869815,0.2622442298017979,4.7470347628910305,4.644969332210791,0.5809058247613189
12,62,53,0.1889632238588467,0.2645497322991503,5.465626265235115,4.859323075157276,0.5988999205697217
12,63,52,0.18700302835604038,0.26316105692227465,5.000756713182816,4.48830189728464,0.5892353353138748
12,64,51,0.18576089361762543,0.26327944097436085,4.938284260653253,4.503525639618957,0.598183802903711
12,65,50,0.1850573323268887,0.2606677607348353,5.003365073933841,4.726261532269868,0.5923601851587507
12,66,49,0.18831630680669534,0.2653871904141281,4.967441430949858,4.398186285969236,0.5667558948309661
12,67,48,0.18929577245036747,0.2680768346141593,4.604034928633361,4.260139246360556,0.5872982919691865
12,68,47,0.18572467669492965,0.2606501187431901,5.245008927711157,4.583763804280133,0.5860627542447893
12,69,46,0.18874353854838907,0.26308088132098695,5.154815322261401,4.374427880838406,0.6016845638924792
12,70,45,0.1884518334590166,0.26385123686486317,5.368753663741128,4.39840054976563,0.5815027743212899
12,71,44,0.17961228307893431,0.2565233752400166,5.273538921274493,4.804484109384846,0.5974013690054771
12,72,43,0.18975868669176732,0.27494339303056803,4.931022029209402,4.306735722228897,0.5843002168253345
12,73,42,0.18477388361546604,0.26648481089942544,5.432542100562481,4.23594218455299,0.5787435818386595
12,74,41,0.18380509993172645,0.26595444469894086,4.793097949965498,4.570907458417833,0.5784773472555306
12,75,40,0.18537431617888533,0.26457760861676854,4.903143035819287,4.025554312312741,0.5691266666410815
12,76,39,0.1918214692866333,0.2713517066802793,5.376973706502923,4.081273587206208,0.5779621303839939
12,77,38,0.1842849281486632,0.258993205472746,4.715203904769556,4.161389718762647,0.5690095802644468
12,78,37,0.18296457128778187,0.25638048675157693,5.133583686501792,4.569060304589748,0.5903823438260615
12,79,36,0.18465042825890043,0.25715678774601175,4.803507986689414,5.182081472721841,0.5922270172596633
12,80,35,0.18674040598666788,0.25853632726458414,5.052881258083517,4.578118874691042,0.5744000619689964
12,81,34,0.18852040625678607,0.25975957950082373,4.946478544938644,4.580987876326049,0.579699895522837
12,82,33,0.18881334080596895,0.26284856569650494,5.351932801151563,4.736072300612508,0.5714066280260539
12,83,32,0.1906881103734396,0.26470992687722145,4.8588373965022,4.131083530683332,0.5591509160016624
12,84,31,0.19043507549612862,0.2641376782310182,5.062809418378505,4.1316641206010765,0.59529153745564
12,85,30,0.18790201719197147,0.2613146040579437,5.124688920992142,4.49990223087739,0.5991696516947753
12,86,29,0.19091083546097415,0.2622104678235704,5.280799823702912,4.9840464727473694,0.5970013196453229
12,87,28,0.1937622215672656,0.2645845570884964,5.149540273880216,4.802423423085368,0.6000451739762127
12,88,27,0.193393837194626,0.267960075237122,5.007528601723834,4.817759503541723,0.5922902633533129
12,89,26,0.1946629990947082,0.27164581052473435,5.0261842234091,4.383446561946982,0.5768837701920736
12,90,25,0.19137883567919234,0.2641704774494661,4.913110135736053,4.18514485210746,0.5864298362418159
12,91,24,0.1928146673545216,0.2632220509217577,5.20022797706539,5.220200034312859,0.5781314185651839
12,92,23,0.19206961424564434,0.26741495027947254,5.099228727244911,4.509001941439612,0.5918291467323852
12,93,22,0.21213122277138236,0.29580205544850435,4.877511796034359,4.35586577933775,0.5277742744201578
12,94,21,0.21103028399614865,0.29451659220905635,5.490092993786371,6.145378583042843,0.5288646977881912
12,95,20,0.22686912107035956,0.3150906611992672,4.973701109732071,4.546406905374653,0.503196523020015
12,96,19,0.2109461397746452,0.2943139786657595,4.706819331640002,4.373755919531473,0.5133481584523442
12,97,18,0.2148026177899056,0.29910723991288357,4.505137765223047,4.150079708556288,0.5136052497005794
12,98,17,0.19906783101542125,0.2807349820642454,5.104206424897724,4.624897569755936,0.5514156632431629
12,99,16,0.20731336601511577,0.2984342295254502,4.7268058093420215,4.409729883355273,0.5084728007468428
12,100,15,0.20466255875485723,0.29483355805486006,4.560804661524703,4.336171641882358,0.5264133758212122
12,101,14,0.20075557851639658,0.29094335409610406,4.875397743716404,3.9414971137072636,0.5514390818095668
12,102,13,0.21649010191720508,0.31077473797150684,4.7175915780921,4.523469763709852,0.48897013014441987
12,103,12,0.2184771865085037,0.3089730799612513,4.976516859889296,4.478976205879359,0.5117728307733156
12,104,11,0.21503627688921917,0.3038523190388431,4.392873967558194,3.8506058136372863,0.5001602286517673
12,105,10,0.21738597530541195,0.3128623581833966,4.677309896832011,4.040630852082285,0.48541115146923813
12,106,9,0.21539972169748658,0.31287442747727556,4.954261789508067,4.3051218309512125,0.5036069140633875
12,107,8,0.21522285306580669,0.31126839433909564,4.660743780527817,3.935067719178923,0.4886277873513488
12,108,7,0.21088623264224685,0.30492455280306224,4.917934678049354,4.8457488041984025,0.5227085813571444
12,109,6,0.19767783035044864,0.28439082284779027,4.598072767304918,4.4540914530926425,0.554640073141274
12,110,5,0.21933687066471846,0.3155889555252924,5.4551421915085685,5.493670243628192,0.48237953988044413
12,111,4,0.2139809594026091,0.31002546767612527,5.015693724433737,4.712972417086789,0.5237353194007361
12,112,3,0.2067444828974295,0.2967856721489894,4.616296662672396,4.49149374117171,0.5287242786392294
12,113,2,0.20972757406414413,0.29821186491809726,5.481689380542221,5.2943554647855535,0.5297930690600273
12,114,1,0.21069139670055406,0.298331272204003,4.533173328363372,4.060441353712458,0.5157785002999425
12,115,0,0.22133296672180813,0.3139089490665853,4.248069270664818,3.7713919923332297,0.4922159676913857
13,1,160,0.15906353452960326,0.2393359755461372,5.346861976013209,4.643539505692697,0.6393336524726511
13,2,159,0.14628841411211557,0.2213257385631954,4.95689573731476,4.0972401184812215,0.6503115283931595
13,3,158,0.15368883552020257,0.23443014489519154,5.455078554715615,5.657560030746507,0.6499007156957463
13,4,157,0.15197664349274354,0.2321513024758752,5.287015686801862,4.668354591824144,0.6719385595786137
13,5,156,0.152787681008874,0.23744761778043746,5.708179370149836,4.828572327775364,0.6405375967467113
13,6,155,0.15239404036295837,0.23867198953194235,5.02031489883924,4.968850910697091,0.6612647172866577
13,7,154,0.15858747409572785,0.2448615847442507,5.520602945240539,4.545271042921338,0.6426376861977435
13,8,153,0.1533790178813001,0.23144275133512893,4.963412352836078,4.096363331597779,0.6644490646805598
13,9,152,0.1542520222097982,0.23171545934244991,4.951493167087083,4.340457862975035,0.6567641071744361
13,10,151,0.15893899664574113,0.2384992939793337,5.236967877259469,4.488285400507758,0.63480926915492
13,11,150,0.15245422763953714,0.2303340998331099,5.472028221533394,5.425940042985327,0.6663342289082348
13,12,149,0.15447689104835788,0.2309625411594495,5.352437511908748,4.7000161839054195,0.6724367822161857
13,13,148,0.15388369269586957,0.23317133589801511,5.190204342654686,4.014589168953439,0.642360708633985
13,14,147,0.15015294402842846,0.22898799810883366,5.3261562161679725,4.472505383311113,0.6638311785892375
13,15,146,0.15485425775185566,0.23474075301614372,5.25954097961616,4.476749207476055,0.6734586924598147
13,16,145,0.15409808558501245,0.23143816740308337,5.293313768443657,4.82241236740761,0.6602379700153953
13,17,144,0.1575899385344325,0.23366728963341282,5.018678016510061,4.612328068717759,0.6503029871445087
13,18,143,0.1632164595337958,0.24241744262447876,4.87297291901038,4.100601322595278,0.6346020057260439
13,19,142,0.16400963431732543,0.2404396696783274,5.53119855304287,4.9664770314283375,0.6459252923689219
13,20,141,0.1573988741702511,0.2298385851617235,5.1326061609666755,4.376059222780935,0.6439951270373047
13,21,140,0.15652369451082662,0.22901821703378675,5.600827330331898,4.832714592945171,0.6741263980436396
13,22,139,0.15418987765969513,0.22722219699453203,5.025320165252782,4.292294743007329,0.6284207327926706
13,23,138,0.16023703342794823,0.23413676744613726,5.73916502513954,5.240643913464682,0.6592004236397951
13,24,137,0.15672589764606235,0.22757256146221158,4.759274242738295,4.289326441895722,0.6381412967053686
13,25,136,0.16202642747987905,0.23593545723706802,5.940016470793767,5.783085531717012,0.6704654871672403
13,26,135,0.15939539314287252,0.23366888534079247,5.2529741455513,4.544246111662749,0.6586079823387765
13,27,134,0.1644242095275252,0.24362244919768317,5.373178930325139,4.71283100660655,0.6426564205463778
13,28,133,0.15873047736918425,0.2330152908268299,5.484733700247945,4.967555314316189,0.669091238507833
13,29,132,0.15930766964775628,0.23596713769750638,5.279585819824869,4.690449753491625,0.6474663570760516
13,30,131,0.15829867859010174,0.23362857340089507,5.471429948952977,4.521680947012955,0.6291399295913342
13,31,130,0.16219213097377105,0.23920895530196845,5.235457432913068,4.522078890870662,0.6575381512250462
13,32,129,0.15897834970928343,0.2371135623578331,5.573126923977245,4.597169534708089,0.651999405747688
13,33,128,0.15507124004044087,0.23160913617153445,5.7923163363037915,5.631033103137975,0.6504827969389853
13,34,127,0.16622404116726988,0.2471335566595447,5.665799262246237,4.659268357063297,0.6438525370255673
13,35,126,0.1567289689211959,0.23607675380277776,4.9928489566921535,4.235582878728396,0.6383853252226255
13,36,125,0.15761910335201118,0.23588527490775982,5.4202500368954425,4.844352501125979,0.6309406795181799
13,37,124,0.15973294639646465,0.24266450570506,4.9989584898844015,4.6491094459764115,0.6520631937862872
13,38,123,0.15780104708345982,0.24153062735912537,5.121860948035174,4.406399407801588,0.6600998746215967
13,39,122,0.15980043122370152,0.2424842750458142,5.295957636265891,4.66232892983746,0.6502750178381368
13,40,121,0.1583717346362968,0.23846677949221576,5.119665874371685,4.7015317648259325,0.6413799045074424
13,41,120,0.16080770865337196,0.2421339262868647,5.471340386117118,5.340611324372311,0.6362315565751302
13,42,119,0.15809733503476944,0.2386700312778274,5.280889808986405,4.747608212874738,0.6492249814766439
13,43,118,0.15551250395388166,0.23199051357707703,5.147428147320844,4.317409253933999,0.6559632595988412
13,44,117,0.15539071620393205,0.23532437450763868,4.839335107041576,4.717450705230317,0.6408456585091922
13,45,116,0.16268943001674094,0.24370284553463653,5.0858549669875295,4.795204848307804,0.6390052634576827
13,46,115,0.16066909792445014,0.23604372536445378,5.31036395460829,4.450981195213154,0.6537638712259367
13,47,114,0.15826569603037197,0.23398315156092747,5.481802549583048,4.695211098328724,0.6623535338770286
13,48,113,0.16244000615360452,0.2381396724627548,4.918340553911517,4.768519435973567,0.6382497063440172
13,49,112,0.15873128244460172,0.2310818473235108,5.141933101345126,4.427609310447318,0.6570115411123049
13,50,111,0.16469435732026885,0.23775617471210353,5.833518315257036,5.156641986688421,0.6658720316469927
13,51,110,0.17085741249837774,0.2474483073134322,5.245000565023725,5.152026448082156,0.6497151490175885
13,52,109,0.1625433742381707,0.2348997643433369,5.410939528257809,4.6635642668559285,0.6504607909010005
13,53,108,0.16591143139048478,0.2392608211573888,5.322592517137638,4.812758076152362,0.6383718798748408
13,54,107,0.16032153105364302,0.23222639264770623,5.341075955249356,4.27165161470318,0.6605058185314812
13,55,106,0.1622138701688962,0.2331448986591373,5.098085211578904,4.739396417183393,0.6591495733013059
13,56,105,0.1642621190312412,0.23799602524913177,5.207836081409702,4.9304598327651785,0.6328062666238067
13,57,104,0.16197610588722222,0.2310270300655425,5.359318417903859,5.0944166782395,0.6610395604341265
13,58,103,0.15739895416537983,0.22890256080567079,5.3245749458275355,4.946581707989086,0.6808393253007607
13,59,102,0.16133072061086243,0.23803649790110173,5.41021560728639,4.939139753265556,0.6317988609239907
13,60,101,0.16341501362842398,0.23856077585572558,5.968394639001968,5.4456773867742605,0.667162296748937
13,61,100,0.16513303346737043,0.2465637487153942,5.437458939148854,4.872603433003953,0.6445673921931364
13,62,99,0.1659386533518151,0.24552682343281995,5.31867234006763,5.0960669952075195,0.6446516163729272
13,63,98,0.1641704847652341,0.24466304801239336,5.325032643281704,4.22971602562734,0.6358848128299373
13,64,97,0.16457433154888426,0.24407549621923044,5.440614564421985,4.576146486467468,0.6463390355813998
13,65,96,0.18119721623882096,0.2694257390328305,5.0034889123823385,4.606529723840468,0.570670396485287
13,66,95,0.1788556066108565,0.2659981455314739,5.358305805576707,6.031830699972484,0.5637324853721477
13,67,94,0.17550086902305503,0.2616369206563958,5.9001375268110365,5.652597392714723,0.6065897484760586
13,68,93,0.17634210454187693,0.26153744670210305,5.219759550729455,5.047085769469676,0.593237527742517
13,69,92,0.18291885356967919,0.27332962541096695,4.921958960260657,4.0224980986660315,0.5656207147606809
13,70,91,0.1733021045893781,0.2582226873646933,4.967603783863549,4.153111735679555,0.5918245283583246
13,71,90,0.18157860863122313,0.27610563227269336,5.12978014470386,4.636979019704912,0.5941943719626265
13,72,89,0.18238812298782991,0.27890925227572966,4.885279228059409,4.160461364809594,0.5905382145792638
13,73,88,0.17688248570048434,0.26822366070054526,4.933700720010476,3.909490506827085,0.5803690089332717
13,74,87,0.1786296027113469,0.2655979110865541,5.1275544757723015,4.697000602834009,0.6145531584024191
13,75,86,0.18418087863109664,0.2748927979598513,5.154968555425848,4.849947931722266,0.5964114835705189
13,76,85,0.1819210067195967,0.2693668553329764,5.148933286480171,4.274009947857494,0.5778923920453464
13,77,84,0.1822550138049063,0.2722471970068607,5.060321675701113,5.230094187374689,0.5586104147123623
13,78,83,0.18488638783589584,0.2786285062314997,5.60796467791007,5.57676109835484,0.5788763655134176
13,79,82,0.17940087527376414,0.27395922784240584,5.04397981543552,4.711375528860762,0.5769680896387941
13,80,81,0.17766756645106208,0.26967620888174576,4.910576564913612,4.134977362302003,0.5910850223387357
13,81,80,0.18684947082140504,0.28529469132047997,4.550009897424003,3.7781674405748147,0.5472075641932257
13,82,79,0.17789547380800372,0.27230771482583005,4.485505629547466,3.955644471016434,0.5693933673263997
13,83,78,0.184447341146359,0.2800581619906095,4.900144155241511,4.160341481602988,0.5657511707082733
13,84,77,0.17948033363371893,0.2731880263102117,5.266062745261749,4.503642560245659,0.5743482152070295
13,85,76,0.18143448983497176,0.27619074187663756,5.101633689094797,4.184694636952269,0.588105373623602
13,86,75,0.17879963010180885,0.27113850948372853,5.221270317837406,5.346676307687349,0.6077329003439128
13,87,74,0.18217669328371597,0.2769225509622017,4.757501455795499,3.870316765771256,0.5724599724481693
13,88,73,0.17738394367436797,0.2650119560431146,4.857836504832285,4.549452889963862,0.596510601660009
13,89,72,0.1841083278189256,0.2765284974619128,5.241529652842738,4.3570104724862,0.5909967698402503
13,90,71,0.18691407650749142,0.2612778657740973,4.985129149604954,4.550225220047139,0.5924579658108581
13,91,70,0.18516691876653388,0.2582915270590221,5.487152747785702,5.47397996013082,0.5997868183432479
13,92,69,0.18816267182651633,0.2589680826443515,5.347056903896531,4.093679573866207,0.5776616326563485
13,93,68,0.18367053658599164,0.25725572999914337,4.542839147338584,4.248674869427736,0.5842664812350299
13,94,67,0.18525930780863495,0.25679136669316166,5.24817418553508,4.750149005547634,0.5833269747605243
13,95,66,0.19032140304876588,0.2657836317212681,5.109917975985334,4.22213942871784,0.5721119767055948
13,96,65,0.18084784531885711,0.24871692830434228,5.362402306387532,4.631910991556994,0.5983326024640883
13,97,64,0.18717223356090948,0.25910510563653005,5.110484909322192,4.507161382958232,0.5900317822057543
13,98,63,0.1896777351958259,0.26169117018382676,4.899014442855708,4.696904295478034,0.5647624974054805
13,99,62,0.18419764631765173,0.2507930814055697,5.072021043783058,5.575044310954201,0.6054213077066312
13,100,61,0.19117590493786643,0.2608863488850441,5.308231197306895,4.673768229824846,0.6032916041095818
13,101,60,0.19128719408208233,0.260826372853978,5.012719052566118,4.683504986474455,0.5824475429571166
13,102,59,0.19863806223242997,0.27195741865477685,5.099400361076864,4.839607840445209,0.5663342845244099
13,103,58,0.1931878574681463,0.2617678391670593,5.151462079031293,4.202036896685565,0.5934036467297302
13,104,57,0.196515963008842,0.2652688473589616,5.222334734765127,4.600373052863461,0.5800459987309206
13,105,56,0.19217237749448945,0.2592965294965967,4.8464548475521365,4.304320053827089,0.5951208624071053
13,106,55,0.19249827134592162,0.2622252036193382,5.132870138179582,4.57574228104053,0.5982658597470076
13,107,54,0.19396150310992147,0.26888086530460714,5.131184092679185,4.398298447130035,0.5849444875487833
13,108,53,0.18712733022862074,0.2642404643706717,4.800842364659784,4.06114602220005,0.5616881179508516
13,109,52,0.19135539972467544,0.2667786002262359,4.868864896595516,4.329451285703222,0.5760564719258991
13,110,51,0.19300384180323818,0.267493937388655,5.620986439565913,5.094617963043354,0.5826228368216547
13,111,50,0.19569131911854232,0.2677164162222032,5.6500168233450605,4.854294180083589,0.5671641629970327
13,112,49,0.18768305521722048,0.2562804126580676,4.799180455987224,4.404875518093179,0.5798746285167735
13,113,48,0.19060920398984108,0.2634999558182325,4.991475157395877,4.513372611975847,0.5751321880036482
13,114,47,0.19180499324977324,0.26645860860529064,5.0462558169442975,4.742706687898271,0.5875805155354448
13,115,46,0.18865163246825223,0.2583599732479124,5.124091632641854,4.624304245702912,0.5992282866895522
13,116,45,0.19026666217488328,0.26278949741830887,4.70818876705733,4.30587304212399,0.5753717822644802
13,117,44,0.19020501738572998,0.2604109328048761,4.895528844394871,5.369248117281861,0.5705792224257851
13,118,43,0.19279775363313723,0.2649932872840323,5.426744274272387,4.950010167627765,0.5892469533363077
13,119,42,0.19699242999659464,0.27059871624812243,5.267820231452411,4.535186981496194,0.5765431564742737
13,120,41,0.1908204635895987,0.2619854877981565,4.742489591013868,4.284563084558446,0.5473342509041759
13,121,40,0.19913949418152085,0.2719099731473431,4.902649027949721,4.850462364616537,0.5711315357077634
13,122,39,0.19485144586405853,0.26604340406601046,4.966296382970681,4.463711886436519,0.5738249403352041
13,123,38,0.19423034200368078,0.2643466789406155,4.921643579869477,4.307770071012686,0.5677437768752998
13,124,37,0.19413749208602749,0.2637505852635871,4.913222374547063,4.464160017444436,0.5802982519889034
13,125,36,0.19281293579453176,0.26658513061470257,5.4098330523498515,4.421346882360587,0.6011595799387023
13,126,35,0.19347004803815243,0.2719997299573982,4.795160111739676,4.006708388944019,0.5934357276884419
13,127,34,0.18861728766575436,0.267698141057822,4.780003765543679,4.693769716712462,0.5799422247618311
13,128,33,0.1925061379004087,0.2752899103060945,5.881683983409163,5.017716226852063,0.5885618021990973
13,129,32,0.21421842240408082,0.3047061020409165,4.611688817283646,4.404972110257464,0.5150246098344614
13,130,31,0.20969931879571355,0.3000883047999043,4.597381418933479,3.954115003279471,0.5039847096169648
13,131,30,0.21106419569927246,0.3019345688089018,4.71943343472247,4.49251648865854,0.5270907265062487
13,132,29,0.2094497405785502,0.298981137773651,5.030079457692392,4.591635316462219,0.525473956501179
13,133,28,0.21608101296724286,0.3110097257556947,4.782060133266521,4.6293560269487095,0.49254280924125854
13,134,27,0.2194146407998551,0.3128825681744836,5.037511927255272,4.268954377664323,0.5107205462697038
13,135,26,0.2187195183763152,0.3128988167941917,4.552880206565889,4.349919260213857,0.511824735965119
13,136,25,0.2215024803059801,0.31734595847086505,4.4036242077877255,3.7898706718767454,0.5127968409309559
13,137,24,0.1985450592258716,0.2868055604218178,4.787160735747079,4.317874095137387,0.5402795658895415
13,138,23,0.20871765813310691,0.3014903398746226,4.887832728977175,4.217558072738158,0.5270014705951299
13,139,22,0.22259659091354556,0.3221201978478569,5.141316316842998,4.19674709612923,0.4924788126483342
13,140,21,0.22139509642919686,0.32344733564382383,4.848045939660949,3.9719629156689016,0.5233674040576488
13,141,20,0.21498244328018867,0.3115947474873552,5.343213307369583,4.5621090857693405,0.5151918370088192
13,142,19,0.21415350884988305,0.3043450428169144,5.416023534583243,5.276803579871495,0.5290879081596603
13,143,18,0.20766449064999834,0.2938700023218809,5.1102862810569825,5.261824661222677,0.5420306543098641
13,144,17,0.2021433987465074,0.28750624457934604,5.443131155948729,5.986049746015467,0.5708765536792422
13,145,16,0.21905649670023017,0.3118552647679853,4.445820283685027,4.2513566049957054,0.5117750897168379
13,146,15,0.21283910091950076,0.30133430885420714,4.9994032864723685,5.080400302708118,0.5309720395499895
13,147,14,0.22606776203862367,0.3246061212569379,4.403457290180498,5.049260054941475,0.48873642064289347
13,148,13,0.2080413686462926,0.2973051014529887,5.189392006503914,5.456405625709329,0.5342293838687524
13,149,12,0.22146506502773172,0.3119926339350822,5.457580939161213,4.74599812267615,0.5188885748173512
13,150,11,0.21001407776862055,0.2952439117792143,4.856432243738218,4.495087225467503,0.539628486177928
13,151,10,0.22020951768838248,0.31020860294146424,4.800214396262634,4.168767151655322,0.48935302374796
13,152,9,0.22436910023604711,0.3157106086317131,4.67735386568556,4.534620101578053,0.5007441970958967
13,153,8,0.21846077247964066,0.307098739143018,4.825607617222943,4.469141915951911,0.5242183277866473
13,154,7,0.22032434922506938,0.3054629979532944,4.3629040169171365,4.055118206557966,0.49505242063889526
13,155,6,0.21956547534245222,0.3063515626346631,4.769950897379904,3.765617107640376,0.5266953143241851
13,156,5,0.21378383685615085,0.29841519049269083,4.6530376648334055,4.303927407958639,0.5372267209581558
13,157,4,0.2211410634258793,0.309038464623475,4.6653763696884285,4.6072630261457155,0.49762606513337754
13,158,3,0.21361780557189614,0.29936206629760354,4.785925694256112,4.073499989656342,0.5306261462191987
13,159,2,0.22340713015783184,0.311860778576857,4.928033943083007,4.596465805753747,0.5195856200284317
13,160,1,0.22173716801789903,0.3106315880388953,5.298445870417602,4.287443151772545,0.5076994217710987
13,161,0,0.2178396812413422,0.29977682984882387,5.179235534519725,4.6089318363570815,0.5264050057823699
14,1,118,0.15643383077636078,0.21894513411370928,5.494696343999291,6.009318969624878,0.6453097806298023
14,2,117,0.16244418211116238,0.2291108686594057,5.7275967123012395,4.869287204926588,0.6418497466034617
14,3,116,0.16098309985054635,0.22773855355355105,5.566235848950701,4.779808750180295,0.6752925298159216
14,4,115,0.16118174538565183,0.22565429693443068,5.497817048493634,4.842425931033854,0.6686692835823219
14,5,114,0.1579191887893038,0.22019176291085651,5.208532341386106,4.572832985012994,0.6878290999652583
14,6,113,0.15768131916198774,0.2204577923933732,5.32992056923949,4.322146091332486,0.6507026974453894
14,7,112,0.16278537504857127,0.227001475657192,5.290985413455672,4.535022201705985,0.6469674107150525
14,8,111,0.15899029497208544,0.22347991885013543,5.251328225804647,4.431640036944183,0.6763081587670986
14,9,110,0.15990202757960972,0.22904824555500491,5.164059878443234,4.419343930421932,0.6681177572038649
14,10,109,0.15790367517263434,0.22403144658361818,5.236791919968123,4.832863559514251,0.6489602380625188
14,11,108,0.1629754759196957,0.22893754034325903,5.476821596616513,4.514449664717028,0.6605301322677934
14,12,107,0.1662028705319813,0.23242459511866972,5.20842003252774,4.658342853592964,0.6567304639697958
14,13,106,0.15775408739447702,0.22021917741346786,5.170793738885832,4.161372279632006,0.6617902822763952
14,14,105,0.1645384271538339,0.22764554830048742,5.518906047025151,4.614916275317298,0.6406574709637973
14,15,104,0.1629205572373884,0.22640689423915986,5.261260181472587,4.343660419970448,0.6629033086341275
14,16,103,0.16283461866024038,0.223875599278673,4.8680178698831424,4.4870466391251815,0.6400164180881918
14,17,102,0.1693808259882045,0.2313603144072384,5.423312807711115,4.657020816257601,0.6502368035141428
14,18,101,0.1645895625449532,0.2263630508641711,5.6562806562809484,4.534813160883134,0.673276152618299
14,19,100,0.16815737406402956,0.22977413293443838,5.201368954974734,4.913427349566637,0.6603065681751221
14,20,99,0.16683766614241485,0.2270155564987903,5.204957611198961,4.57165832928775,0.6416770050458587
14,21,98,0.16133950554092683,0.2201707443550927,5.404136983723655,4.5611768466849325,0.6660961858085523
14,22,97,0.16620253542398059,0.2249885539866102,5.434916064310216,4.2601617031908505,0.640846394521302
14,23,96,0.1632694319808448,0.2198655390857635,5.688268041826846,5.222873200037029,0.6795511600438584
14,24,95,0.17097580839660437,0.22656771622664268,5.396943424890836,4.7953577623109185,0.6554829493449339
14,25,94,0.166744573117481,0.220704148321806,4.960731361408083,4.110216709115888,0.6597969674141654
14,26,93,0.16756793145783416,0.21922906107560491,5.300483059143403,4.317364923920933,0.6677059255138292
14,27,92,0.16955047438677098,0.22232273479587478,5.839997537825784,4.749109730079015,0.6713117165685388
14,28,91,0.17267350400826872,0.22994757995413562,5.239591936071729,4.886237805923963,0.6469000530059597
14,29,90,0.16860128108746725,0.22439944304181578,5.414830711792476,4.704082691848102,0.6499871734002785
14,30,89,0.16374660950985276,0.21997408894329484,5.676693036007552,5.21968000593019,0.6545070397801035
14,31,88,0.1694156324328212,0.22763454444218484,5.193089537495723,4.283815518970261,0.6649757511284272
14,32,87,0.16610971573414088,0.22446787605202748,5.415490287317297,4.976057881999095,0.6704093429654461
14,33,86,0.16628368528416096,0.22404303843222162,5.30831386009069,4.947046669553097,0.661985889297553
14,34,85,0.1670668133505868,0.22790826543599116,5.5353623540584955,4.966065430657635,0.6593131742687973
14,35,84,0.1664666267482332,0.22605824656470414,5.223099615631071,4.2483856230326795,0.6771126872743599
14,36,83,0.1647608799200928,0.22395740938538075,5.114815170168921,4.668377254040623,0.6599170708769332
14,37,82,0.1746899264975813,0.23695178256284763,5.030552524482074,4.270620992135869,0.627846024711973
14,38,81,0.1755707797422913,0.24158027978915902,5.167055173423432,4.378713237720315,0.6266003619774684
14,39,80,0.17159827769659466,0.23896133701912498,5.147042590811468,4.288876436682691,0.6373500003528615
14,40,79,0.16291101023824553,0.2291286523480679,4.992584714884938,4.45628841452622,0.6287845136901835
14,41,78,0.16704728718053566,0.23104233629579987,4.945720803389146,4.346441941611211,0.6490729233344609
14,42,77,0.16958501430516437,0.2309771037681459,5.239346363815401,5.143872873837882,0.6151907255643382
14,43,76,0.17006979347654685,0.23298068382792955,5.601516949128842,5.131645968823018,0.6732470274151015
14,44,75,0.1684848448526576,0.23034576799781617,5.289719076585137,4.70043050410027,0.6433752723857712
14,45,74,0.16704756336377832,0.2267837897196026,5.403936239294934,5.300921916862717,0.6580806133351663
14,46,73,0.16531465722501668,0.2264627508455756,5.239818140565794,4.1303185905920365,0.6328056150888643
14,47,72,0.16533840205858127,0.22522980243918433,4.9161690960609565,4.1363633592129965,0.6740955427131115
14,48,71,0.18879259668514353,0.25942954576239324,5.194771060047586,4.51219262453529,0.5701633659010985
14,49,70,0.1853519299246354,0.25504314037549397,4.955113964252462,4.654007492350554,0.5805921624943579
14,50,69,0.18558579450831025,0.2565804416939863,4.919163506974683,4.469517787104306,0.5863227501505254
14,51,68,0.1895909565183209,0.2630564940115153,5.288965445509719,4.965553581509382,0.5696318702967214
14,52,67,0.18223616603892154,0.25056647582358854,5.2058211716225875,4.547365127382209,0.5822236178332654
14,53,66,0.1878432686007763,0.2580591112925514,4.895195226463827,4.360250245595595,0.5998966980100857
14,54,65,0.18868528822072395,0.25709869713200423,4.9718392214117815,4.898921295416817,0.59471592408191
14,55,64,0.1853989144896644,0.25373293733623237,4.744550066874816,4.252582905347686,0.6015303077282035
14,56,63,0.1909024755552103,0.262443560298357,5.616861709172464,5.885852936947337,0.5896810264599227
14,57,62,0.18165931833210866,0.24851517619875396,5.063852099892548,4.9738129865680705,0.5868940397734712
14,58,61,0.19105621624881705,0.26230016339583906,4.989393550745815,4.067126603329435,0.5885594240729186
14,59,60,0.1877739770549245,0.2567099781875643,5.0917665414081625,4.289376061715429,0.5834656110200944
14,60,59,0.18840424234792907,0.25829271371282087,4.802442581465682,5.095593793977496,0.5749225015998373
14,61,58,0.18915684404704108,0.2571208671516037,5.402015274375921,4.958357060266718,0.6144035933647576
14,62,57,0.19023186839147999,0.25712564543221456,5.467243115882663,4.850564995709033,0.599050778248303
14,63,56,0.19082614448088725,0.25843740138139376,4.821472488763591,4.151803037941157,0.5905294985559711
14,64,55,0.18972703112125483,0.2587740265535758,5.216893813836713,4.278461623931002,0.5865547768378053
14,65,54,0.19435540387366967,0.26687772418205713,5.640931194084271,5.333057328528895,0.5898429282075636
14,66,53,0.17987848506772394,0.24941554554679787,5.519383343570911,4.751100750796542,0.6174934116550708
14,67,52,0.18659261825436446,0.25586853162241946,5.253753913928543,4.9966847063381765,0.5873484267417036
14,68,51,0.18823769271500884,0.25716060233777804,4.7339343488213395,4.19548484391241,0.5838752949038524
14,69,50,0.19073283600627136,0.2653696686849178,5.344086441032776,4.929533014172421,0.57672699968304
14,70,49,0.18340227563484787,0.2570098421529699,4.935636179709707,4.123535362220247,0.588507102377244
14,71,48,0.1893553935940695,0.2651770066942251,5.215340337242152,4.14987671396986,0.5828011055157077
14,72,47,0.19043781869654597,0.2629259249588406,5.230093414586985,4.447435653178918,0.590839231151879
14,73,46,0.18251025101550508,0.25257482374552603,4.82569560730277,4.18010067951958,0.5976954123390421
14,74,45,0.1878579542499479,0.2616999593524914,5.109866160321682,4.296479713197635,0.610356400277433
14,75,44,0.1900076434551624,0.2652014287918026,5.281164147014515,4.468232135189236,0.5837674430926074
14,76,43,0.1886127285022935,0.2628314053256214,5.06990526753007,4.75980615324779,0.5874348048982634
14,77,42,0.18688556294842282,0.26008567800385823,4.9353275224081745,4.736527795142177,0.5821685666328995
14,78,41,0.1925311077114747,0.2689155480294941,5.403401477173323,5.172553932439188,0.5884246928877329
14,79,40,0.19309232377356242,0.26826418213228714,4.93961944581301,4.734240182582503,0.5922234781922487
14,80,39,0.18808655323426882,0.26275350771472017,4.899727708427697,4.83355385478147,0.5847804525012852
14,81,38,0.194870635660218,0.2745728999739636,4.96797737038157,5.024392342759662,0.5766893403151733
14,82,37,0.18719441630747072,0.26395228491307743,5.46551394758645,4.753314200310573,0.5848236357614146
14,83,36,0.19286151821669378,0.2695227819681058,5.4835490355657255,4.775001929151741,0.5490050909720393
14,84,35,0.19095632282509173,0.267638253740239,5.211491662369546,4.468658370103232,0.5691733327453242
14,85,34,0.189882448217968,0.2677935217104565,5.317964909744916,4.887202846612623,0.5953009520735996
14,86,33,0.19453814739478112,0.27555528568520116,5.299693243925226,4.685937088198654,0.5684659575469656
14,87,32,0.1899183025097088,0.26239588991049106,5.367640888379127,4.809378068744003,0.6023045019485963
14,88,31,0.19098103952656437,0.26516394048823383,4.613548603285237,3.957316699298628,0.5998611009182634
14,89,30,0.1947108169757882,0.2677062478855807,5.248854643855354,4.435881293144543,0.5765132176006265
14,90,29,0.19458396806923567,0.2658780180551432,5.1424016153288346,4.64691784088221,0.5962428780406783
14,91,28,0.1941155786606797,0.26362715048799124,5.321432838914522,4.677184938984765,0.5967280600339434
14,92,27,0.19077320456044186,0.2636689408696013,5.511664797746235,4.857858516102276,0.5856126739732439
14,93,26,0.19181493565919952,0.2653602937077494,5.053662228775029,4.3969312123269235,0.605447774236528
14,94,25,0.19333598706519045,0.26998228673360164,4.859655740719397,4.882816994785946,0.5814304351398237
14,95,24,0.19614145705707295,0.27154485134599826,5.057802205402584,4.011334134627689,0.584208654480373
14,96,23,0.21018680581514346,0.286476841748255,5.263237578987978,4.504958939519948,0.5539760482778839
14,97,22,0.20710728876347861,0.2864784197812972,4.475748311122963,3.8238320332283693,0.5371469802707315
14,98,21,0.22169795012201618,0.30527756655739346,4.709308537755512,4.184470421295842,0.5218511494719457
14,99,20,0.2244951342882278,0.31128535337786983,5.194747194167903,4.303279664170171,0.5169544397085809
14,100,19,0.21053889162848757,0.28876429453722086,4.688715330982799,4.010056215219037,0.52050447107279
14,101,18,0.2185631850813938,0.30302366261879904,5.125962647054569,4.825659105965729,0.5171655140735169
14,102,17,0.2271754342066778,0.31578891228893435,5.482001615651831,5.257888723264048,0.5099968066221912
14,103,16,0.21892284130037676,0.3067547748016215,4.443148060858347,4.232297983684063,0.5063980917529832
14,104,15,0.2246232039418269,0.3149439389051523,4.6618464299223366,3.935418460764884,0.4989385376650844
14,105,14,0.20992451983797994,0.2949065965304159,4.815008784774587,4.2568146961020386,0.54070851422236
14,106,13,0.21475188914546042,0.30695871638483607,4.838230911850837,4.62061833458064,0.5525775357428275
14,107,12,0.21152443289458922,0.2997316994178814,4.901159890916014,4.914499042818062,0.5205495123591855
14,108,11,0.2105903632805436,0.29861723173574234,5.076090335448676,4.45313285107093,0.5464286112113367
14,109,10,0.22850150925954776,0.31824609368268003,4.649765776619999,4.561755578331228,0.5042693633247661
14,110,9,0.21453594988514205,0.2980563505593679,4.60824121364986,4.108807859387781,0.538197492944305
14,111,8,0.21972533506570702,0.3027146013779521,4.919724034345981,4.5584910306776285,0.5345661385855696
14,112,7,0.22789488126225016,0.30931553303054493,4.906897663323586,4.22370862704152,0.5116818612986378
14,113,6,0.21398742702970536,0.2904347237459627,4.797779876212519,4.235007494028785,0.5158795848251873
14,114,5,0.21123878777307212,0.28575215169243623,5.053491330206024,4.127401827375068,0.5369554276587871
14,115,4,0.21635521323969698,0.2899432528792893,5.203388814865951,4.627148330895519,0.5413289019608056
14,116,3,0.22396790436511899,0.3038794810797761,4.892377846359565,4.285250817857335,0.508111037100794
14,117,2,0.21995585927311856,0.298141507919891,5.2681958062511605,4.949170795233843,0.5270256021019251
14,118,1,0.22022616142078413,0.2977548326121039,4.989349099567349,4.745383144504087,0.519408380973472
14,119,0,0.22403742999653534,0.29924027124722447,4.8388196509068075,4.516989060071609,0.5250947728689801
16,1,104,0.14513265429318517,0.2534579331279073,5.890141166079938,4.928397347935438,0.65477555371571
16,2,103,0.1484657720453298,0.25473219952717746,5.485633541278101,5.070094060918265,0.6454036285610675
16,3,102,0.14163709716535458,0.2504685677998644,4.767250933351457,4.378521635567353,0.6533868523861519
16,4,101,0.1435242999280576,0.24425599107446694,5.061683525071343,4.805888884872614,0.6297230862511735
16,5,100,0.14300702291212752,0.2437958246978917,5.6700297079434225,5.923850157961384,0.6472881732436898
16,6,99,0.1441824976069676,0.25119110977610143,5.501164486300395,5.0558582132694445,0.6653004766433416
16,7,98,0.1466719629603296,0.2617918941423817,4.964266620147365,4.598095905316796,0.6503409127494143
16,8,97,0.14675440324629602,0.24905003589531524,5.320658078437193,4.930100318129631,0.6450957392153949
16,9,96,0.14862992354159912,0.26207237072752554,5.104956329316417,4.535852654452184,0.6365319130784329
16,10,95,0.14698693807504656,0.2559551477321461,5.342258830041255,4.639287597231392,0.6301684120481529
16,11,94,0.14744486542758978,0.25735730762763886,4.992941492351923,4.227495712709395,0.6337161437083695
16,12,93,0.14937297751274817,0.26195637218940343,5.602361384080744,4.804602335687799,0.6415739716667866
16,13,92,0.15258777662920586,0.2549082692334626,5.218817945232717,4.3403538125901004,0.644101786294189
16,14,91,0.1460393678309011,0.24228904029035014,4.712843176200784,4.461161017731721,0.6493863860876304
16,15,90,0.15204445679972603,0.2540734871219279,5.515149045782103,4.7659353461722125,0.6432210141225725
16,16,89,0.14628609127024977,0.25842481097148007,5.813551592274925,5.019062525648054,0.637298653976697
16,17,88,0.14994876376869826,0.2616171521814077,5.279619369106717,4.861642463769766,0.6589931817157134
16,18,87,0.15285516506266064,0.2641426701612865,5.608139201855884,5.521198728909415,0.6342640408834936
16,19,86,0.15094836754426333,0.25210659424601606,4.774307901638887,4.647033413181501,0.6121649650047528
16,20,85,0.15724551119473495,0.2679413651659756,5.8132760170322815,4.968957379036698,0.6275819932648922
16,21,84,0.15365779665069595,0.26682334591085843,4.956308693425939,4.52142734154273,0.6238723948426117
16,22,83,0.15094366559411668,0.26032701585152235,5.075723854628157,4.179457750379729,0.6395830690950123
16,23,82,0.15514709100894464,0.2631832994356862,5.173210851846026,4.67254079214721,0.6527016288532979
16,24,81,0.1479743226131933,0.2546624175116389,5.05417325993742,5.003561206744077,0.646305620824873
16,25,80,0.1479534455728723,0.2586798250583682,5.233215777225206,4.283190725426453,0.6525196992462077
16,26,79,0.14974242188153697,0.25915889431054806,5.758053809853049,4.787750910917872,0.6418365309641841
16,27,78,0.1453961089840593,0.2582594470526193,5.00418655612215,4.668730838625654,0.6184458480158588
16,28,77,0.14373456386503955,0.25650802398754324,5.506331548935362,5.872481456005947,0.6366485691859547
16,29,76,0.15202586836204035,0.2570924551543072,5.444223013549637,4.844627425126069,0.6181497921497048
16,30,75,0.15191822349914882,0.25914120748159014,5.453712218702431,4.742721800030914,0.6620072047147306
16,31,74,0.14809985390331465,0.2589997920462091,5.555322494774568,4.626087720264836,0.6288375969411729
16,32,73,0.1472852313982563,0.25802040247733327,5.693152520122726,4.901763865127296,0.6321432748022939
16,33,72,0.14702894493849247,0.2519725244479635,5.398782065291807,5.181970894322454,0.6383416812129787
16,34,71,0.151797986896015,0.2678136206864212,5.283077252113271,4.240648402352237,0.6197878707444044
16,35,70,0.15395633208113685,0.25967274932943124,4.787031253824319,4.4571886784974195,0.6285768169322322
16,36,69,0.1495126372090187,0.25835666724639994,5.922764308222554,5.723881523508628,0.645796109736333
16,37,68,0.15186378855561142,0.2549236966004996,5.198595181002271,5.099648912347272,0.6281699514515505
16,38,67,0.15347550198040694,0.26583756759165494,4.854238318364567,3.840317098849675,0.6154923206833303
16,39,66,0.1563769846085225,0.26402422911563933,5.419821098297263,4.774322788745724,0.6292897277414511
16,40,65,0.1526965062142832,0.26789573674953776,5.188829860671844,4.694490841523861,0.6398825118236096
16,41,64,0.1568568856962393,0.25655213550454553,5.484925982550813,5.044741130658363,0.6566497046156179
16,42,63,0.15715673062959848,0.2635479594263647,5.446202609129691,4.477039813655668,0.6238582937004932
16,43,62,0.162255268330821,0.2745045629942369,4.579603601111007,4.280038999649271,0.571238182828726
16,44,61,0.1660615220260108,0.2849168982529777,5.027091192555668,4.848805177157336,0.5668696219071024
16,45,60,0.16986516605679672,0.29867668875646397,4.924546840536804,4.2259662900032495,0.5617358209253527
16,46,59,0.16682509963703004,0.29936001855846106,5.88878169339281,5.845134647569195,0.5733923553714271
16,47,58,0.1703670801022643,0.2945366157112325,5.126674982556965,4.463829474888903,0.5821159756358977
16,48,57,0.1680897512499529,0.2833162066920605,5.307189584427936,5.45496071932904,0.5762313409325963
16,49,56,0.1696201009759813,0.29787255007094376,5.087809411762048,4.571371163893192,0.5730093946960997
16,50,55,0.1775368122013488,0.29982797900878055,5.083070297089192,4.6356377126054165,0.5410392867022873
16,51,54,0.16937751438747256,0.292634633092219,5.677970459930844,5.1807054957649035,0.5822071415774778
16,52,53,0.17349545657404403,0.2980454254761497,5.1049743937589795,4.951581867840658,0.5687490722601718
16,53,52,0.1749910056807039,0.29943535273059524,5.074467123739115,4.41236366815189,0.5710107284124644
16,54,51,0.17099422926359253,0.2913839155608127,4.926811866073864,5.010914119317936,0.5690991121891172
16,55,50,0.1726544596338562,0.29126792967992693,4.5822051411995615,4.7175743860403205,0.5612490477211536
16,56,49,0.16203198600235258,0.2793434791441808,5.295961904467022,4.98620637546612,0.5867597963805617
16,57,48,0.1624420829788348,0.28567683613117073,4.895659709012833,4.103762945334079,0.5815173823552847
16,58,47,0.1691765591858874,0.29287943989072057,5.123254772425984,4.916276342649826,0.5435672691509283
16,59,46,0.17007612997683666,0.2937053151916597,5.232841137112447,4.950403179167789,0.5818545444236047
16,60,45,0.17053761747824503,0.29547435227183966,5.130026296957842,4.810490980702348,0.5709001762116985
16,61,44,0.16674408929018886,0.2886704562526595,4.911464792944665,4.433779046145231,0.5579863572447286
16,62,43,0.17568778130053053,0.2952816209999354,4.831446492689965,4.153417450931906,0.5719715386293603
16,63,42,0.16665336719166932,0.28310378371096895,4.8056725493436705,4.298178917039392,0.5805179038861092
16,64,41,0.17856160132901094,0.2984936830863228,4.923715985325897,5.153861441418882,0.5684197906250044
16,65,40,0.17344129588693413,0.29248759111985745,5.4403455236282445,5.017281951184393,0.5715757215360229
16,66,39,0.1703377454155748,0.2906677430820846,4.540017854492747,4.947553240554895,0.5503396291374097
16,67,38,0.17354488293237388,0.29182803681559144,4.767072505999891,4.14383403537437,0.5759944928792383
16,68,37,0.173634439608664,0.2853199852764702,4.982651785163166,4.9051610136626955,0.5801138816126672
16,69,36,0.17590086268681093,0.28518348957411194,5.996167895931136,5.11693477056564,0.5576642236573703
16,70,35,0.1777144717310592,0.29255471479717277,4.909520606942172,4.787185258666753,0.5907969380329653
16,71,34,0.17518710779930372,0.292177393054662,4.878744005973267,4.812250551729853,0.5877023258798973
16,72,33,0.1733138032818526,0.2885449570773835,4.965845523490242,4.273470878852379,0.5693303543534627
16,73,32,0.17518750622297252,0.2907709248977238,5.25988884057945,4.753492905084545,0.5596995515706764
16,74,31,0.17282774014169594,0.2868014184143911,5.031630623212849,4.162844953582742,0.5653020218161682
16,75,30,0.17593469686463808,0.28524561082692185,5.257667598186501,5.186809898126989,0.5683406848467151
16,76,29,0.17954971744840176,0.2972394628312693,5.555571473274634,4.9890246707137536,0.5819369654067268
16,77,28,0.17903808879101143,0.28943082952979643,4.965908092493576,4.434047944824224,0.5630466107846493
16,78,27,0.17416963725245868,0.2862587327366556,5.016082736602078,4.537312454333274,0.5827639092443472
16,79,26,0.18024460027342198,0.3009470572973233,5.2726904923973406,4.9187171213257646,0.5606453049789145
16,80,25,0.17667995673195316,0.2954449001592079,4.9471378674455195,4.37154452504713,0.5591550839930961
16,81,24,0.1805862568067295,0.28054151820959305,5.076318135061592,4.847685208885308,0.5705972083627777
16,82,23,0.17902190003138727,0.28524783808890103,4.722344695896653,3.814919317496533,0.5774451820080202
16,83,22,0.17854784974279883,0.28963606162908645,4.960804734447761,4.86498940282356,0.5765510655877619
16,84,21,0.17823647650151472,0.28312930687444016,4.56008202451512,4.431796993543991,0.5596692517863084
16,85,20,0.20444175368065573,0.335429066354948,5.15206773117378,4.481234071786616,0.47747083539297425
16,86,19,0.18959069974679227,0.3115678533851307,4.465487629183776,4.400871039849388,0.5253069055334189
16,87,18,0.20551681498584573,0.3349666394428946,4.934575594259497,4.775706638132387,0.5010973692083576
16,88,17,0.20422462214779363,0.3207946084482912,4.675645763153546,4.287171798033417,0.515334464055342
16,89,16,0.20910567759850043,0.33608358626705076,4.7571627948821416,4.936599566222551,0.4791672182927353
16,90,15,0.19405757888305242,0.3172793585991539,5.047954950395431,4.505448080757797,0.5412010350187274
16,91,14,0.19788965702828687,0.32516259520445556,5.491349789979999,4.810745753376361,0.5133158884313886
16,92,13,0.20436819269182505,0.3350258265012177,5.173150322043286,4.76676028367026,0.5200264025334723
16,93,12,0.2074056257794092,0.34138811748291775,5.010826514334633,3.95178247558228,0.5053366825375274
16,94,11,0.2006743483016422,0.34134743369173737,5.067172725676067,4.50900588440576,0.49449251356350393
16,95,10,0.19694631390264533,0.324101637707259,5.133853976922505,4.191164404893273,0.5098646313021731
16,96,9,0.1990776301661605,0.33311377225202754,4.708392646448381,4.05348420180559,0.49862838264853976
16,97,8,0.20667449430610135,0.33936718647502595,5.185965450380392,4.438137684686623,0.48844345485547824
16,98,7,0.20505970375685542,0.3299121886595683,4.942482801906557,4.28285913913167,0.48773443361151125
16,99,6,0.19622569574340046,0.3200430819563767,5.023937502092322,4.040102294268406,0.5164940737438223
16,100,5,0.18864906286436667,0.31603760854032414,5.175892997783222,4.4198196362329965,0.5504996118459728
16,101,4,0.20270575417084358,0.32933137113131045,4.760967916987716,4.212714310006607,0.49789449198926417
16,102,3,0.18934133498479638,0.32103756484867346,4.7238382405121175,3.983809448298719,0.538306992742003
16,103,2,0.19554807804014196,0.3201582920860899,5.048261079828116,4.485703792260615,0.5141010882442827
16,104,1,0.1965317297995725,0.3263645687275506,5.2757967082060215,4.239293352219561,0.5159636253992147
16,105,0,0.18935731077494233,0.3160858329564138,4.574022100581621,4.108654484993126,0.5322872253012554
17,1,170,0.14801145467878982,0.2523748550388097,5.507976948483809,4.70920188362661,0.6731376201409579
17,2,169,0.14513552908914792,0.25120479149905517,4.878974367648327,4.422137709673105,0.6327177284025728
17,3,168,0.14630069012774138,0.255068689083449,4.997152854559353,4.152607130774394,0.628389073541242
17,4,167,0.14600397102724819,0.2533789056656433,5.147425326842705,5.171385248909392,0.6423288135351674
17,5,166,0.14830939945062901,0.2526369984666683,5.729072806109478,5.435224222542435,0.6618268738956353
17,6,165,0.14656002524809938,0.2516766984599302,5.54555778266619,5.109715652482738,0.6443584546038067
17,7,164,0.1444572679028647,0.24707573905392863,5.197466991968262,4.76777958962968,0.6543775397209812
17,8,163,0.13799427590235389,0.236371768507482,4.6716281347379285,4.657997075142402,0.6602718514052607
17,9,162,0.14725797386012857,0.24955625671183262,5.135249917546966,4.691469450852312,0.6457232700741173
17,10,161,0.14809631211605445,0.24815901584447425,5.01235632052996,4.506490897816817,0.6283710778505225
17,11,160,0.15028486251927975,0.25547044205626496,5.326064470701823,4.736978071240401,0.6391949950799477
17,12,159,0.1464673574608729,0.2468618885242788,5.287073659976917,4.416139242096518,0.6647004525823396
17,13,158,0.15352698675698054,0.26139284454904105,5.38490741332219,4.689405554515704,0.6554982492632544
17,14,157,0.14633327696623272,0.24742425402998577,5.220742991082096,4.802467898839232,0.651563598929933
17,15,156,0.14797073700184893,0.24904074822554773,5.51995702759357,4.905456731801678,0.6677880098456483
17,16,155,0.1475468360366633,0.24985224479903556,4.945967311745248,4.279250199440874,0.649236236761825
17,17,154,0.1459578806618401,0.24485982129565192,5.157707024024447,4.720760758887552,0.642456159029021
17,18,153,0.14740005000838796,0.24563191344343613,5.519235453673192,5.694246260874451,0.632913281117743
17,19,152,0.15254359689645586,0.2559332982713343,5.139694901318469,4.990036794645828,0.6130318610389146
17,20,151,0.15129647437083185,0.25402410975980966,5.007587818251251,4.105367001744735,0.6194110459794285
17,21,150,0.14631948946640436,0.24531564567181324,5.418803317313017,4.912475029066916,0.6290688867476156
17,22,149,0.151507854200502,0.250381120502091,5.316178076075185,4.465945584897719,0.6541510780788723
17,23,148,0.15184243173714185,0.2513322054319183,5.497839283242405,4.376946285162144,0.6325619392701366
17,24,147,0.15470209198731388,0.25446059973733637,5.6806477796384875,5.020910237608854,0.6421500563632179
17,25,146,0.1584332234984807,0.2628160796498394,5.459026878705199,4.848458658359735,0.6285573960102828
17,26,145,0.1533916245750691,0.2535906843301433,5.703576157221842,4.601468820180276,0.657157194615707
17,27,144,0.15206791408937229,0.24862264872237944,5.117316348731702,4.738362657932673,0.6408270890820122
17,28,143,0.15500203869064438,0.25287344498673486,5.168545387515453,4.859496393872126,0.6409935703262716
17,29,142,0.15035421557728765,0.2446052470066641,5.326954580991604,5.4998454011869,0.6490445086744856
17,30,141,0.15196431669907245,0.2492016780080522,5.0543902792858635,4.290325594937508,0.6560210787539698
17,31,140,0.15515125535222493,0.25139789334183915,4.890359020870614,4.276457834109681,0.6417971273098113
17,32,139,0.15078886725927682,0.24594832465667402,5.309308079310499,4.47680341286331,0.660904693829773
17,33,138,0.15171151089328383,0.25684532237782587,5.488038598251113,5.379033482130237,0.6466892088107022
17,34,137,0.15267438468780944,0.25558262671257814,5.381953528692097,4.462462490251958,0.6216977962156719
17,35,136,0.15364690936543918,0.25269888404885593,5.3603162108211855,5.6102850382519,0.6440877142801618
17,36,135,0.15556531101064436,0.2575821483790798,5.363957933229439,4.42462817467353,0.6268614297106839
17,37,134,0.15622505538791304,0.260703657256875,5.789250372973856,5.023803199506967,0.6594132770665029
17,38,133,0.15188311006318364,0.2532807460116152,5.09858963606464,4.371897715949295,0.6565241593446999
17,39,132,0.156728160280229,0.26299243417589785,5.136797430005441,4.213878019032325,0.621205227747065
17,40,131,0.15527439221458025,0.26471339501563096,5.332518393786737,5.070548989515228,0.6461691550851651
17,41,130,0.15306140151667588,0.259566010149398,5.169237118075308,4.235479604152418,0.6479757150449098
17,42,129,0.1545382587181992,0.261837917889361,5.66151276919044,4.80275884487785,0.6299798781687262
17,43,128,0.15457829649526816,0.2602270496974342,4.933638782849581,4.375070743080847,0.662904851557127
17,44,127,0.15601923620269992,0.2620930949289107,5.871657787000248,4.735474156365748,0.6572813822377505
17,45,126,0.14669881827538203,0.2436186952328124,5.384351625798342,5.631209816263611,0.6529935139464553
17,46,125,0.1502157002412433,0.2531742100965514,5.285913478097064,4.453925575486949,0.6519074099714052
17,47,124,0.15294024135735093,0.2564245217801882,4.9671417807866405,4.746637226702675,0.6373322548602766
17,48,123,0.15209493707357707,0.2568665465369357,5.076339918680899,4.405111078875002,0.6639697905583396
17,49,122,0.15398824703033515,0.2575679823460887,5.376709553119023,5.029840664471665,0.6575856822805617
17,50,121,0.15350819910258573,0.25259420432806134,5.2392818113989446,4.454282978308899,0.6424610758124676
17,51,120,0.15674957051801125,0.25887377461459093,5.278165736787745,4.6713560736915065,0.6476345379178164
17,52,119,0.1564970974471115,0.25866887600186006,5.476349750508762,4.5436754857226225,0.6673967597521516
17,53,118,0.14894922343810957,0.24829275183158034,5.451584607496633,4.593852990508257,0.6675047104021079
17,54,117,0.15843492190489128,0.2611857720348201,5.15141804410637,4.246304589541418,0.6432105893796551
17,55,116,0.1539178517521301,0.2546456518191635,4.902362725431008,4.653895063259165,0.6344156221768101
17,56,115,0.15505672158787856,0.2577370249709001,5.237303468162746,4.843301853121003,0.6212846473306283
17,57,114,0.15663014620079524,0.26322428254331215,4.77366576759419,3.9728657550208526,0.6366577508736492
17,58,113,0.15241376302936943,0.2587763220182096,5.529301872027347,4.652791684579642,0.6206313648386244
17,59,112,0.15598388912749447,0.2643451583654155,5.095699640299675,5.061521858646995,0.6543574592233882
17,60,111,0.15271454382902597,0.2576422292801034,4.894688493103654,4.441117087331248,0.6481180439670832
17,61,110,0.1552851278523929,0.2627935717146098,5.18873621124722,4.557010674318106,0.6307046088609983
17,62,109,0.15978625026113474,0.26645361137627727,5.3461070610690165,4.575352004539357,0.6398642687401702
17,63,108,0.1584264660922532,0.2665122288488783,5.254775491750015,4.140309112098337,0.6438871601299608
17,64,107,0.15163826610735387,0.2568237142552654,5.364422894474435,4.37781074995699,0.6517707025700576
17,65,106,0.1528193579342324,0.26040834597390466,4.92255093283314,4.378844472077803,0.6159399354223959
17,66,105,0.1513986493535732,0.2547880185245113,5.299497289866595,5.144152878315879,0.655352045153672
17,67,104,0.15287614279791792,0.25830308413503283,5.174657912372888,4.412878449041399,0.6377136982541394
17,68,103,0.15915953722794096,0.2736081595241276,5.1717979404307055,4.831678297334077,0.6305572119805143
17,69,102,0.16934290995357196,0.29124677214913386,5.060780422485536,4.2302678628799875,0.5921567094518146
17,70,101,0.16932118264089874,0.2940331720952945,5.082432408896608,4.109782934202463,0.581059582072806
17,71,100,0.16787361751035465,0.2935955763906561,5.347416976524322,4.434212402299232,0.5730562007543083
17,72,99,0.17420255035387658,0.30335401175749055,5.28531460881949,4.364345342683577,0.5749657117923195
17,73,98,0.16221692907428922,0.28270233932394756,4.932862846991878,4.630570369185597,0.5986080335870075
17,74,97,0.17175838180260491,0.30058132859574266,5.593184367850232,4.776941535981005,0.5648269614278607
17,75,96,0.166057612144207,0.28778852686947504,5.183025670890105,5.297633888610446,0.5879508109500001
17,76,95,0.1679662520840407,0.28906859585765504,5.260975054478146,4.298582606159779,0.5882966494038588
17,77,94,0.1656403358612068,0.28681378952399134,4.876762215041218,4.107408800175189,0.5837406397230889
17,78,93,0.17447871076338298,0.30040163307104906,5.0435098723396745,4.263355439137657,0.559038356936669
17,79,92,0.17123645941593374,0.28869172906008406,5.115538256757409,4.26948416653949,0.5943244370615409
17,80,91,0.16541274260770902,0.2771752418482155,5.0630939119047405,4.411267427428541,0.594591119433488
17,81,90,0.16956168048688203,0.29239386884899715,5.057208960343081,5.0546649534134644,0.5889745865823107
17,82,89,0.16653459964436673,0.2929827408694431,4.477715359920076,4.11036316753698,0.5633959415477173
17,83,88,0.1716116903772235,0.3020121548234521,5.009766642581141,4.267272178154653,0.5782369744186899
17,84,87,0.16822366143353448,0.2960468529071341,4.7799263979446245,4.706576194295728,0.5717733794863507
17,85,86,0.16886043056585792,0.29807495122168043,5.12815025101251,5.001907084372162,0.581659945828171
17,86,85,0.17054081460937887,0.3063531110599463,5.388076286197402,4.823394791677339,0.588328332300375
17,87,84,0.17555700267242386,0.30929262936217533,4.853774121717562,4.2651934219468375,0.5673231652539443
17,88,83,0.17311920637151482,0.3074486329050317,4.979739493812,4.8073499901265055,0.5802765632327106
17,89,82,0.17156435627142075,0.2989367089426085,4.697937771250015,3.9222010742970874,0.5652388702989841
17,90,81,0.16942574834092108,0.28838803120790696,4.762670934514442,3.9729816667238573,0.5839602051893844
17,91,80,0.1713024575413107,0.2934618293484284,4.731713409934022,4.462091336388106,0.5569123020645054
17,92,79,0.17195685211872186,0.2988965400581929,5.128247112458209,4.9735031404153816,0.5733992805038683
17,93,78,0.17816490739909424,0.3142101717271976,5.109669415704494,4.540862011814528,0.5682998650970106
17,94,77,0.1684538717441863,0.2953230308836939,5.396725412828095,5.095971653352735,0.5736064165446363
17,95,76,0.17038177607623806,0.2982296532036166,5.061398373538593,5.248829370226712,0.5687817416875072
17,96,75,0.17655994151942483,0.3084145378389952,5.415093222656717,4.770573091776304,0.5606448457103037
17,97,74,0.1723471082752666,0.29717090466280566,5.075824132193599,4.31533893849736,0.5827292344926447
17,98,73,0.17638272978681746,0.3010514500480121,4.88918303563293,4.433551819501122,0.5666718030650576
17,99,72,0.16898672319365524,0.28449676057868656,4.704299167355624,4.248869197207544,0.5610002021272985
17,100,71,0.16730639539027864,0.2838193086264342,5.014588069990625,4.5207548491872345,0.5687482118864604
17,101,70,0.1728767821860357,0.29749726389378206,5.3360877980559085,4.411491141879521,0.5854182594100472
17,102,69,0.17228847192377708,0.2944506183462972,5.405284508966524,4.358387227182254,0.5924454939558081
17,103,68,0.1796620761103392,0.3000674548283074,5.329551766209578,4.420703796817153,0.5687487983108147
17,104,67,0.17540540039352892,0.29664508591727007,5.373368527477767,4.849581567380876,0.5683681335361854
17,105,66,0.1761289756935053,0.2987799571401992,5.154656826017171,5.832413114223882,0.6062961408939352
17,106,65,0.17593223186030818,0.29697188200232905,5.029815395749504,4.466447693292464,0.5825680220630571
17,107,64,0.17825896621258153,0.29608029828167787,5.3238397347289155,4.431623586266655,0.5627361205248695
17,108,63,0.17316585039368107,0.28744526850304286,4.866575652705315,4.139703839417226,0.5789424392000659
17,109,62,0.1801672804244242,0.29816291153864705,5.222567786575479,4.814274118553693,0.5723706160468255
17,110,61,0.1701323307301139,0.2805420503008866,5.243040753552936,4.769310788382491,0.5823510236430721
17,111,60,0.18447275730345697,0.30133502386691274,4.809192976384155,3.9159599385758996,0.560725662925442
17,112,59,0.17724405032795418,0.29136190217150626,5.232935659757979,4.520042183738016,0.5632691408866277
17,113,58,0.17900289875807338,0.29086095817080126,4.407412336410662,3.692830958269182,0.5720344266633571
17,114,57,0.17254542068655893,0.28577708626808623,4.793869924825387,4.574473771429903,0.5846754499152489
17,115,56,0.18210478273315708,0.29879060757726517,5.121325404011818,4.074739115974443,0.5761362014392136
17,116,55,0.17345069837005267,0.2879825402526989,4.822354722752006,4.374590153469737,0.5743298207807145
17,117,54,0.18230537248941842,0.30343354203299927,5.015578447393138,4.275977302633262,0.5534252419809087
17,118,53,0.1764210346698663,0.2912279427727852,5.085394880397386,4.488170536624135,0.5743877596866857
17,119,52,0.17532907526068175,0.2884517881492504,4.874792232443058,4.4373566500946415,0.577737609133079
17,120,51,0.1785360181667356,0.2929735580368314,5.118525758690259,4.49569462821063,0.5798504590645075
17,121,50,0.18528364661991378,0.30401382557467843,5.364015186634306,4.236355151549894,0.5761556200724197
17,122,49,0.18249541492737062,0.302354765523867,5.167740499596881,4.807809540269364,0.5714548545258034
17,123,48,0.1806404719475364,0.298819864733949,4.53442276076413,4.138256890482391,0.5541111529558185
17,124,47,0.1781355098036336,0.29617013906670187,4.734754203754869,4.417868871502404,0.5667124019000318
17,125,46,0.17795552961988603,0.29583186303462994,5.015370108080267,4.774012341439092,0.5562599765451496
17,126,45,0.1796611791622158,0.29966649284239294,5.1225037147738615,4.878564885117857,0.5823318849840765
17,127,44,0.1831116308801404,0.30567321852939594,5.0807195442109805,4.293313047074677,0.5856753325055656
17,128,43,0.1755997107980352,0.29750654349282324,4.9552375947185645,4.486289796129098,0.5648821843468338
17,129,42,0.18127059061962,0.3118488969408127,4.979560935697137,4.335615174996077,0.5525965679947082
17,130,41,0.17798439833985172,0.3051604847612643,5.177186082772721,4.119942652324639,0.5664500954026495
17,131,40,0.17844308459504732,0.30849619363922964,5.415068883011295,4.54820167441587,0.5543158768672277
17,132,39,0.1803748060959703,0.3102632853712841,5.44003448866342,4.1717001101246,0.5678046035496627
17,133,38,0.18302272690865629,0.3134520782867223,5.292818975592903,4.6148864814335155,0.5686680264119334
17,134,37,0.18364056803210424,0.3103920140756713,4.89968913932775,4.817284527699016,0.5511904574528373
17,135,36,0.18913553713176037,0.31689445865087384,5.139829689487608,4.6084319522405774,0.5744273013837696
17,136,35,0.18031876352301296,0.30276047430523984,5.421602609100628,5.132696765264098,0.5744558792992168
17,137,34,0.19917398972795342,0.3362634466480933,5.080626499320286,5.086922055706183,0.5424597491378317
17,138,33,0.19972263221473893,0.3332457309913371,4.795996868891332,4.220999556336431,0.5162317759684709
17,139,32,0.21236674721606205,0.3535849277522557,4.309710335514737,3.944315401153334,0.4801240021259846
17,140,31,0.19635833019563181,0.32890559603715763,4.946190928302763,4.415887299109785,0.518532113138147
17,141,30,0.19954041929441974,0.3296458649664307,5.124217646792305,4.815037595374761,0.5125230446804885
17,142,29,0.20052194077041985,0.33299170846908144,5.620600715568821,5.287864675213438,0.51567540971285
17,143,28,0.1998299808792888,0.33630842057880456,4.990997711023418,4.872917910516379,0.5027837337471095
17,144,27,0.19258468525313927,0.33227897133710166,5.0083231378193815,4.361232524061421,0.5479114055415434
17,145,26,0.20238317111912302,0.3483928499398932,4.997492157085384,4.722087868913489,0.5004789948807322
17,146,25,0.19785913870517036,0.342163805076628,5.086862691256641,4.275700468211232,0.5234672695340669
17,147,24,0.19406004398831675,0.33297514603696143,4.429269989485405,4.016070823388001,0.5095523664545577
17,148,23,0.20418841101389532,0.35554458741704215,4.9229673993197,4.394041238678065,0.5079852310278375
17,149,22,0.2021835791982594,0.35114320779424907,4.944780789076925,4.483090287744793,0.5223740408625437
17,150,21,0.1919311505491812,0.3310497094605855,4.427589909743853,3.791521107984574,0.537036799967643
17,151,20,0.2033424387488559,0.3512027392372614,4.8667409273653774,4.974514477987236,0.5007110059133575
17,152,19,0.2054789148735609,0.35390937317580956,4.776157770165668,4.510150258606613,0.4978221214987118
17,153,18,0.20738400682225697,0.36257064715656917,4.497201471301906,3.976614251542984,0.5014706068305286
17,154,17,0.20310066968672363,0.3571988010078265,5.110487586222249,4.741278076234771,0.4980051392631758
17,155,16,0.20814702962881496,0.3654599234685126,5.206521516170477,4.314166345688699,0.49752486301773663
17,156,15,0.20417987564336307,0.3577524608187812,4.765559177205912,4.369841540971503,0.4852981467181617
17,157,14,0.1913868411586339,0.33823908349418125,4.929583376107766,4.431727637479324,0.5239321949754416
17,158,13,0.20000641314151024,0.3572488364340767,4.798381292225692,4.299493847394683,0.504745413729833
17,159,12,0.2125525019056287,0.3777851017101057,4.690534918307703,4.6432977650694465,0.48949049263329336
17,160,11,0.20217107016337238,0.35683223693470034,5.1239149637934736,4.373029179404899,0.4987658250084872
17,161,10,0.20386838512834696,0.35651287119121977,4.326611410432842,4.096497282987958,0.5135384527653363
17,162,9,0.19941148054147986,0.3506182302443868,4.755767199682635,4.1354803146342185,0.5291829253846411
17,163,8,0.20406084798435936,0.35688685205416265,4.808232111361682,4.575866286411213,0.5080232155073812
17,164,7,0.20507881159113653,0.36045530703853734,4.861043092789283,4.567994425075985,0.5055850886745366
17,165,6,0.19846383359074216,0.3502233300174898,4.760549344665044,4.21699126315106,0.5199778873461126
17,166,5,0.20002318271119168,0.3560005203801003,4.620986907315578,4.079437491630646,0.5041237401001188
17,167,4,0.19992818365946702,0.35355597696985197,4.677666608493315,4.452988965158881,0.524445677492576
17,168,3,0.1885242946275091,0.33251436182844996,4.77698445233497,4.15671378761579,0.5433107992029284
17,169,2,0.20491556617908424,0.3537182959439289,4.736761668558619,3.952274659945288,0.5081085566681427
17,170,1,0.2166991836948869,0.37391883621730604,5.066418177340271,4.525722813090998,0.49832245507501527
17,171,0,0.1944423483623611,0.33748343495377925,5.022979793966794,4.500972143938188,0.5468941617147891
20,1,87,0.15532687080672428,0.24698848976896037,5.537013401359609,5.107876420806229,0.6274662263971984
20,2,86,0.15093249951024199,0.23964996505330388,5.437371208826348,4.700039771667214,0.6873806346581596
20,3,85,0.14758419298118583,0.23312155592300773,5.945330377016278,5.223834026438893,0.6501683200341883
20,4,84,0.15446017071712928,0.24248373261560002,5.426499384509119,5.132224758480426,0.6502943607212701
20,5,83,0.14974539974735052,0.23666792050295177,5.310015725410471,4.361714448961865,0.6610728860744147
20,6,82,0.15384272733464227,0.23887552419172897,5.193311836835186,4.997804123652219,0.6611517047441571
20,7,81,0.1483983865142408,0.23172787833649686,4.990272335403345,4.3534248675560745,0.6540899148695065
20,8,80,0.15704864429489573,0.24324036340323782,5.7855453920567115,5.181396399357445,0.6716752760022529
20,9,79,0.1619185815855063,0.2476252433984658,5.004292244288406,4.26717805060465,0.6439132799657268
20,10,78,0.15520825946272815,0.23843712050525903,4.893392208335715,4.510577462608353,0.6525282536658186
20,11,77,0.15571234995145536,0.23885109768509202,5.590876541014008,5.446264232829148,0.6523558030055113
20,12,76,0.1545917561826577,0.23708873409495787,5.727458217817827,6.122632820917201,0.635740725783876
20,13,75,0.1581293146435355,0.24217224761547027,5.4547137334998155,5.300191924693537,0.6453374853694
20,14,74,0.1500561567556713,0.2321443963731475,5.260557140056152,4.393858358812618,0.6658765640223596
20,15,73,0.1500998714706567,0.2354933055036545,4.882622337724021,4.3279029844189525,0.6653673299732458
20,16,72,0.15522376050762365,0.2441343447576697,5.028050930609687,4.411642216955793,0.639807774219525
20,17,71,0.15068396989858354,0.2317528367053338,5.370281841091684,5.612762124861829,0.6660515126017403
20,18,70,0.15790870716993682,0.2445512484495985,5.5376881272633,4.5642830647149415,0.653077810843424
20,19,69,0.1539176836519861,0.23840945203448624,5.764691268970958,4.652361620405842,0.6692629030184271
20,20,68,0.1542334567493057,0.24178043494972817,5.400994123510503,4.745186281083651,0.6499874847686138
20,21,67,0.15557409814923193,0.2418365799408398,5.127822233651748,4.84939707507174,0.6557709570830482
20,22,66,0.15400229641881868,0.2414386869440195,5.349566424834487,5.296215982608031,0.6808822298630575
20,23,65,0.15597283420392563,0.24804643528766535,5.530610078441102,4.45222356422327,0.6324508600797795
20,24,64,0.15913754543673247,0.25177461349063435,5.341237743617887,4.378233350464731,0.6425231171363776
20,25,63,0.15274537871197855,0.24411240337044707,5.668275466135017,5.221066015850677,0.6197267564617781
20,26,62,0.15649783694081618,0.24693683041853356,5.457673791429411,4.256206223377038,0.6465066623707855
20,27,61,0.1593152908873642,0.2528868890401825,4.937635049852256,4.383579791452902,0.6479788117050155
20,28,60,0.16077428830962995,0.25347311841464115,5.379887881733597,4.684310369125424,0.6402709280562418
20,29,59,0.15461863137155438,0.24446357645625413,5.538139863087736,5.014196009064115,0.6638647325857515
20,30,58,0.149967563286288,0.23660026402229983,5.456104248305765,4.985682115318428,0.6654288014810747
20,31,57,0.15740291478604843,0.2504941893343279,4.9520821081036495,4.349860340576689,0.634098614036086
20,32,56,0.1510396254329576,0.2425455049433914,5.492931031653255,4.819929191404879,0.6340133509968244
20,33,55,0.15260888118686036,0.24800806934284578,4.829334931630356,4.381515680212858,0.6532754528285607
20,34,54,0.15988137024320126,0.26281943394487767,5.435042056157826,4.486114200562609,0.6393422795507788
20,35,53,0.15956578838223456,0.2636447317629012,5.0019905229598915,4.137852397118253,0.6532692998250266
20,36,52,0.16603501331488424,0.27827835394376993,4.6174076443751035,4.156239130153266,0.5462091361522495
20,37,51,0.1641610984757599,0.27497308233637385,5.331624546903212,4.593857556588011,0.5784689269381009
20,38,50,0.1690788831101075,0.27988852630132155,4.845732755103398,4.604297521581335,0.5793432037346161
20,39,49,0.17228841617858281,0.2853253028405703,4.936888087780069,4.207823962462553,0.565895708631375
20,40,48,0.17028884470317482,0.28471757051433105,5.099529024305044,4.62345702256205,0.5839436598814441
20,41,47,0.16728650686949595,0.2780327039277993,4.85531669300891,4.8253950056560475,0.5747014000373523
20,42,46,0.1708983666543368,0.28702906526193744,4.907979109335251,4.571642511523439,0.5506339461196232
20,43,45,0.16868392020576684,0.28358004395582836,5.38934217729018,4.709065805709372,0.575877107503959
20,44,44,0.17393482403537341,0.2867184995746914,5.680103459778254,4.293748676487667,0.6123847460944831
20,45,43,0.17289174868658955,0.28499970872184494,5.077230549559287,4.6141389740767735,0.5964237602177204
20,46,42,0.1723708777473133,0.28421029827709626,5.108109581835839,5.015848375357496,0.5815322958886163
20,47,41,0.1735426025531268,0.28359506402964824,5.002585042788054,5.216151943872138,0.5540791669269225
20,48,40,0.16827564790345734,0.27960836536879413,4.657027585045273,3.8406019336160147,0.5863886173514999
20,49,39,0.1675959102529038,0.27747410455318594,4.954808470274315,4.027844322359402,0.5721705064483221
20,50,38,0.17018831335668227,0.2819702644856281,5.234341879029328,4.347292938159703,0.5858936718672398
20,51,37,0.17138018275247907,0.2777435848348653,4.759107160578396,4.352030514064263,0.5782920566273205
20,52,36,0.17273419585983935,0.27814240104711635,5.239154177180412,4.632326479588828,0.575313582628765
20,53,35,0.17694989018986407,0.2826196561125027,5.030637425946354,4.48785342123734,0.5840004431767624
20,54,34,0.16859401332347604,0.27395601741607783,4.8138536855970635,3.8394669344931636,0.5913526900380245
20,55,33,0.17902740221177166,0.2896944961430934,4.940615661565756,3.866643638923284,0.5852315548991383
20,56,32,0.1761502693316933,0.2855354162183559,5.201198012866871,4.3625333398551565,0.5823653761288149
20,57,31,0.17361245912276524,0.27926534677778725,5.370431691145328,4.977323445297098,0.5662326565887387
20,58,30,0.17669653901201268,0.2838871583180815,6.195714762361486,5.147308665161528,0.5889516522716401
20,59,29,0.17301186911086805,0.281731514184492,4.977995811631134,4.668259323405835,0.569676969674123
20,60,28,0.17600899112677065,0.28926098786255394,5.245276797289871,4.293119770513581,0.5892079601166549
20,61,27,0.17262835527756823,0.28403183889972056,4.587000855346826,4.075691171680206,0.5482200817777143
20,62,26,0.16960433933840338,0.2780768507969122,5.121926422420307,5.647820499281576,0.5908840238518028
20,63,25,0.1754301002458694,0.28651047977909394,5.539033191454606,4.667275689914411,0.5824711822631359
20,64,24,0.1733468970795735,0.28677811077102977,5.115079652939916,4.795827388798782,0.5846068287638639
20,65,23,0.17982523609677017,0.29442830784584534,5.754889783752088,5.050885981022745,0.5639742748580139
20,66,22,0.17446083546419866,0.2869548530116391,4.937490988421463,5.279580134717918,0.5753643527441731
20,67,21,0.17518156375382113,0.292551191257765,4.552298565860927,3.822069010056022,0.5735899355697686
20,68,20,0.1723201375924147,0.284243397086554,4.783272050997861,4.333440229621198,0.557185681041199
20,69,19,0.17752636123203172,0.2916362163504922,4.954154718889141,4.578096494191581,0.5657520779108454
20,70,18,0.1760118094500662,0.28553300750833494,5.236004102110458,4.761795022773483,0.5811529867733818
20,71,17,0.20101450645911992,0.3265700492951089,4.759161154048083,4.561532719959175,0.49991370981907157
20,72,16,0.19578321497030574,0.31567341361262863,4.857840554466373,4.308347287720001,0.5349141332142158
20,73,15,0.20058743590395733,0.321806190783636,4.970734719413091,4.080674703742068,0.5066542700933302
20,74,14,0.20068250156485645,0.32194150495017404,4.827135055809739,4.3547223363174625,0.5167704830125932
20,75,13,0.18877971661199713,0.2989260060255036,4.599694344752297,4.454353650903423,0.5564509263649394
20,76,12,0.20199515925457434,0.3195713035024278,4.826607017685909,4.622577466099569,0.5105253081437728
20,77,11,0.1919752995361522,0.3025037094434735,5.059450532252815,4.724322176115336,0.5205562249432357
20,78,10,0.1949170851718491,0.3073557338876712,5.214229819751131,4.540476105838902,0.5258230100364879
20,79,9,0.19313279702370065,0.3041962959462282,4.173247989566578,3.744601275238822,0.5508653505925506
20,80,8,0.1959047258032135,0.30849863535370914,4.546195329088926,4.063251180048122,0.5205961603760368
20,81,7,0.19467007216446272,0.3110308307428186,4.784907661734019,4.02156177214559,0.5269478320260074
20,82,6,0.212876568415235,0.3331682254127031,4.787259379993239,4.867550900077986,0.5017968470759988
20,83,5,0.19990311021428175,0.31430707574355427,4.872294165674978,4.283872498813524,0.5033581812303485
20,84,4,0.20064858841742084,0.3191841873972967,4.702208036385139,4.018615229529304,0.5006406103017618
20,85,3,0.2136763903524987,0.336795748793853,4.986191841951485,4.462247813049707,0.49754656947280074
20,86,2,0.20324296429267294,0.32262585316381565,4.634200917131598,4.293143905906245,0.49805020366692143
20,87,1,0.19368537076477144,0.30948302724953447,5.62138874018063,6.700044116407215,0.5454593346622716
20,88,0,0.2024616516118175,0.3239810838055089,5.132731720486815,4.276439508593214,0.5139954523915964
21,1,150,0.15903788461754595,0.2445666185106844,5.366866082233389,4.623822789295188,0.6368839569065613
21,2,149,0.14935574204853486,0.23118658544437304,5.5282519910483465,4.662401795953418,0.6438236595534559
21,3,148,0.1560018396474585,0.24026989089074002,5.491093074179977,4.315549275327535,0.6475585551451961
21,4,147,0.1490951311292064,0.23229592702741172,5.301962899690276,3.9596485082445634,0.6540322995462079
21,5,146,0.15139878896036957,0.2351553859912868,5.016670467017309,4.488720857237034,0.6521034436353835
21,6,145,0.15016170359834755,0.23186459206060445,4.946902252292569,4.979144762778504,0.6965519220031391
21,7,144,0.15563154421715533,0.24133336359505855,5.484700623660754,4.99049850485394,0.6518883884880777
21,8,143,0.15522676346880948,0.24224902410079832,5.180619668004325,4.264937070313923,0.6382167346929694
21,9,142,0.15189317944243474,0.2344457255478306,5.399311944236741,4.364302060416447,0.6637768454600392
21,10,141,0.15089831594842937,0.23076850209799904,4.858362847089316,4.253486966205786,0.6712611842789059
21,11,140,0.15527260729526957,0.2364888367248353,5.075523408683513,4.55572044223325,0.6508220466939724
21,12,139,0.15228426797947606,0.2378233400303516,5.013766087867076,4.36586243042885,0.6408693059517709
21,13,138,0.15301137516495064,0.24320146263544226,5.278234747572796,4.352617573985666,0.6673179717729967
21,14,137,0.1512098074780188,0.23926806353317864,5.21505332700473,4.530518985235716,0.6465680426162187
21,15,136,0.15109831575899732,0.23968362637899396,5.262816076248902,4.755150799984219,0.6532213918173961
21,16,135,0.1530697692367592,0.24461042135188757,5.133489315168674,5.378234836658438,0.6661986980997229
21,17,134,0.15357085933890155,0.2422113531068826,5.410167860887629,4.318003386672449,0.6357009690976582
21,18,133,0.1549117121980451,0.24680169984212183,5.626602995684479,4.684906407056485,0.6389201275682089
21,19,132,0.1559365256238614,0.24714159171294556,5.49738148909039,4.83259890795864,0.6577201670541232
21,20,131,0.1539102894961357,0.24103348410989772,5.405722850101819,5.28151348230626,0.6573523778869091
21,21,130,0.15519820705896847,0.24604762089574037,5.608367264801094,4.859638700423033,0.6377860690850343
21,22,129,0.15059753749596444,0.2392319013599653,5.049308445324177,4.335542017156731,0.6498096262890768
21,23,128,0.15047107699881834,0.23775845587719777,5.27489488138173,4.23592110760899,0.6838441503165854
21,24,127,0.15598822204567603,0.2442255445114706,5.380387288715754,4.388076528855688,0.6485363299380619
21,25,126,0.1548802964729134,0.24151903515362777,5.467686238548453,5.171303830790235,0.6659513805494861
21,26,125,0.1548722514742358,0.23946291406890158,5.07370065466154,4.5314616443060585,0.6252152730193292
21,27,124,0.15849392547844554,0.24402705110208678,5.115540028093594,4.515556131284954,0.6298199758557498
21,28,123,0.15784355094887287,0.24466775095065746,5.208832005976495,4.4788452716247615,0.6583953391044816
21,29,122,0.1569540526090219,0.24163616001893665,5.742375642340534,6.403264080548675,0.6403534990693105
21,30,121,0.160478507892791,0.24544710769563427,5.303028554271424,4.636982570882653,0.6501157843749703
21,31,120,0.1597701399871938,0.24489878014105582,5.0304182842415095,4.587870075629379,0.6320528244551306
21,32,119,0.15650642016538738,0.23968738777255683,5.222680185196202,4.35535443030867,0.6588617824905815
21,33,118,0.16089306281690435,0.24425560271224384,5.290120726962121,4.824012289451931,0.6546275927754652
21,34,117,0.15729995415295037,0.23911381580133595,5.182734287975151,4.310383388973687,0.6557776625474406
21,35,116,0.1586631386856013,0.2413140331688038,5.314708948425362,4.53689497813472,0.6676440866750528
21,36,115,0.16062084436360452,0.24247183240635004,5.10407250362404,3.9087327043164515,0.6440426955732609
21,37,114,0.15539955665606914,0.23339068528865833,4.266367036801218,3.9516012403912426,0.6350585990206697
21,38,113,0.16414776795445976,0.2468767675008239,5.621570054683666,5.702303277381006,0.6698037838517554
21,39,112,0.1619208936117821,0.2445297561237164,6.025745354059335,5.426974880931857,0.6483374921361832
21,40,111,0.1635475822361134,0.2489890466933708,4.924799540339713,4.21170847147023,0.6218619892541579
21,41,110,0.16150236712736346,0.24239633433724905,6.09764389070983,5.2129195266933674,0.6553125704826007
21,42,109,0.1625916693118439,0.24651435708224326,5.6465314656388825,5.45084183456021,0.6541012560228476
21,43,108,0.15811008627477802,0.2364810230899515,5.290170703027892,4.905218919286298,0.647157544160564
21,44,107,0.16182314812018303,0.24224676410732732,5.367054295581411,5.124108420597806,0.6404694264648148
21,45,106,0.1665089692116986,0.2525923535159357,5.1442778806101455,4.759689456898148,0.637296674234616
21,46,105,0.16307509372634904,0.24447488025082784,5.039919287756345,4.836492468307631,0.6430392128451767
21,47,104,0.16075630924900716,0.2386199761997332,5.280516267245977,4.687818670002638,0.6695840586872495
21,48,103,0.15778125837198717,0.23191399177986716,5.415722580083494,4.4654632319579655,0.6487717048848227
21,49,102,0.16523663957272405,0.2397555261825636,5.06671957430967,4.3487554294520345,0.6604877235794675
21,50,101,0.163767459677939,0.23898693960763082,4.8631049498863135,4.446206749164706,0.6451929806718988
21,51,100,0.16484514632544933,0.24215873147710235,5.177054188862323,4.994512721337201,0.6598879041130131
21,52,99,0.16457298219236802,0.24015841753515932,5.686127211321616,4.703355931208579,0.6375425123522821
21,53,98,0.16062049514425933,0.23044623832938058,5.61940577610413,5.203094272622655,0.6534925886539925
21,54,97,0.16498450232020026,0.23746262309187044,5.295644263796941,4.114464408556619,0.6584631228043654
21,55,96,0.16349090894271914,0.2379726991571646,5.569922537523588,4.808169314951398,0.6719222905277566
21,56,95,0.16050456774632296,0.23494982024801764,5.552141450786828,5.294952064095672,0.6458421495190442
21,57,94,0.1708740134988948,0.25171410317471843,5.338803347310713,5.307923568178354,0.6378132207020195
21,58,93,0.16323389028328994,0.2372163002315121,5.253044749525229,4.7181940639537086,0.632217647198878
21,59,92,0.16084130292460222,0.23439779003299746,5.407823433740257,4.328714683740743,0.6720334049873852
21,60,91,0.16541350046941652,0.24060812526525635,5.817215033237388,5.570643760972745,0.66425970600338
21,61,90,0.18081579132218822,0.26355513749349435,4.727876601551446,4.669799505723666,0.5698123208836527
21,62,89,0.17743293974056626,0.25350502161727634,5.879476521765053,6.050084178655088,0.601316261382291
21,63,88,0.1794153074689716,0.2552717991181978,5.262161714060644,4.67014872045756,0.5990318615268106
21,64,87,0.1774884056456319,0.2565055165069113,5.238579697211682,4.196870609281806,0.6092370356419133
21,65,86,0.1875039010848659,0.2713542598218506,4.937071714024224,4.2765498956960215,0.5911568221083224
21,66,85,0.17994081748121862,0.25868733997069526,4.771694172528941,4.123224660398413,0.6067938986891874
21,67,84,0.1785476127728361,0.25886398167017344,4.78171000042199,3.8353519928105184,0.5644683591486859
21,68,83,0.18047788663899178,0.2648985009520931,5.147067069294161,5.037688600562167,0.6110786116673192
21,69,82,0.1828973156836837,0.26910877586800236,4.9482536616257375,4.519298908369756,0.599064930502513
21,70,81,0.18035131269019122,0.264679810652362,4.663291048783433,3.928142665671969,0.5849812922621673
21,71,80,0.17684832610388837,0.2599573729473149,4.768403163620473,4.165888803539736,0.6085694165515794
21,72,79,0.17218946275660618,0.25609593732406316,4.831647252242183,4.200740355031101,0.58172615735946
21,73,78,0.17932654128732559,0.2714314909515213,4.955208788219046,4.24142869864845,0.5642838642168574
21,74,77,0.1823176165419491,0.2772726683854706,5.138302983502488,4.780505634505035,0.5815840684821334
21,75,76,0.1716430100463974,0.26025610670906335,5.249023303454901,5.2434371002748446,0.594320536254841
21,76,75,0.17697473114937382,0.26796094168473217,5.218205735701855,4.558142131646345,0.5851875019896803
21,77,74,0.18056024092653872,0.27521396715923785,5.15292810311189,4.937093510576517,0.5884169719037063
21,78,73,0.18260877592327468,0.2792703494110179,5.1646723787667135,5.13304249275133,0.5675912331325735
21,79,72,0.17444395140978639,0.26763321187601297,5.2053205900961395,4.453043909596425,0.5788534179550535
21,80,71,0.17779577816070888,0.27280477862186187,5.107595749741854,4.03458832815589,0.5760006194228819
21,81,70,0.17969943889653373,0.27359394494999756,5.208225740319493,5.0000957320716095,0.5778857121221893
21,82,69,0.18303522884910628,0.2799472290244644,5.501141933881097,4.421763248855003,0.5774239748226968
21,83,68,0.17076301383125952,0.2617692476088026,4.991479216296401,4.225872623712762,0.5834440491582581
21,84,67,0.17812184906394551,0.27634936854941206,5.420342497391443,4.643534282320943,0.5972370589421917
21,85,66,0.1838278979001177,0.28268565455811073,4.334520609889712,3.5247307783255666,0.5698344934304321
21,86,65,0.17517144300279808,0.2676765045475875,5.329270419388717,4.286173815041161,0.600278542553972
21,87,64,0.18190075947992512,0.27556496834744826,5.063986553779408,4.1745669215095464,0.5719360298832848
21,88,63,0.1850518664188659,0.2834205211411111,4.598320094620739,3.969387153123447,0.5582869390530595
21,89,62,0.17825339782744767,0.27703713872504515,5.180619263885588,4.721993753980826,0.5945809746632913
21,90,61,0.1838821605964104,0.28082169218759706,5.112464122688342,4.389156997263254,0.57405863575605
21,91,60,0.1826999592445291,0.27892487044069614,5.334331307877081,4.410906904837589,0.5985659686123737
21,92,59,0.1827318627287472,0.27953497680254424,4.872159321280773,4.204106044088592,0.5675939679738872
21,93,58,0.17436851666808434,0.27003670453248124,5.534870341333692,5.318995370789794,0.6057917987310706
21,94,57,0.1804162195280575,0.2816887761441559,5.123991130245098,4.601937519078707,0.5788814708254989
21,95,56,0.178177899723057,0.28452275801358234,5.082553418328348,4.39311136878681,0.5991476310229847
21,96,55,0.18183076206894022,0.28714051260787,5.372288572241508,4.829644921260981,0.5848946933747033
21,97,54,0.18366278151895515,0.2902879253337608,5.526069643388222,4.8697487157118395,0.5583816363298647
21,98,53,0.18419082891860195,0.29239191677087883,5.212675885533269,4.427741180543427,0.5910487955904307
21,99,52,0.18241524508644016,0.290700675673112,5.147677206858272,4.24124107765922,0.5614587843561691
21,100,51,0.18287101657572086,0.29315983691574343,5.156270325616284,4.517483903238318,0.5560439332293914
21,101,50,0.17809707227218205,0.28571792078698105,5.031860597123369,4.653778520153926,0.5843468453440128
21,102,49,0.18014635337581653,0.2881210891615134,5.001845839983903,4.079682539980032,0.5652084166651173
21,103,48,0.17894771863709627,0.28319318628564183,4.793931576780576,4.14504636799804,0.5855499510951099
21,104,47,0.17969286178286664,0.28533648474106016,5.60762806083798,4.726122103976102,0.5646222574447599
21,105,46,0.18183198277069582,0.28433897254297097,5.464981085749337,5.4891813890872365,0.5879729127083984
21,106,45,0.18010561504408443,0.2845845372584021,5.173808008330217,4.845337725196961,0.5953715784026314
21,107,44,0.17991301376432037,0.2814129275481416,4.619838750336834,3.692739162902031,0.5757701992159405
21,108,43,0.18221732184786052,0.28402103272135776,4.929862555457248,4.878848936275946,0.5761498175846272
21,109,42,0.18464216370493686,0.2837934049139332,5.513022638956119,4.638808810801063,0.5629009844402378
21,110,41,0.18398366794345375,0.28098498032670116,5.422498379040231,5.0316343992764905,0.5564544071719946
21,111,40,0.1892096223554749,0.28745062773541763,5.13526388573713,4.663451431372155,0.5663286497148369
21,112,39,0.18849899367284195,0.28392212708975,4.627179219350426,4.484438646327323,0.575534894357711
21,113,38,0.1893484283698935,0.28478199130368625,4.731482359174582,4.169716161798465,0.5717289669707024
21,114,37,0.18975349989003634,0.2858306160605717,4.704402188851522,4.098259680321845,0.5588897730806243
21,115,36,0.18082841239847708,0.2760998153626437,5.277718440345852,4.450816992773536,0.5853341320398469
21,116,35,0.18488261125654656,0.2790580146544862,4.8489490997750035,4.4976510971075045,0.6112407234756027
21,117,34,0.18503045523145845,0.27749610402720815,4.883682658183176,4.205924495616694,0.5970519479803812
21,118,33,0.18846718041558552,0.28250948728801833,5.511647834704965,4.625695621301845,0.5600498955873554
21,119,32,0.1892729519061354,0.28614079891418276,4.917163895073834,4.679251309002624,0.5591171003147769
21,120,31,0.18696710150599077,0.28200994445591365,4.9297403776349755,4.163583117164458,0.5730271224380902
21,121,30,0.2017154458902467,0.30459298447713296,4.974546005100761,4.504452081979976,0.5414665479205564
21,122,29,0.20005152787191008,0.29836122998693326,4.792219173106358,3.9521770173684674,0.5393718559284414
21,123,28,0.19819810001053778,0.2990492154937078,5.137793485055578,4.699878488084834,0.5487637899250701
21,124,27,0.20277125967534088,0.30659739307784434,4.623749225087398,4.115950950507957,0.5217383121085263
21,125,26,0.2087058677472205,0.31926495401641364,4.99221316831318,4.175870688286323,0.518628802656038
21,126,25,0.21335162668720373,0.3224355980978475,4.923401983846339,4.743548054179204,0.49862559733951267
21,127,24,0.2056620042691375,0.310145809766502,4.775946983914481,4.1108979205056935,0.5332034777362621
21,128,23,0.2007602140865772,0.3017890143534687,4.780615955605581,4.27214901294648,0.5233567844940441
21,129,22,0.20586100034271987,0.31229280372398543,5.622807393050484,5.0995681913159085,0.5226812521659622
21,130,21,0.21678724750015085,0.32611722159086687,4.270040737757391,4.1466919235548545,0.49818190331944284
21,131,20,0.20723280434135927,0.3133112814791046,5.161182504665891,4.606523640262992,0.5345547259984998
21,132,19,0.20569001908058024,0.31112613753831936,5.40303349519675,4.255478530626197,0.539968914720619
21,133,18,0.2109548378363125,0.32012742022347757,4.754736820304548,4.567890872155811,0.5096165498979177
21,134,17,0.2067813090344327,0.3099145144857023,5.1069896192106645,4.558243157534391,0.5180224013190089
21,135,16,0.2104281551664606,0.3140874431661978,4.810656902972093,4.071225563749418,0.507161913767222
21,136,15,0.19860290622285792,0.29469821811296837,4.590433697436295,3.881187657590407,0.5408433399902853
21,137,14,0.21821510725185678,0.32090054378279353,4.784099422894426,4.251940057956058,0.5223265671175816
21,138,13,0.20868165650900705,0.30842175706540553,4.776290079647865,4.010315076944418,0.5363377322378794
21,139,12,0.21223333439103462,0.30389272067239864,5.080609802093201,4.784051271031587,0.5323250757199665
21,140,11,0.21196395582417887,0.3031877954738326,4.908650537302637,3.9266078218420137,0.5109822212872445
21,141,10,0.21404526375170124,0.309360362271351,4.96945628080775,4.435827236916983,0.5345234931484336
21,142,9,0.21248847468984886,0.3086138731548293,5.193490242471237,4.274121762391917,0.5147115117399101
21,143,8,0.22345874992918674,0.3243185971477472,4.565688919743314,4.217614409157083,0.49618169197163775
21,144,7,0.21616559928024415,0.31609319538014036,5.02010556489437,4.297393034852481,0.5075231878767446
21,145,6,0.21217653314529378,0.31161501269607456,4.1569958990932605,3.968936243376151,0.5078081470886303
21,146,5,0.20883458118667564,0.3080100405496252,4.655000889895866,3.7430326442658557,0.49784913065940956
21,147,4,0.2106148121725347,0.31898256819333093,5.316733836984118,4.431250450929727,0.5169067263647207
21,148,3,0.21936749483634332,0.32831209945593776,5.380932684386538,4.486784601754272,0.5083967832157896
21,149,2,0.2125180977642696,0.3180755319988368,4.796755329781439,4.475675804852352,0.4935101271570113
21,150,1,0.2146710726215459,0.32085745268911364,4.74909447735706,4.280585535701675,0.5035637541691229
21,151,0,0.21894622307371217,0.3333658225268878,4.472601068889369,4.1299884044292,0.5155468092048977
22,1,162,0.15602231940929956,0.23428678263881816,5.839271091551739,5.448998270553811,0.6674158218572083
22,2,161,0.14569557016876364,0.248708443076725,5.497246087779291,4.221091074838149,0.634519036397148
22,3,160,0.14822139035124376,0.2368027723882523,4.827969154783954,4.358466512138175,0.6361913422454136
22,4,159,0.14754302476880576,0.24145114332340625,5.277563011486498,5.095776339198636,0.6642344158063463
22,5,158,0.15575163413347004,0.2385888428073545,5.273075084365834,4.875965457373848,0.619550233178959
22,6,157,0.15255259477330257,0.2358028106986347,5.339930884061404,5.195053946876422,0.6830029804425141
22,7,156,0.14466268720286232,0.24246334899326122,5.545780395171516,5.375485018644705,0.6515489596676537
22,8,155,0.1558906098361247,0.24630411652663883,5.115134532682839,4.420148762977234,0.6505960294327207
22,9,154,0.15723863344628264,0.2536114103099941,5.4204559836740955,5.111249637840158,0.6359453557783766
22,10,153,0.15188075030380535,0.2392553372803824,5.2578693493139586,4.2784252387430906,0.6656372542467204
22,11,152,0.14708290020641204,0.23961822211387315,5.391894875858913,4.819174961352556,0.6406911415281159
22,12,151,0.14758124005379367,0.253125039388685,5.718161261405564,4.862322717940833,0.6249741662058917
22,13,150,0.15007472532052848,0.23518164227469787,5.3787462607118295,4.959746293717726,0.6641764043309787
22,14,149,0.15235561959245184,0.25011542492876676,5.247337913889827,4.567072747767325,0.6526490904608402
22,15,148,0.14937750995212754,0.2452461840332723,5.301295478979075,4.426968084931991,0.6608061814184508
22,16,147,0.146017454271094,0.24655367754104535,5.401699191024738,4.517537257412634,0.6502470711740329
22,17,146,0.14722976936265741,0.2636272993686928,5.408477634418409,4.352196676812873,0.6479909990492941
22,18,145,0.14935601730241985,0.25277498706077317,5.664767052184159,4.915389273210427,0.6316941092950534
22,19,144,0.14697708725229222,0.2417545912921941,5.478369493485795,4.5492601074226835,0.6518173876070764
22,20,143,0.14399010199946782,0.2414447249673299,5.903455015003037,4.99556891453304,0.6701222488210986
22,21,142,0.15465913053759928,0.25207686403917073,5.012033101359579,4.846379336365602,0.6136925170071422
22,22,141,0.14948473910828938,0.24245604563985015,5.469145441906371,5.548205790599526,0.6493646381638605
22,23,140,0.15172715767400335,0.2559499515492711,5.133019672132142,4.665664844007522,0.6358435105358299
22,24,139,0.15175394424394084,0.24263952989776746,5.0361825239524,4.2927594363441655,0.6608569992180636
22,25,138,0.15509472393502002,0.25718222167656835,5.0731564793822495,4.684181237406118,0.6392977884179645
22,26,137,0.1496154471656061,0.24830632055282684,5.222968453636555,4.607932334036861,0.6788353070902297
22,27,136,0.15327226662051338,0.2508892060528379,5.257105812847615,5.070705647229208,0.6440888164412658
22,28,135,0.1516754946141452,0.25685752763970543,5.320708004109642,5.021660613347873,0.64728711330157
22,29,134,0.1469736006865658,0.25614930585932794,4.780090524999561,4.619447237410302,0.613146583336944
22,30,133,0.1490389676309805,0.26025158975942553,5.264523883726991,5.233766373696944,0.6698044302118261
22,31,132,0.14536417823242967,0.24071315550527866,4.6730721390259875,4.069330047172635,0.6426802842173387
22,32,131,0.14358537980076735,0.25446658247092924,4.955139769440802,4.355958510066877,0.6427978989399472
22,33,130,0.15841635507779442,0.23983997349029595,5.50931506523974,5.295739400887511,0.6296682297286096
22,34,129,0.15750586565908983,0.25858163582918464,5.599882403507342,5.610214342447835,0.6330603666924052
22,35,128,0.15742060949223816,0.256496400495936,5.405022223190533,4.2108443969850935,0.6258730258018494
22,36,127,0.15394273956568558,0.2571827555438881,5.366171217793606,4.51968594155432,0.6432416224168523
22,37,126,0.15304862660600077,0.25944881530700115,5.227529735277937,5.616182585122358,0.6465522172860513
22,38,125,0.15173427162206007,0.24600084553954515,5.3080388388062865,4.332890979369706,0.657010168161374
22,39,124,0.15209556373632824,0.2367834998398761,4.763250783993561,4.319541067110854,0.6485819252096031
22,40,123,0.15134193652427258,0.2649963027740269,5.433127110844621,5.368247828733298,0.6463435700938853
22,41,122,0.15641825410584684,0.25041300450150106,5.4246108312757455,5.0173560546380225,0.63473341226826
22,42,121,0.1599342063085695,0.2697953526288715,5.391248122816927,4.44677206621746,0.6050412049262529
22,43,120,0.15226342843240578,0.2676816929150272,4.935466580584455,4.56082333087853,0.6427425577322908
22,44,119,0.1446580310419154,0.24289151597488234,5.70933155575058,5.893127556458593,0.6836327558327719
22,45,118,0.15579322420371805,0.2580470123361217,5.40268225969667,4.44534381926401,0.6273462904241789
22,46,117,0.16337633105750188,0.24304399035841717,6.097550089167973,5.398457890611711,0.6438196088027851
22,47,116,0.159854058410648,0.25377607483723585,5.126172333106892,4.567025029489597,0.6452935481201537
22,48,115,0.15197730546665245,0.23905956604447265,5.032446474471843,4.3762263637391845,0.6452278854149932
22,49,114,0.1534923352890222,0.2501130502305696,5.184284588550447,4.762837129844352,0.6604518370742342
22,50,113,0.1565899594226912,0.25045567286878173,4.861327917664536,4.209938474596078,0.6283695354232512
22,51,112,0.15541989902872724,0.24699220121489682,5.041809614513571,4.133466813339367,0.6539424143006012
22,52,111,0.15118006602419762,0.2458281302168963,5.182363798216872,5.04062485027532,0.636397479528549
22,53,110,0.15408236584265006,0.25045653820658836,4.794252761252929,4.416184896711534,0.6316030504471165
22,54,109,0.15676736564286353,0.26145907567534854,5.61034176859717,4.806298372339281,0.644268069125491
22,55,108,0.1598965444073032,0.25242832588694153,5.395947613592549,5.310168795963165,0.6701753525608247
22,56,107,0.15758234795222154,0.26066863230682785,5.2836608416311925,4.386744712620759,0.6217393654056345
22,57,106,0.15259681681206605,0.2521019158950759,5.783548661250782,4.972430616185563,0.6559251096804807
22,58,105,0.1553848212039559,0.2601342195591631,5.495591483471371,4.503925960969624,0.6560399908738564
22,59,104,0.15289113324255207,0.25861071875043934,5.137092518079331,4.441471436133318,0.6248427753349933
22,60,103,0.15954467387475618,0.25551214112941634,5.197771481253942,4.425723742164216,0.6336332563341713
22,61,102,0.15749780033208782,0.2599223764816198,5.733190226486526,4.955486449921362,0.6612088958839895
22,62,101,0.1529675180928507,0.2655852429139255,5.814625450407786,4.661902692575223,0.6350116347524928
22,63,100,0.15976013563574354,0.26170335525823124,5.229131470944518,4.553981603170539,0.6228574745774853
22,64,99,0.1554803828896749,0.2518093230186203,5.084237502735705,4.236089153402596,0.6386837736336498
22,65,98,0.16141346428379771,0.25432372186935503,5.778695057955195,5.108948930893826,0.6373697869262278
22,66,97,0.1680082799567147,0.2701342011757958,5.018054390022421,4.481762887231893,0.6004270398354168
22,67,96,0.17017386283162814,0.27675950874296185,5.404394418075199,4.874320130749652,0.6018355028224337
22,68,95,0.1627971509398736,0.28203372287536815,4.833828121158737,4.0351475559468835,0.5829928416164983
22,69,94,0.1635379914118938,0.2755260536253627,5.6264294419406315,5.142312028227246,0.5962168313871692
22,70,93,0.17512376136825972,0.2819494568596655,4.991818283974668,4.143896293770631,0.5949534446981782
22,71,92,0.17551904254834721,0.28604361358973024,5.25348810587119,5.138353317002617,0.6004286475441242
22,72,91,0.17101668103285708,0.28508158128332733,4.698452638363756,3.9092368614835684,0.5608524456150434
22,73,90,0.16939509028308358,0.283365885708396,5.168764602988441,4.433519605648833,0.564794555252182
22,74,89,0.1753209147997209,0.2695352296375913,4.684407964927629,4.365446448449284,0.5756520502147042
22,75,88,0.1678008706101639,0.3027113422786523,5.382885057795427,4.574774649477765,0.5718284129479915
22,76,87,0.17373036208956913,0.2795090162171331,5.371338256630406,4.353849325703349,0.5885795243860185
22,77,86,0.17336506777569732,0.29958613942361917,4.952609169245179,4.745531512772429,0.5578678175029956
22,78,85,0.17823477409869587,0.28510667139940465,4.4707762301862335,3.9709703933863225,0.5857292936922504
22,79,84,0.1728998510198683,0.28303134256217477,5.093184916576821,4.359128090179221,0.5799692843042885
22,80,83,0.1657174013481861,0.2831804722468185,4.982109966937793,4.32409950907836,0.5778114970960606
22,81,82,0.1744706494698112,0.2929787807574612,4.903697814772864,4.267242308928405,0.5926198355230583
22,82,81,0.1766039070760073,0.28665547043810297,5.285012021280345,4.900433441036596,0.5570762465443592
22,83,80,0.17477181653974097,0.287058211173988,4.996297803952018,5.362761807186442,0.567283832278258
22,84,79,0.17106151018346,0.2754459726460788,4.814282229488136,4.360390247820898,0.5970596071198085
22,85,78,0.17323649925907217,0.2904007056674907,5.040012246362775,4.4747240500739025,0.5761800075419062
22,86,77,0.1713394096850314,0.28869486519312254,5.361742421538766,5.109962596915834,0.5548871515543339
22,87,76,0.17189717487254355,0.2933907121630398,4.885354821831129,3.985579934194835,0.5798758630638987
22,88,75,0.17511569971529908,0.3047307659110933,5.135259053993222,4.224816777710205,0.5649779130062376
22,89,74,0.17425118628748057,0.29812143209974523,5.064586210425229,4.8024380549102945,0.5729185741801766
22,90,73,0.17039084325387965,0.3044551328545328,4.996038886269213,4.31072166254567,0.5661605359548065
22,91,72,0.17463404457583825,0.2956721746457259,4.7718188246351385,4.678198514585093,0.5600746231966942
22,92,71,0.17183838449527214,0.29910890378839794,4.919127069500462,4.041031136955324,0.5801148886963856
22,93,70,0.16987342315492301,0.2965484645301287,4.897443402507706,4.1401086532563465,0.5802771420162226
22,94,69,0.1735357212053932,0.30451865314490995,4.687274372651951,4.163929957798246,0.5827778139808186
22,95,68,0.1740682114171253,0.2933004255256807,5.138632831395967,4.926496522945465,0.572085967127753
22,96,67,0.1767290529576498,0.29974312957671945,4.866365891314124,4.098378203860573,0.5736188495787723
22,97,66,0.16623921177376072,0.2988302451934902,4.992988053803984,4.527470252313045,0.5641913321852731
22,98,65,0.16841839027624372,0.27899035793144034,5.218189978841533,4.656404087028491,0.6015226633250105
22,99,64,0.17280332322008135,0.2938851803501698,4.917617351933702,5.545709144682203,0.5736903947287861
22,100,63,0.17656381173298324,0.2995252660754728,5.257542760890605,5.344077873360921,0.5695567022095558
22,101,62,0.1822686672189591,0.29813980508100857,5.114700665384926,4.22699657143417,0.5692739759865026
22,102,61,0.18087044383616988,0.2902396481790762,4.981073578781922,4.161385719422793,0.5663941795030111
22,103,60,0.17618044123986382,0.2796796568902448,5.2260730485566205,4.82045573141653,0.5692623961749937
22,104,59,0.174338313331887,0.2842222166385874,4.874561555858985,4.028151100181207,0.5715686050830272
22,105,58,0.17559937153892763,0.28518540923120494,5.292058807046079,5.017605394938104,0.590003591300069
22,106,57,0.18016477798598468,0.2969613806501666,4.8134539695840255,3.936024154899325,0.5779049502741078
22,107,56,0.17109868277976015,0.29253536630017063,5.34619041266544,4.44633977405954,0.5767348851945957
22,108,55,0.17314755294916867,0.28211858305797255,4.877385323759881,4.335446527280208,0.5765860097418467
22,109,54,0.17177417636134587,0.2953995691598869,4.9005598065476565,3.9434873557529775,0.5843229165235118
22,110,53,0.17324699374196195,0.277553134126491,5.28136048112985,4.982730966861146,0.5741104003251211
22,111,52,0.1753902192887315,0.30346935729760205,4.676775443729516,4.367856388247758,0.5362685303431342
22,112,51,0.17168759724420504,0.3019774804270277,5.284324219684542,4.63218494078915,0.5666775244672742
22,113,50,0.18057641816495082,0.3056978286527797,5.071314972616239,4.492332426984945,0.5649703792956617
22,114,49,0.1709555437258262,0.3072224077778718,4.9658079980409005,3.95778161854479,0.56999706797015
22,115,48,0.17506397091038656,0.2984190228253405,5.062634969667391,4.402736541126329,0.5700288253423736
22,116,47,0.1741054125477153,0.2970820766732194,4.9887475620011985,4.1299604447830225,0.5582171644956577
22,117,46,0.17460593123757534,0.2964579606610171,4.904745993213446,4.681588646835802,0.5638704803034663
22,118,45,0.18335902115336244,0.3010763475248576,4.871586339651765,4.700235289549672,0.5526454964929369
22,119,44,0.17593025062035225,0.30063622907487414,5.1349668971098446,5.1128515423981025,0.5753333710063039
22,120,43,0.1765756881346162,0.29654318328785606,5.403919310997852,5.710078980796822,0.5795734695819329
22,121,42,0.1763726286866328,0.3075048348154828,5.080420024287221,4.577289526543903,0.5624829451665917
22,122,41,0.17870641217573213,0.28997950486817686,5.227332759353967,4.648608586767118,0.5663565858073053
22,123,40,0.1780913911614482,0.29415192468497925,4.887349704622613,4.455174154778113,0.5751610001438967
22,124,39,0.18321490389001308,0.28928429135032546,5.310031766591138,4.886396139921335,0.5713452757919452
22,125,38,0.1758510135227934,0.2950634223460787,4.392376362534933,3.7495830404453843,0.5689517162839512
22,126,37,0.17214429444549176,0.29075303835111455,5.590926980795852,4.372913096599469,0.5803756455079223
22,127,36,0.1749807674975086,0.2908110016618994,5.164747363911962,5.459069907988873,0.5908373778715836
22,128,35,0.18587344417885088,0.3021672357290006,4.931403044284393,4.751989757162421,0.5643219337119488
22,129,34,0.1838146332375546,0.28919297045435655,4.99350899135305,4.7756585837368135,0.5651018337384285
22,130,33,0.18254411058891845,0.2906576010696836,5.017782642567097,4.395317988250452,0.5634000304493466
22,131,32,0.20506635420285263,0.34904842830279315,4.552556020004184,4.958663567897127,0.5152710730621789
22,132,31,0.1985398394721691,0.33534687574825056,4.870142702034621,3.991281407798325,0.5214405028270372
22,133,30,0.19270081275758918,0.30224412608756024,4.8832222685008,4.444857114731798,0.5433693525041574
22,134,29,0.19464866928098973,0.31808641897273915,5.196508102241173,4.6311684230762005,0.5345672055426351
22,135,28,0.19939224349377935,0.3294104651347245,5.31440886849869,4.217779106080129,0.5227519820936645
22,136,27,0.1978689109791851,0.3185116113614998,4.402330503505272,3.9744819998755654,0.5163038916838176
22,137,26,0.19657452764802358,0.33319042572380864,4.618304835994702,3.988720801911598,0.5328523401537063
22,138,25,0.19521029781603494,0.3255382374217672,5.233021228723344,4.455373862432944,0.5369514202304256
22,139,24,0.19962407608210922,0.3447607010128715,5.115101226584603,4.555096361212509,0.5064553167491824
22,140,23,0.2045992104780834,0.3302003678983426,4.612659465874152,4.062844267867114,0.500830976531025
22,141,22,0.20337991471444883,0.32546614290165443,4.50745226637901,4.06627613599288,0.5109261890940606
22,142,21,0.18508721235583422,0.30481674706388356,4.767553546021873,4.8977037608441405,0.5467239042716621
22,143,20,0.19210427094879487,0.3210883703739378,4.709035973412656,4.098058637542966,0.527444515470096
22,144,19,0.19709070066691425,0.32801477040438626,5.463257941494691,4.925168066718447,0.5180826992403763
22,145,18,0.20586481918943184,0.3398658931527443,4.40024637940474,4.31323928216917,0.4802111157192127
22,146,17,0.19906168004320357,0.3343549186727274,5.275099177490938,4.489108998433674,0.48313794616025474
22,147,16,0.196730134335433,0.32276256581005325,4.782162292077401,4.4471230809529105,0.5221455446200197
22,148,15,0.20660538416868077,0.344470284795317,4.544255425520768,4.365565052655167,0.4883822436333062
22,149,14,0.20101336045539525,0.3289244885828128,4.312743568291471,3.869229297899836,0.4952394477177904
22,150,13,0.19355992926447213,0.30493273774779517,5.44142726741529,4.870169639193852,0.5414032882615553
22,151,12,0.2013092249517433,0.32781530862918595,4.779054194887379,4.724367750452898,0.5187550313993231
22,152,11,0.20065261336101017,0.33727233007070345,5.10022690811589,4.922925274037136,0.49504779735796844
22,153,10,0.20577580753964142,0.3315298083012274,4.305556149566049,4.318933150515121,0.49164049412739735
22,154,9,0.20715073755267605,0.3380169341189056,4.846861922257121,4.692165382937338,0.5304860055742739
22,155,8,0.2058143782672819,0.33849066597117883,4.587855061786873,4.472621431435335,0.49312666006009265
22,156,7,0.19962972318733224,0.32258886495357836,4.938676199498607,4.921630534739814,0.5257664050233762
22,157,6,0.193389563530291,0.35268037487630405,5.049079554308508,4.009020605140035,0.5055843307581532
22,158,5,0.19934090244197775,0.3450083427572381,4.736294011278491,4.338608778270253,0.4937175109932646
22,159,4,0.19421729640981758,0.3134315003768018,4.685524898661569,3.8112243486718116,0.5166077643855894
22,160,3,0.19420443577292146,0.3274190106774565,4.886188777816599,4.64521029653157,0.5318376160817876
22,161,2,0.20932862911564806,0.34054087723448556,4.985874427972648,4.787471669918692,0.48280382321458976
22,162,1,0.21405056289763078,0.3426843148710225,4.750135622707695,4.0557532259263755,0.4935377105102388
22,163,0,0.21135888486023263,0.3543871925820883,5.453318392467021,4.684166480081476,0.4932640703078852
23,1,101,0.1465214765007553,0.24976675934409454,5.010834908840551,4.468132773119252,0.6410185098446701
23,2,100,0.14962143002695047,0.24843533729159806,5.229041559386236,4.637021768511993,0.6593748219141
23,3,99,0.15103464819772797,0.2466109345689432,4.902303023541025,3.9750268671294275,0.634673184530468
23,4,98,0.14764109275255385,0.24560697371116225,5.372935821440105,4.687251028338378,0.6611225480230869
23,5,97,0.15280856373990184,0.25272440057625695,5.9742896796687255,5.3818810286373635,0.6567374325098553
23,6,96,0.1513183121500791,0.24528074433457547,5.344862221253981,4.56580140909371,0.6802363983463935
23,7,95,0.14748076076593836,0.2468488200867303,5.871619279030222,5.427678021755397,0.657953526680623
23,8,94,0.1487070166576769,0.24934684621580136,5.302347662244653,4.571901396832876,0.6555571677171179
23,9,93,0.15162296535483083,0.2433836191955389,5.1556338122358145,5.312453312255347,0.6392498801571379
23,10,92,0.1458625749402198,0.25826856043278756,5.033297564860076,4.212450339476927,0.6512222913548424
23,11,91,0.1483629011057422,0.2544920825877307,4.935225835137862,4.593075596433557,0.6479447712475931
23,12,90,0.1494940743177436,0.25792074781336,5.596693060253594,4.853789270177878,0.6377639388146549
23,13,89,0.14845683785909192,0.2512874077495834,5.612815049824219,4.610472302039637,0.6538012867883781
23,14,88,0.1498403832917262,0.25703353533314843,5.478944890724113,4.965705126813104,0.6448464924897043
23,15,87,0.14046437204722803,0.27194934817576155,5.060073787469589,4.626220491510587,0.6308464498824747
23,16,86,0.14174167421668607,0.2511878451300064,5.252410115975893,4.256780475426915,0.6506065189457002
23,17,85,0.14664797758756942,0.26909505457698996,5.728107855335384,5.237040903003625,0.6546376141171918
23,18,84,0.1484211584039428,0.27485923471400525,5.023969670451274,4.0989384825306,0.6444250442174981
23,19,83,0.14484552647043436,0.2536264869233202,4.984283548015727,4.499175221333915,0.6664399831686274
23,20,82,0.14821460155109029,0.2653940489459525,5.364319414674059,4.728107860787057,0.6258009303522922
23,21,81,0.1464902230561911,0.25175487767210386,5.3282171356329115,4.4353168937898415,0.6749707414751568
23,22,80,0.14952216942616425,0.2580027396582583,5.249554768558969,4.376521239601322,0.6282972168332255
23,23,79,0.14665554680673154,0.26231355708881016,5.559134087711419,5.3234564264126485,0.6457116406062045
23,24,78,0.14990285213588256,0.2551831534845563,5.126208110135893,5.11279031878885,0.6370803968770109
23,25,77,0.15282811434845828,0.2507452104663994,5.005007025927426,4.3912414217155975,0.6458630595258317
23,26,76,0.14511961925884706,0.2664392772304794,5.2658945656703215,4.584356938120908,0.654142406540221
23,27,75,0.15088514482192975,0.2561406403692709,4.675032499115276,4.096429648240062,0.6385036258965098
23,28,74,0.14742256429974765,0.2515575938419335,5.0619243274842844,4.2933013733954715,0.6520284521073957
23,29,73,0.14635553034652318,0.25997374208995594,5.000932685158876,4.55020118641479,0.6450979521893584
23,30,72,0.1498581256175651,0.27283316362746185,5.693889536119137,4.935179023599136,0.6323186132943261
23,31,71,0.15621747647706397,0.2639751675902599,4.74541451149137,4.017851137252678,0.6576861469554308
23,32,70,0.14754540279899475,0.25790657036110687,5.001799780031057,5.161355525053534,0.6481602139270344
23,33,69,0.14848538905971242,0.25043282780527204,5.335189658570931,5.024106720487454,0.6384220317911692
23,34,68,0.14594542854984152,0.26279894089686134,5.602218576359265,4.968425009333255,0.6767713888984122
23,35,67,0.14957972536084665,0.26544034599995436,5.196490886516204,5.039265534940876,0.6368042308881511
23,36,66,0.1507943977719369,0.253695832892715,5.310639482391215,5.313757761824741,0.624702562906276
23,37,65,0.15632821901869495,0.24268388734896812,5.382691706918421,4.970246574128152,0.6457244168675981
23,38,64,0.1554348655206657,0.2611237389060481,4.8758404227173475,4.2337495493121,0.6253239968811185
23,39,63,0.15417847820314734,0.26039171835233194,5.486603999150853,5.977275969658451,0.6612353387487475
23,40,62,0.15481116012495225,0.2408070872752141,5.130458106751691,4.828170021086766,0.627814447748622
23,41,61,0.16983320143248357,0.2750782683838416,5.014169478358352,4.229559345472645,0.5996116413093936
23,42,60,0.17324618290748242,0.2778591063139038,5.302537475201072,4.815925438964841,0.584945052001539
23,43,59,0.16603274256358422,0.27645467465333734,5.345129965062563,5.020659601379897,0.5711345282710406
23,44,58,0.17055179535229864,0.26992333332649204,5.048248232716766,4.771282838527562,0.5994482703314609
23,45,57,0.18164967847582436,0.27799955517707514,5.382865741828269,4.769063588028117,0.5678589540886914
23,46,56,0.17551272329555218,0.28104240086056137,5.474610314449088,4.497689193838714,0.5827504878611378
23,47,55,0.17320012332532664,0.28540060383885124,4.969531182773305,4.716876361721462,0.5705940439727144
23,48,54,0.17337301582872797,0.28714487200545796,5.0744293314102595,4.535726181048,0.5537572935321343
23,49,53,0.16614703519616206,0.2715732234049824,5.16960343922722,4.604272018290497,0.6024731932472676
23,50,52,0.1747266173161329,0.2761048716935582,4.923517829198124,4.80377632159236,0.576204907537038
23,51,51,0.17673106796946175,0.2794012492239131,4.686986905465823,4.4193768601784695,0.5803009117285125
23,52,50,0.17183709238532088,0.2723635944546777,4.71314684499054,4.372316670094829,0.5883228314707479
23,53,49,0.1704524033827133,0.28129959159157125,5.110282338893339,4.448309673880113,0.5834644789183405
23,54,48,0.17728562274618542,0.28821927160526073,5.003613439455643,4.47490282342965,0.5841950555688501
23,55,47,0.169577516184878,0.27831573408297183,4.835626453420154,3.906466169394309,0.5784082583305752
23,56,46,0.1734175426193831,0.2869179855171017,5.3433719437149625,4.87884850428225,0.573221533118657
23,57,45,0.17356801958762946,0.2795129285335246,5.312221724958535,5.224813694186927,0.5800261092078587
23,58,44,0.17231307035820934,0.29522554148902586,4.985719839832386,3.7777492389423175,0.5839984745354726
23,59,43,0.17347965171362276,0.27734667254115924,4.723344515047658,4.203318221550068,0.5574894454135944
23,60,42,0.16750680399969717,0.2830793555986151,4.836934662391233,4.733535368004678,0.5669206327121962
23,61,41,0.17113459556637542,0.28132967111539353,5.087371983397281,4.105174623156657,0.5861455111304804
23,62,40,0.17200789811459863,0.2913453741694759,5.72547373609941,5.760725679091376,0.5986981744781324
23,63,39,0.17330049147044685,0.27872488730450645,5.6794626179655445,4.695382891426435,0.5690886036533529
23,64,38,0.178300354552421,0.2853086063119273,4.722307560322983,4.8124817212564865,0.5571249450268365
23,65,37,0.17834472376823401,0.2697779321368908,5.173371702155622,4.2676620834874495,0.5707056835157691
23,66,36,0.17500987201969204,0.2789376735215579,4.802498651681285,4.445160682176176,0.5776633031279163
23,67,35,0.16973784449261517,0.2810508044115036,4.737910519230405,4.39686734637965,0.5949057286907888
23,68,34,0.17343816829949865,0.28555218934222676,5.10523220184983,4.269731250105157,0.5733211174637112
23,69,33,0.1801668081673565,0.29605152024136483,5.372133705437165,4.937072990609659,0.5644177333976631
23,70,32,0.17533274241220217,0.2849380194591036,5.025581058254886,4.451658178268285,0.5558293392193371
23,71,31,0.17730314248831497,0.2817189815741629,5.096448203575669,4.9027979822579795,0.5615477007966494
23,72,30,0.17539534843031337,0.29188509179282224,4.746764735651343,3.8657917989382753,0.5574224853777818
23,73,29,0.17990675187086544,0.2881534761811979,5.2144050797290316,4.9972936548870415,0.5737137041177536
23,74,28,0.17856620468400594,0.2987576676139691,4.947503868120161,4.394073260490959,0.5818043951023912
23,75,27,0.1736304173597537,0.28207485164822743,5.122447463121546,4.567486825627492,0.561339073330697
23,76,26,0.1771921339111162,0.2939043468147112,5.029953930324464,5.0435029119056525,0.5778972225604735
23,77,25,0.17386530941156192,0.3006707813384158,5.106176658082838,4.740190717193248,0.5594101631675533
23,78,24,0.17736374495479856,0.3084811452882114,4.657071820510684,3.974635839506761,0.5611751329734558
23,79,23,0.1712139502421802,0.29209451136646164,4.626630971233274,3.7752653320612426,0.5526106710102702
23,80,22,0.17516147171988322,0.298789175037459,4.837127962468234,4.930406743264079,0.562985115937235
23,81,21,0.17370829434166302,0.30020840871949217,4.531538533482076,4.076065666294593,0.5717241779242329
23,82,20,0.19648230448939105,0.3175246969218301,4.836575407791863,4.090189914343241,0.4859203376835118
23,83,19,0.19580315857637118,0.3175812900435758,4.922116246403505,4.495023871289464,0.5027276489979393
23,84,18,0.1957975583253649,0.3403648332654572,5.163254935200073,4.634082851463168,0.5035968490154423
23,85,17,0.1873110851161099,0.31485766448719527,4.570372460516486,4.0862362159588,0.5184936174978066
23,86,16,0.19442591426026629,0.32613360730467644,4.577207416985694,4.257409014754909,0.49394495612388795
23,87,15,0.18801819202119058,0.32681545792741035,4.986098943732104,4.7490936398275565,0.5035777168858996
23,88,14,0.19683339595090008,0.30468336827684833,4.806960294119177,4.773223541591727,0.5252891268748713
23,89,13,0.20963317175275004,0.34427146339933745,5.055196578935932,4.744731686891365,0.48628453155915446
23,90,12,0.19209116869257345,0.325687799093436,4.47305108880364,3.978619276249198,0.5159167642573181
23,91,11,0.1899001756389232,0.3149811428306976,4.88620722240091,4.6393042873358645,0.5162047631096494
23,92,10,0.19661873276166025,0.30655709231155015,4.813249129778655,4.821020786294922,0.5152452772145518
23,93,9,0.20426412328690674,0.32168808662782855,4.883638729246215,4.192290485672651,0.496343420209506
23,94,8,0.2084217481309614,0.3343496390688943,4.830783939273292,5.060631947528737,0.5075645727651233
23,95,7,0.1896069957738454,0.322046913423884,4.872645059643002,4.454374914374774,0.5318299346231478
23,96,6,0.20247073963379358,0.3383984079658387,5.19064628468127,4.580352407651489,0.49609600784986513
23,97,5,0.1984286691692627,0.33331347767383923,5.162525761154699,4.411794680880991,0.501540339464017
23,98,4,0.1915836448144702,0.3430751944424314,4.915857130668725,4.516990281541269,0.5079095324478213
23,99,3,0.20144718170714473,0.3390553154505796,4.8586353966117475,4.566936759781141,0.49013884725282475
23,100,2,0.1865535276830954,0.31751605937870275,5.559488387661168,4.7439901425934465,0.5380429024349729
23,101,1,0.19308084155609548,0.32372362475099914,4.6621692476678,4.412122436175616,0.5106472109023182
23,102,0,0.20624281822446985,0.34913851758018016,4.59071141474722,4.1643285278167,0.4824786312709401
24,1,66,0.15513210995000215,0.23688961838833078,4.646898872980627,4.235394020133547,0.6387856545072892
24,2,65,0.14796760586930252,0.23402146456140202,5.022843702694074,4.374661274623552,0.6583999004858294
24,3,64,0.14835956043423534,0.2343718662534848,5.058808533828147,4.005387492097163,0.6475983379564622
24,4,63,0.15229264055820912,0.22591571961747506,5.135645416393071,4.378123377634123,0.660616464022976
24,5,62,0.15150881335889038,0.2291831902338174,5.255967516330683,4.855594424607543,0.6875199363794666
24,6,61,0.14921558791330627,0.22620386476722357,4.930262428336473,4.234564221320532,0.667289532219181
24,7,60,0.15348255122795726,0.23605851580979817,5.728513506543159,5.116869893795768,0.6390479181610018
24,8,59,0.15751947994427937,0.23220003190609395,5.359792583641597,4.435386796968836,0.6365042576222235
24,9,58,0.14915804405407215,0.22849410202081388,4.987033154188269,4.5668055860511325,0.656914556087493
24,10,57,0.1544697270573134,0.2377824733678609,5.591754013350073,5.359799842193896,0.6817484327917949
24,11,56,0.15637947225546275,0.24124967634715938,5.188279376686148,4.504376611502846,0.6291555909347919
24,12,55,0.15483444256487114,0.24060853482049546,4.693355474185255,4.221845499789726,0.6601314113743164
24,13,54,0.15529819145534973,0.2362077627180317,5.26774870177053,4.533115311615041,0.6630306917843846
24,14,53,0.15737517364868728,0.24475409411221702,5.149265389717748,4.331787485202751,0.6669901282906718
24,15,52,0.15301042148432187,0.23653205444227507,5.016946931561801,4.318808188208192,0.6709676698995599
24,16,51,0.15723467516071551,0.24982669505950142,5.582061633096224,5.450787004706743,0.6675860585829595
24,17,50,0.15358888713425506,0.24109786941382574,5.131486681453566,4.497070318010699,0.6451397258665925
24,18,49,0.15618153672280058,0.24578918851009454,5.851800844444943,4.890926465626421,0.667210309305536
24,19,48,0.15063559751897346,0.2405833007853092,5.302095308541032,5.28553777381801,0.6394464409353199
24,20,47,0.15336489460997468,0.24625972500277402,5.015678731428039,4.237411626462012,0.6451860468666069
24,21,46,0.15488687238795565,0.25072892631516275,5.333779415696156,4.90374811899966,0.6266732413972518
24,22,45,0.15393372024862292,0.23885903839780223,5.148161115435842,4.593265934925494,0.6344598191290534
24,23,44,0.15498700387186712,0.24084572808164392,6.4099594851825525,5.628670685065065,0.6484375251658444
24,24,43,0.15508563598853484,0.244716934956113,5.400464250011728,5.327709228114955,0.6518613180553549
24,25,42,0.15652113804979575,0.24914048699649036,5.4300405037550235,4.492810486440244,0.6381406086046687
24,26,41,0.1587355337551067,0.24230732627907542,5.685961260983383,5.257592163382047,0.6396962690641501
24,27,40,0.17731538665801053,0.26770522112636236,5.159444787535708,5.2187922084732,0.5836427234492709
24,28,39,0.17218769476324086,0.26351198829614714,4.6093904106765065,5.086665241195422,0.5802271503243037
24,29,38,0.1769536228892333,0.2636319476765051,4.792514813888637,4.4465553541880425,0.5658408287686875
24,30,37,0.17567714371659887,0.2721843288735979,5.238219175496242,4.045260753227332,0.590817894152509
24,31,36,0.1769206969918409,0.275579838263661,4.957011594057584,4.649584472700968,0.5654111306415055
24,32,35,0.17355859712629879,0.2702943930338038,4.772888129735037,4.575204148551892,0.5827708392702947
24,33,34,0.16867822170328567,0.27193239662804825,5.1549638669829925,4.719633682757896,0.5996490839511845
24,34,33,0.1743213775753521,0.26846007425856233,5.271536297078633,4.223067496571196,0.5961891552282309
24,35,32,0.1732163307425714,0.2739415587563147,5.584743995746509,4.801551585361288,0.5823162286765464
24,36,31,0.18256451110271565,0.2711635396246889,5.165855268972015,4.196761968234748,0.5551057469580691
24,37,30,0.1761394085662087,0.2654287570780751,5.372040038950011,5.290953558786941,0.5921497880674134
24,38,29,0.17484805076730614,0.27568078858580514,5.100733716921251,4.381466811538254,0.5493065777717095
24,39,28,0.16991609742676006,0.2732549356653703,4.620777254944169,4.0411471304398345,0.5783585629733855
24,40,27,0.17224968539681226,0.2665141207031535,4.699393713702408,4.144388332565807,0.5792873221957265
24,41,26,0.1754758080648897,0.2780870373771362,5.370110554667287,4.485101893602065,0.5788756705925782
24,42,25,0.17538658106107968,0.26137515947563306,4.9166107898129,4.533743761645142,0.5896162085096667
24,43,24,0.18399398967508793,0.2819226046124203,5.313834245688238,4.419880403305277,0.5736350535672713
24,44,23,0.17714250397088263,0.27744569469063535,4.857405679511441,4.026180104244812,0.5747494276488649
24,45,22,0.17711208191741135,0.264856765766774,4.821755709303573,3.9849050499465966,0.5800507775916486
24,46,21,0.1777564863169867,0.2709613583181076,5.066646386733192,4.154002641429035,0.578618008933894
24,47,20,0.17050185016610347,0.2646082506101863,4.994182067072018,4.087030729481502,0.6003774175186395
24,48,19,0.1752948882118799,0.27452119073488834,5.368528927260771,4.764531013654412,0.5750355128854364
24,49,18,0.17295668383888668,0.27640061901639823,5.6445153884399,4.781250134665046,0.5999635594785278
24,50,17,0.17485154008373022,0.27504805331995436,5.321794936135417,4.629549477011168,0.5722434092116523
24,51,16,0.182848567830655,0.2836228566163776,4.97521335803158,4.618432425329254,0.5692470744469279
24,52,15,0.18374643931008675,0.2855103388989267,4.8598764581612155,4.409299032436031,0.6009929585522212
24,53,14,0.18292535655085437,0.27461859599693345,5.228179424685623,5.156953291422094,0.5695021094264041
24,54,13,0.21024875751285713,0.31437692026571384,4.873730841261622,4.010326986475964,0.4802408115651259
24,55,12,0.2036579597405407,0.3090311438388375,4.433345544931556,3.8762495888006203,0.505473854433321
24,56,11,0.19330606973652173,0.29511258491003073,5.121049175457406,4.221503648426289,0.5168075066611171
24,57,10,0.1886704590386989,0.2912344084833933,5.298464686566692,4.408213944096175,0.5533754222065379
24,58,9,0.20179679629027958,0.3144055858880498,5.034327795326336,4.256576092859284,0.5234172599987895
24,59,8,0.19379746145513582,0.29883644138210996,4.706803834851923,5.171626697290248,0.5313541436027933
24,60,7,0.18936850672376263,0.30116703601734396,4.799835908587458,4.5824248710648,0.5326020104041024
24,61,6,0.19894697434860914,0.3189818351486727,5.3238015734314255,4.709062609482044,0.5094957074076378
24,62,5,0.20671435076281947,0.308758147692867,5.085118216199369,4.845857950787648,0.5207221096244627
24,63,4,0.20745632297398114,0.32610710110643437,5.639936597922348,5.062972498508951,0.4864579748475027
24,64,3,0.20539747626852614,0.3148826030346887,4.25367257291926,4.259705268754845,0.4833933643669911
24,65,2,0.1991103736075425,0.31064850270095046,4.906285985535314,4.321975585472755,0.5070960089696399
24,66,1,0.19874359949465126,0.30547974099625536,4.382454127221994,3.9859627864932285,0.5155146185220333
24,67,0,0.19310744721198556,0.29614711197138804,5.2575032539083395,4.324545107203849,0.5392658833361198
25,1,217,0.17450488572793338,0.22328906115375538,5.09617197228912,4.61667676941514,0.6292237728662254
25,2,216,0.16527802775194622,0.2110784721634758,4.851703202441474,4.738891686184004,0.6796222058997653
25,3,215,0.1686210573082522,0.2140996934054798,5.573547347497432,5.130668917493191,0.6660357293057029
25,4,214,0.1713817100331777,0.21870743735395157,5.323185259093648,5.652807043992496,0.6636457083116335
25,5,213,0.16581798208059248,0.2101968036073493,5.069642160838709,4.3693080725091935,0.6781278356943232
25,6,212,0.1682312809787436,0.21094074344593455,5.770926032830774,5.028477395826241,0.6648928289609914
25,7,211,0.16606265221374406,0.2097444383178967,4.87354614718154,4.741832619821844,0.6699585749219809
25,8,210,0.17496279194512684,0.22000020179078594,5.411270054612596,4.803519510174663,0.6624226169168416
25,9,209,0.1683125213601117,0.2120489381720351,4.83228819979529,4.070831213170684,0.6646994524500548
25,10,208,0.16534709804168352,0.2084519084166924,5.421781719985403,4.907931220506106,0.6662766192757917
25,11,207,0.16950943637597737,0.21460765227660997,5.566352227988157,4.756128149098663,0.6835505031739011
25,12,206,0.1678515614573281,0.21053953766734124,4.515281136354036,4.000437480961523,0.6529627355045117
25,13,205,0.16923977920278985,0.21153950777415736,5.35524390804392,4.8861931555784635,0.6895536985818349
25,14,204,0.17127979674860067,0.21470980918620036,5.37636422322571,4.568599715043163,0.6532037718605557
25,15,203,0.16898285354500692,0.21231775472774964,5.341520952069599,4.420311574375263,0.658652090428529
25,16,202,0.16737156987492496,0.21173925831555007,5.308310542236224,4.566049815074738,0.6680378594415778
25,17,201,0.16772666901384056,0.21390255870989766,4.754643863200398,3.9213106519682173,0.6704345164743998
25,18,200,0.16931639445636934,0.2146999653053169,5.344079209913739,5.0686771368759045,0.681125452667432
25,19,199,0.16799034281052683,0.21269238281925545,5.311183401888487,4.456749689193423,0.6562963985791641
25,20,198,0.17483811837456792,0.22195949872374438,5.956439694362858,4.692725512800585,0.6728133854038689
25,21,197,0.16744053632459366,0.21398553020200614,5.929075002874756,6.0373155858150325,0.6530596909157388
25,22,196,0.17066733808543522,0.21633179843249833,5.256249074144149,4.945399850306586,0.6783198212878022
25,23,195,0.1742261944383603,0.2191863103905502,5.777222689825493,5.1688903156527415,0.6649778990359287
25,24,194,0.16870502639089568,0.21228603789648823,5.910388356824846,4.825248231087413,0.6685794985740153
25,25,193,0.17176339222413783,0.21554374696004974,5.482293243058365,4.421101664190583,0.6565087366152732
25,26,192,0.1717586737075469,0.213874378021911,5.668787543930886,6.092877093831943,0.6637820443681393
25,27,191,0.1689122314460033,0.21053820213124874,5.278769605048122,4.608125595606934,0.668121500888873
25,28,190,0.16757826235797885,0.20964323898434353,5.105391041866321,5.20636126440721,0.6664286501387191
25,29,189,0.17514435330235006,0.22139321979458684,5.565346455332077,4.852302004905875,0.6547134571005963
25,30,188,0.17450407386051206,0.2217578919485016,5.003747416698054,4.234596454317018,0.6620300307009904
25,31,187,0.1653444768289832,0.20933702838698653,5.223146713027198,4.374625031953013,0.6701188191896997
25,32,186,0.17083631078247233,0.21498895676071228,5.090260351761502,4.441371669090662,0.6608989606164599
25,33,185,0.17285725491659457,0.21783082005782597,5.477555138640847,5.067524202496216,0.6991422614067901
25,34,184,0.1712016200550487,0.21854415601655083,5.973001369002034,5.650565480482839,0.6829601081370725
25,35,183,0.17254699694083644,0.2215562211194787,5.061177911372544,4.234911617556536,0.6536834675840807
25,36,182,0.17526325016240996,0.22873373951006684,5.331691996802309,4.810635592917243,0.6702509841350722
25,37,181,0.17371743715410792,0.22759858545816625,4.97081668738981,4.560257806853141,0.6762442902157191
25,38,180,0.16825723128635606,0.22426657630394511,5.753700869345755,5.31643367898865,0.6789927261690447
25,39,179,0.168655238114711,0.22295154628095268,5.000465095511846,4.46222083964467,0.6524059741909624
25,40,178,0.1748235817416711,0.23066043840527353,5.545479313616452,5.346647925912042,0.6447695356511456
25,41,177,0.16714322978284502,0.22250680399046366,4.980866582580024,4.9312637847112955,0.646081875992235
25,42,176,0.16709611131304203,0.2254983636760188,5.297701756949613,4.677851625797727,0.674792994368418
25,43,175,0.1670627896460234,0.22534737027626509,5.681427023535658,4.813496399509583,0.6528130019013763
25,44,174,0.1643879490979828,0.22340381794858122,5.4195228601061896,4.367590618619743,0.6546379512160114
25,45,173,0.17681848123642874,0.23869820137788655,5.523879314991413,4.3687033346060185,0.6344876598361738
25,46,172,0.16839400495298915,0.22792586621167554,5.4797607377672755,4.892438913035909,0.6740904456934969
25,47,171,0.1668688533818719,0.2229310923864798,5.8993948949138435,6.068764795805519,0.6410475948242585
25,48,170,0.1688394015538928,0.22570932765772683,5.602405023790228,5.312771536443592,0.6732729689791604
25,49,169,0.17076301900249158,0.22884591342760605,5.294911677144814,4.181659713003574,0.6474231955440406
25,50,168,0.1681587634696766,0.2256276952491506,5.657854055759638,5.633647601396262,0.6693929868425469
25,51,167,0.16977875530743708,0.22858495124982414,5.098887767483044,4.765939823995607,0.6631260406336651
25,52,166,0.1778887167532524,0.23920600677573547,5.095140906504156,4.184638837474539,0.6444455498735117
25,53,165,0.16737067027441577,0.22365121727396461,5.425841296781,5.034165880287366,0.6674808845454654
25,54,164,0.175983533695694,0.23597522038002275,5.0783637520611995,4.999969132834361,0.6273378971508871
25,55,163,0.17250891866002271,0.23035463410579046,5.530180306670331,5.240952637442259,0.6574272728749303
25,56,162,0.16877675006293544,0.2232114903292439,4.983703555712072,4.7898160547067095,0.6459237764911389
25,57,161,0.17531934462935075,0.23353764155543294,4.990772133370285,4.826318859463728,0.6600668134477726
25,58,160,0.1709158003645586,0.22766266138848235,5.44325574160595,4.6923627666009935,0.653099422923604
25,59,159,0.16923124444297616,0.22397234342038874,5.448988875393609,4.841705222645361,0.6397148190567484
25,60,158,0.17152854679598128,0.22793442830377447,5.178278933649059,4.717422256466775,0.651719868122645
25,61,157,0.17675235950729887,0.2346410899381268,5.237473300980001,4.690350961753835,0.6669489641210451
25,62,156,0.17682107245771697,0.23309385010759331,5.418261635526095,4.458152223904962,0.6521983674371266
25,63,155,0.17410125194604498,0.2304085015131077,5.3026661964235515,4.292342312644663,0.6585032278693729
25,64,154,0.17115798393262355,0.22686340560325036,4.883650719431094,4.689929501881232,0.6464897984320205
25,65,153,0.17066458532280163,0.22653689048745745,5.3506856890421055,4.834436677802737,0.660995667945303
25,66,152,0.17277272609524413,0.22692604989889614,5.191161193580071,4.677738077061114,0.6518257654851167
25,67,151,0.1769038106021641,0.23260416570153078,4.7299584672486885,3.9863452608896597,0.6442495358113095
25,68,150,0.17969395801348914,0.23789853812643677,5.520430087433581,5.187632486871877,0.6503860204920817
25,69,149,0.1781247583429626,0.23733202774834986,5.54261669399175,5.393002553510039,0.6439489978705851
25,70,148,0.17347978973793238,0.23072012061210345,5.224369235610399,4.577720734085371,0.655030665690836
25,71,147,0.17454750829487092,0.22803412972152973,5.2181955825792725,4.8471700376592874,0.6335897056203081
25,72,146,0.17150620816097242,0.22084737861406423,5.168401251660281,4.836509001165952,0.6682765210012058
25,73,145,0.18249641102358424,0.23877175746105403,5.239838996112908,4.586859037653338,0.6302382284320205
25,74,144,0.1762324344895074,0.2314754858118358,5.031858129214282,4.150150109295831,0.6545437341316717
25,75,143,0.17554472562424722,0.2323308317937099,5.635364410669613,5.085275044266252,0.643158239615607
25,76,142,0.1742721968217095,0.228184697165775,5.589496544249359,5.70468941752303,0.6693582115816971
25,77,141,0.17650896832478213,0.2312236948608068,5.087070811147921,4.279393923197571,0.6752831668126127
25,78,140,0.1753897423457361,0.22773821751735612,5.160559719436677,4.640123643673539,0.6392649290523275
25,79,139,0.17580172236425332,0.22639682414761844,5.3791529027109775,4.531075539613567,0.6636518288327987
25,80,138,0.1775981019018782,0.2284860560148106,5.083368465193695,4.409717830634201,0.6578160156644325
25,81,137,0.1788062476343889,0.2309413235213154,5.659802948165079,5.313844385859874,0.6500673687657547
25,82,136,0.18402456098624206,0.23470534242166605,5.202194615667586,4.721062552545571,0.6412614130086902
25,83,135,0.18103794081162158,0.23149270825901205,5.509249830996614,4.539490375762959,0.6606817834440556
25,84,134,0.17546842311877286,0.22850406140934443,5.362619259719134,5.126590414330473,0.6501829507088837
25,85,133,0.1718970960235517,0.2227518444858653,5.300393112739331,4.618740250228239,0.6625373998923554
25,86,132,0.17548097936289392,0.2291456873558966,4.999580173194395,4.297818287787638,0.6605653083958895
25,87,131,0.1816969535580656,0.23630848325262777,5.279145449182698,4.462882692973682,0.6381964889938463
25,88,130,0.20095942892541402,0.2624220013069434,5.108133905600205,4.318794237165823,0.5989310580117987
25,89,129,0.1954857961041127,0.2555594486873276,5.182261507785989,4.511739744922737,0.6021092496575005
25,90,128,0.1948085836084516,0.25039996154400157,5.120723252331908,4.890333393184089,0.5965979648447279
25,91,127,0.1947500979463935,0.25041796985511655,5.497223093236288,4.514084550992994,0.6017627922933471
25,92,126,0.1930232268478435,0.2489707364395732,5.817299630989959,6.3399079075325195,0.5972069039736341
25,93,125,0.19495686426166747,0.25221042232269797,5.406462513662434,4.816772752427433,0.5966923391333769
25,94,124,0.19038556736929477,0.24739797454965684,4.680394524006644,4.380465292977807,0.5739977817015111
25,95,123,0.19493868169301512,0.2546079608199824,5.883181997064133,4.94465564291724,0.596977977931232
25,96,122,0.19521700353844013,0.25555485822670343,5.3326243578774175,4.532740987375744,0.5847000520243625
25,97,121,0.19721288325552627,0.25750348028663506,5.359631372016873,5.5303386799513765,0.5853825721996794
25,98,120,0.19706333751658092,0.2577524951508058,5.050084902184779,4.505403063583233,0.607268596898843
25,99,119,0.19542649684323904,0.2552999472584844,5.308599084112201,4.963490818297876,0.5982779064187813
25,100,118,0.1990865860331365,0.25842001784818236,4.799199531091899,4.59325082297851,0.6009230740512072
25,101,117,0.20076481331584728,0.2583891881686768,5.286002773504496,4.485602041339024,0.5770280074586666
25,102,116,0.19942696256480227,0.25565221296477714,5.445398690366629,5.009241616876538,0.5974182044436483
25,103,115,0.19814845204083523,0.2541901466685046,5.134979788707847,4.3412454702067995,0.5862138643924253
25,104,114,0.20323248004075817,0.26040059848655717,5.073434149986187,4.493892846579602,0.5947397360948388
25,105,113,0.19674380202838102,0.2547864764710182,5.176630688852944,3.9553536641663443,0.5830984186826157
25,106,112,0.19759823164360965,0.2544329965504476,4.989864635785877,5.0396837320075045,0.5704030073846422
25,107,111,0.1954907439774188,0.2531144081316852,4.777817538402394,4.241229511872145,0.5837842606710565
25,108,110,0.19721522845415287,0.2570472002609274,5.4963418862366025,4.731506914642201,0.6242977627319558
25,109,109,0.19623050667276293,0.25517142728113007,4.85562253024007,5.376514905773312,0.5900499372967629
25,110,108,0.19316887334822694,0.25405524967374543,5.185388943608714,4.122100908760561,0.6173467101660264
25,111,107,0.19360461822020125,0.2554607682280479,5.268264094211486,4.922996772663341,0.5758429531973701
25,112,106,0.200493459552948,0.2616731363647558,5.0137267167765,4.087144892333299,0.5699963655281894
25,113,105,0.20446354128117886,0.2684923908452605,5.1281607318826286,4.39605662150795,0.5923366220233043
25,114,104,0.19406172140524813,0.25744754143507914,5.4719280738398215,4.479926482780322,0.6092395472813577
25,115,103,0.19348126936788612,0.25595290137937154,5.460109218868513,5.246517934333167,0.6086948901392188
25,116,102,0.19367691360354342,0.2583635275052963,5.512458130775491,4.551375485064036,0.5831467933066187
25,117,101,0.1983686024767292,0.26452129530572377,5.034996814855576,4.120922680201477,0.5869051915522866
25,118,100,0.20100654295240888,0.2659981492400355,5.084178558416187,4.603945447485552,0.6038287665510129
25,119,99,0.1978154435875226,0.2592919667925112,5.1939252816965755,4.41561125731507,0.5836625904382966
25,120,98,0.1959019810511406,0.2550874432880694,4.887936035030702,3.8599014653451045,0.5955829216495051
25,121,97,0.1994533266077042,0.2594524181897906,5.169556438932778,5.52492159481304,0.597942174771522
25,122,96,0.19314376855342302,0.2520611019093624,5.028114560996225,4.7175979531762575,0.5847948810365754
25,123,95,0.20365740780344893,0.2649945887610769,5.013783578770452,4.228923528602692,0.5774877955123772
25,124,94,0.2017413683007398,0.26330511104551446,5.417027678910529,4.442140665329573,0.5852298562468771
25,125,93,0.20590686085533477,0.26855728076025476,5.02501199749936,4.559234735459997,0.5729051519994451
25,126,92,0.20225434695724293,0.26657269390318983,5.474772344706813,5.701290934266345,0.6025519931369323
25,127,91,0.20097398311786024,0.27124320429372806,4.632727267796737,4.1165671693031065,0.5817927344396612
25,128,90,0.20674827739663734,0.2758307123115858,5.195413013873187,4.325681460033953,0.5663322584780919
25,129,89,0.19896328090279317,0.2649165983340611,5.894306415289726,5.057810292254491,0.5808383103937219
25,130,88,0.2003704513766029,0.26472481877610754,4.736807807624681,3.9239232072318044,0.607353821381689
25,131,87,0.20205765644142812,0.2742494494888274,4.581833419799638,3.8839878957856073,0.5876291110613467
25,132,86,0.2102334453882972,0.28262169159772305,5.029955456809408,4.350515044044368,0.569035367525573
25,133,85,0.1936097494255023,0.26140457969014774,5.626172794647879,5.339571169540173,0.601584915035066
25,134,84,0.1966016044605329,0.2666915145427827,5.398342931520183,4.987657154634484,0.5857722756081684
25,135,83,0.19677122988366147,0.26852428104939424,5.096047752075391,4.582528424196864,0.5866871028077387
25,136,82,0.19952189541901666,0.26704083326455086,4.930154997002413,4.2528838959789335,0.586459721210428
25,137,81,0.20253609507092601,0.27428138757588777,5.03882615337012,4.32588514181253,0.5812257130682652
25,138,80,0.19799650023925,0.2674646720842131,5.096816052802871,4.015081442320247,0.5825811471823635
25,139,79,0.20093944096073194,0.27036382110767,5.6339528426562335,5.018981907026255,0.5923211286819864
25,140,78,0.20026038476096736,0.27248722792580105,5.2415039289419045,4.307211910481072,0.6048332112651078
25,141,77,0.19481395781990962,0.2619372133881124,5.101093836634507,4.721303191006393,0.6131704376430609
25,142,76,0.20338525140528935,0.2768649067884281,5.209589196884554,4.524445959829828,0.5819938737107879
25,143,75,0.2077764110449068,0.28060834081233926,5.036525746671206,4.949220991318735,0.574624082175826
25,144,74,0.20387634793901846,0.2724972832578531,5.401394059410504,5.03660502470434,0.5867864466829825
25,145,73,0.20305264205587514,0.2690348826373168,5.10404906451031,5.005625236389749,0.5651636895764492
25,146,72,0.20547196643763194,0.2756054845605276,5.447476378965499,4.980866095447827,0.6056910391271833
25,147,71,0.2054785256998752,0.2748068612105938,5.014911101660051,4.4934423871712585,0.5817879051810013
25,148,70,0.20175382451335508,0.2704532098478987,5.363508714962032,4.4115292997493345,0.5777772011236209
25,149,69,0.1993683812992335,0.26567314881023313,5.216126960791523,4.4869257910951434,0.599042387601253
25,150,68,0.2025134966211783,0.27335820608532135,5.195750939925757,4.243265765133543,0.5584605134255528
25,151,67,0.19531664136341467,0.25930468525322065,4.949540722306496,4.43922863620793,0.5880470790635499
25,152,66,0.20465382897778905,0.27211790085019577,5.2902903801302665,4.8579377576423415,0.5781816770421716
25,153,65,0.20107883238234486,0.26437863819671653,4.830660719592154,4.232589787840816,0.6021293051658498
25,154,64,0.20519447277110292,0.26543940365875307,5.101663518041654,4.3606271536426,0.5722149464960566
25,155,63,0.20905055300379158,0.2679222475233011,5.057840580414426,4.5614404446295636,0.5876703682680212
25,156,62,0.2036819596962265,0.2608370016067242,4.769338508303473,4.8710223948683335,0.5791600155607307
25,157,61,0.20790313313361988,0.2655042984088134,5.22863403825963,4.611982763312978,0.5857829662802811
25,158,60,0.2063105757830449,0.26361537744432223,5.497637049638911,4.843174590810424,0.5708112396900039
25,159,59,0.20433793733461064,0.2618426459288605,5.035599689132174,4.2992919300874775,0.6026840199957242
25,160,58,0.21160319002387912,0.2713841335719322,5.0970401458446695,5.248074378426926,0.5906536096945724
25,161,57,0.21338649268645093,0.2716941029866478,5.430867791226849,4.838600840078593,0.579425886758379
25,162,56,0.2077577022596377,0.2636039819233089,4.825066112746066,4.469717917439341,0.582131386960194
25,163,55,0.21022314396361158,0.26545874595492347,4.965762708052588,4.7959513150578355,0.5974642060166065
25,164,54,0.20303573939784883,0.2551794874873949,5.26259694914741,5.2901696902087485,0.58456403256402
25,165,53,0.21170765847932158,0.2648288730176595,5.110950101161395,4.507653224925182,0.5808182142067392
25,166,52,0.21064678131217363,0.26251055680022595,5.318503462479866,5.257791661289516,0.5984844905257678
25,167,51,0.2104897523085255,0.2622905360326938,5.177458829522873,4.306651358017028,0.5745694080214702
25,168,50,0.21429397091161606,0.26770449462292223,5.0628895910969085,4.796630424827929,0.5726602726404939
25,169,49,0.20918559146270163,0.2601805807484673,5.614601189764276,5.706611843821971,0.59284653033988
25,170,48,0.20866939358486492,0.26014181800385366,5.363503858343549,4.662907824725091,0.5702658344356093
25,171,47,0.2150247493144604,0.26755184183984587,4.573794576527984,4.559210889171391,0.5731623357860974
25,172,46,0.21411507438017002,0.26307593383781414,4.994189696375535,4.355515675659179,0.6044029933994864
25,173,45,0.218342732390681,0.2683336448364381,5.274531970483167,4.5588160401854445,0.5746580437781769
25,174,44,0.21239711796066696,0.2603956317303448,4.66940196984678,3.9485611178323574,0.5876010779337251
25,175,43,0.2311523078496959,0.28442926497009724,5.3761320420890195,4.575933258040057,0.5440481694898243
25,176,42,0.2317364470710558,0.2881894681427523,4.914720199838659,4.5504598202898565,0.5369339005212027
25,177,41,0.24592605807440765,0.31010893702249387,4.715852806658431,4.017658361295874,0.4954997476003468
25,178,40,0.24235024906371339,0.3032225317596628,5.217680585562559,4.484924061985152,0.5312275125840198
25,179,39,0.245067037978709,0.30812158604637013,4.988450578998974,4.32271613279216,0.519172538452062
25,180,38,0.22749253008414927,0.28682464106413336,4.7395954209984135,4.23254387248553,0.5461222968926743
25,181,37,0.24305346434022854,0.31115451808872613,4.760566766042857,4.11969640897136,0.5027476182337252
25,182,36,0.24194522541858338,0.3105174545569007,5.006173860338672,4.141280663945047,0.5142685119108681
25,183,35,0.22690115022013926,0.2924468388673636,4.47826046070764,4.31158210831235,0.53250327568908
25,184,34,0.2223023959405343,0.2933582438796144,4.77503453485815,4.341451149165505,0.5429697559124405
25,185,33,0.24811576947323447,0.3239591672635894,5.135739668417596,4.2982661829394235,0.48870210126099506
25,186,32,0.22195242711291643,0.29108805035526036,4.721697597632165,3.972480645834071,0.5430609738240667
25,187,31,0.2425592308074089,0.31781664474328647,4.60913807593864,4.413908947729088,0.5057241647835183
25,188,30,0.22685525967475342,0.3003663382352867,4.908831351327128,4.344944688742928,0.5473750607974301
25,189,29,0.24595516658613753,0.3258476276366996,4.6092246761056845,4.005650857684384,0.49513722450017855
25,190,28,0.22153483914360123,0.29139494395582566,5.323324313203413,4.4601463765242775,0.5414358205114591
25,191,27,0.230564022322013,0.299710023540391,5.127097807558567,4.699371420094356,0.5216455065941733
25,192,26,0.22985146633074865,0.3004251467487972,4.977301401516589,4.373707519919187,0.5332253432110868
25,193,25,0.2325968333781707,0.30466410755720685,4.91724287072102,4.482852317562747,0.5285331625716093
25,194,24,0.23884269310667233,0.31446720756730173,4.994006177367323,4.57624197924999,0.5511103459739292
25,195,23,0.23371390771235892,0.30969719174053495,4.9010736254019065,4.1444378706169624,0.5264590076775767
25,196,22,0.24351927441305807,0.3229969026502233,5.188381127859323,4.567544245957514,0.4999971828706217
25,197,21,0.23494846677779002,0.31504922106108324,5.3364792477617105,4.232178712437965,0.5297385533208953
25,198,20,0.23310122526210506,0.31185584914575076,4.705600950345424,4.848384676689036,0.5162221501715076
25,199,19,0.24112604851265168,0.3198150310222262,4.239822587478773,3.966874804164353,0.5005643765909832
25,200,18,0.23411050726082194,0.31270082336641863,4.656448469895039,3.7384665813236424,0.5199398326958726
25,201,17,0.250745889436777,0.3328336352154749,4.841766511203888,4.729524293085651,0.4808374959952298
25,202,16,0.23508413823440918,0.31725884664070314,4.857281529997641,4.191795502894555,0.5077142530432363
25,203,15,0.24459311572419565,0.3310114410052381,5.2602668828711785,4.740676260525876,0.4867551853743469
25,204,14,0.22407475142564434,0.3044563799846363,4.720044568904144,4.352458965691245,0.5209028196642006
25,205,13,0.22228788941283203,0.29976958946800375,5.4023056104213865,4.675986041462666,0.5502623318686962
25,206,12,0.2309142543424127,0.3157890430774431,4.592070001957723,4.611830845564615,0.5227560195400253
25,207,11,0.24185132800698686,0.3326587573720577,4.552267781048723,3.7648870625136728,0.506712461847885
25,208,10,0.2262822344201172,0.3138342374573464,5.0868773559471325,4.668734359561084,0.5360427195324784
25,209,9,0.2250446922278795,0.3114004499022936,4.516895321690932,4.504055447185565,0.5317478967200534
25,210,8,0.2314953277377343,0.32399431614908586,4.779450481442412,4.481247425013588,0.5360717610896125
25,211,7,0.23124515639157436,0.32162711061584187,4.911680453957834,4.699790320516815,0.5184343695010425
25,212,6,0.24591352936828437,0.3408745820911031,4.436300620169645,4.396682117704293,0.49633537088203095
25,213,5,0.24180691849858407,0.33539707615598213,4.894233624749704,4.512084786689056,0.4923756670795849
25,214,4,0.23336751088636437,0.3267182084703611,5.118781749325835,5.226754124396607,0.5286210991542593
25,215,3,0.22000549227988186,0.3061110856691487,4.737847223808741,4.205402927961479,0.5579639375465668
25,216,2,0.23069750318055815,0.32402032625128485,4.724881095964216,4.292307951039201,0.5059047141342515
25,217,1,0.24617736709478566,0.3420906174687693,4.66891335111631,4.182961859984047,0.5000836661602494
25,218,0,0.2463066331201504,0.3416598642645744,4.537325172915345,4.202134712492388,0.509961869738995
27,1,172,0.15349811508009628,0.23020107331165016,5.287118503800244,4.947193247671725,0.6603850285225205
27,2,171,0.15478743614967108,0.22883899298586843,5.525427173039006,4.9080779639512295,0.671563852895489
27,3,170,0.15762238870835446,0.23189393452252705,5.109723606315438,5.437838198361119,0.6371491222965379
27,4,169,0.16080713771262642,0.23166738493018427,5.492117845306778,5.638197429258138,0.6653262492581965
27,5,168,0.1519717544316096,0.22422005789978341,4.754102426621089,4.055483982882134,0.6498659593910889
27,6,167,0.15272214917751714,0.23038422492342883,5.391941428060308,5.371256650294476,0.6650456493181092
27,7,166,0.15158257849718823,0.22705410208498747,5.061485316775562,4.499069622634682,0.6615772969384245
27,8,165,0.1577477382001399,0.2350391725425869,5.332490316622102,4.7064042486811735,0.6726102613385463
27,9,164,0.15137689876255825,0.2304758334703646,5.308775452328565,4.568156975407103,0.6525133126614902
27,10,163,0.15079606425612407,0.23611096525198033,4.832842246705821,4.17195372330049,0.6371070870204537
27,11,162,0.1527348990693324,0.2265064849921808,5.184741949703018,4.87512103447418,0.6282922051368903
27,12,161,0.1601007663262442,0.24477271418975344,5.473208323852522,4.257278700054708,0.6571011350112004
27,13,160,0.1576827699418906,0.24026987566789712,5.275955228457716,4.284585356101902,0.6419882142604287
27,14,159,0.155214552498716,0.24061652525364946,5.287379525261336,5.105342232450286,0.6928653028529037
27,15,158,0.15872040719284314,0.25070254119760826,5.215661322125973,4.496579155037044,0.6378404983941862
27,16,157,0.15251186218655619,0.24622807346259265,5.578047939953561,4.87733709179568,0.6478481359355389
27,17,156,0.14945246854963404,0.2381422377287668,5.002453879849632,4.92766954302717,0.6687827747506023
27,18,155,0.15537357548928038,0.23771762288818382,4.99837864780278,4.432294583761387,0.631824104001648
27,19,154,0.1562382709052805,0.2398316190976737,5.007929562646618,4.096973355664906,0.6490756058288214
27,20,153,0.15707606572753768,0.23525454671692866,5.5368897321629,4.942821646230928,0.668204230530876
27,21,152,0.15324494325700255,0.23001897942786906,5.109648499310689,4.901740492853884,0.6588009203524888
27,22,151,0.15980147537967399,0.2461858402404457,5.473890281962147,4.543462185016402,0.6471001123606872
27,23,150,0.15264524648459066,0.23545584952937954,4.892789648730568,3.98399381646352,0.6439353062054123
27,24,149,0.15673120123668915,0.235632142848493,5.417309295535556,5.230008955227913,0.6579274660064948
27,25,148,0.14796632213617836,0.22308260979764202,4.798171599253986,4.6630726474943875,0.6802403598387957
27,26,147,0.16126931362991292,0.2354729790875646,5.347981430918371,4.5132613066748695,0.6760707038657389
27,27,146,0.16021132459826398,0.2374839878156099,5.028377997750525,4.227199223111031,0.6461741251516718
27,28,145,0.15375071170985413,0.23754023907036786,6.049957167355246,5.0582661569478065,0.6453213122863354
27,29,144,0.16042726753253123,0.24631937285444186,5.522872132562017,4.34274015819034,0.655661154594092
27,30,143,0.1569290884961108,0.24297218887004443,5.735596146610737,5.70522015524216,0.6517711566715845
27,31,142,0.15523225804968918,0.24126143917908632,5.1859598980833725,5.079026525292502,0.6638198124452391
27,32,141,0.16178980210886862,0.24011055352392816,5.386533491913401,5.210819429009287,0.647086540033173
27,33,140,0.15993778552226687,0.249321520684088,5.179095034307204,4.560125924701752,0.6392106974260644
27,34,139,0.15523787214692658,0.24209636439984236,5.439786514300817,4.429192358666113,0.6363219127450152
27,35,138,0.15703240613341157,0.2454789647292329,4.989051348451481,4.4800428519030415,0.6332325475563337
27,36,137,0.15935522097941832,0.24534037196421252,5.825754551698999,5.0749807256136155,0.6428748659563921
27,37,136,0.16018655470370247,0.2342466670535063,5.137445865728157,4.8424687174520225,0.6537374260818525
27,38,135,0.16153297892517043,0.24738185068962615,5.2254650646731875,4.333540588988283,0.6466815797686979
27,39,134,0.1634825218808536,0.23740623908095845,4.992358389660325,3.9384867749034735,0.6426640453029754
27,40,133,0.15657809424242936,0.2365335823192494,4.8504641180919785,4.383931326228721,0.6460350641056205
27,41,132,0.1638117750414404,0.23892476623162182,5.437696107117238,4.6372420835286166,0.634570428788848
27,42,131,0.15895364135389423,0.2316515652558225,5.252231624319835,4.962851591347341,0.6737829265713052
27,43,130,0.1607797383792098,0.24168276628073576,5.5673842227950185,5.231019926424703,0.6622271531892692
27,44,129,0.16869458107602084,0.24700293770376597,5.486874393232256,5.046855477325613,0.6214742003399829
27,45,128,0.1613977091701006,0.23558893159650718,5.308177418319881,4.556435032069584,0.6576105634470071
27,46,127,0.16236264565789615,0.2418828725460308,5.319861746420675,5.4869034159455445,0.6321923463705197
27,47,126,0.16229195229042218,0.2374480936203113,5.540351353126535,5.780929066248824,0.6474210655487209
27,48,125,0.16552346041900742,0.23578787726744543,5.182265894971744,4.5513762601356635,0.6588405605527594
27,49,124,0.16329123794703507,0.2377749564789635,5.130497550862451,4.703983197563103,0.6409515549748187
27,50,123,0.16133045411101432,0.2409051692561318,4.964003266884603,4.7461524004733,0.6117938235625654
27,51,122,0.1652512253333017,0.23692626724955376,5.450813183689811,4.413092514327631,0.6549280426329354
27,52,121,0.16560458936620542,0.2376950383366634,5.513791003711173,4.988749646728236,0.6553170656419507
27,53,120,0.16060894834342168,0.23284270314140795,5.401970925928763,4.783127003191787,0.6644798665676968
27,54,119,0.16768164504534658,0.23565078001588516,5.49245244406867,4.710669812043047,0.6498740564062978
27,55,118,0.1577255416150831,0.22085070861723705,5.192614443966016,4.400693782315046,0.6728809743794513
27,56,117,0.1723027709308409,0.23720420069203457,5.2759395198628525,4.785975136895443,0.6609291715769408
27,57,116,0.17029980038028406,0.23962091613596653,5.389109034887053,4.716397124541806,0.6421822472258529
27,58,115,0.16436406473027051,0.2419983213796847,4.891972101571854,3.946908861414585,0.6525224228090782
27,59,114,0.16912691793943613,0.23701669423849422,4.936563459460583,4.417860303648153,0.644519763633185
27,60,113,0.16450770056155897,0.23549626758143336,5.195585569617273,4.048405358553585,0.6395137498939725
27,61,112,0.1650470606312033,0.24319649512569752,5.1179220668205,4.398563978925929,0.6382434211373824
27,62,111,0.1627062958899987,0.238969178847819,5.465592786801997,4.570846693562069,0.66649049977292
27,63,110,0.16667333214725155,0.24262562505018573,5.487690733051711,4.6786371686027985,0.648186439306503
27,64,109,0.16806844824984446,0.24826802440518014,5.356264337806841,5.226709186813295,0.6629319114189243
27,65,108,0.16706847483144885,0.24749657579803072,5.262345238373285,4.790259368655195,0.6350500928926589
27,66,107,0.164247812067399,0.24473500001151546,5.006591890107364,4.560113906343571,0.6477602001295899
27,67,106,0.17257451753868283,0.24238198044689754,5.257968816899336,4.621593280799818,0.6446704821206872
27,68,105,0.16963789497781243,0.2442562716619522,5.51830315633868,5.397624965917634,0.6364188088721763
27,69,104,0.17019073828421669,0.2522797361706687,5.422940156790414,4.104591001436308,0.625571156071278
27,70,103,0.1809638908280666,0.2649965131309905,5.426396368104676,4.986360900876638,0.572970068409933
27,71,102,0.17974670523782899,0.26053615254225193,5.323540169050932,5.017403552705367,0.5966271479348731
27,72,101,0.18153041783861207,0.2687120895799581,5.017786691791654,4.361676031341442,0.5976532104863616
27,73,100,0.18358679463592778,0.2729346745813957,5.188920852360106,4.415384927215673,0.5866450895790686
27,74,99,0.18765654359467668,0.28246544713597044,5.690402855581297,6.074129303341107,0.5804004058294028
27,75,98,0.18529049926329594,0.27632222992503674,5.538530690710745,4.9486027798782075,0.5792504974874337
27,76,97,0.1759401344670429,0.269168489736807,5.395212125279649,4.679110448167295,0.5813157696785288
27,77,96,0.18762486868717348,0.28269454204827005,4.801753666205334,4.830853692897223,0.5854983091005008
27,78,95,0.18701518131822772,0.2733989387389795,4.781371403900377,4.100132165323129,0.6013688363204659
27,79,94,0.18236722548460377,0.27564068260081764,5.405157842904125,4.7650928265270664,0.5841518798356151
27,80,93,0.18069330194845662,0.2611572298671075,4.842270345726462,5.09233116291478,0.6001456272861279
27,81,92,0.1795962854961282,0.2667400377352104,5.079762636813108,4.686599084911965,0.574585428156005
27,82,91,0.1834150117239037,0.2703483036662831,5.406924907567847,4.44323582066583,0.5848983206494958
27,83,90,0.18800927125842457,0.2767897592330076,4.9277806343039074,4.569578563404633,0.5885852687870271
27,84,89,0.18512882707774533,0.2779184656443292,4.971238944258527,4.284308217664762,0.5759174083697071
27,85,88,0.1884484067478047,0.26648173981028095,5.130598154000571,4.363721115327396,0.5941095305186764
27,86,87,0.19344854294094946,0.27801777390767524,5.585916917431426,5.466634487330121,0.5661248468688753
27,87,86,0.18862268197815904,0.2662127564286373,5.188788715742723,4.6475551673240885,0.5806695121948171
27,88,85,0.18907408182335533,0.2710384900792381,5.1546939420633375,4.518958222100588,0.5975339484293419
27,89,84,0.1868340937437837,0.2649516398479907,5.145577186191376,4.419968120296266,0.5807651143689718
27,90,83,0.18392711136736165,0.26358719740220227,5.146051381525027,4.662346880311543,0.5734073108686105
27,91,82,0.1916113656823037,0.2668764186721865,4.720447245400491,3.785818357361398,0.5921254361106332
27,92,81,0.19214594957796183,0.2689168736449732,4.804134669134742,4.7187632059110385,0.5777020680724934
27,93,80,0.1867771429149002,0.26693997887473564,5.290452940577401,4.693384179791646,0.5828062604136937
27,94,79,0.18973316551125213,0.2692750008138687,5.190921686209581,5.084860158123904,0.582765889954284
27,95,78,0.1865027045877232,0.26431774930519764,5.188133701308997,4.745478403473558,0.5770074813004912
27,96,77,0.19069516563297886,0.28261495549988125,5.058202224575463,4.328035965341386,0.570572688743969
27,97,76,0.1889607828270842,0.27100787287847566,5.144411391286958,4.2028357060283374,0.5924119646953421
27,98,75,0.18517611040900764,0.26616909655898513,5.0187750787079874,4.982592875524005,0.5819302369884962
27,99,74,0.18639049634453897,0.2669139180346307,4.466428366787544,3.8023806127244506,0.5911777265170419
27,100,73,0.18832727113950803,0.27912881168096887,4.900495772115111,4.326386336344835,0.5743333301175733
27,101,72,0.18152851495213612,0.2785793619119318,4.643310509694043,4.275029900484743,0.5677463412558424
27,102,71,0.1797264269516865,0.26108087232305976,5.046791784594682,4.421855806138497,0.607734456459439
27,103,70,0.18842124055139436,0.26902044461733526,4.92819895889186,4.541601977948147,0.5896239926370259
27,104,69,0.18957071769699588,0.26302576981658354,5.557009639207877,5.0976196048133735,0.5731651175421794
27,105,68,0.188800551433846,0.2681801677398117,4.961605556909022,4.455567786901441,0.5765289069422781
27,106,67,0.1873156835573313,0.2763945080235375,4.980487407078051,4.515521328158945,0.568469034190721
27,107,66,0.18533352159534303,0.2704966935822365,5.278848025468875,4.971766529472422,0.5952005869187725
27,108,65,0.18976805661927015,0.2852749031683162,5.142162755821466,4.679458864381879,0.5760437241710268
27,109,64,0.19004489497716062,0.28259610486537856,4.911687992774695,4.319894441984649,0.5812934095778218
27,110,63,0.19055254278705333,0.2723464253788805,4.979388902471579,4.632892560935776,0.577953321626965
27,111,62,0.19179450532866105,0.28402836909431745,4.827727553562756,5.2411922202853,0.5707263181294182
27,112,61,0.1920915574923683,0.28504969793715124,5.035509114765262,4.583950886801371,0.5696325650293599
27,113,60,0.19415485503444,0.2856149612924824,5.436263911423443,5.105565597128257,0.5715986668068758
27,114,59,0.1903117737319192,0.275160153243287,5.053004333341072,4.227977144293148,0.5912529514184323
27,115,58,0.19234804897203278,0.2885060078165385,5.604133711672009,4.7156924076862765,0.5692332806201829
27,116,57,0.19138786581250813,0.2828319564293116,4.7537667363331035,4.701606834876862,0.5669108956097222
27,117,56,0.19328052038663965,0.2801677994654092,5.125137309055347,4.446532404597922,0.5903169917713268
27,118,55,0.18574652536554717,0.28410828056965015,4.9568788260824785,4.07689298535927,0.5691799410356759
27,119,54,0.19407081038123197,0.2840600401239609,5.037693371140953,4.272628611328403,0.5693379567725153
27,120,53,0.1893166418579925,0.28390455445017476,5.113619739872424,4.402527995681639,0.5785713029257104
27,121,52,0.19065932671607763,0.2873145747583388,5.170341734808884,4.772084613787562,0.5730834084992288
27,122,51,0.19558530858645992,0.2926133726901135,5.108920666050459,4.281704899684532,0.5697816479868887
27,123,50,0.1944905191750792,0.2712661892699648,4.739194084111629,4.275940544448092,0.5746461154976613
27,124,49,0.1941819192137239,0.2848152780365735,4.931807968931386,4.819837905956811,0.5879282884892885
27,125,48,0.19730188014231392,0.2916427103912766,5.139408888535481,4.297617978220732,0.574706860780234
27,126,47,0.19467922091154527,0.28608024881730754,4.768125850841029,4.552985109738654,0.5668834226692888
27,127,46,0.19990847565286993,0.2790521480999753,5.163091010703839,4.214313322047644,0.5750996740196718
27,128,45,0.19119795452918723,0.2757276988832206,4.804217018847289,4.076405440373044,0.5775228223732887
27,129,44,0.19336502428834143,0.2857824308004646,5.207270636438171,5.935212514598834,0.5743491241493521
27,130,43,0.19507687181097008,0.2767624620637841,4.989242904624159,4.380994143985628,0.5729659387733017
27,131,42,0.19098786854041638,0.2731510935413008,4.800980941425987,4.486113815436045,0.6059563242052638
27,132,41,0.19786768603357072,0.27873879175719085,4.967916605121339,5.294114030842739,0.5506928317343932
27,133,40,0.20142573050338075,0.2785901939129023,4.946044007279957,4.412321124141759,0.5915864985755573
27,134,39,0.19354394267328967,0.27258628661690393,5.440083985289359,4.753231009914648,0.5844423858088438
27,135,38,0.1878850172446314,0.26919961007465776,5.359983505791876,4.808661371819534,0.5753724294007545
27,136,37,0.19231031623598144,0.28465216302566887,5.358627043549557,5.128813375847942,0.59864097571699
27,137,36,0.1938120299441768,0.2913180939471685,5.613027146894773,4.763119523591798,0.5759278759059256
27,138,35,0.1931012573265056,0.2838797817865988,5.176976266300663,5.699628756617068,0.5747247672174046
27,139,34,0.22280795136228687,0.31732349649171243,4.759020415810088,4.308802721899889,0.5125150481333838
27,140,33,0.2063255770076982,0.29252707648385606,4.475114181143317,3.8521906174047684,0.5285129729470527
27,141,32,0.2298345186147578,0.3258720093333503,5.432480092115625,5.062927697155566,0.49123050802248613
27,142,31,0.2155602524103495,0.3065816697738126,4.410161091695283,3.9829747217102036,0.5162725234913389
27,143,30,0.21765934976506954,0.30757645568226927,4.701562122257769,4.218529000656059,0.5307681915888284
27,144,29,0.22035518447784722,0.32304819708992366,4.973303277009951,4.926549512793921,0.5238879005380442
27,145,28,0.21411141863140476,0.3178333918499417,5.43911604633559,4.44610442959166,0.5313291870205447
27,146,27,0.2074922293792341,0.30281993375263816,4.669828578926255,4.289079644865285,0.5235092273615233
27,147,26,0.21294411655231937,0.32796680915327897,4.563612998698607,4.148531591573337,0.5000601222088652
27,148,25,0.22034458743139207,0.31887515834656727,4.696494360016533,4.512735379635801,0.5166698357151855
27,149,24,0.20907908964636981,0.30915426944096946,5.078978451335762,4.0843024739695295,0.5506841800244638
27,150,23,0.21734949356758618,0.3120117911913378,5.19325914988541,4.759444014269405,0.5290272608190528
27,151,22,0.2155908555653125,0.325616207452625,4.380539772290687,4.544049074860644,0.5132197977972894
27,152,21,0.21770595177892696,0.3056865423034122,4.965463776458617,4.57199664280192,0.5307245144531718
27,153,20,0.21847834579762782,0.3088996511193131,4.939893767181273,4.301157547504062,0.5233572479433782
27,154,19,0.21175205644723818,0.3053301135755907,4.819959966917018,4.252423476448745,0.5144480800359124
27,155,18,0.21397003932927286,0.2983876761722444,5.110263029801549,4.800205938804462,0.547870519460675
27,156,17,0.22203706124333564,0.3212539734769433,4.536932935598259,3.691363744400122,0.4908939801115881
27,157,16,0.22318287943291248,0.3137614533653085,4.500109483273835,4.418813748872943,0.5295153848021044
27,158,15,0.22804237911168776,0.3291469347185802,4.658513167853533,4.4277112540328165,0.49498276288213966
27,159,14,0.23139670215569647,0.33086328440817464,5.133355250844419,5.381778262129541,0.493880014155275
27,160,13,0.23299022738407088,0.32578582461217803,5.113208506528377,4.324146347561541,0.5158643881732029
27,161,12,0.22114450173083375,0.3164927053002594,4.73979134584965,4.703538640254349,0.5262830292863071
27,162,11,0.21927544597216736,0.3163327182007971,4.789324623600724,3.7707081924661217,0.5278818430164723
27,163,10,0.21654074620476488,0.317291514090822,5.049676121226263,4.34221616011975,0.5287103665135253
27,164,9,0.21856633329863265,0.3121589868535607,5.133338821731616,4.686796824028714,0.5449644709917614
27,165,8,0.2180123028165881,0.31221033843388096,4.881673281588478,4.125027871406959,0.5338939934861654
27,166,7,0.21353046352679458,0.30799215501741445,4.457270808466264,3.86079134503167,0.5366249918909072
27,167,6,0.2141847707203203,0.31277215193155367,4.745984673207333,4.198310051887521,0.5335482280922466
27,168,5,0.21943327091920067,0.3071787922038519,5.393493225967067,4.657093547904846,0.5357547145394598
27,169,4,0.21513141369925057,0.3153029968119173,4.6160191392583645,3.9146145642775436,0.5172240581062947
27,170,3,0.22604452958745685,0.3290859978019114,4.920225804104141,4.415893027266777,0.5135622991371952
27,171,2,0.22849035751487293,0.32028687400398365,4.526429244652247,4.020107645883972,0.49982998551024715
27,172,1,0.2301361168582416,0.32078929248202137,4.499326699989697,4.466416033845902,0.5180720609421906
27,173,0,0.22553532488273798,0.3246529129632874,4.8805676539512906,4.300214816582706,0.5153827194197768
28,1,77,0.14758391049246575,0.2507639166311192,5.194902383426655,5.159958584319641,0.6526610211372581
28,2,76,0.1456213249944921,0.2568980358956345,5.420821120724929,4.916948339436195,0.6234390946439997
28,3,75,0.14892314957633565,0.25548885046136016,5.361861223444446,4.922029601292262,0.6696834869037578
28,4,74,0.15032080452693156,0.2557997843464065,5.5044592994106605,4.748069670552608,0.6384301942501885
28,5,73,0.15148981926620808,0.24799500713684858,5.6990005192142625,4.795668641495252,0.6415349615372067
28,6,72,0.1501124690121265,0.24433550248142805,5.0903344632082375,4.182614267131818,0.6444339572647133
28,7,71,0.1552765380469692,0.24773322971884493,5.0195999476969515,4.528873907450995,0.6531761321353139
28,8,70,0.14823071499188348,0.2382541185687781,5.3083533130061715,4.5615753302178845,0.6671027367107892
28,9,69,0.1495957742685462,0.23785922369002999,5.295291148545399,5.437722100028984,0.6548250618974037
28,10,68,0.14735004125712955,0.23895876211332026,5.5478394235319275,4.7058442458447285,0.6528009615356859
28,11,67,0.15039752760395922,0.2494408185130366,5.651429680616184,4.618067114885247,0.6506493064218977
28,12,66,0.15004819945209258,0.2584925461456209,5.509138328978823,5.143406332478359,0.6410681947330661
28,13,65,0.14828245653073735,0.2572175373590936,5.302585327034352,4.329897407221158,0.6310207739962873
28,14,64,0.15082615873469377,0.24883697806056307,5.271924000711524,4.504423118803829,0.6299989458662271
28,15,63,0.15010810385801068,0.25829422590649564,5.0775393530533215,4.323359820672159,0.646511759642236
28,16,62,0.1549567406699737,0.24942116475608217,5.4764204997941075,4.64466840038231,0.6579813180760845
28,17,61,0.1501314480033312,0.25039961567474694,5.714918115642382,5.265345765585893,0.6469941423965397
28,18,60,0.15284943657117084,0.254411942677909,5.3403363948403175,4.641810816993682,0.6422157904847116
28,19,59,0.1493282865997768,0.25614535125186505,5.3682891528442225,4.409690113522248,0.6506494321017391
28,20,58,0.155601254580267,0.2545069904961152,5.1001767647476335,4.1592584907254,0.628013972665336
28,21,57,0.1507101005641599,0.2672794753709924,5.599298809487844,4.3772128911574155,0.6259940910073244
28,22,56,0.14775887851063196,0.2550269212112393,5.154892166141488,4.378841326644683,0.6413032606087797
28,23,55,0.15508148791813484,0.25864898146778414,5.401069175497302,5.077529230418581,0.6474184438770341
28,24,54,0.15141972722889013,0.25417334975912526,5.576638770848037,5.482320701505357,0.6379943571169242
28,25,53,0.1479324337404004,0.2517863267022859,5.140614947412263,4.88673644231205,0.6461109690625224
28,26,52,0.1505613143112372,0.263637447475022,5.064365979782764,4.704466076531939,0.6384679806673241
28,27,51,0.14687685199426315,0.2596136693745079,5.248070522179313,4.49444355460159,0.6328102995212368
28,28,50,0.1503828326218699,0.2578468608827706,5.308284483554424,4.31563174922099,0.636843969662249
28,29,49,0.15559719074945041,0.25466479259908054,4.9978184786263,4.6100999141376,0.6470375483270447
28,30,48,0.16083319497281823,0.2519462147285912,5.309690471815905,5.117770012983603,0.6300461573724896
28,31,47,0.1542770173458214,0.2605725613143432,5.4119670923923575,4.859539136600456,0.6464963309733731
28,32,46,0.1738612089416084,0.27744450595976544,5.171369406604925,4.465887284645585,0.5656484965529915
28,33,45,0.17014300854764935,0.2724448733037306,4.909707262751269,4.051172085136545,0.5658285027088952
28,34,44,0.16650974586983155,0.28040168983213476,5.260177954654999,4.504882994825234,0.580187545931699
28,35,43,0.16831049484125515,0.28796522520476264,4.82515279979573,4.1444751603007886,0.5766288697613837
28,36,42,0.17055328624251484,0.2749094120331418,5.1435083383405376,4.231450516595443,0.5785965570725976
28,37,41,0.16978823136481036,0.2802576096266804,4.854263055477345,4.206707981541337,0.5879291145016008
28,38,40,0.16383929438650735,0.28569073525668254,5.015166678572047,4.6167643791700215,0.5673268765031726
28,39,39,0.16869655385429727,0.28371811736032404,5.5345639552362345,4.981271145219243,0.5961909591509226
28,40,38,0.17201926792052272,0.28500289616117613,5.458067809140552,4.573272589656592,0.5766396855073624
28,41,37,0.16947152046758973,0.2872682643545161,5.398532699032927,4.981904816464576,0.56854976223787
28,42,36,0.17124862719377212,0.298077280232049,5.081151442482579,4.171724615973007,0.5771132064021102
28,43,35,0.16642856210409562,0.28195317350813265,5.222776839974978,4.38924283513149,0.5742285301090155
28,44,34,0.16819748333661794,0.27535700550815295,5.032571132543077,4.583718980247301,0.5711913787961337
28,45,33,0.17073047156232105,0.282089167749042,4.967756295415871,4.9937109057572675,0.5590910149197129
28,46,32,0.16871827136999043,0.27691353055022,4.609544494283481,4.544776572915643,0.5681702966302749
28,47,31,0.16958026912454346,0.2913855248508505,4.798809790939821,4.222547545804085,0.5845344963669424
28,48,30,0.16992329424467453,0.29213196791019636,5.218528794550732,4.6374361907407335,0.5532873611400726
28,49,29,0.169280136402891,0.2856150604957387,4.903909600419025,5.164786680833932,0.5931726760270943
28,50,28,0.17045287991813135,0.2924093363127414,5.317729033356512,5.10437997198096,0.566505749914777
28,51,27,0.17405915207783507,0.296266663533792,5.011774380792103,4.263573769392464,0.5671750619146849
28,52,26,0.1704774370250326,0.29947420541517383,4.757307184611802,3.9331280363835974,0.5727045167635646
28,53,25,0.17410838013453953,0.31055347783467085,4.627291792596036,4.170971238956166,0.559308021186154
28,54,24,0.1724385618060204,0.2902964961092169,5.22458600464601,4.717100597984491,0.596758971354136
28,55,23,0.16918061473497062,0.2890349427526824,5.369995672762541,4.672316878984412,0.598493634533245
28,56,22,0.1671429891724953,0.2910984404805532,4.618187958408988,4.002782780128564,0.5664105614014825
28,57,21,0.16784260706488857,0.2955048639964641,4.601614670055586,4.173421187378354,0.5542257048092877
28,58,20,0.17739502642012045,0.2888143589257801,4.909269325572638,4.622986583092154,0.557228642256833
28,59,19,0.17297813907015008,0.291619893351374,4.881839750726504,4.2819944390388915,0.5727556201081316
28,60,18,0.1679729530959263,0.28901455680366056,5.077087035478362,4.197843205554838,0.5664657968457207
28,61,17,0.17772551869313222,0.30285085214987967,4.97505295444523,4.79573533747444,0.5578603476357714
28,62,16,0.17944124277144743,0.2894699458780711,4.984282535602606,4.34184341499231,0.5730792917375843
28,63,15,0.18997304783566787,0.3142768173228819,4.685517216590451,4.604736957073437,0.5375078308068225
28,64,14,0.18829713914841018,0.3074681251815249,5.193512548626456,4.524370958927113,0.5370901484148419
28,65,13,0.19407689737353906,0.30979279321439906,4.703328567910763,4.598668757237784,0.535989431460072
28,66,12,0.18573895445443683,0.30458098453981625,4.8246727777428635,4.570387733105739,0.5430682244160349
28,67,11,0.1975051325894962,0.3089128783076338,5.091669194747052,5.849581294114204,0.5301988613958604
28,68,10,0.19700710473884855,0.31451437954637257,4.565370572636123,4.045425497451387,0.5063704345022124
28,69,9,0.18975765996073532,0.31503801193053177,5.034459690794915,4.389789989803272,0.513885101399877
28,70,8,0.20235237087521138,0.3278728825895029,4.718248750425496,4.256285547253754,0.5085634060221691
28,71,7,0.20027277443244046,0.3317658979251972,4.659538308740274,4.312720221320079,0.4977586567582833
28,72,6,0.2050510096660819,0.343938851780522,4.760474163292305,4.210860971158456,0.4884419203974166
28,73,5,0.19746287730937545,0.30868208852463447,5.192891433609462,4.5390565366744795,0.5033048294515139
28,74,4,0.21153686131803195,0.3479243223140947,4.915530593607574,4.530502667877112,0.4865368455957155
28,75,3,0.19019481072475275,0.30567417712287276,4.561599536273608,4.259731749490116,0.5333099925391029
28,76,2,0.19208254915534917,0.31501675880708396,4.522079236156212,4.157557167612848,0.5296604639468327
28,77,1,0.20410751142429498,0.3293307525346999,4.744126612889963,4.398074706599772,0.4890868430462156
28,78,0,0.19705940975877861,0.33595699163319825,4.739565050111194,5.072972200582961,0.5110777741289616
29,1,52,0.15510457790193952,0.23101202547134664,5.508750877481402,5.249381068455875,0.6296045926833168
29,2,51,0.1523451375312794,0.22824476535513633,5.621620465762492,4.683773222716579,0.6734872782715113
29,3,50,0.15099783019980065,0.2265411867422422,5.79605786552432,5.184318218050546,0.6653458645753971
29,4,49,0.15514690658118713,0.2315785540603476,5.600113352569058,5.0965596826805095,0.6490092272507293
29,5,48,0.15622985477342366,0.23254740390424528,5.176504861354509,4.709663605029246,0.6643941775737675
29,6,47,0.15595617272585566,0.23307429035151,5.558005445635606,4.386373634975096,0.6799119651768193
29,7,46,0.15605977450493402,0.2323108577674993,5.34321605524878,4.467691563094891,0.6457682418113
29,8,45,0.15108905726834723,0.2263208322647515,4.9206226083915725,4.270779742313927,0.6513321486930406
29,9,44,0.15424323319707742,0.2342441468890636,5.088231312840154,4.762649217958642,0.6413384731474717
29,10,43,0.15349156050214718,0.23640177008608013,5.272739961469754,5.104115513207984,0.6603661822109619
29,11,42,0.15789596233501718,0.24666792549035974,5.4659486714750605,4.594376590256008,0.661966816774482
29,12,41,0.1555688599828756,0.23803709583592192,5.909229599952465,6.3760750591949655,0.6281127891214081
29,13,40,0.15978437304182894,0.2416892408880901,5.249546669801017,5.092558911603037,0.6336332071365218
29,14,39,0.1522991699746757,0.23182641873453588,5.3401377759797555,5.22727737603917,0.6468869198677722
29,15,38,0.15567523029866165,0.23723912529623847,4.941333467932674,5.112977470626436,0.6259673731099317
29,16,37,0.15882332946893832,0.24280123066054535,5.412737599912113,4.867943630837065,0.6604599449051964
29,17,36,0.15956483883456296,0.24630011702541135,5.523386630732823,5.053133998961178,0.6664294997979778
29,18,35,0.15547938694272204,0.23799150075078557,5.4142601940234485,4.755643894976536,0.6644306478285209
29,19,34,0.15653282689625145,0.2375319749963223,5.0277891470404565,4.281299056789696,0.673305399321256
29,20,33,0.15855142384494073,0.23831484606942846,5.426288746780687,4.712312495144974,0.6556657175758343
29,21,32,0.16094213759674753,0.24031417032251168,5.136453663767977,5.569724669827038,0.6399673694519505
29,22,31,0.17231936062329004,0.2588956284514592,5.682192999495821,4.624153754026983,0.6096571868612574
29,23,30,0.17334295868966493,0.2584648455378073,5.380053796133675,4.696916269524495,0.5810539044522266
29,24,29,0.17385743915297258,0.25990250816243193,5.198898740442097,4.596420047113858,0.5967910828833014
29,25,28,0.17773527635093295,0.2641224572573994,4.757032292802183,4.989067582619652,0.5785822618966278
29,26,27,0.17634916172558793,0.26375629350137547,5.173251915348002,4.749595621693879,0.5824022229245903
29,27,26,0.17719699099129152,0.26521843199351175,5.256609442528019,4.196619707679481,0.613539035696139
29,28,25,0.17578186079026203,0.2642765419727625,5.698102372266709,5.200844026375477,0.6006555858389667
29,29,24,0.1722185024098757,0.26385578913788105,5.250014974974624,4.54977383180398,0.5699668800021996
29,30,23,0.18059131217601362,0.27474994583797363,5.011887992805123,4.4015506637955015,0.5668677549023898
29,31,22,0.17386318252199687,0.2651045355453187,4.813755194977842,4.1314158169601045,0.6036379930287478
29,32,21,0.18211178159454822,0.2760276714357078,4.87749569837494,4.423041591902499,0.583741443725261
29,33,20,0.17454944112711024,0.26135061292362965,5.1249243183163955,4.8935486041706575,0.5871830951697617
29,34,19,0.18594051601059525,0.2776244813263525,5.275749022031762,4.991185928539286,0.5538133153030658
29,35,18,0.1806455776450886,0.27169252168227825,5.208580229152848,4.222670716416841,0.5959833537832907
29,36,17,0.17935903920938565,0.26952808327436284,4.505106218449061,4.03845804704782,0.5816337272225294
29,37,16,0.1771667951931657,0.2665737113551032,4.880421447899869,3.9691600366478377,0.5735131186027614
29,38,15,0.1807732673864828,0.2736439233132934,5.00489199697768,4.113637138127876,0.5918031699195676
29,39,14,0.18149389164659907,0.27290332954801905,5.1701681898042,4.434877361561443,0.5789593644528565
29,40,13,0.17660635608011055,0.2643140474527634,5.277025201965104,4.585859008652958,0.5806073929443547
29,41,12,0.17973385246067677,0.26844210001340957,4.9967964277538295,4.694914062659638,0.5712208701401263
29,42,11,0.18391587846003102,0.2774305223698118,5.5151011871006395,5.755971760420304,0.558158087477788
29,43,10,0.19274375802984356,0.28449486787819916,4.998334885168333,4.5512811715401895,0.5419847373236505
29,44,9,0.20494231106191005,0.30199761845934203,4.745626365190653,4.3011808320006875,0.5072249096980035
29,45,8,0.19861112599378727,0.2920109365187155,5.024729281455803,4.340864434759893,0.550371088598516
29,46,7,0.1968194798684037,0.288715349662699,4.919449723251128,4.126226639977783,0.5329968717084486
29,47,6,0.20279945045304654,0.29721823338358233,4.968725592119647,4.846851708544832,0.5168720646876578
29,48,5,0.20641645805574585,0.2997498893825698,4.723445409331919,3.81585047793307,0.5321637310446438
29,49,4,0.19890902122259016,0.28568390478888356,4.753327123513007,4.829517558343849,0.5566295950135413
29,50,3,0.21202650328761516,0.30275254096422016,4.9574471220130345,4.433795838861817,0.510828597615608
29,51,2,0.2185771481010714,0.31274974584924964,4.924609077399639,4.836962279412749,0.5142300507961254
29,52,1,0.20995088328929773,0.3000120961059178,4.461966816912238,3.883755196602481,0.5131660981434272
29,53,0,0.2124238023201715,0.3000332320778414,4.308482468984005,3.8202255875098947,0.5102525524610171
30,1,87,0.14609424564343734,0.2391893822989885,4.7565839178444485,4.098200351920504,0.6382497855188484
30,2,86,0.1467527696603613,0.2441020552980204,5.362364749707437,4.452214621094148,0.6713627910756415
30,3,85,0.14570846474663784,0.24580487755741015,5.388152591967813,4.513805505519124,0.6584372489318688
30,4,84,0.15040913004996664,0.24510118925847169,5.500358438536072,4.280568811780404,0.6596835157466162
30,5,83,0.14722262768616687,0.24139705435541808,5.83251940636721,5.34861882932796,0.6627494326650483
30,6,82,0.1512828368713409,0.24930614436501022,5.020196287318699,4.453201907645487,0.6500633396716764
30,7,81,0.1477846600638265,0.2407541298194804,5.105338028518696,4.3763951560759216,0.6533790750824802
30,8,80,0.15032685756557396,0.2454471398309584,5.267257736545985,4.802343509861446,0.6512195924942751
30,9,79,0.15229207875165804,0.24772368451204224,5.2110617610124255,4.166159142042352,0.636477559952727
30,10,78,0.15026610137904983,0.24393215491481607,5.141202769868235,5.0844609052724214,0.641273656963353
30,11,77,0.14960346434828126,0.24721060424539618,5.039146972883593,4.875225151323026,0.6332724859798982
30,12,76,0.14734307599213017,0.24505423422801298,5.2687425921417725,4.499349069160841,0.6620276341881821
30,13,75,0.15196419000725211,0.25411544233245376,5.715687794156787,6.175961339571625,0.6356771808163136
30,14,74,0.14952256421812996,0.2535374818113644,5.4492453065750395,5.021485580320906,0.6496303311759025
30,15,73,0.15017028506830624,0.2542048928050865,5.207501675275052,4.560818895770707,0.6438685661906999
30,16,72,0.1545016516385348,0.25842166440710734,5.705487478950658,5.191626667245749,0.6609465493736342
30,17,71,0.1479608467969282,0.24338759557200043,5.57388231437853,5.145331487253909,0.6650260813482012
30,18,70,0.1522116382124066,0.2558693680155967,5.264251403444266,4.633580978755507,0.639385598837356
30,19,69,0.14981946219786443,0.25433646367089674,5.076016526590369,4.66655577640069,0.6582997169727544
30,20,68,0.148537102539275,0.25258505625427424,5.449819732646089,5.703495911310418,0.659661805461962
30,21,67,0.15403812084832846,0.26053344786397264,5.141686870175507,3.9287807911674,0.63596708456945
30,22,66,0.15234678799307508,0.24993083331434557,5.030563073226714,4.221439500186976,0.6524742261126919
30,23,65,0.15106297747146455,0.24934749031539216,5.109866210896859,4.9753862001474785,0.6227582952520153
30,24,64,0.15857323435143772,0.2673431737064514,5.19880611821691,4.438799096626714,0.6342985308344835
30,25,63,0.15269586567527005,0.25697186091442936,5.176823202196817,4.725649201887115,0.651932733301468
30,26,62,0.1525530129506386,0.2507669067176609,5.112557610229444,4.309719999842784,0.6489178543122179
30,27,61,0.15162425931192286,0.2489331068160265,5.712983025921195,5.14947093470513,0.6341282276787237
30,28,60,0.15938727962335406,0.26064061290872875,5.136694148585413,4.93099374751677,0.6222205468071382
30,29,59,0.15254418769780262,0.25015404877921393,4.729790593856701,4.219989675341243,0.6660830163669132
30,30,58,0.15772053640999328,0.2596824874518532,5.085445125082609,4.830615016135661,0.6478139090614834
30,31,57,0.1575533600561124,0.2515193725883378,5.921290310138264,5.273891913992348,0.6388144130265662
30,32,56,0.15611521056416128,0.2506002252851866,5.394581159172141,4.740855294451675,0.6447462193464089
30,33,55,0.15789896488143831,0.25183480044901674,5.10699033626716,4.553915250234941,0.6354138232364317
30,34,54,0.15987997967573975,0.26051758084720417,5.131435177292573,4.77208237286089,0.6522297928163764
30,35,53,0.15866626354898303,0.25898095078058925,5.285898586496469,4.693510612887515,0.6481106744789494
30,36,52,0.16888763750436056,0.27955520753378527,4.988353516167203,3.7996009645467703,0.5814090478714306
30,37,51,0.16841932564085052,0.2772458542846949,5.019415336489583,4.095077148198407,0.5838540512246176
30,38,50,0.17034512902204332,0.27887358091570036,5.054305472744483,4.706967013236467,0.5997661811749806
30,39,49,0.17091554409678228,0.2797054102020844,5.206663964091952,4.269838565998626,0.5716749563282502
30,40,48,0.1716877703505367,0.27997858762595945,5.158146883697263,5.139600947731548,0.5751758872656988
30,41,47,0.1718686240093866,0.28484804553300574,5.55944086172995,4.949934341542786,0.5755205863199875
30,42,46,0.17015437987337226,0.282426565806631,5.14247141214325,4.659232720381824,0.5595178399079339
30,43,45,0.16593637221914992,0.2767789409601254,4.922764122713941,4.154291200072678,0.5837216182762812
30,44,44,0.16925710067602195,0.281886279565671,4.879274856852398,4.4489995482741245,0.5918415186761302
30,45,43,0.17162089211012005,0.27728996609563367,5.519799188776059,5.54629635119292,0.5753410437660386
30,46,42,0.17545202077734684,0.28202803274627986,5.30983663701957,4.489394958939335,0.5795186663979486
30,47,41,0.17122838286750636,0.27643200385162614,5.2875629548222625,4.540899544135529,0.5825424792064211
30,48,40,0.17554557719453118,0.2796577406773003,5.328956027696286,4.371325746039151,0.5582908573673955
30,49,39,0.1747185083141668,0.27685120278661474,4.863206067472843,4.09231888239444,0.5755326954625903
30,50,38,0.17077044457542856,0.2708409791187562,5.008634701302666,4.352508563624301,0.5805261190453841
30,51,37,0.17298467689819688,0.27576245491485013,5.259959907441717,4.745989155271582,0.5937187912789479
30,52,36,0.17700703365162646,0.2846634616514901,4.999489555531833,4.610632005058486,0.6082876587096996
30,53,35,0.17881555844365635,0.2893773213093338,5.278290550597567,5.042808849353693,0.5858764859218332
30,54,34,0.1708024026018542,0.2808575285195851,4.839784562343298,4.21689118989133,0.5597668513450712
30,55,33,0.17222706456772893,0.2808998939147413,5.387920918033731,4.495623066137809,0.5732225803272522
30,56,32,0.17321746032214907,0.28544267089839603,5.290188839259532,5.060298720185919,0.6007172025443425
30,57,31,0.17540206646136589,0.28068403067930847,4.44239772976089,4.109248238342009,0.5956693860360133
30,58,30,0.1806484711239057,0.29101770456235804,4.877996465165785,4.027423742364192,0.5690757976612963
30,59,29,0.1761842068865282,0.27806626675690116,5.597574366768386,5.013455142385212,0.5887350137612141
30,60,28,0.1846033758182737,0.29337402289602404,4.831102538337717,4.237481839879951,0.5658796661070403
30,61,27,0.18016803308997717,0.2813894991053967,4.135250479961314,3.7374386891312312,0.564465624291413
30,62,26,0.1738358518212757,0.2767586189453486,5.043332289148375,4.908009650360824,0.563511102281346
30,63,25,0.1726402893053598,0.27587100658157726,5.002898707702416,4.387422810103934,0.5662113876623013
30,64,24,0.1775114905740866,0.28266263263027425,4.492405107014335,3.956650081325654,0.5442037338357788
30,65,23,0.17785028227579464,0.2827832734262732,4.997869544392428,4.5275490508172345,0.5545449799557254
30,66,22,0.1732984309489488,0.2762562650757472,4.961391467737098,4.9336602593173,0.5795267138986527
30,67,21,0.17694248870254886,0.2802210524314329,4.947669950844983,4.3868413721003625,0.5694261847135483
30,68,20,0.18272091582688907,0.28924775303259287,4.851866626008689,4.373174079740058,0.5690013280849308
30,69,19,0.17808051878841577,0.2823667095683507,5.252699358603162,4.788235297572598,0.565676917066722
30,70,18,0.17945436613259094,0.2886241719565195,5.401644474446098,4.744574123184628,0.5931606886458037
30,71,17,0.20400552004249373,0.332186896991159,4.501652959082463,3.9924955570940517,0.5092767243908451
30,72,16,0.1956138485916082,0.31512331960063344,5.070009443208685,4.655042645494793,0.5331103116164073
30,73,15,0.19585460357544787,0.3163589815610698,4.586738943067266,4.060296141704824,0.5109487818440513
30,74,14,0.20179981033367547,0.3249286087211587,4.4140759520780914,4.340995235137137,0.4990640989305526
30,75,13,0.1931882995762491,0.3150501579486428,5.2684356905998895,4.596516698419486,0.5291946814414137
30,76,12,0.1887314169331563,0.3062638717472149,4.686069110703686,3.937482435725651,0.5378219555298736
30,77,11,0.20369688870408548,0.33417876171739413,5.095735383011569,4.539198557208425,0.5218749771678635
30,78,10,0.2065746738434284,0.33805604617558643,4.412801377779733,3.7493404747640513,0.48538184019640596
30,79,9,0.19753290758313247,0.32370546242940407,5.422319327382914,5.278182273876293,0.5360562933833241
30,80,8,0.1960049775192755,0.3243372389116253,4.536859823914693,4.5173641519387955,0.5415423776153993
30,81,7,0.20531148142418496,0.3373321525966602,4.618883707726438,4.032993712030754,0.4768407549514418
30,82,6,0.20184436612979434,0.32948877834975965,4.737754033748985,4.630143582477476,0.5118333530336152
30,83,5,0.19640371930300765,0.3188524533376844,4.5395683774977265,4.170941307270931,0.5386245377694361
30,84,4,0.2037986246887941,0.3333579354966203,4.8375103257865755,4.367958506508484,0.49958667858833194
30,85,3,0.19530932084066396,0.31863116113653894,4.83631494231063,4.542926008980847,0.5222322806151357
30,86,2,0.19198579875533323,0.31515307081618454,4.690456225905473,3.8753648551739537,0.5419361391664197
30,87,1,0.20079701348725967,0.3219779947085919,4.941929264917083,4.501625811624415,0.5184512570939319
30,88,0,0.19532347774183584,0.31363043429552173,4.606321416519945,4.263498511193438,0.5129894949068872
31,1,319,0.15700006878873315,0.23288770163763337,5.182308086526035,3.9854193549370014,0.6694213406524431
31,2,318,0.15446616990256265,0.24128023599525053,5.109168854065841,5.238628357794388,0.6597254021379465
31,3,317,0.16055554581532275,0.2403479123004017,5.042937634671284,4.041318385538933,0.640376940346461
31,4,316,0.15138981626643655,0.23030470359291977,5.119821803563263,4.718264972291176,0.6760282491409986
31,5,315,0.15147728515508377,0.23542316697958252,5.28091645116791,5.1433444641688,0.6684690051038716
31,6,314,0.1594834294012801,0.23945261009161467,5.187703591221943,4.560666694614247,0.6398218173144202
31,7,313,0.1544504187419666,0.22976878030010614,5.009849660779061,4.3454480192666844,0.6763448375887796
31,8,312,0.15358510681231408,0.22965086844854077,5.555510972493567,4.811971307057524,0.6785164999880955
31,9,311,0.15689219139164848,0.23048866307760227,5.151683564714631,4.0429959019348,0.6663520726489642
31,10,310,0.1526488759410509,0.2228836240410419,5.109228036179632,5.074156059099173,0.6662750388586028
31,11,309,0.1557670583251107,0.22783056714680258,5.030897431932541,4.123113985926482,0.6667026103993942
31,12,308,0.16214832922950448,0.2406869674022997,5.4702260982552495,4.577889999138914,0.6444292914852761
31,13,307,0.1571918114642434,0.23135540049299883,4.9235568266301915,4.064677155499717,0.6534295529652173
31,14,306,0.1587051616867,0.23545123985143385,5.213840826635849,4.300577834131292,0.6602029749495827
31,15,305,0.15712823886907099,0.2418899756227555,5.578298266013889,4.995516444193227,0.6417167217384115
31,16,304,0.1512805253107506,0.23045896299224833,5.249424573061704,4.4292441921873795,0.6731973785969869
31,17,303,0.1578802561054577,0.23621300270209053,5.215563940337619,4.284336282791619,0.6485791706581916
31,18,302,0.14908356538091305,0.22309487128070293,5.4954357652935375,4.940364271720886,0.6814568660990298
31,19,301,0.1575014290199476,0.2361168762816621,5.294743268735658,4.9118146294231355,0.6774852329323953
31,20,300,0.15203738704718264,0.23044780077297367,5.373806223898571,4.578440753385748,0.6706326352269953
31,21,299,0.15373109706911084,0.22824184102886616,5.412751377702844,5.205438976613822,0.6727689231126743
31,22,298,0.16005880777688014,0.2263650159996085,5.231665860111232,4.4883982611186735,0.6652400120311445
31,23,297,0.15526014764220109,0.23065520821387936,5.348765890941224,4.910524402656498,0.6426678413267557
31,24,296,0.1591172632189039,0.2310635976521238,5.7099584790858025,4.920051318061152,0.6197504871168888
31,25,295,0.15506606004006415,0.22504735422849464,5.002652034145344,3.9644593858838046,0.6387481624269433
31,26,294,0.1595308033982107,0.24348236400705373,5.425633529848369,4.5554693721574555,0.6483366160241179
31,27,293,0.1620362987900475,0.241144697893523,5.5501744990479835,5.815320469210141,0.6669182457417832
31,28,292,0.15503345922564532,0.24417059552824139,4.931797960273344,4.821448163027494,0.6413536838036205
31,29,291,0.15670866125545657,0.24033765284663233,5.370497879023366,4.524794363077423,0.657385854031095
31,30,290,0.1605921753257353,0.24463074292469666,5.674129048433549,5.390041169793756,0.6480174288448772
31,31,289,0.15689302174451733,0.23652936666689783,5.352913344747677,4.740239267578189,0.6472873654171177
31,32,288,0.15730800341498793,0.23399043583843582,5.233656595597175,4.366003933355103,0.6630351042400936
31,33,287,0.1662410626436462,0.25361495811497664,5.627736140449086,4.9641305557953865,0.649751736130609
31,34,286,0.15637927249317676,0.2314405220803611,5.3351052557346925,4.623480792714878,0.6526146927366655
31,35,285,0.15585942442888928,0.23247388928068252,5.143108054510238,4.573971953302771,0.6540643749784246
31,36,284,0.1620996547643138,0.24181300039914821,5.178692228044582,4.794662784194229,0.6548799061178798
31,37,283,0.1565600672655249,0.23427074980519103,5.286992498367383,4.953768930113464,0.6903021379239578
31,38,282,0.16442575224031736,0.24450083657969843,5.725450437252257,5.83868284676714,0.6497499396044283
31,39,281,0.15765192204302997,0.24297511540915245,5.435045881788644,4.6496145820266355,0.667185177650336
31,40,280,0.16273621003515826,0.2505966116909297,5.823942606771797,5.329829574799715,0.6588936781516346
31,41,279,0.1622757211032138,0.24249572827789365,4.523216519674927,4.3321100133028665,0.6435549386766009
31,42,278,0.16252311276751336,0.23802218779834292,5.121173559319486,4.498843892987584,0.6571655299075357
31,43,277,0.1586006551581145,0.25039752902710843,5.374189947633894,5.029922031980597,0.6545522840382849
31,44,276,0.16219500279520888,0.24209081553108555,5.93225942484014,6.106099222887506,0.654704121997043
31,45,275,0.15952887922415865,0.23927141110158293,4.974858288106626,4.441892512378474,0.6542946759828807
31,46,274,0.16258775864141273,0.238085549195071,5.721705373587838,4.56995873441587,0.6636432390230641
31,47,273,0.15896545208089605,0.2405329234769233,5.237007652905998,4.513032598326576,0.6706930256701213
31,48,272,0.15758512815179662,0.23895977625631387,4.93131794004252,4.524526330485132,0.6528832007481871
31,49,271,0.16721982772144722,0.24625027671859578,5.6415029018730785,5.142401590012654,0.6523929948451316
31,50,270,0.15632654199755355,0.2382472966921409,5.2023201628165445,4.7952369548083205,0.6717906329100286
31,51,269,0.16342552196814203,0.24604922863854192,5.422244103743101,4.679817849531776,0.633312100146698
31,52,268,0.16314735425450688,0.24866273971156755,5.778904857139841,5.352370433904852,0.6525274625802562
31,53,267,0.15693437831419224,0.24128866102615962,5.318123357382992,4.550229350761468,0.6597961960791464
31,54,266,0.1632624290057757,0.24578596310885753,5.328445328545314,4.292927982225186,0.6490767581881999
31,55,265,0.15936981673959105,0.23771042528127154,5.105319766628993,4.703087027465396,0.6475817840586423
31,56,264,0.16518289689035887,0.24505399545195494,4.8852085705179,4.084927745415653,0.6619952815388161
31,57,263,0.1585475611936621,0.23756662860023026,4.9656344165196336,4.201230237401601,0.6600867184170232
31,58,262,0.16682642323758343,0.25063166474578785,5.584912954551094,5.020873811810831,0.64936555638078
31,59,261,0.1653500168734413,0.24905813676585362,5.25869312445345,5.0874443260910605,0.6557255485750983
31,60,260,0.15944754395345279,0.2427055992880536,4.77165789350258,4.140354957736574,0.6253441889186458
31,61,259,0.16112313201104225,0.24522600268338832,5.193875231750361,4.3757505436386746,0.6836731072926711
31,62,258,0.16116208034891913,0.24260859642393007,5.220045720266503,4.320287142726792,0.6651490319665789
31,63,257,0.16088799111031324,0.24950107492307047,5.046619071041306,4.561031846838978,0.6368259976480853
31,64,256,0.15975901179876004,0.24009353144221293,4.928241358063251,4.134722749716994,0.6479457469365707
31,65,255,0.16263759865077382,0.2458673962853743,5.30598483743147,5.0044820100892276,0.6613755161550352
31,66,254,0.1617197167393419,0.24872476904423324,5.581007158461672,5.422430404258396,0.6668766847542514
31,67,253,0.16472095799939782,0.24193813489934404,5.866920963399637,5.576566671446423,0.6459484673434892
31,68,252,0.16783480506935125,0.2569258694949978,5.019954552639812,4.000742637306139,0.6404278071586659
31,69,251,0.16361914997897037,0.2342587082262795,5.4687056361262645,5.366816791026882,0.677589110033739
31,70,250,0.17046905393274295,0.24581565023078364,5.057096537186002,4.761660097702556,0.6469885579387316
31,71,249,0.17147336940314267,0.24852678813191292,5.222797076828474,4.58598851740552,0.6571920715454206
31,72,248,0.16969090364063982,0.2428794362771808,5.414504028941498,4.652239389017496,0.6546586983979116
31,73,247,0.17023968175211124,0.2523471030048494,5.284869036842641,4.341433291408239,0.6295801662994545
31,74,246,0.16369579239056212,0.2442956066709689,4.941740768860017,4.405438770713937,0.6552654922522955
31,75,245,0.16791992458168548,0.24019651589540117,5.3201328314710175,4.347799177703072,0.6464307640697272
31,76,244,0.1725043552535328,0.2558561686354829,5.337522051946968,5.115815947383172,0.6447625053757696
31,77,243,0.16203869200257245,0.2412158684424836,4.95998662131497,4.051838619397021,0.6439452812795188
31,78,242,0.17258273850929426,0.2534293830670121,5.34872465579134,4.3542080843723925,0.6395132451621829
31,79,241,0.17568927720563257,0.2493785224378569,5.215553551604697,4.780495167318961,0.6309199856249217
31,80,240,0.16908071746935957,0.24579962962596244,5.078922320716389,5.030289706947009,0.6503626192515788
31,81,239,0.16728784377918,0.23971960319920824,5.7457023934843425,4.8413596798488845,0.6495200608619902
31,82,238,0.1697629802852691,0.24706988135369642,5.344212667823438,4.3647081452637675,0.6337630064310055
31,83,237,0.172606198777025,0.24260289562336584,5.126059354080703,4.152104344250843,0.6380207556854759
31,84,236,0.1747491282084874,0.25534916912692446,5.620322250838685,6.091750924453255,0.6262259799451052
31,85,235,0.1692246630836674,0.25138084124077015,5.465813688067264,4.7744215728408435,0.6434042397471734
31,86,234,0.1724407942719547,0.24517648481611404,4.906823076463583,4.3437034364255664,0.6295087061394865
31,87,233,0.168368603759745,0.25454577945704254,5.4532006444696695,4.645240869956967,0.6606880574650892
31,88,232,0.16136467739699545,0.2509381955349325,4.965209054649442,5.0521358548073465,0.6371152815422593
31,89,231,0.16965996426465974,0.2603403461094664,5.46661286502903,4.738622827599105,0.6509542047635762
31,90,230,0.16480522786983032,0.26328969228859433,5.584497628849304,4.763218394362921,0.6343991791694292
31,91,229,0.16858778585487486,0.2535075576442604,5.049005221515314,4.453859005747211,0.6360969022891448
31,92,228,0.16706859155679882,0.25278670232962736,5.253417112108731,4.337407822292232,0.6561574522224071
31,93,227,0.16269470733336316,0.24906869453012742,6.0280592374234185,5.544659928616861,0.648023508841883
31,94,226,0.1655837775873283,0.2515976707200644,5.0055590918037804,5.122094452778335,0.6595045086241106
31,95,225,0.16316893763387508,0.2461327948788984,5.221821625825528,4.599452312782043,0.6494137309411817
31,96,224,0.16727199789366057,0.256994254967277,5.263982974652756,5.512546866573149,0.6401875307168969
31,97,223,0.16495955562013065,0.2552804306438529,5.194165894293276,4.51847709649963,0.6666189736097512
31,98,222,0.17516107150982582,0.2600213373994438,5.5490450344028925,4.7566399721142165,0.6496487171306485
31,99,221,0.16696729095935223,0.2549111228377621,5.106523855245873,4.39897867084571,0.6309596118140872
31,100,220,0.16514418921788665,0.2454963026740724,5.1909475897095145,4.510913620683391,0.6481085404248902
31,101,219,0.1654782039019195,0.25080734570400026,5.520614724751459,4.615623406462812,0.6586235765420759
31,102,218,0.16924677469677385,0.2566958242562532,4.651584319199264,4.523701636715972,0.662453866136551
31,103,217,0.16737733619857476,0.2572090742658507,4.977589106027296,4.046750858076929,0.64219492438738
31,104,216,0.1687881673978112,0.2593755332937833,5.679835508858032,4.816377840823525,0.6519998913583789
31,105,215,0.17166697467251252,0.2583054699486988,5.211550225014081,4.6612511532378305,0.6520774327087449
31,106,214,0.16834073454160295,0.2501911888826136,5.557632154609384,5.032648896532406,0.6569372437753219
31,107,213,0.17019743981138558,0.2574845777938621,5.379787415444948,5.016351994228908,0.6309911972145454
31,108,212,0.17258526768798266,0.2603548008756126,4.6793222138306465,4.077436140418654,0.6268790188671779
31,109,211,0.16752917537178677,0.2511475104745736,4.753878418591402,4.516675545323299,0.6401244485082964
31,110,210,0.16705252491625322,0.2532801311809472,5.413105700490505,5.035830773535347,0.6456687023898602
31,111,209,0.17309479808595105,0.25659352122979806,4.926866805514342,3.8815729703706627,0.643745134853468
31,112,208,0.17473886721256252,0.2628752683591758,5.383028034910778,5.1217448718769925,0.6373031405967006
31,113,207,0.17082221164013883,0.2571568311335873,5.165863084689235,4.4900521517574035,0.6261322765188237
31,114,206,0.17605068613763242,0.26412857046763666,4.957882302503175,5.175886286366392,0.6204701128715484
31,115,205,0.17285185567900946,0.25187981561596207,5.03794345089257,5.465894931851638,0.661162668591774
31,116,204,0.17535660668728117,0.2530774704370271,6.018940995524302,5.45670710117555,0.6327085496039367
31,117,203,0.17408354551832272,0.25524254365157767,5.149942303848714,4.380854162517053,0.6232311963808826
31,118,202,0.17603954965366042,0.25087896503576373,5.594517441199923,5.244953729407721,0.6454947822178351
31,119,201,0.1727878731561862,0.2541438741024494,5.5927896081584425,4.442138257508016,0.661011713726703
31,120,200,0.1704178350786541,0.2622465301972501,5.137008651175985,5.34675870962005,0.6247521236352522
31,121,199,0.17499902832475803,0.26006988615835364,5.167119812633212,5.2206355028735185,0.6218467312439294
31,122,198,0.16913599444832228,0.2558391390492748,5.636269355772194,5.137773077983947,0.641261265925887
31,123,197,0.1781348859720228,0.2718116661708867,5.082028294675648,4.3164952060239905,0.6215747056733075
31,124,196,0.16826369879932296,0.2593915605994362,5.568834570477124,4.445702653481118,0.6521069047099085
31,125,195,0.16806708398957224,0.2617473957481071,5.05253753977539,4.71988924928078,0.6451988328687193
31,126,194,0.17825837933163902,0.27157546014552125,5.251761691317958,4.863521023647771,0.6425133674604938
31,127,193,0.1765100584619166,0.2687148768470605,5.028783465419602,4.490643645496175,0.6366602506605687
31,128,192,0.17558984659050952,0.2621787953802543,5.139761012959154,4.033348431225071,0.6418926335678584
31,129,191,0.19203470856085378,0.27906591145087944,4.937242570044718,4.639832761030452,0.5937735554846914
31,130,190,0.19377303692566977,0.28620696369951054,4.795760018616263,4.676807199097863,0.5705952777692245
31,131,189,0.18925785605565,0.29256057151803594,4.78208810831447,4.502827965649431,0.5864760865862659
31,132,188,0.19108915117551914,0.2778088053653685,4.986769563830654,4.43332357728609,0.5869325890121669
31,133,187,0.19164293741699615,0.27321088411480643,4.95721446733476,5.052451398294392,0.6053920722201931
31,134,186,0.19213523074332162,0.28970268618187606,5.4931650827682255,4.835776127256752,0.5908547458994323
31,135,185,0.19053825673733807,0.2822351054808321,4.926198329015339,4.101826597399724,0.5819962112847551
31,136,184,0.18904853251244225,0.27452334413575946,4.8130539453197105,5.060039168511404,0.5974476893436349
31,137,183,0.1921115166995657,0.2824981451375362,5.12215026867775,4.891762290390411,0.5754733315185603
31,138,182,0.1946553833485036,0.2817944380040039,4.825278715255788,4.798956370546123,0.5838547460042504
31,139,181,0.1978566766919509,0.2902674827717538,5.024559392362708,4.2494756044354425,0.591260184490803
31,140,180,0.19512586740088747,0.2782361692379986,4.835920419516073,4.227017175873744,0.5713709824504465
31,141,179,0.19788834446775547,0.2835363002394516,4.594550907599844,4.517494569885747,0.5633021981456589
31,142,178,0.1991552503227843,0.2878576101758272,5.052281225024141,4.497672424075573,0.57727562889232
31,143,177,0.19866855687422896,0.29455600860912595,5.2470483124862675,4.604018431826481,0.5755011745485797
31,144,176,0.19139583163326118,0.2726888675727557,4.643273329787223,4.215977206715556,0.5586176271151488
31,145,175,0.1957476717168369,0.2799966825923778,4.922578379993286,4.073909605324227,0.6081988900953945
31,146,174,0.20438500196858778,0.2893373647922836,4.970569258116845,4.021348414298842,0.584734484239267
31,147,173,0.20038594652302136,0.2845979626524394,5.087881737821757,4.318556499359229,0.5784258233420535
31,148,172,0.19417707848492669,0.28112668610359415,4.998288341284554,4.248807568438976,0.5735950191726479
31,149,171,0.1903426712977668,0.26274184165079345,4.635671431983768,4.154660843813674,0.592872599414027
31,150,170,0.20168840587514425,0.28460640628004896,5.237637538619201,5.051165097814035,0.5829128715398914
31,151,169,0.19806926772690372,0.28581680654204206,4.750038915288529,4.7982885654847545,0.5920971759124722
31,152,168,0.20208556866147825,0.29191776839702144,5.385652303977798,5.44136324558011,0.5873282404273313
31,153,167,0.19645411343422756,0.2811382264143049,5.026284766318669,4.279401950825095,0.5839497121692118
31,154,166,0.19823037433181015,0.28309335221264,5.083342291313974,5.198677686366781,0.6066191184540305
31,155,165,0.19827513958148169,0.291174038376592,5.8820151378990815,4.861545724584625,0.5789448751856865
31,156,164,0.20022341007909547,0.29738537757379113,5.222141644314292,4.787271427221296,0.5687545004223005
31,157,163,0.19903202625614566,0.2883671384861502,5.416381343575468,4.6870509260734545,0.5694839020468746
31,158,162,0.1958771911771107,0.28860265132695045,5.285309282049173,4.361244200576196,0.5809476135639081
31,159,161,0.2050417003636743,0.29754361824217185,5.028903548078492,4.503888818136891,0.5693378202936695
31,160,160,0.20633911605027444,0.2986143949011839,5.182589327389963,4.59331880967863,0.5731110329873177
31,161,159,0.19971885079984447,0.2909775311254168,4.8869131146337725,3.87328122032635,0.5729834352302499
31,162,158,0.1941107792537054,0.2794821712475093,4.936843781363596,4.188299025502755,0.6003511981113271
31,163,157,0.19972029340954656,0.29570000691565407,5.132572627962018,4.502925798619319,0.5620667970062826
31,164,156,0.20191280379577053,0.2943125495081099,5.3024664504788745,4.690634936205132,0.5912782055527134
31,165,155,0.20104025202559653,0.2868687232601568,5.33641185210992,4.814851056749963,0.5864841712266069
31,166,154,0.19404873044808793,0.27350341719946414,4.935168609544094,4.709086551465131,0.5897542360277226
31,167,153,0.19449190346128886,0.28016381688521663,4.981683823062195,4.3847485797817365,0.5838766045124585
31,168,152,0.194300726993452,0.2735249249398082,4.853546342069089,4.820395816398961,0.585302028083964
31,169,151,0.19942994766715447,0.2947125104032752,5.037885577530049,4.297693312225379,0.5573612046334661
31,170,150,0.19632839328981544,0.2876551332789916,5.448828261220653,4.458839853272033,0.5899254225476993
31,171,149,0.1995942740842422,0.2928319281703398,5.30862939331824,4.495745204091795,0.5966256227729587
31,172,148,0.20458375141303942,0.28651610192016086,5.477522928140864,4.5834998207218085,0.5801882268646734
31,173,147,0.20422790465616775,0.27828715489802003,4.783928849157883,4.556061652444997,0.5760612247896724
31,174,146,0.20291239139514322,0.29245848540935454,5.065167940623987,4.319941850081799,0.5756947391253938
31,175,145,0.2033020460512477,0.2874928378307599,5.074246571085839,4.129201844306986,0.5828744959517596
31,176,144,0.2090176521319721,0.2987491920088594,4.879019441745296,4.0570055027547385,0.5811280934248388
31,177,143,0.2030638510346438,0.2892627896130984,5.133267170081574,4.725042696365095,0.584497225073601
31,178,142,0.19245093100320365,0.2788851290756986,5.208676635889489,4.904514737469051,0.6126464927964894
31,179,141,0.2006056081918875,0.28376992009592533,5.101670462138805,4.549551751040957,0.5880090103388746
31,180,140,0.20815774504656995,0.2793217374937331,4.77452100394478,4.350522576178141,0.5913342062313365
31,181,139,0.19817923657968822,0.2847480574168149,5.099145915474271,4.202416404864135,0.5901281615632102
31,182,138,0.20520850688046907,0.29158035985226016,5.385430245998517,4.596504096545868,0.5689394830024678
31,183,137,0.19683748042502008,0.27467810293300593,5.0200665584299555,4.574034955346835,0.5991673724321527
31,184,136,0.21055249166149934,0.3066592091750381,4.424476707682589,3.884776591884452,0.5547053364332547
31,185,135,0.1949639906762478,0.29101607809515767,4.829053918849642,4.754903837581925,0.5838010359219664
31,186,134,0.2054187323258265,0.28903122062574765,5.235808801018495,4.918948253873901,0.5840467164168
31,187,133,0.20621883968509075,0.2984726744141663,4.7103504340214,3.999352982676019,0.5598223929676783
31,188,132,0.19930152041263585,0.2982748217404677,5.272931155810506,4.299532988929078,0.6096236769678555
31,189,131,0.21621792533808276,0.3057112302600467,5.292097817026395,4.55429387536925,0.5635739387676248
31,190,130,0.2016358114073981,0.2823593658861892,5.413827083730537,5.157540084899028,0.5784347535611866
31,191,129,0.21265635165746255,0.293789900928499,4.998603857990577,4.49804122295779,0.5606294909350061
31,192,128,0.20081198059063246,0.286338210032558,5.381837732537532,5.215542189456344,0.5702233788686616
31,193,127,0.20523988075246613,0.2997178529662331,4.878453023954683,4.65481343551719,0.5747969727239222
31,194,126,0.20779727559085973,0.30026014809054946,4.840352787576523,4.082006731219466,0.5658656273192011
31,195,125,0.21127342565820964,0.3020321351563318,5.853278767524575,5.22502393973658,0.5773387695066636
31,196,124,0.21315741431358518,0.30759162030124504,4.976565650444309,4.61624948718458,0.5619963317858339
31,197,123,0.20970285978961395,0.2929862448924592,5.669770852256095,4.70015300773064,0.599627813008721
31,198,122,0.20750851509914225,0.30624233042039667,4.653178274465471,4.306411695573538,0.5614611069612279
31,199,121,0.2119480524537516,0.2883966271711152,4.757348749246859,4.036350701096719,0.5791126132198093
31,200,120,0.21057969798865883,0.2914649667783173,4.63352931157625,4.084702578238047,0.5840754600618744
31,201,119,0.20646266512912867,0.2867149301455224,4.941428152389055,4.572232591915505,0.5672815132307891
31,202,118,0.2129622067734407,0.29396327170373127,5.265594374234302,5.713457598804429,0.5765413618772546
31,203,117,0.21379496236310733,0.2937913735276071,4.858579218715738,4.320046977293048,0.5671258635547866
31,204,116,0.2121178301830674,0.3028506241820114,4.6981027940987055,4.163272932418994,0.5713102255640977
31,205,115,0.2085640397869914,0.2981577096878799,5.475141838754149,4.699538197662743,0.5699736271063092
31,206,114,0.20569580256032607,0.28929105600978977,5.581892503344318,5.4143524805015995,0.5708498610331102
31,207,113,0.20697048540572463,0.298956722851889,5.839839597859039,6.091260363397172,0.5866472781409892
31,208,112,0.2047259415930008,0.29514306614509406,4.811409436045873,4.726857497066547,0.5846793872379749
31,209,111,0.20991630487889437,0.29723256655894137,5.258057000959141,4.597927808222528,0.5802242656308657
31,210,110,0.214597145933026,0.30006174393762836,5.154434154479233,4.893504202286059,0.5728473997861767
31,211,109,0.2163973235880417,0.30095966153156084,5.647863941072064,4.433994592742858,0.5773806515317665
31,212,108,0.21243581642202852,0.2987634463367534,5.576289108902037,4.9111838256141365,0.5838731385195876
31,213,107,0.2130313975898977,0.29784384938875713,5.2564147238024965,4.564136324074291,0.6040703852664895
31,214,106,0.20942545885860003,0.29887676822754444,4.796894788227242,4.07861685110155,0.5896300891624582
31,215,105,0.20415035045548333,0.2915582963293475,5.053737342519506,4.643599997763965,0.5632561965744748
31,216,104,0.21393064026256078,0.30364787632628215,4.943656354529141,4.364769115608374,0.5910443364783425
31,217,103,0.21792461790686124,0.30642528654365525,5.058352348985584,5.010237789942185,0.5633997934949478
31,218,102,0.21613143689901126,0.3004638356085733,5.748029449587877,4.513579302948096,0.5810438095040101
31,219,101,0.2054385251500059,0.28669547228354886,4.759049915722985,4.851389084446274,0.5838249357572969
31,220,100,0.2047423933117277,0.29010284647060225,5.053980364941994,4.413694294271305,0.5778560832752615
31,221,99,0.20677961279365425,0.29867488564540656,5.154644074787742,4.689608613193992,0.5875210386246341
31,222,98,0.2060940196722858,0.29119096153849355,4.784815933007769,4.716181148839191,0.5651621196907557
31,223,97,0.2166201677731658,0.30556626137899795,5.164485426631367,5.090853735628379,0.5660917144066605
31,224,96,0.21410201785283328,0.2949333064529188,4.665479722218069,4.131498604493256,0.5774627737408972
31,225,95,0.21251400785107913,0.302639702116833,5.5286270568012466,5.093204814873745,0.6052389366385313
31,226,94,0.20972868725156005,0.29875921028120944,4.382675349534715,3.9456726136612326,0.5833691355406831
31,227,93,0.2196237451309979,0.314426761365259,5.038863387487183,4.789259759804712,0.563983852130599
31,228,92,0.2211337332508858,0.3277677935333057,5.396219246114137,4.903226858477679,0.5551468724298624
31,229,91,0.2209152408356448,0.31214808374224656,5.005528176930962,4.56458701505088,0.546466523764036
31,230,90,0.21616371228643674,0.32174357544936943,5.018215003648618,4.63765983556784,0.5706324550004404
31,231,89,0.2154484791843705,0.3147019487550954,5.042883363625775,4.506050501452838,0.5629938963779176
31,232,88,0.20785452768536217,0.30874822788033746,4.7822333978883425,4.391183001006851,0.5581023795516431
31,233,87,0.21263599570994413,0.31691393478013064,4.821098171580353,4.592326482142384,0.5645906105188008
31,234,86,0.20968383182925424,0.3069485972468791,5.086608163949862,4.333982881611936,0.5563665741601819
31,235,85,0.20840878573670832,0.31842631280657324,5.296496986692331,4.332094306761119,0.5765372741142815
31,236,84,0.2068077519661842,0.30231529887494935,5.361297306162246,4.50818783582729,0.5830179859895769
31,237,83,0.21806702585571824,0.3195632446962733,4.910720917329115,4.523705059158476,0.5551748795493195
31,238,82,0.20819569658533066,0.3000655826777484,5.368429348153967,4.448973995641067,0.5810575703352887
31,239,81,0.21440564313569088,0.31488308901213685,5.229636116953639,4.680289130468028,0.5782816895365761
31,240,80,0.21662140853202322,0.31099645966632605,5.134682134556767,4.859429768135396,0.5834390810155822
31,241,79,0.2060377680796632,0.3007961594075319,4.970216858364168,4.067370053314391,0.5799012647805359
31,242,78,0.21414742510303508,0.31615683747892226,4.993426886552346,4.184211349221284,0.5653540469696531
31,243,77,0.21360807894032044,0.3032963086512454,4.929620786923184,4.341235402879667,0.5902833549052274
31,244,76,0.2219166114768251,0.3226684029311322,5.389380828390712,4.830136186115746,0.5732957510208725
31,245,75,0.21903283580459568,0.31010793490232,5.518892580363344,4.840546256067879,0.5636901409849288
31,246,74,0.2247891651148824,0.320424732432746,4.822652858262394,4.176693274374371,0.5699570116318355
31,247,73,0.21838843704813665,0.3185272140521443,4.48407151529579,4.106679061510038,0.5655251465846495
31,248,72,0.2166112533809178,0.3038759828599341,5.028839070214776,4.483290741020051,0.5832008840520185
31,249,71,0.22214843332220435,0.3143393836878729,5.01063056758108,4.49487798603878,0.5626117617874512
31,250,70,0.22388876990565304,0.32166939373223224,5.512741718968246,4.718754183660253,0.5556802690123362
31,251,69,0.21028517679396244,0.302754660579807,5.139726897195571,4.829968941938867,0.5692926037893183
31,252,68,0.22420412019523842,0.3206326040162496,5.16466475870449,4.890897532804642,0.5539162511603098
31,253,67,0.21816541165831166,0.31064412108112116,5.4297000211899675,4.668629705427279,0.5574414010004448
31,254,66,0.2307528925541115,0.32268674976936046,5.013723360894868,4.514289765944216,0.5569965133862728
31,255,65,0.21205883173966464,0.30119793835509623,5.588525104548729,5.733507159039184,0.5839631351206233
31,256,64,0.2164546942746674,0.3026670746720297,5.306060502342039,4.897114313963595,0.5734889733006433
31,257,63,0.2480951295379151,0.3384717275404867,4.446148113353029,3.9495978534618215,0.5208407417389654
31,258,62,0.2456407680337427,0.33853389131024864,4.721945073173426,4.349967352835638,0.5289745935548159
31,259,61,0.2496538414322521,0.3471610934683363,5.154998716329559,4.268908098788463,0.5162584502509565
31,260,60,0.23388458462635006,0.3172497396557934,4.963621177019949,4.929378706870404,0.55606663662115
31,261,59,0.24034665229354116,0.3448694593414883,4.848370256648401,4.5980823626052185,0.4990393681811545
31,262,58,0.23125418124861497,0.3206586922737723,4.50126406517705,4.262422327151242,0.5333342162970158
31,263,57,0.24490656863703275,0.3404604194110789,4.4400529245952045,4.05265572234482,0.5095714076074288
31,264,56,0.25212526433757965,0.3595091793928811,5.221305645811123,4.248488279183347,0.5078234914121198
31,265,55,0.25158213544933283,0.3491087411138367,5.533384646657749,4.773287971542942,0.5157724270592379
31,266,54,0.24768863526283658,0.3466270208790981,5.074750746459399,4.022555240117973,0.5299343428961312
31,267,53,0.23444060136926118,0.3233314603060266,5.064023006048236,4.114904008061248,0.5547755125262938
31,268,52,0.262658713752406,0.3734366592460896,4.759224005371183,4.314338588511852,0.4958437519168716
31,269,51,0.24725668299314138,0.34106485971603734,4.623772305297524,4.456754708825038,0.5167816361035179
31,270,50,0.23061572259372745,0.3267120336865345,5.0400058049960155,5.233637270280254,0.5490549532146356
31,271,49,0.23421805735975282,0.3411703081004157,4.837660434110292,3.969858765766169,0.5211680100546431
31,272,48,0.234456755809813,0.32675816637605243,4.929505075273262,4.821988440145857,0.5213025207642284
31,273,47,0.24855055280141394,0.3491907904996787,4.4795303764433765,4.784343951626061,0.5132395165006199
31,274,46,0.2423839024870799,0.34519463550385954,5.172097581773754,4.691818947087819,0.5330712574128403
31,275,45,0.25579423958077324,0.37243012433124345,4.802535106112983,4.636328668683884,0.5005928106798536
31,276,44,0.2523850122722407,0.3531952178216596,4.433320568965769,4.160430918479493,0.5003989846868042
31,277,43,0.24872631123200278,0.35087486631915976,4.510748783618622,4.6402985830687795,0.5152929640155478
31,278,42,0.23615849512321252,0.3367998689140423,5.278882705691199,4.68266588508606,0.5358165235213915
31,279,41,0.2670171919328934,0.37771517609852745,5.2103081005569845,4.348693917148783,0.4877105554933595
31,280,40,0.25246898580238775,0.3603259763755263,5.114635163007845,5.187516072148969,0.5096080332246812
31,281,39,0.24285831327737165,0.34444112511865754,5.214390595177709,4.844665053832192,0.5344995518432031
31,282,38,0.25191522648151726,0.3713457154627638,4.804606300028013,3.910655696564,0.49468848887161787
31,283,37,0.2364252939973464,0.3416747956846141,4.581298891860044,3.841786070286695,0.5010388015404706
31,284,36,0.23899085002585552,0.3517199203636868,4.712014298962341,4.046920540916339,0.518754517371257
31,285,35,0.2517150762747422,0.36100921408029757,4.923052391789168,4.518580485781957,0.498011813822919
31,286,34,0.25233428287958626,0.36820763020965064,4.897389248459579,4.310948467250725,0.5024704883552213
31,287,33,0.24969978640073776,0.34749582266194223,5.31135112129715,4.641986387649699,0.4996461968283609
31,288,32,0.23078094636102936,0.3249808880817107,4.373346778368477,3.9659441700550393,0.540852671146352
31,289,31,0.25020898781382045,0.36262342208705245,4.767159382346361,4.192226474564559,0.5110143261840497
31,290,30,0.2573464638292512,0.36274099938501064,4.839771049690887,4.526441173336229,0.5127008764022102
31,291,29,0.25171032433644647,0.3659170445765294,5.078263231515581,5.423952321968058,0.512648218169327
31,292,28,0.23547867096676955,0.34570719853543447,5.008352837419832,4.559781915736996,0.5415039080779154
31,293,27,0.23717939987192854,0.35087349772536963,4.535502918268181,4.29448677129472,0.5382288014158587
31,294,26,0.26364144707224885,0.3720027642273198,4.6970440879169235,4.568398559496555,0.4910397112339536
31,295,25,0.2593071050908959,0.3679924223793884,5.227225722476325,5.347194629053468,0.4874111492860984
31,296,24,0.24297256785360752,0.34705153107118275,4.68163176536826,3.7155432423169104,0.5227051096504853
31,297,23,0.25034318858545596,0.35802439239961437,5.619985861881369,6.311715869470114,0.5122095587721557
31,298,22,0.2499905549261832,0.3609243221318889,5.145671588025715,4.330811529542748,0.5232006523632554
31,299,21,0.2576732714699738,0.3499463880212422,5.893461490105835,5.30833199427265,0.5233485143383773
31,300,20,0.2508036753012137,0.3547491359664202,4.802470329328727,4.146632846014058,0.5131507608230493
31,301,19,0.2649049948618933,0.3733044445293434,4.663410147657801,4.033382665160781,0.491013569631246
31,302,18,0.26821637507482665,0.3610603019086658,5.388213654610235,4.73651842933005,0.5022020230411879
31,303,17,0.24577520032772018,0.3379209639847461,5.180346946647287,4.619214743656763,0.5329892587965172
31,304,16,0.25155614737321813,0.34912082216121126,4.645197110138742,4.230963942633976,0.5363925690455864
31,305,15,0.2624588468199633,0.3613667444078763,5.182596996439798,4.782481409168044,0.5241627876045641
31,306,14,0.2502676673631972,0.35745681459362705,5.077785241627467,4.249036824179122,0.5200993418973037
31,307,13,0.25204237595413487,0.3517889775415709,4.610527322634818,4.237715857848858,0.5107418403309063
31,308,12,0.2546878099979145,0.3646584506005269,5.077631011215519,4.529021371680095,0.5077188258749877
31,309,11,0.2471919824971988,0.3436802367963089,4.924660955732299,4.239569182770944,0.5134727511497039
31,310,10,0.26111374237686574,0.3818096339598648,5.170561843098968,4.921935838848831,0.4997358182382576
31,311,9,0.23905452945110728,0.3507120300099563,5.665609885080341,5.028177041963847,0.544889558490424
31,312,8,0.25294843705797143,0.3614285773012874,4.650128017116053,4.07155222408178,0.5239597225987019
31,313,7,0.2451750089213296,0.3511360998130123,4.736746870819564,4.291289406242983,0.5097146464330712
31,314,6,0.25789654903323084,0.3681315480454439,4.541785582911045,4.424522544962337,0.4962585684453376
31,315,5,0.2618482694868852,0.3824468955624097,4.863244869370072,3.9219462475335245,0.4961350052679753
31,316,4,0.26514029536500355,0.37083212432218016,4.672973786242453,4.98228713847096,0.4947732265561091
31,317,3,0.2530275356377381,0.3446373015789388,4.681344187337544,3.953479029430702,0.517231655422422
31,318,2,0.2605091504090551,0.36800281582435,5.405867609400451,4.72532324859852,0.48919768408306036
31,319,1,0.28046652090995733,0.38985656544580494,4.4455913785681895,4.200576581792707,0.4838504017872005
31,320,0,0.26630298950175285,0.36297145240315665,4.48502878579741,4.204837867266326,0.49896038823849215
32,1,129,0.1615550561388201,0.22136881378971265,5.042843428723142,4.496015164502942,0.6481082643271685
32,2,128,0.16406087116789564,0.2240660963849762,5.416583851812563,5.354698380395771,0.672236722069813
32,3,127,0.15892224260107193,0.21816561628181835,5.304276534710832,4.6673534997408295,0.6645273395163666
32,4,126,0.1673634055443223,0.22770842074792952,4.948353989908084,4.668104688655248,0.6590421385292914
32,5,125,0.15741789998380298,0.21744983668889672,5.596010521871623,5.8560941609933534,0.6499127315158801
32,6,124,0.16013728694785304,0.2242030990306413,5.113548156167196,4.941607752029591,0.6516363743764941
32,7,123,0.16476530638278722,0.2332051205342916,5.4260919399022685,4.663033171698753,0.648432744819852
32,8,122,0.16127947193274136,0.22720595471752342,5.294774358008607,4.252747950034217,0.6560402409324275
32,9,121,0.16259072497088892,0.23081721951311163,5.3199762458623585,4.999831388348151,0.6549544510743947
32,10,120,0.16288034367274504,0.23352030396346715,5.502312463223669,4.459657478795062,0.6468761038303639
32,11,119,0.1610943172144122,0.23191129328191948,5.750138105509892,4.381972968920829,0.6416051374980996
32,12,118,0.16398682371002246,0.2338516379073234,5.365777439011493,4.798848302292833,0.6534839918826124
32,13,117,0.16213178181871757,0.23250559994644893,5.375096169954514,4.779697650676411,0.6366855914333142
32,14,116,0.16133986916213733,0.2284369216176046,5.2175661029550815,4.293760982512652,0.6554556959533643
32,15,115,0.16155620164978232,0.22952553801247622,5.776837629246342,5.691392181729662,0.6663334258438087
32,16,114,0.16087496957197403,0.22818199380669446,4.749843878174716,4.075917046267896,0.6648928163131703
32,17,113,0.1599774865232738,0.22689431784292596,5.3201867404924466,4.5927677075578845,0.6333605144363321
32,18,112,0.15904602689519706,0.22244787761421728,5.058625645311672,4.438478176245017,0.6450110429439527
32,19,111,0.1668291438786016,0.2347503042602922,5.490613721099896,5.298299030353274,0.6845683590916375
32,20,110,0.16975043344866692,0.23704929537930405,5.571300300574452,5.987088991973228,0.6366207490792096
32,21,109,0.16856345670413822,0.2375615902859334,5.558283171976747,4.742051012232846,0.6594180834264021
32,22,108,0.16163068320318122,0.23006510223740098,5.080215008373068,4.209549277907672,0.6532836385424533
32,23,107,0.15890342782062136,0.22911402234198205,5.540336691419785,4.692831843403951,0.6683504653122734
32,24,106,0.16135560921534461,0.2314611395327315,5.053902870415609,4.581712204623032,0.657485502574894
32,25,105,0.16071995431739172,0.22867083113346645,5.219280134086693,4.518185246304406,0.634206411817344
32,26,104,0.1604488713565418,0.22990863042007445,5.404552982668324,4.675394813122409,0.6614530057096072
32,27,103,0.15706731419952946,0.22551176826272332,5.363959145257647,4.0800109880051005,0.6679867931245159
32,28,102,0.15908196218188558,0.23295253406985633,5.520577744127259,4.954042229098302,0.6389615765630713
32,29,101,0.15992053437711692,0.23057999672827517,5.043906163250574,4.824346245639452,0.6314436558014468
32,30,100,0.15862497506899495,0.22867025046369976,5.098684539263262,4.288601816806808,0.6611112638863436
32,31,99,0.16546110364344413,0.2431289589626617,5.396391322917221,4.564977177850408,0.6330161489889353
32,32,98,0.16613027707771993,0.24273068210050133,4.923149172943034,4.042590348583612,0.6404530180802714
32,33,97,0.16271838249507514,0.24251691609717832,5.0567096939804195,4.518342405719878,0.6376537284604817
32,34,96,0.16330363518009347,0.24351526294282963,5.10954133943672,4.648626517195705,0.651903059207145
32,35,95,0.15800201054706187,0.23436733745287833,5.755615153988912,5.251193550227352,0.6806478696498166
32,36,94,0.16327007518595427,0.23975983884681734,4.647433611163174,4.411405661254451,0.6452703307812309
32,37,93,0.16202577853977895,0.23758692042301557,5.828096239111788,5.217470307424496,0.6511887093638001
32,38,92,0.164513714849859,0.23954350000032476,5.215484679288977,4.470738352223492,0.6719350286354523
32,39,91,0.163313561025566,0.23760548080228458,5.281222456128222,4.98546770029464,0.6559700204251477
32,40,90,0.1639030874465517,0.23519905900769822,4.986109823256292,4.10718486179001,0.6446060368588364
32,41,89,0.17145693404614112,0.2462140128603238,5.431594824382791,4.388688829412275,0.6536170048792503
32,42,88,0.17085417920125084,0.24116471615407478,5.219660986513293,5.009961484337839,0.6488671121756578
32,43,87,0.16954091944143446,0.238141727494852,5.291669775678988,4.524159444438479,0.6367786922752992
32,44,86,0.16278973655204063,0.2298335125155053,5.010778721388846,4.36909029765313,0.6513336937371607
32,45,85,0.17052169734107087,0.23765031504243292,5.318768170776132,4.529412336060955,0.6407143639188849
32,46,84,0.17056755365196186,0.24071949056009947,5.296482880399465,4.47284035633121,0.6491763880370189
32,47,83,0.1679614264663401,0.23512784730033995,5.466588986048645,5.526619692069955,0.6374019154608332
32,48,82,0.17650889570233363,0.24649227978133895,5.589379750214237,4.736300386855998,0.6631669941874925
32,49,81,0.17010308979277167,0.23771390500595807,5.4173399815784915,4.664505886804629,0.631887287981737
32,50,80,0.171092468795185,0.23972835026474013,5.554803077677914,4.63606353566736,0.6564387560624884
32,51,79,0.17043705681831528,0.23897475626767836,6.347282395558041,5.323128554281561,0.645983578076339
32,52,78,0.1691371882064157,0.23705374968433862,5.090350839324004,4.157614091078365,0.6327516999445297
32,53,77,0.19319055792807385,0.2677947768711127,4.904265755680582,4.032062582829882,0.5845540827829004
32,54,76,0.19165385457057857,0.2650242614326868,4.673050341057339,4.440011965756149,0.587223922460689
32,55,75,0.18960607993100245,0.26282059590953416,4.786921797194669,4.140222070638729,0.582043994562493
32,56,74,0.1829362466300513,0.25338386137101326,4.698165294110664,4.07444322664851,0.6057615417051634
32,57,73,0.1900834438603604,0.25972414234407876,5.4415754197556705,4.3517389211251825,0.6074499651429478
32,58,72,0.18231013151199563,0.2493821731331997,4.941824306038412,5.017688860907902,0.594224316586692
32,59,71,0.1865178398510668,0.2567976618127121,4.625065177432427,3.7134542152162804,0.5947420177286551
32,60,70,0.19066077197856693,0.2596012816391982,5.223132467358147,4.404509370807421,0.5909795145921959
32,61,69,0.18809999856721474,0.2579328980577884,5.128610585056517,5.016896275289623,0.6007383687209045
32,62,68,0.1908572474683641,0.26057553406860184,5.180569719788988,4.518453595134988,0.5937328266336838
32,63,67,0.19077014303207585,0.2611019672210011,5.125984462360684,3.857202613935506,0.5938715040940745
32,64,66,0.1955497554283897,0.26724132845334253,4.896600502512074,5.350902102876369,0.578665274468169
32,65,65,0.19199647222305716,0.2603010087758957,5.301958708069126,4.911342531830129,0.579537441496075
32,66,64,0.19273411174470115,0.26069473084667194,5.408157388264282,4.818256822601402,0.5879945926277037
32,67,63,0.18625283923619143,0.25390733974548674,4.497974582039719,4.0550532479856445,0.5961316252408345
32,68,62,0.18962571807426692,0.2586782543365112,5.071034500664571,4.699641451705125,0.5957440217679857
32,69,61,0.18909525291502602,0.2595125468894271,4.8587087589819475,4.994735512760201,0.5882097603654678
32,70,60,0.19086268490394298,0.2575455907591303,5.242307696949386,4.434498328786797,0.5721257490165772
32,71,59,0.18661564644546852,0.25166367330227374,5.01607948454457,4.715528122787742,0.5872957510062521
32,72,58,0.20246273086973252,0.2709390225453258,5.024646565401817,4.384730931821297,0.5694781157300581
32,73,57,0.1887534416106748,0.25254816552365406,4.915008311136418,4.987193162972015,0.6225365826959063
32,74,56,0.1935093000328092,0.25981261590611804,5.264577311309528,4.677036656504978,0.587796790272119
32,75,55,0.19907812477853032,0.26805677010762174,5.021400783185202,4.2392447935560265,0.5817415453390354
32,76,54,0.19516641554435304,0.2628377238226352,5.822380205543886,5.488677146184008,0.599526554478954
32,77,53,0.19480437227950845,0.2655527685631583,4.830387529368846,5.239923827347191,0.589584196172557
32,78,52,0.19210384333684533,0.2670409260350044,5.695974081546707,4.872034386240715,0.5979887807039577
32,79,51,0.19339617846854773,0.2667947743146292,5.587773655399999,6.2902190002183245,0.5871281155344683
32,80,50,0.19462563478718303,0.26855909114641846,4.745080598365368,4.348751927515774,0.5841104111456039
32,81,49,0.19414729313366802,0.26737783574275237,5.069804999645893,4.668217515287216,0.5914869750978423
32,82,48,0.19265053633186519,0.2650712717766528,4.99508775459381,5.24514800995738,0.5804617161645135
32,83,47,0.19863014864423703,0.2756649596952811,5.381077498753695,5.1966033231126305,0.5709812244993858
32,84,46,0.19236132818274837,0.2661083989169237,5.052728976185807,4.684350011294061,0.5831674614390967
32,85,45,0.1926251304454916,0.2645331838309061,4.829270250894025,4.2347930884910765,0.5926889184648229
32,86,44,0.19299205423427013,0.26617133729731146,5.183197782967527,4.663030926647395,0.5816972098787082
32,87,43,0.1899140701984516,0.2637069317162502,5.256217989528528,4.2539380343682724,0.591839938111095
32,88,42,0.1980235282434648,0.2750788434934085,4.77070071130176,4.247205738478992,0.5708652418158287
32,89,41,0.19517331023438292,0.2742142526316521,5.135192099224241,5.3467251849944075,0.5694952785740827
32,90,40,0.19697512714306734,0.2767468612197081,4.7202118844534535,4.067810200853415,0.5855671610491828
32,91,39,0.19452455082659445,0.2777406093442033,5.670642127004636,5.139607535883494,0.5818223139935631
32,92,38,0.18914957299508672,0.2714281913860458,5.415861022958367,4.870136005746854,0.589485252488112
32,93,37,0.1921191842546594,0.27376391774119174,5.280820141631233,4.633054012713913,0.5790302674529482
32,94,36,0.19571742853450705,0.279980277321194,5.109163984709467,4.601529488815146,0.5744725740023513
32,95,35,0.20021674942314457,0.2828228870522325,5.390578436240059,4.76069739593826,0.5699434232922911
32,96,34,0.19701924824005002,0.27901245644852,5.375966574584586,4.778890339345399,0.5734355846881045
32,97,33,0.1944878899673282,0.2750606033830831,5.187320767513302,4.895260826690056,0.5698995813558136
32,98,32,0.19381543044023716,0.2764029194058343,5.488943911562085,4.895589442892299,0.5981296094663934
32,99,31,0.1940363839992121,0.2766586738083688,5.109176118830137,4.400408914382251,0.5893892415013019
32,100,30,0.19051336301819802,0.27216421712532957,4.730332281574983,4.191374017205456,0.5671764151590052
32,101,29,0.19597920522109444,0.27978585544372925,5.6766419837508835,5.342872124221856,0.5780088954815451
32,102,28,0.19506870841323187,0.2822090447170089,4.77102755906173,4.1618010038434985,0.5521107985414432
32,103,27,0.19826928329926552,0.2830025737730514,5.091660266272381,4.708183814711857,0.5610980785809138
32,104,26,0.19333393122973133,0.2775115056913552,4.649363866327995,5.038693690557631,0.5623623699859933
32,105,25,0.21544223985767125,0.30814095609551484,5.0499138458916155,4.407883733401856,0.5292796371250716
32,106,24,0.20803659428660717,0.294104117403081,5.300313022185591,4.580437497756753,0.5547925396435854
32,107,23,0.2156121082534888,0.3046077225031282,4.793298949565225,4.294169833539987,0.5364303521945956
32,108,22,0.21616046164172548,0.30364084184972007,5.347911005852338,4.633975164373214,0.5306647372817717
32,109,21,0.21111952449977944,0.2975421332746446,4.9236490471354815,4.012850501637705,0.5363606266696201
32,110,20,0.2141800012939135,0.30427799628446917,4.275631590831083,3.7875232192437007,0.5302010018691379
32,111,19,0.229434822002277,0.3247520262079149,4.56725702867964,4.233423884283913,0.47981624353513597
32,112,18,0.2308097802641061,0.32739645861296984,5.024412114590645,4.302613263402808,0.4977490469297327
32,113,17,0.21584389622670683,0.3141227833418039,5.124788382192379,4.521087401884958,0.511244921245494
32,114,16,0.21430455753756622,0.3062066366978502,4.782571587877062,4.049849445387096,0.53000875664986
32,115,15,0.2168199909984376,0.3112040833839965,4.909727874388951,4.88923984500935,0.5521191789476451
32,116,14,0.22388270073992286,0.32162987378488866,5.1727411137767545,4.525229705604444,0.5176103320366896
32,117,13,0.212438612484487,0.3014074445075461,4.8653767381051995,3.964499719942655,0.5381327755346466
32,118,12,0.22479038613155297,0.3185930234943263,4.358857596503266,4.225588253207297,0.5216493987608248
32,119,11,0.22795303899323752,0.3270630951476748,5.024527326157074,4.372431178670391,0.514061639614017
32,120,10,0.21293556743703837,0.30135015508598784,4.785755928826887,4.333893879130748,0.5411876109376896
32,121,9,0.2223761784706443,0.3145945801683779,4.618939189975901,4.388539404946231,0.5295830609775286
32,122,8,0.22425782344561498,0.31736963512506133,4.66120817143649,4.021372945998632,0.5107874301808103
32,123,7,0.21134367230338927,0.29811939431289514,5.164782142936186,4.88790722910871,0.5444092866003729
32,124,6,0.2304804720510005,0.3226294630789668,4.7458356518359555,4.604732702256648,0.5008200137435443
32,125,5,0.2249149406943184,0.3133396557114233,4.804412387280755,4.531476025728421,0.5104683768505525
32,126,4,0.23193837927677327,0.32170631518047627,4.779530746647193,4.489352580438536,0.4850300263853609
32,127,3,0.22721074784717463,0.3176493883787995,4.962375228393853,4.570476968925298,0.5131144940415432
32,128,2,0.22277879439897671,0.31126986118462413,4.587246348312965,4.355730622473717,0.509103531380542
32,129,1,0.22676285721493122,0.31638861248419026,5.1550223956985395,4.392927283271209,0.5136275547335059
32,130,0,0.22336359412301027,0.3116358726553193,4.730447580695799,4.159905639268836,0.5006809660534128
33,1,174,0.16080462233593007,0.21554929929427338,5.664600232117863,6.114220925143597,0.6713326557259223
33,2,173,0.16044348269550526,0.21595250985190936,4.843328038891259,4.572863684870057,0.6335523685543323
33,3,172,0.15899827279921996,0.21381952591595463,5.348420153431358,4.357609676141095,0.6695526790977157
33,4,171,0.1623055436369645,0.21406240255843162,5.420238005904011,4.211221455070354,0.6813024504138222
33,5,170,0.15822298267001217,0.2139678502607001,5.575658594410061,5.316588392950978,0.6618512960468452
33,6,169,0.15917863294719592,0.22039131161158984,5.963355107551273,5.307366660781123,0.6604189059584915
33,7,168,0.16214188599398732,0.21982249718764213,5.43639389459122,4.854863137416075,0.6660778625551493
33,8,167,0.16105055213084568,0.222516855655195,5.385784156959441,5.080809695545614,0.659724133971279
33,9,166,0.16405158475571063,0.21922492520461534,5.401293504638202,5.096543541502893,0.6662392214694244
33,10,165,0.16240498484280774,0.2249457061445249,5.3620332768412995,4.551686371557013,0.660871490598407
33,11,164,0.15890342033980628,0.21173767226611498,4.827993335618405,4.288518697065203,0.6478335215640969
33,12,163,0.1688595767482052,0.225022127379986,4.997493990199202,4.830244993410659,0.6581801711582491
33,13,162,0.16815590319159812,0.2177135915361226,4.935990682654426,3.966145408167214,0.671695428876234
33,14,161,0.1650835038098415,0.21843546853014395,5.926617128334783,5.162864401063314,0.6426742188788697
33,15,160,0.16452321880287393,0.21811217039763167,5.415510179576314,4.256940972027316,0.6746450769463105
33,16,159,0.16496746837764872,0.21731408027750976,5.065709266144419,5.008449812049757,0.654846615737215
33,17,158,0.16005958122148709,0.2139327594867209,5.160153871664464,4.516390418737597,0.683088050956339
33,18,157,0.1628385313414749,0.21653965933269398,5.063948571371019,4.881759840304084,0.6728057814194037
33,19,156,0.1657728597121061,0.21834679771688761,5.533734907694924,5.932889284354323,0.6699667163419534
33,20,155,0.1602353560169839,0.21673336126044604,5.6221156491059565,5.608571225183887,0.6786909418610517
33,21,154,0.1600987995841427,0.21765724171289577,5.477092734290819,5.085121021427709,0.6793073166347804
33,22,153,0.16205845315367484,0.22200063044410126,4.8530588052014725,4.606238458594426,0.6760467402900611
33,23,152,0.16887802556988976,0.2245139442586336,5.512704385301036,5.375984359154767,0.6600081688834233
33,24,151,0.16657050250980496,0.22654575396725948,5.097218101099443,4.402397587266249,0.6372719150461927
33,25,150,0.16616847654124162,0.2177828804059849,4.958744417760235,4.216713671651915,0.6631986185099412
33,26,149,0.166036979710887,0.2241333871905714,5.45352284955391,4.68439014406969,0.6620603136159428
33,27,148,0.17213698256538223,0.22508491409302753,5.780232890068614,5.813608544695134,0.6515647239925427
33,28,147,0.16612392070544235,0.22185723676246233,4.993947583469003,4.09438438564126,0.651496096779255
33,29,146,0.16074855048626174,0.21758037931321758,4.861098722978756,4.498220388820149,0.6802796648255932
33,30,145,0.1655597979933423,0.22502408903469984,5.366416237826467,4.985770907824301,0.6683221594161426
33,31,144,0.1657019502500371,0.22323484463442964,5.239528460800338,4.901905413745049,0.6727693318338174
33,32,143,0.1581869886345161,0.21147494444454756,4.8209639486523255,4.197540118873156,0.6364323959565797
33,33,142,0.17073496474948516,0.22744390161815092,5.281106438228743,4.718288812584956,0.6346956811332988
33,34,141,0.16281199640303298,0.21943287537844255,5.625077751289917,4.562599531296195,0.6754489331610083
33,35,140,0.1615723843750094,0.21477368740320063,5.009020758003748,4.198838988791796,0.6561718546929058
33,36,139,0.1662943893364966,0.21826966781299784,5.3873744681442535,4.268664522489303,0.6622679865403327
33,37,138,0.17005927605640586,0.22026442398181242,5.396489704630168,4.806923847979269,0.6753058355883765
33,38,137,0.16895805583684562,0.22127345654352298,5.787622066783076,5.1800976048445975,0.6556005194288651
33,39,136,0.16765995693419383,0.21983716097633388,4.979519144993158,4.300299319666849,0.6827595811729982
33,40,135,0.16862610326414873,0.2243134586495338,5.889566819240029,4.875872001808182,0.6733709630017154
33,41,134,0.17490303579264968,0.23174167350002217,5.507092007765835,5.04456353929874,0.6396520340169087
33,42,133,0.15601742768225332,0.21721203664872166,5.033625869379314,4.681968755446415,0.6509706420938238
33,43,132,0.1731253011845762,0.22745746023678504,5.376298441808027,4.367807836184164,0.6649227585548441
33,44,131,0.17052225138290247,0.2250386517950985,5.1758084965605615,4.285005484500646,0.6394216228560404
33,45,130,0.16679162070171344,0.22537214121387764,5.5513744780247976,5.30412111263672,0.676067817112904
33,46,129,0.17003439650231367,0.22517008135154917,5.2872095564995085,4.501500084342394,0.6568503238730592
33,47,128,0.16495473238992117,0.224023375938099,5.125192889541751,4.304856773329854,0.6608760966989856
33,48,127,0.16156341011338218,0.22415891882832142,4.867250475031357,4.19953100620055,0.6632944295472181
33,49,126,0.16455799435695967,0.2227295706769507,5.189177967169283,4.2385392435857785,0.6800455035006454
33,50,125,0.16399505809536313,0.22284278773802446,4.890625465978739,3.9426698377824234,0.6791580326112924
33,51,124,0.1684689812488557,0.22195178312737918,5.176917006156419,4.530262199915887,0.6640324175345335
33,52,123,0.17252884276280028,0.22267556103029423,5.346191381047026,5.037592136363219,0.6648636109338716
33,53,122,0.17170526332994596,0.22188014704301137,5.567950496643407,5.5153179449375065,0.6510008538177403
33,54,121,0.16613184486868468,0.22764411776458307,4.8517463626895365,5.24247998692232,0.6475468932602797
33,55,120,0.1636022886096013,0.21356969874945383,5.41072577669221,4.870562169267172,0.6908940025770325
33,56,119,0.17116374649145116,0.23432581497732086,5.119507843531117,4.7953525222214655,0.6572707825741171
33,57,118,0.1765661002065454,0.23422818021941394,5.0870825020818575,4.18477626634696,0.6333394860597131
33,58,117,0.16823472672149414,0.22576637144898778,5.015420412964996,4.574755095618332,0.6595231588352235
33,59,116,0.1705544487417348,0.22862521409336428,4.867775098859235,4.776965087496472,0.6527149957068609
33,60,115,0.16766207783904843,0.22199704799352618,5.274898621688494,5.03367123512777,0.6509245618945688
33,61,114,0.1753047781790153,0.23135249858371904,5.461261918081188,5.137364131101019,0.6495001384029736
33,62,113,0.17090197923071945,0.22590505525802237,5.582117715077356,4.664686685826236,0.6754990360482956
33,63,112,0.17372201624611888,0.23026834572754568,5.358845596663506,4.4585536880788155,0.6460305976181239
33,64,111,0.17894746730409752,0.23172513205336273,5.609850934829357,4.955328225783252,0.6480098082290242
33,65,110,0.17057249152593437,0.22359898346591525,5.279617964371374,4.503662013323141,0.6325317588516068
33,66,109,0.17574669419875452,0.227605099609138,4.824658949772306,4.6657032143345605,0.6246665199970862
33,67,108,0.16958476004402837,0.22577783870572013,5.315580116337127,5.050117319757413,0.6518401284965669
33,68,107,0.17164717289548523,0.22556767337235648,4.786691912727624,4.3949619420853,0.6515078216312559
33,69,106,0.16866450920414772,0.22035846610801513,5.132353485295418,4.329358543806427,0.6713068617414063
33,70,105,0.17068455502233595,0.22466656811120017,5.3544111644389965,4.770045256359693,0.6812867036806991
33,71,104,0.19369326985494825,0.24459893033888092,5.337187607217823,4.327897756634885,0.562959320417671
33,72,103,0.19171920290885078,0.24682501817939745,5.104903177051892,4.98504560847747,0.5812602050492134
33,73,102,0.19259185541586105,0.24896554203451834,5.023780222062316,4.567448702230912,0.6078499027644383
33,74,101,0.19087375929989134,0.2448832115503738,4.708669805377812,4.055557354191127,0.5732325753899817
33,75,100,0.18767743602866674,0.23534513228130333,4.857381909353812,4.978026975636554,0.5957699104971139
33,76,99,0.18843579335204633,0.24205078819692022,5.229912238559734,4.156841635267796,0.6322060195251361
33,77,98,0.1913004040969515,0.2439093319237919,5.3837265137384165,4.406648177593452,0.6180704004452687
33,78,97,0.1964548170773196,0.25232119891714927,5.384236215128357,4.983820052222203,0.581891395151021
33,79,96,0.18659020408535743,0.24472028562863368,5.025333240298773,3.8365780503797415,0.592851692288325
33,80,95,0.19119798622530082,0.2504780380999032,5.226485205008424,4.904520338022671,0.6058318510322187
33,81,94,0.19547129322880394,0.2538523980808317,5.049511946084941,4.734707867644431,0.5926463567418829
33,82,93,0.1895762712510969,0.2458492910833209,4.789702402629355,4.483990971058731,0.5950462553594511
33,83,92,0.19697607430132247,0.2557953533067428,4.822471082671168,4.030180633325197,0.6105032584347977
33,84,91,0.1900549061671193,0.24453586005863187,5.080167805206067,4.278465229052879,0.5877804353480788
33,85,90,0.1917440471760537,0.2537252832124502,4.818256742091474,4.400002917068385,0.6009258112593452
33,86,89,0.18641065969241252,0.2381805802398238,4.7742959926884705,4.537134570296759,0.5958148514773872
33,87,88,0.1924177985749442,0.25124213725471334,5.38368231182028,4.706948177783806,0.5859500714422513
33,88,87,0.18661226551336182,0.25320219769199537,5.817160629880287,6.6573804243982355,0.5939354277220991
33,89,86,0.19252693651088054,0.25213276147419317,5.597978176173303,4.879740240296823,0.6038526992507386
33,90,85,0.19490449733218723,0.2603495273397374,4.871240061668015,4.0096836099619315,0.5993215992466331
33,91,84,0.18909176386306364,0.2523043278120893,5.651622177583923,6.328116739125775,0.6029372218623456
33,92,83,0.18863837497075409,0.2518533832881824,5.36580617542595,4.602191968092564,0.6015549524236702
33,93,82,0.19190555198581283,0.24717842265305198,4.80887717847943,4.402317915270502,0.6022238357774065
33,94,81,0.1913477050119419,0.25491036781049164,4.88379591799394,4.565316439140831,0.5706829851455146
33,95,80,0.19004225835575358,0.25197535784749886,4.658753341718454,4.201389555519548,0.5921079896330347
33,96,79,0.19467745157690716,0.2569849344332348,4.924106628393593,4.40808066728129,0.562435334537256
33,97,78,0.19101120760019835,0.2539300864466109,5.076167725008007,4.514592763090787,0.5959970010026097
33,98,77,0.19203241741762841,0.2539206763047218,4.725081420674848,3.9543279794159725,0.5809833373120471
33,99,76,0.19485073939936665,0.24742225550705296,5.245572967848586,4.859153593162614,0.5879860623565979
33,100,75,0.19188112723121073,0.2542300815184844,5.260264319606696,4.486508118170928,0.5975695072017452
33,101,74,0.19653622998405731,0.260478047546592,5.002994011621482,4.097715789490312,0.5909420240602893
33,102,73,0.1901985248266899,0.25405783091925027,5.31555535096666,5.245966384340065,0.5855425121263412
33,103,72,0.19128531633938592,0.2579956416765897,5.169132435056554,4.792674811509977,0.5992288354148715
33,104,71,0.19555944474686515,0.2640254153907256,4.642098461555981,4.148395661966748,0.5683890132943463
33,105,70,0.1981898056409349,0.25681653737256693,4.724412872924718,4.258567711529208,0.5634904403245018
33,106,69,0.19278297252805304,0.24792391313156228,5.237646843734338,4.463329219053948,0.6166802569948564
33,107,68,0.19538472282932984,0.2500248373014978,4.7742896829934205,4.508719896385409,0.5908721679220367
33,108,67,0.19623689275950526,0.2484086436211457,4.791396896454282,4.190465545680954,0.5873750711934969
33,109,66,0.18714910339357377,0.24907927677519287,5.525619092755269,4.866769625850035,0.5964650131732867
33,110,65,0.1875311527147899,0.24766533646957548,5.084431084937622,4.707084477879003,0.5871284855218262
33,111,64,0.1941610365202035,0.2514070693120532,4.849469353785043,4.167443189135142,0.5893025471469312
33,112,63,0.1966428767102801,0.25713914290743944,5.156122016246542,4.461770005348493,0.5778913471847256
33,113,62,0.19717318290182356,0.25335446056745636,4.938848929343688,4.329712534665906,0.5787545399961489
33,114,61,0.19732768598767814,0.2586348483977882,5.379877159836716,5.0307453863335985,0.5930706961446901
33,115,60,0.1986042000707728,0.2579811083784158,5.203918702271649,4.854557858722556,0.5950560992267253
33,116,59,0.190717565993898,0.24622510753309249,4.771197411048837,3.938517647731791,0.590894121972855
33,117,58,0.19897781773449186,0.2519487480626881,5.43295277072545,4.596516307667997,0.5771787832127278
33,118,57,0.19304400016753992,0.24967240023636003,5.057086228986849,4.512990523529549,0.5804657026594151
33,119,56,0.1908518338950724,0.24511120118346397,5.287391041448977,4.335025412980238,0.5983464580511554
33,120,55,0.19583691892270896,0.25992071919828114,5.1265320183877305,4.340312173978638,0.5953612422818085
33,121,54,0.19717410563657697,0.25012159546758644,5.077752480167655,4.001614953057616,0.5914558043117777
33,122,53,0.20352538751400245,0.26330387730400023,4.9753888521302025,4.524389807806452,0.5760361877549519
33,123,52,0.19892993252772187,0.2578838164891976,5.630009925515349,4.443728723464875,0.6032235142833997
33,124,51,0.2043106871141303,0.267363080064397,5.183209662751584,5.161082757788445,0.5624530344192256
33,125,50,0.1918715267605456,0.2497377760924925,4.9643535103380945,4.265731815990559,0.5715896508105872
33,126,49,0.19499293418589633,0.24938916614601175,4.453640772840865,4.253893333495376,0.5659462267258457
33,127,48,0.20027907604566333,0.2607158061111422,5.347522828071291,4.30815428023645,0.6012304364694968
33,128,47,0.20660820911026398,0.27230394407381747,5.184639452665785,4.336894010426296,0.5601871004767294
33,129,46,0.19422861796846083,0.2561981310415727,5.183458074034611,4.993610019017103,0.5752234479337738
33,130,45,0.19349063600345973,0.2571227410702715,4.833216035041589,4.135993037411778,0.5833207682151951
33,131,44,0.19754196581020983,0.24923695941017546,4.945456188256965,4.942498685443597,0.6177588914816533
33,132,43,0.20248359498716642,0.25584111840985807,4.599281711662105,4.356515601047276,0.5774352076708016
33,133,42,0.1969707841550346,0.2525508951382084,5.245210803121698,4.760928014960543,0.6008663808962607
33,134,41,0.2054860601469721,0.25604641016439095,5.4885010282267865,4.39091970849913,0.5838442288131015
33,135,40,0.19872734817898338,0.25403033655283,4.599405147684733,4.1279365775986525,0.5849574077025816
33,136,39,0.20204888757089637,0.2508430206124601,5.267483220201743,4.668731006802691,0.6041921844629295
33,137,38,0.206281546733029,0.2671763106002714,4.925892535938171,4.263730797442586,0.5776981921115485
33,138,37,0.20025933678848892,0.26113076582802286,5.1177827187756515,4.912618650555704,0.5819557964882585
33,139,36,0.19721386050543105,0.2587889498185017,4.85912786376676,4.136948319892306,0.5725194182480866
33,140,35,0.20110319588822137,0.255333459327415,4.697213146553778,3.9503475226408553,0.5840754956335409
33,141,34,0.21205058804394658,0.271181263278816,5.191948692319609,4.729806640022558,0.5725823803581881
33,142,33,0.22716720744921892,0.2907371987196488,5.226959619236591,4.160494200170217,0.508330154383681
33,143,32,0.21280830260742953,0.26530260210896084,4.724350693614944,3.9624916250946782,0.5539210857736742
33,144,31,0.2103545834886231,0.2722801773618454,4.819889353936763,4.814449132284105,0.524486963754817
33,145,30,0.2225734668233725,0.2830884340940829,4.849881411760851,4.452867863912873,0.524941949889162
33,146,29,0.22103664907260065,0.2778462515486092,5.068426508470225,4.749731068421657,0.5506747786552743
33,147,28,0.2315396463373272,0.29309180068056884,4.548725538864226,4.325674817193518,0.4893612789109221
33,148,27,0.2126570877505046,0.2750741546249818,4.713410040514308,4.1223834517210145,0.5383575429214709
33,149,26,0.20726924573091068,0.26470705843193776,4.820409782309991,4.456820981477289,0.5604313912779569
33,150,25,0.2264115659947608,0.2913114852357616,4.578116850902449,3.913124863947931,0.5251643411163384
33,151,24,0.2281437095461141,0.2852434692620128,4.909429955187264,4.537604382328589,0.5229760444195779
33,152,23,0.21785938963065254,0.27333252263489516,4.477676818189735,4.444756692230724,0.5405796470175225
33,153,22,0.22217026852905894,0.28472244240601663,4.273279902618196,3.847634612042876,0.5074551843385934
33,154,21,0.21943475406447477,0.28706577146382956,4.504720187073087,4.553322772558434,0.5117904985918835
33,155,20,0.22205236988891072,0.285974342318444,5.088867989943421,4.547854982357141,0.5361801690745558
33,156,19,0.21724619944303086,0.28097338609709693,4.478178690726422,4.311682008250988,0.5399570914517743
33,157,18,0.21621161716739848,0.27940327942118776,4.790919635949984,4.151370701016005,0.5513858792305828
33,158,17,0.22265029106507486,0.2929068257467921,4.905091676465333,4.0927680334198815,0.5105295487465239
33,159,16,0.21876466022867957,0.2864797778014716,4.5749536594041365,4.477673375840614,0.5370224293489343
33,160,15,0.222590497989364,0.286889202062406,5.223963500609768,4.649796295788978,0.528326713502025
33,161,14,0.2368836605172371,0.30759988472059063,4.952416623691029,4.325954294629805,0.5164596370178444
33,162,13,0.2221726017352847,0.2802755294411313,4.539332855947405,4.004191710217859,0.540929414307528
33,163,12,0.2297836723462406,0.29523617151333026,5.340852966581911,5.3956582727761395,0.5147452665325593
33,164,11,0.23244554677134996,0.30212268710756257,4.9931539403988285,4.2992736562052025,0.5035297837810412
33,165,10,0.23188117608847078,0.29527936183246273,5.08007970725169,4.327578311019234,0.5328751229159692
33,166,9,0.215851019446237,0.2692932322318888,5.5019799231596656,5.48444610512182,0.5489302681090168
33,167,8,0.23249832006139134,0.2981995349011798,4.580062145718289,4.274380426972833,0.5357253540302096
33,168,7,0.22082085661379983,0.2848944806807743,4.91332906746794,4.096535870423786,0.5374228505210242
33,169,6,0.2209024364867778,0.29047590450827987,5.21714169252075,4.651440975879049,0.5316182093388652
33,170,5,0.226595813562312,0.291862467484581,4.738848402822262,4.83504564334542,0.5278008401443898
33,171,4,0.23371344217375284,0.2959009917115662,4.625314691272383,4.277501500955492,0.5021825723655269
33,172,3,0.23711884180824147,0.30304949259867026,4.75681543384974,4.749849404330105,0.5177274554958561
33,173,2,0.23095719639946377,0.29721641285453426,5.484667982685817,4.636917271525775,0.5128795334400326
33,174,1,0.2246051934441778,0.2954279630945528,4.864757734730059,4.330398627484476,0.49958143526330573
33,175,0,0.2256262928299957,0.27780899461490755,5.498380925722518,5.479689105145979,0.5375055928245719
34,1,187,0.15854197416493993,0.2197382040760778,5.467274726057216,4.564058323033539,0.6708701246259253
34,2,186,0.16298925328938274,0.2257150839290514,5.629031981746463,5.364526705866895,0.6555750239503259
34,3,185,0.16066786186929127,0.21504585113173919,5.570180331195342,5.249558900659759,0.689133757434934
34,4,184,0.16151230024112964,0.21323551324253548,4.849421859791776,4.097651684887233,0.6601218856199669
34,5,183,0.16957110185769655,0.22058020616605062,5.439131196242962,4.367559177037785,0.6817410444262795
34,6,182,0.16375383457440645,0.2218818264887223,4.911796726924715,4.005511455402101,0.671841893070703
34,7,181,0.16214074400932224,0.2227925441484248,5.235186420600257,5.063053480092688,0.687414121164098
34,8,180,0.16287955682762317,0.22589495540209295,5.392335409754363,4.671942528097677,0.6722499204483922
34,9,179,0.15934602940012124,0.21808742352615387,5.701931173505142,5.226462051745794,0.6769317613556385
34,10,178,0.1615039280861212,0.21638891043142594,5.078372071706046,4.145752770014759,0.6754042302879402
34,11,177,0.1610397054603432,0.2170441067562969,5.087165171581049,4.0441147207105805,0.6765425747610401
34,12,176,0.16170286693334954,0.22483585311335014,5.277376376231665,4.369561688937986,0.6755375087593859
34,13,175,0.16096014970498987,0.22050143378860848,5.22372165518442,4.6048215809943,0.6533457174043948
34,14,174,0.16035535245093502,0.22658475691139865,5.57211750108136,4.60936242382778,0.6865871540185366
34,15,173,0.15672868062049944,0.22021413292606457,4.704541801079906,4.198556793085303,0.6620224536777605
34,16,172,0.16239418984350706,0.22009588573926703,5.446797869030835,5.003182199881937,0.6384955549883802
34,17,171,0.16039860381166454,0.2161321169255465,5.459532017774014,4.9237582342360815,0.6882775176420891
34,18,170,0.16357935366538753,0.22331547836762058,5.640935707380651,4.812647931460348,0.6762252936726033
34,19,169,0.1633236154301693,0.21547992621561987,5.668261354618579,4.558983454048968,0.6790872491169466
34,20,168,0.16672826716508682,0.22038588828701364,5.915723628543429,6.105086557501816,0.6916667585258796
34,21,167,0.1668331571565528,0.2173673811793574,5.803184655197896,4.809582636570394,0.6725284881056804
34,22,166,0.16648796350642886,0.22519356825148903,5.076447795878217,4.541087621242199,0.6575984509234467
34,23,165,0.1603247430759086,0.2179767495140209,6.101302260224479,5.444482777459607,0.6810642443841572
34,24,164,0.16804061853472077,0.2194547925815866,5.549331692659391,4.805633611729045,0.6638678837578795
34,25,163,0.17114617138095908,0.225861161180839,5.646358262863019,4.995013094458707,0.6575779079150932
34,26,162,0.16923343236746433,0.22294574996751848,5.695277052237049,5.078809057267115,0.6520690029539712
34,27,161,0.1720818581170734,0.23304833440274916,5.083102284901269,4.7786773473791655,0.6330010706248604
34,28,160,0.16485365782428216,0.21732436029768926,5.069954070545348,4.388343030027894,0.6608182997344115
34,29,159,0.17376293089807643,0.22615958481787501,5.540395989625056,4.749950728097132,0.6792723971594788
34,30,158,0.17024731511315788,0.22948623463282872,5.4505238726155865,4.583830565663391,0.6591962706956888
34,31,157,0.1646204665477677,0.22528391606888695,5.459889745411491,4.797075665069112,0.677812508641958
34,32,156,0.16574226268581435,0.22755122687503693,5.621883976492277,5.3441317358579115,0.6481506371303937
34,33,155,0.16755495719784907,0.2252738010554589,5.2474239791925985,4.615502397985222,0.6553487041686904
34,34,154,0.16888966976205713,0.22004679149931652,5.000283543353903,4.815946035307018,0.656448807036753
34,35,153,0.16611337064457207,0.22204265311724397,5.998688259543239,5.169222098645253,0.677178765397759
34,36,152,0.17566952513302914,0.22073960125326195,5.688030237323624,4.870187846361252,0.691966473969411
34,37,151,0.17880288577144973,0.2246485954793483,5.801531851267864,5.597467429474444,0.674265716214817
34,38,150,0.17640294260540046,0.22574463160058472,5.3719366271366304,4.817233197902141,0.6589122744161015
34,39,149,0.1696576946358508,0.21970383416154035,5.3634353517290485,4.518121003483951,0.6642628330607132
34,40,148,0.17419087678284212,0.22371472464085723,5.0495782042979,4.553961478937189,0.6493453134079462
34,41,147,0.17559493130173123,0.22272025944424387,5.354868229531376,5.249682867006752,0.6437164375252534
34,42,146,0.17789846864411868,0.22189740111179554,5.734159635862296,4.746126021506644,0.6766489271140153
34,43,145,0.16844178832223022,0.21706507081025667,5.393334067579017,4.93531925064198,0.6574511084153966
34,44,144,0.16854217748688388,0.21766756121672248,5.082129745465135,4.4154849726249665,0.6765135735774039
34,45,143,0.17309897806914312,0.2181126290372909,5.5218749189669225,5.289231741400061,0.6466019047060833
34,46,142,0.17387327123424767,0.22123081916557244,5.2437709990046635,4.576488343362424,0.6268283865465475
34,47,141,0.16897024457277907,0.2209811082176178,5.494593828492966,4.774436232502114,0.6689019805890147
34,48,140,0.17435312177377146,0.22034028730221009,5.573610294468143,4.682517519954113,0.6450619630908194
34,49,139,0.1789888602129646,0.23868027600772082,5.556560967938623,5.538546707713921,0.6443187558860157
34,50,138,0.16973309909527393,0.2253795054645294,4.952295852082655,4.604550276461789,0.670831724497683
34,51,137,0.1734795855637351,0.2262377190510612,4.965921995532241,4.507046024859091,0.6567037569767564
34,52,136,0.17364903186750913,0.23656482369806933,5.427265618489978,4.606496453815287,0.6516738298548009
34,53,135,0.17034569435900374,0.2346242081377934,4.937882988302581,4.257970076788922,0.6514188701383378
34,54,134,0.17597412121942002,0.23030428500842032,4.9977132026906865,4.780141377973517,0.656754329997588
34,55,133,0.1691114797437136,0.226484280487862,5.298232957514683,5.015519920032708,0.6595945216436274
34,56,132,0.17470432001458952,0.23457684096822423,5.026899629615388,4.5685121442347905,0.6374475727600538
34,57,131,0.1674794954901471,0.2267264237640621,4.992702062603772,4.314365495251067,0.6584261809373383
34,58,130,0.17771657980217237,0.23825089424786647,5.348983765673915,4.573987680513643,0.6368732062149666
34,59,129,0.17397347686993425,0.23044356124621204,5.412341758074715,4.994776651693633,0.6453204069854229
34,60,128,0.17274692921603063,0.22755945230300142,4.991035840318242,4.543290977999318,0.6583733788848601
34,61,127,0.17001551596019726,0.2233180424903713,5.303875142867209,4.660204305017749,0.6804010818331772
34,62,126,0.17255309053630508,0.21915691691631908,5.081703407063734,4.84061697765383,0.6421264524380177
34,63,125,0.17685239034109262,0.23574283181318748,4.8690949058158335,4.043892770825348,0.6477390633745126
34,64,124,0.17978739037023675,0.2428846596576961,5.056905488191949,4.6218981578902785,0.6573351668507934
34,65,123,0.17623005105781425,0.23125534341072584,5.599144528771757,4.698109700054814,0.6714164028952081
34,66,122,0.17457326944318358,0.22772752436127966,5.580449371207536,4.693547379768154,0.6598832183775052
34,67,121,0.17758126732986731,0.23963289340102528,4.941247520469885,4.833374553039896,0.6722067777545407
34,68,120,0.17846363816578603,0.22833894422882528,5.365582384592347,3.976808453143153,0.6522894899791691
34,69,119,0.1763604614782167,0.23338498395397805,5.318840405019101,4.756029123053122,0.6693524122578349
34,70,118,0.17285859480629817,0.22638228398212448,5.183334505857983,4.3255180292419855,0.6161308085922359
34,71,117,0.1798577216146834,0.23541541645427644,5.23519238511667,4.273361805823522,0.6485386204478724
34,72,116,0.17630157741442942,0.2364997698385742,5.218097407473548,5.622953687287615,0.6582418885626815
34,73,115,0.17752412245315113,0.24209583177229754,5.695894554123537,4.662336235196586,0.6535613009357287
34,74,114,0.17703803502863183,0.23809069545298833,4.927174740658202,4.6986794021432425,0.6529787208845987
34,75,113,0.1764238167341511,0.23681703687787425,5.5447880191775845,4.891989602902338,0.6789493048909518
34,76,112,0.1982263739014864,0.2566398558608433,5.445068587053889,4.717271892047582,0.5924153754258241
34,77,111,0.19900153705943013,0.2580944575381653,4.850297048515946,4.4829780156779195,0.5826403728705101
34,78,110,0.1986010437756476,0.2582871444307148,5.092218731223928,4.276016349330821,0.5856352102674954
34,79,109,0.19226237310082742,0.255275830823359,5.413235218838944,4.588541550073574,0.592217698316453
34,80,108,0.18967397435535505,0.2593337054809612,5.377227913945221,4.895116544166649,0.626678483020907
34,81,107,0.194658400715422,0.26597754520248107,5.41332028357219,4.396110127716372,0.600104919397244
34,82,106,0.19140805574933445,0.261405803759387,4.890640687261286,4.172247821443097,0.5960561715146719
34,83,105,0.1929198112019745,0.2575257602823635,5.759742985960047,4.750773703822177,0.5983467463642329
34,84,104,0.190763742183009,0.2658872564927755,4.977350999338468,4.17858003252994,0.5825146385734272
34,85,103,0.19191518498955187,0.2646477608696439,5.235488304264788,4.566729005034273,0.5929141187259361
34,86,102,0.19944504633940116,0.25527364044165646,4.9871595424862445,4.660768960156189,0.5930892834575984
34,87,101,0.2013412066113116,0.26404510828672756,4.862711021928189,4.361687761865666,0.54836898881079
34,88,100,0.19301135161770683,0.2519222423991756,5.340849548603696,5.0521831208752035,0.5993459790283026
34,89,99,0.20531483971881995,0.26575575432618526,5.638448618391802,4.937569927182235,0.5848471571490232
34,90,98,0.19808418320903368,0.25060039601013895,5.054759841172997,4.992606110066003,0.6048857363964009
34,91,97,0.19527428548554418,0.2502870592117264,4.827569081541025,4.228317077001766,0.6118750303874848
34,92,96,0.20625136813975528,0.26726169982242026,5.605380521183436,4.796490132633684,0.5819867706425644
34,93,95,0.20115231514879592,0.2598996751539947,5.305713945852601,5.168569391964042,0.5971185889236762
34,94,94,0.19908087690488255,0.2603960915751917,5.348286530199965,5.26913857051548,0.565412952847736
34,95,93,0.1968061590392121,0.2575222845095205,4.851892903941499,4.150719463691664,0.5928274805397701
34,96,92,0.19954770589582932,0.2619194677452251,4.878554567488795,5.118950618332966,0.5657891703556649
34,97,91,0.20027577338047284,0.26385545855593245,5.010658603179942,4.98490717794317,0.5809240511793836
34,98,90,0.20518253901924446,0.2704907051348071,5.135491960336697,5.382500859080514,0.5807946018825583
34,99,89,0.20763000521246133,0.2671122849910001,5.214158443612343,4.722247936636038,0.5810423555032868
34,100,88,0.19602646112157981,0.26264332994717127,4.554299945325518,4.01987311491822,0.5826869616671704
34,101,87,0.20472497885977295,0.2606301927725614,4.976363405476434,4.46825397903086,0.5964415036152635
34,102,86,0.2063253159729198,0.2673648320176175,5.371014894673124,4.81964812589513,0.5649566484546186
34,103,85,0.1990733195479164,0.2658913555129116,5.157233730671704,4.904585196388923,0.5866412879447396
34,104,84,0.20455848623938522,0.2689370613025453,5.063177616003185,4.913232983497962,0.5785966902906451
34,105,83,0.20053074292849504,0.27554269002388176,4.7941270862735355,4.4100011464244675,0.5708261181695772
34,106,82,0.1932322549787888,0.25750089208294114,4.978674116652154,4.6060538179195145,0.5900208308324554
34,107,81,0.20347746842147763,0.26769395559520404,4.871816805684697,4.3732573131580175,0.595520191925411
34,108,80,0.2016571726790924,0.2591808361989654,4.999051400187701,4.356979815957212,0.5973421506892711
34,109,79,0.19546016971720107,0.2594331850131463,4.962199400454299,4.450526530644207,0.5966887466599964
34,110,78,0.20053897441782303,0.2632577536546616,5.777289849373368,4.787028866033173,0.6097306289718136
34,111,77,0.19510587356036554,0.25379262874111475,4.619482907904134,4.142625017794255,0.5617562159837596
34,112,76,0.20224537159888523,0.2610911854540837,4.665208230207229,4.170332183371002,0.5837294105569073
34,113,75,0.21099279062096343,0.2629720103829184,4.845199592712187,4.019234312366647,0.575887838347482
34,114,74,0.20660529741259712,0.25676313111185917,5.48096609621612,4.455452542901935,0.5925989750620595
34,115,73,0.20538594376101893,0.27146024257070483,5.631984249774414,4.824359219557149,0.5910894117323567
34,116,72,0.2080794611195978,0.26504573180682833,5.4162980074988285,5.270910548088361,0.5873695437572364
34,117,71,0.20214222530355117,0.26180486590751284,5.225952051740602,4.618343568504621,0.5909525827905199
34,118,70,0.20518850098346206,0.260484038511456,5.213757172287176,4.506033817150898,0.5817473909754967
34,119,69,0.20490067945002483,0.2641495229564601,4.9088845964045875,4.182169984537868,0.5957840221904563
34,120,68,0.20540797863288887,0.2625141072799965,4.8497618564438145,4.18043427300744,0.5676282956402192
34,121,67,0.21350649454938928,0.27168563681504865,5.225320981675797,4.616937392016847,0.553460790528055
34,122,66,0.20042935393842723,0.26189063587004235,5.079271298415689,4.370577335765541,0.6027948991003329
34,123,65,0.20371322548388035,0.25775452543672334,4.903939990092067,4.315956346277917,0.5879409374923867
34,124,64,0.21085131897112253,0.26217213021423463,4.9802166281851665,4.777405513007205,0.5851357527213852
34,125,63,0.2098551019870457,0.26312918283510134,5.087475008461658,4.595921316154582,0.5854154717927865
34,126,62,0.20798465622674078,0.2553535256538799,5.166086959347233,5.254358355922344,0.6175779817702595
34,127,61,0.21442926760922523,0.26786407349584107,5.593680925399226,4.988580410631472,0.5784715919106447
34,128,60,0.19836142555815078,0.253079871844319,4.969387614064615,4.362482632313995,0.6247422686071644
34,129,59,0.2130062766746599,0.2631533271038717,5.4101950032442065,5.1307339124971,0.5951804450676617
34,130,58,0.20833126650448686,0.26232839356459325,4.731521656032149,3.9061304496963127,0.5669055831135138
34,131,57,0.2138995221726591,0.2630662919460593,4.97399375512321,5.359713866077372,0.5780026068932895
34,132,56,0.21595413148007492,0.26340816968832287,4.78378418265723,4.433436651038137,0.5618222130290542
34,133,55,0.20979562637189997,0.2617684347839255,5.479786515216235,4.158627949547146,0.5993384916073698
34,134,54,0.21309974890810782,0.26441156742029837,5.243533277203846,5.854515964380728,0.5891499699209547
34,135,53,0.20886340471935935,0.26608170538427967,5.021344925500053,4.495428343387359,0.5831447023751337
34,136,52,0.2066368838136316,0.26770196928432954,5.228360033117786,4.677662067113599,0.5671099573956915
34,137,51,0.21559652004225266,0.2714859190619797,5.057766585904307,4.541420160934057,0.5807529217518607
34,138,50,0.20626147871702138,0.27457178757107586,4.780523595191411,4.14793117616708,0.5646582807141125
34,139,49,0.2078160406756575,0.2649453781883486,5.663841796049841,4.920797950497455,0.5977030691726662
34,140,48,0.21479241408800354,0.2748467438629342,5.018229164406919,4.658295668108677,0.5777444298772862
34,141,47,0.21089035255700783,0.27052374413483343,5.007531862455592,5.310439271415878,0.5863462677161667
34,142,46,0.21255672884484508,0.27234032600508185,5.327482309535652,5.414261716092601,0.5857750523188952
34,143,45,0.21695127912890358,0.27862775340716256,4.837304375068763,4.035385651901186,0.592953888930546
34,144,44,0.21103076495091608,0.2781800357603855,4.830869356410522,4.278220654810852,0.5563796348915379
34,145,43,0.20874793360330846,0.273409205187022,4.912403469810176,4.37633570206061,0.5974807800886067
34,146,42,0.2206542843062546,0.27836538246958764,5.2274638628834165,5.6930056252629235,0.5815350939552869
34,147,41,0.21466093513117,0.2715212054564776,5.184677143597817,4.471081205687458,0.5816043929510643
34,148,40,0.20896067952413774,0.26665794909456725,5.101554437630247,4.291795935059967,0.5857845059714539
34,149,39,0.21941682415016422,0.2758132700359996,5.56710750995688,5.443189751056945,0.5567841465067935
34,150,38,0.215064673807935,0.27029757782814934,4.742829685069603,4.429482628788179,0.5799904899754431
34,151,37,0.24035091600552494,0.3050464609342112,5.210056133176021,4.286343530635388,0.5234951145094547
34,152,36,0.24155327467604987,0.3074360707945316,4.691751636471783,3.9369187696445596,0.5161749855629314
34,153,35,0.254089846088186,0.32141681730763194,4.987958671697876,4.9292185736336265,0.5013266446088922
34,154,34,0.2366187077224849,0.31708348358245797,4.870413142430178,4.1464614152911485,0.5119942351088053
34,155,33,0.23952849899164663,0.31674108884617846,5.38726593894842,5.300069467895465,0.5199812217802657
34,156,32,0.2349807766930034,0.2984192285088476,4.941321358151716,4.521632408122805,0.5281920869103919
34,157,31,0.2365107872498977,0.2893588371896138,4.572098934399988,4.562124312469572,0.5330258371134872
34,158,30,0.23914231572512606,0.30132904986052,4.893272955058656,4.442068815778373,0.5391230696809503
34,159,29,0.23775753438351402,0.30542939559535337,5.13294589812819,4.637187589067345,0.5406426849733328
34,160,28,0.2475595719333928,0.3093294842068674,5.623533415289588,5.257195369975884,0.5218284637845979
34,161,27,0.23291535418677903,0.2915890419190484,4.88891441695943,4.553126397259348,0.5341813194054371
34,162,26,0.23623980969963893,0.29465187815087607,4.731763503958195,4.201064305325032,0.5356474306729645
34,163,25,0.23564461648604404,0.29798718936460594,4.607271392009176,4.193643737456362,0.5548114704345641
34,164,24,0.24037400745559928,0.31189756940199237,4.848475605061919,3.9365200432044127,0.5145416398422762
34,165,23,0.24323829236560177,0.30467323818041125,4.864370612288264,4.296570957935639,0.5126273323950841
34,166,22,0.22480586507627218,0.2923707870611669,4.890664353557126,4.063575853145033,0.5566488104784875
34,167,21,0.24281627816823953,0.3059373162151913,5.006423417354217,4.344962395699367,0.5059883670205447
34,168,20,0.23676077303810497,0.2990922186733702,4.91652018007826,4.466776473930294,0.5116389239072286
34,169,19,0.23978871133348614,0.2954347078670445,4.925860230718351,3.883070711036115,0.5414100899132536
34,170,18,0.24754096198145337,0.3166601176688353,4.591082411403926,3.9498406185294366,0.5311080033589785
34,171,17,0.23431564799329432,0.3046306074105305,5.2536109577592764,4.856582841146619,0.5630523646129622
34,172,16,0.2391005015889195,0.30153312187986,4.5624460685044825,4.124384330594032,0.5146050447600465
34,173,15,0.22992061494092175,0.30091106926403643,4.956989951309951,4.417468286820772,0.5522569778938301
34,174,14,0.24048196317775217,0.30372877367318657,4.767728969198768,3.881129723853476,0.5449255766751085
34,175,13,0.23102085926350377,0.29206040132873307,4.780232326533268,4.242957939505476,0.5314332157117599
34,176,12,0.23278035533298663,0.2913463689731067,4.514776065438683,4.0899469344012385,0.5253044660836921
34,177,11,0.2555022639838217,0.33286286821797045,4.990433875312435,4.365680885686072,0.5072764307807682
34,178,10,0.25589061757134896,0.3206473219289384,5.122949819397132,4.376258928829507,0.5011597138284886
34,179,9,0.26153136396063015,0.33159618541779046,4.594917909060085,4.415823431022352,0.49387108105908484
34,180,8,0.2532749877623336,0.31890517223958004,4.87460922940889,4.142803508428898,0.49365785997046585
34,181,7,0.24114687449766248,0.30754347197330584,5.067188927554463,4.372480250257641,0.5469031185909964
34,182,6,0.25418668034232766,0.33012694816646754,5.2643895081062695,4.314288331413847,0.49412545152396997
34,183,5,0.24791432023050727,0.3262168469456928,5.0257681594114425,4.886632835671055,0.49456180638869185
34,184,4,0.2451360512917409,0.30441268115922,5.073619323167945,4.235773297138932,0.5187530308779879
34,185,3,0.24402380623235317,0.3105599518813032,4.706389933427614,3.8629083182900885,0.5095531892535209
34,186,2,0.25471875100580393,0.3294018683823676,4.593945219249928,4.596024336044391,0.5102364203262382
34,187,1,0.25051964133437915,0.31257913632336226,4.607017424699711,4.108298902237181,0.5410692944504997
34,188,0,0.24180146287523796,0.31264872300873053,5.096685255033822,4.9697939156913264,0.549756347665936
36,1,291,0.14525833463193374,0.25411326231591425,5.553690757893956,4.962998020534599,0.6452626423867761
36,2,290,0.1424010036826656,0.24519218528124065,5.214012787184679,4.75618341978209,0.6440942432020638
36,3,289,0.14405093223692567,0.2575633667250633,5.135397394195578,4.214011104476569,0.6362003948795351
36,4,288,0.14622071374609927,0.2598728349477307,5.002425201049644,4.168824269050268,0.6387945320868282
36,5,287,0.14806214852327362,0.2558805651888685,5.646279229827237,4.644540824207717,0.6609383809084373
36,6,286,0.14700671992770195,0.2616298803353429,5.325260498459735,4.612421667998965,0.6469925922026348
36,7,285,0.14608568994778245,0.25173107847956877,5.26870637115886,4.756428064895535,0.6497404786387913
36,8,284,0.14124859331504555,0.24369768661713273,5.844333441819117,5.23815995099652,0.680818650633912
36,9,283,0.1480496742680172,0.25787065786945385,5.419262070966441,4.223685717320374,0.6560810919391664
36,10,282,0.14584945689089865,0.24897080167445795,5.423164291692302,4.620749217587829,0.6458450662249986
36,11,281,0.14389759923131093,0.25436788068939514,5.3134236650973605,4.502172496603844,0.6391888303257351
36,12,280,0.14473055834090276,0.2523545710106597,4.7736540939069085,4.1888190818906335,0.6354665218169031
36,13,279,0.14381912857122933,0.24985382877461115,5.294431996319046,4.37485622509392,0.661449159046802
36,14,278,0.1474036931636918,0.2503019946887224,5.375188759437245,4.923618565749592,0.6572912805840606
36,15,277,0.15140973850437192,0.2545554924488897,5.043634449754833,4.764307479365206,0.6282884587494706
36,16,276,0.14908256513187218,0.24480243570662458,5.308873241208172,4.78955040606257,0.65248096063118
36,17,275,0.1499517249869147,0.25090689374711,5.157284077430399,4.2690008978874925,0.6567862718501288
36,18,274,0.1438731199017603,0.2569774911113473,4.506066754384667,4.509573211798411,0.6298162259364742
36,19,273,0.14665945011365622,0.25259516859367587,5.58523255952786,4.728649861604054,0.6553036685136061
36,20,272,0.15193538176122673,0.2612239894788615,5.290653544953538,5.214411639513649,0.6336000483070836
36,21,271,0.14445483178907687,0.24759355427378973,5.339710926643923,4.5963924015826425,0.6608166662414524
36,22,270,0.15264971124904045,0.2678886659426,5.140136148936301,5.183708401318252,0.6268348616897708
36,23,269,0.15335842231294544,0.2593214351758749,5.07325544611515,5.051140472966887,0.6447147570905305
36,24,268,0.14752567450702864,0.2596224888332831,5.060710133254801,4.510493740155311,0.6481899104319359
36,25,267,0.14832915738730226,0.25445562501052066,4.544175819270253,4.358541918921407,0.6386263366821434
36,26,266,0.14787085501984587,0.2654858582374604,4.897096785187465,4.58238911085976,0.6471581675919234
36,27,265,0.14440089357923291,0.26169194562251263,5.903889757602677,4.496168255457575,0.644348835664673
36,28,264,0.1468102065475008,0.25599369940469147,4.727728429118162,4.052359940349328,0.6608844286163417
36,29,263,0.14866911364067614,0.2728269922889147,4.719035877908791,4.231939577518123,0.650809833704908
36,30,262,0.14549649245810384,0.2602072651002391,5.09300053193879,4.431817993097691,0.6426213833905527
36,31,261,0.1461169088449828,0.25965906209294143,5.4037116214379965,4.512257566573047,0.6395844624658703
36,32,260,0.1461790158245696,0.2673539724990709,5.277585115314604,4.278406144686236,0.6576487513992104
36,33,259,0.14934380419994336,0.262829633494547,5.111915572092523,4.621390957772122,0.6365169353547611
36,34,258,0.15241870524977344,0.2748592744967097,5.491563897063387,5.046550402615859,0.6546387831726167
36,35,257,0.15400548467651842,0.2633987209515363,5.320293523091616,4.93638823744732,0.6284119664996564
36,36,256,0.1472739360458902,0.26919687885599214,5.121227262160785,5.16993847721544,0.6536938695844212
36,37,255,0.15027946176384302,0.2556465953018413,5.161550374781302,4.4147885042017725,0.6311123167972267
36,38,254,0.15017639092713087,0.26484686740436236,4.9626850727630085,4.312336266415353,0.6538036477435172
36,39,253,0.146778949699765,0.2556557865136917,5.304503054970386,4.808396099601008,0.6383163964838244
36,40,252,0.14794833308601454,0.2599502862715939,5.590831495321028,5.170765766624052,0.6576844292032505
36,41,251,0.15318898610085918,0.27509446352348105,5.079080353010424,4.793964648282511,0.6247553259143992
36,42,250,0.14687030236915524,0.2624210718185753,5.5712262965780495,5.1146101504878745,0.6471383795756129
36,43,249,0.154379182063371,0.259925199358294,5.465604627037703,4.746942544972164,0.6564677926027094
36,44,248,0.15298391246890294,0.26736310268949187,5.379453843426486,4.600804178411382,0.6526561115953552
36,45,247,0.15638134571145798,0.271932725792435,5.17440111166237,4.37786801261585,0.633577729095451
36,46,246,0.14878709534536644,0.25698546577184067,5.380545663960909,4.740053490138842,0.6457612335305616
36,47,245,0.14532756349021997,0.2615137872496332,5.202532712006267,4.910363951686461,0.662154845342765
36,48,244,0.14975452484398952,0.26592557240280434,5.0054088166589015,4.052429293365083,0.6493586062989543
36,49,243,0.15164595952867288,0.269664785916141,5.325318257862188,4.696164834840985,0.6482656574036357
36,50,242,0.14617794716919824,0.2610182467144985,5.510160870646622,5.685201605900768,0.640421266097566
36,51,241,0.14851676068771205,0.265853294524364,5.8171626184929455,5.059624894400571,0.6616556186476812
36,52,240,0.1521279478618147,0.28071673596066565,5.0360586012352995,4.419875463923093,0.6449840101225661
36,53,239,0.1494823642200864,0.26974001526637487,5.352882883239458,4.764784566266137,0.6382801294768826
36,54,238,0.1521291133013753,0.26920705165391945,4.645846530686116,3.9833978073196605,0.6297978754827986
36,55,237,0.15248317682336224,0.2660526641828077,5.60019235000772,4.7983568218123205,0.6205340329013116
36,56,236,0.15159862008560412,0.26848340106449203,5.329378638781133,5.332086783619896,0.6811924611507119
36,57,235,0.15050027386733028,0.26505724828488053,4.9540069660197155,3.9773678203655476,0.6404553906105317
36,58,234,0.15290228565328914,0.2586203916423175,5.31289224991721,4.852547269183299,0.6496144791642153
36,59,233,0.15347125255740093,0.2781330267189114,5.225045294782191,4.916860872786591,0.641847848633644
36,60,232,0.14557934705759337,0.2648426523890206,4.869350663205385,4.696661848889212,0.6235183704881391
36,61,231,0.14929394806495833,0.26986811804297667,5.8159997898189655,4.816059202257848,0.6684359589973818
36,62,230,0.15382157035050803,0.26724819317852644,5.327296250255637,4.6960078733541435,0.6578592318697633
36,63,229,0.15563212898808018,0.29383163803147794,5.682847915248454,4.606904968458363,0.6304756048873357
36,64,228,0.15788740659078135,0.27403443223198537,5.137215457594829,4.675608452338092,0.6501518865035023
36,65,227,0.15243029949435333,0.27643409985317974,5.445899676649848,5.219764823938314,0.6471794279554719
36,66,226,0.1574901455841404,0.27328777775463964,5.007279490980675,4.316681640429262,0.6433090026321621
36,67,225,0.15351426573219756,0.2746458136106111,4.835705006492477,4.137045175935764,0.6351355612150542
36,68,224,0.1554304567171297,0.26171359816501083,4.873751133493716,4.227408499959476,0.6352298335009399
36,69,223,0.1602349023182623,0.2672785360078037,5.48422053136959,5.2865154655659925,0.6272475873787381
36,70,222,0.15379409382797574,0.2692246362782771,5.233143533923585,4.560838569662187,0.6577834496058256
36,71,221,0.16242540700149313,0.2729966423886895,5.113975865719726,4.806126182477987,0.63741972252755
36,72,220,0.15139922464843777,0.26375096856229596,5.19563684425067,4.41750841206335,0.6627414464159935
36,73,219,0.15380985084661764,0.2758702108532953,5.119725652366397,4.685151464898224,0.6408893013367251
36,74,218,0.1586082218324042,0.2689168155999752,5.803428140746702,5.386959813228766,0.6475416025493337
36,75,217,0.15363649879077731,0.2649574987942154,4.748056082772754,4.468688212288566,0.6380068252504955
36,76,216,0.15617908520331872,0.2627900986676041,5.275028723746173,5.003883139707038,0.6348212237504645
36,77,215,0.1596898751304379,0.2800016479423901,5.518272186299949,4.682738885109727,0.6438573696409383
36,78,214,0.15484233954501608,0.26170491683631963,5.171140647071395,5.070644678219404,0.640057828114429
36,79,213,0.15437273378307903,0.2705777618504126,5.631236865294126,5.076398510505985,0.6566865259208349
36,80,212,0.15616018753216132,0.26107511523902316,5.126851492654412,4.783684928937053,0.6527771419489542
36,81,211,0.1574118554751922,0.2627673852161155,5.003388227238675,4.427239251599104,0.6388057791741051
36,82,210,0.16572521897468603,0.2745096215898691,5.32214119238721,4.590727825836268,0.6198900630429214
36,83,209,0.15366759374733205,0.26670445113768715,5.054419302812695,4.376976699879794,0.6638954991595537
36,84,208,0.15642533417477295,0.2766034170808125,5.644345656763147,5.209725038729907,0.630820789311705
36,85,207,0.15829599985810325,0.2765814122495026,4.929293661938771,4.463939495141138,0.6148033196817201
36,86,206,0.15450040735810006,0.2676788491882761,5.103030378216545,4.383202266496063,0.6221391298409437
36,87,205,0.16408628678460072,0.2776386709732836,4.9078261950331505,4.478738837967417,0.6430995103955519
36,88,204,0.16068378978819275,0.28348067343766753,5.526681702555278,5.027122259702049,0.658832917241658
36,89,203,0.15837347880889088,0.2879248062100689,4.728449371497826,4.243507052391483,0.6031582443511204
36,90,202,0.15231321982535706,0.2825296299579109,5.316274512863993,4.684986244851975,0.6617592542558989
36,91,201,0.15826439368590156,0.2829831724675983,5.168522055241585,4.6463752486772165,0.6291148531974409
36,92,200,0.16256768492376739,0.28429872706344483,5.118642949120337,4.144867495573186,0.6373473209354359
36,93,199,0.1522006628983184,0.2767242810103185,4.8191479049311905,4.629472472357347,0.6068684457728073
36,94,198,0.1525462516346634,0.2779750915117028,4.874441410069823,4.305631912174284,0.6280693202610494
36,95,197,0.1597113181436024,0.27845641871583354,4.749288431358588,4.754151166411895,0.6376887660531582
36,96,196,0.15260139283662888,0.27840591424521466,4.968601542429154,3.870735141949662,0.6165665678002192
36,97,195,0.15628410173624877,0.2736987360380517,5.175648749111996,4.863375121536563,0.6359687231864716
36,98,194,0.1567671695175426,0.2787539176520537,5.795482166993836,5.754518357657238,0.6294509666864567
36,99,193,0.15690318191006786,0.266529727106328,5.05450821735926,4.711574658574766,0.6484396192524499
36,100,192,0.15592298184613573,0.2644733168485345,4.781384385584542,4.195027617614198,0.650934247021272
36,101,191,0.15922378564081338,0.2782901858154355,5.764831586588967,5.991525576905115,0.6302184801013722
36,102,190,0.15764414077650848,0.27622308981902705,5.244193880211757,4.530466197531965,0.639791635700271
36,103,189,0.16406985545500186,0.27614371743890276,5.227946982038997,4.470604022381548,0.6422145732540873
36,104,188,0.1640809119092473,0.28000623983374245,5.257309293038096,4.397484204265683,0.6349780027242737
36,105,187,0.16164168364751627,0.2793957222050419,5.057705313686734,5.15535906735818,0.6206702170319596
36,106,186,0.15780891336592778,0.28163246731449304,4.792655778223745,3.940873946960707,0.6318973611733696
36,107,185,0.15857098667947092,0.28186102747356623,4.966098089661337,4.581564488342959,0.6495717380267588
36,108,184,0.1648457158036421,0.26902884575780683,5.097078335829208,4.672204379074387,0.6129724634936862
36,109,183,0.1617493197941415,0.27833020397679686,4.744564659468685,4.357290723919718,0.6266738392168006
36,110,182,0.15976276651125246,0.27469685838266267,5.577785547437057,5.185719922089688,0.627197649664694
36,111,181,0.16509213961481242,0.2721672387523275,4.8159530338531,4.109501582019503,0.6458241079063094
36,112,180,0.1608336382759713,0.2744602124689381,5.643262593880403,5.441767043953357,0.6505349986241489
36,113,179,0.16443073442208897,0.28053174809536374,5.368151976378452,4.138897487589584,0.6193392583855699
36,114,178,0.15859553246365768,0.2833384236758395,4.902989709075254,4.446721741129094,0.6124228681538088
36,115,177,0.15850470013395596,0.2818639567624142,5.1106543047711295,5.152271716690026,0.6229748325504172
36,116,176,0.16886588822062112,0.28413580308939107,4.345364862202482,3.588954000366854,0.5990974872622052
36,117,175,0.18146654735213824,0.30430759927912826,5.031282372829292,4.650549048334791,0.5743782500844621
36,118,174,0.17176462739358753,0.2875338867087295,5.0465599817942985,4.372084488015357,0.5926377145179204
36,119,173,0.1853000821288718,0.3098024668089714,5.255023560138749,4.456755078104789,0.5829179528917608
36,120,172,0.18385482448286652,0.32160947395792605,5.057380218245819,4.283647784121577,0.5676705169042383
36,121,171,0.1825638782544998,0.3171734727672743,4.702615061165053,3.7998872781411612,0.5782264606613619
36,122,170,0.18300807296368407,0.32291244612509384,5.836202122035784,5.661414254973239,0.5552263702319533
36,123,169,0.18105165214558783,0.3181431504876493,5.056910231896102,4.091589406204242,0.5621627388696955
36,124,168,0.1860046055979679,0.3166737685179292,4.4877601823032425,4.170485984889931,0.5615424380989091
36,125,167,0.18283310652735035,0.30483960683747785,4.915757665455816,4.1710153246548245,0.5651692401940588
36,126,166,0.17896739246814813,0.316119590296543,4.953131146273554,5.300752287573819,0.5729275549941649
36,127,165,0.18603580501109226,0.31692765431577036,4.806938593161087,4.1723380162412,0.5468838281758472
36,128,164,0.18184241780809005,0.31223441431371235,4.9758193993088415,4.6504881948681005,0.5767158728562574
36,129,163,0.18421429931559102,0.32163135911007323,5.397822384610647,4.721821589891321,0.5643226957066786
36,130,162,0.17852661343370663,0.30456811363785163,5.236164224067142,4.778622545355279,0.5833073016387836
36,131,161,0.18459800268599605,0.3109321646270413,4.6843288316200535,4.615658520573399,0.5603173135975498
36,132,160,0.1819201939148038,0.3128563175690939,5.383630983655571,4.350750851223654,0.5706480629791535
36,133,159,0.18416848248850573,0.3186225416726678,5.445395004757207,4.57053281537285,0.574918527186051
36,134,158,0.17518847537054832,0.3093670556692436,4.702922556398317,4.218905309792916,0.5634998226336231
36,135,157,0.18224235426858817,0.3038645592459531,5.603530314780698,5.189702442253319,0.5763979255256824
36,136,156,0.17961024735844575,0.30873023506964287,4.896598143556251,4.56486311572149,0.585359964772786
36,137,155,0.174962596616002,0.3028733140135531,4.7201943369281025,4.320894493975901,0.5650026005443202
36,138,154,0.19074638665210014,0.3280367437469423,4.973401532227981,4.503659909975611,0.5499742877453195
36,139,153,0.1796444652661128,0.30928300423546357,5.1028764593001545,4.8944596977621355,0.573296813269365
36,140,152,0.18286768434721662,0.30534691797749597,4.869624170543364,4.221474747979014,0.5786010050658883
36,141,151,0.18269103760648228,0.3142706538307693,5.129299396561004,4.463747088445983,0.5519122767057071
36,142,150,0.1783221447535416,0.31088237508419375,5.307657538911492,5.5618353876209925,0.5645651047345397
36,143,149,0.17512642688409763,0.32280812373597867,5.463087575035864,4.524558574309444,0.5674061869590504
36,144,148,0.17576474144843002,0.31460430681062707,4.9552751764366665,4.9611427612988495,0.5844720249757892
36,145,147,0.17920890882740761,0.3162480323115545,4.854527440591649,4.707536623236273,0.5763887699217678
36,146,146,0.18520304129170265,0.3312895397329242,4.757458995808628,4.339713565519413,0.5478673683568674
36,147,145,0.18187768019174894,0.3086322245094691,4.76605904045223,4.650785484387019,0.5744906965454295
36,148,144,0.1867162226398044,0.30964317758374804,4.95404239988998,4.66343355149957,0.555540804659005
36,149,143,0.1836298138111206,0.31933711678581755,5.193307228668621,4.290857994045673,0.5718430725021877
36,150,142,0.18198988624648482,0.317707370139052,5.4691736646453,4.66355749560849,0.5891806017348689
36,151,141,0.1874834785534119,0.3213099288041154,5.170718929273077,4.557152383897224,0.5670505301356682
36,152,140,0.18446753903147392,0.32164372987875944,5.097104222661287,4.570551071514524,0.5811666191156132
36,153,139,0.1816935264921435,0.31957172327863836,4.863069725386737,4.655491203609943,0.5706934915623458
36,154,138,0.18998171186046223,0.31761982512778913,5.884798511199188,5.149180596978346,0.5738459550256465
36,155,137,0.18259430798554704,0.32293597503406946,4.880661750979417,4.159998447632916,0.5680626604749804
36,156,136,0.1831100528516618,0.310078373169298,4.912107988404569,4.48161365717453,0.565104839378765
36,157,135,0.1881880660136834,0.3165549586023798,4.56957924131517,3.638829500370627,0.5695711314906092
36,158,134,0.18661193192120457,0.31369935882438005,5.077484436444964,4.87707475023307,0.5784868523255634
36,159,133,0.18653438037384903,0.3315013669632274,5.42274679786484,4.7069692938873775,0.5940924791242475
36,160,132,0.18549702638008436,0.3231691707343548,5.309073495712553,4.407407144606153,0.569004161243551
36,161,131,0.1852920826462826,0.3240655647822278,4.691914951945094,4.021283425627958,0.5341914108839955
36,162,130,0.18663664738093874,0.31429219338070563,4.845209421191062,4.522471923869086,0.5758412612555069
36,163,129,0.1863175589252185,0.31538524994422046,4.965457052987501,4.421031509364082,0.5428526196023328
36,164,128,0.19202503221161404,0.34395227877007367,4.785300792114706,4.060577613550415,0.5563483291048364
36,165,127,0.18235093940014538,0.3221307852971325,5.240534967335341,5.069891774365423,0.5751964244775873
36,166,126,0.18662786574440962,0.3308488919874322,5.216558922307784,5.278504190979814,0.5851052730463305
36,167,125,0.18080861419763655,0.3216010003251738,5.3022968482127375,4.873437776545119,0.5655486196491977
36,168,124,0.19359251253469606,0.326837914364665,4.629661843854501,4.000612675671161,0.5516676903199622
36,169,123,0.19444733501308425,0.33349399417089487,4.958595068404621,5.2885571288597895,0.5432472641015633
36,170,122,0.18351989959508083,0.3257003138541712,5.339861401164521,5.04485465318043,0.5816548932109007
36,171,121,0.18790681131788206,0.326419195356482,5.354215967273397,5.1368926388444605,0.5711146321575449
36,172,120,0.19406374979324317,0.32932344930084145,5.366073528930457,5.392156151485459,0.5618946652840909
36,173,119,0.18771082370359723,0.315839377983495,4.980661828448774,4.22567536560932,0.5636117458928468
36,174,118,0.18922018198414717,0.3179418155998119,5.022356543933458,4.609771481328437,0.5683852156599085
36,175,117,0.18812198113185247,0.3251965779771653,5.796602525149236,4.82030709490207,0.5814323264384331
36,176,116,0.1849816474098759,0.3134398285517747,4.922720508980962,4.769413866122838,0.5850476877094798
36,177,115,0.18711740996182022,0.3174142120894375,4.73727835581839,4.0203926794736535,0.5817371566565834
36,178,114,0.193084644000754,0.3364219117643837,5.677815079485962,4.871051631286747,0.5689337303278494
36,179,113,0.1888030483747366,0.3283161529421749,4.8348355697101475,4.0818568260161605,0.5584132038718616
36,180,112,0.19177109181090282,0.3205478919516587,5.019194189392396,5.185621995016141,0.5506593975430235
36,181,111,0.18737019079896833,0.32291170834881694,4.879744993678155,4.124853818064737,0.5683119557555811
36,182,110,0.1873064224275011,0.3200316425698656,5.149186597553754,4.801354083214843,0.587592882166568
36,183,109,0.1885604413868768,0.3179967357110482,4.950458002632913,4.327655500120574,0.5776739639645366
36,184,108,0.1931287450786104,0.31865260302309756,5.102968994964263,4.389150308182643,0.5756277920344595
36,185,107,0.1968235722610828,0.3339197013038103,5.454386648606545,4.344092069570894,0.5802865439542493
36,186,106,0.18999454074476155,0.3221612726822454,5.11462082482461,4.262275905457867,0.5770533376633389
36,187,105,0.19316627857938717,0.325506935797684,5.154583816815235,4.315904910079958,0.5718765758584069
36,188,104,0.19490809215831198,0.33145336582114415,5.3588163071624875,5.453006975860655,0.5776541413168544
36,189,103,0.189865058206788,0.3162822523272332,4.733746414500239,3.9164758106786124,0.5633944239531498
36,190,102,0.19530928353461852,0.3181144454364903,4.390344352426352,3.643145367107704,0.5469854088621404
36,191,101,0.19500539283842588,0.325068106961771,5.359838450693143,5.283102860646333,0.5734712398534069
36,192,100,0.19222820713026456,0.32100576857011776,4.9607959731998434,4.1395696818889745,0.5723827951047932
36,193,99,0.19006091920111304,0.31456672090026444,4.897547543935041,4.216408415880795,0.5620440026040497
36,194,98,0.19972366874595313,0.335661768782726,4.772025829864152,3.855035820080789,0.5407896851707475
36,195,97,0.18434811619884364,0.3229379086711557,5.483752954830273,5.048507649620778,0.5758425199000499
36,196,96,0.1886058986865197,0.31496953470162903,4.831970046290787,4.058348874824875,0.5862641666211277
36,197,95,0.19670951871157152,0.32623702847187186,4.802212087285506,4.72057718852636,0.5528767838483966
36,198,94,0.19551375624400805,0.3407569617071412,4.867404576199242,5.1332307075682335,0.5736579939438431
36,199,93,0.19329934518955982,0.3190189702717454,5.212337511627886,4.668774402214728,0.5863440893525855
36,200,92,0.1854745223742659,0.31335651384287716,4.865624844990488,4.328325294531004,0.5751817900323004
36,201,91,0.19688989867621065,0.3156609277707031,5.041127175170246,5.146172566516328,0.5909539906277631
36,202,90,0.19749224153051892,0.3373032059053523,4.852529510950969,4.522305738343214,0.572177301648943
36,203,89,0.19378804212323056,0.3409849887177543,4.8229894044597295,4.685067830697017,0.5664672573835893
36,204,88,0.19466272136585794,0.3389946144789881,5.070994104061769,4.103341716852519,0.5627844053399463
36,205,87,0.19215550795094405,0.3377187303284536,4.5849348723758165,3.9517369561860214,0.5541023493497652
36,206,86,0.19091024975274995,0.3397842351755249,5.528048399537486,5.3332783777034285,0.5655448043723446
36,207,85,0.19381838784175454,0.32731092659842403,5.11553808226557,4.395805803880238,0.5822409702016262
36,208,84,0.1859265401224552,0.3210549377697184,4.786807811869577,4.540581221389527,0.5873135640456053
36,209,83,0.19431266363298408,0.33350591064837093,5.119303951040864,4.4163880354462375,0.5764126035854669
36,210,82,0.19164613774381506,0.3370850005392601,5.031486132220654,4.299500637477131,0.5661873303952476
36,211,81,0.19579876427762258,0.32722341193485976,5.473375184678558,4.95437067459994,0.5650053802680847
36,212,80,0.20117151813369513,0.33952352805471686,4.5082729428620345,4.388567142801694,0.5507093186957217
36,213,79,0.19305965537080802,0.33128851430717277,4.431660540757093,4.1432110795547255,0.591083859184061
36,214,78,0.20284931181277627,0.3449620223115153,4.965964108077383,4.8325377823675435,0.5669869860548344
36,215,77,0.1958552822236428,0.3414650833022418,4.9596419704820285,4.445745847248961,0.5571191474029946
36,216,76,0.19427102586913417,0.3447498590158476,5.075353438449429,5.140078127805963,0.5767049905219713
36,217,75,0.1954864066792081,0.33181986537990926,5.036758602690179,4.40888279467893,0.5367549694201187
36,218,74,0.19325333551819326,0.32409282232979275,5.311348658794403,4.838970583411531,0.5777138040651895
36,219,73,0.19259325577467448,0.321904326155929,4.834632856211567,4.581370643596986,0.5767958925548019
36,220,72,0.20623941625178194,0.3400944629514306,4.928024889092297,4.505841360476211,0.5553003054550293
36,221,71,0.1994497000818359,0.33425209323324884,4.62385226667263,4.317985032884771,0.5796558093458918
36,222,70,0.19353053388952937,0.33572668344453344,5.0231183514729985,4.934452245847113,0.5885341872816712
36,223,69,0.1966629987369254,0.3361151460037323,5.547473004739478,4.993752779148221,0.5587389918623332
36,224,68,0.20049482583256115,0.34745480774748244,4.973365037172558,4.944838072642038,0.5821785851466897
36,225,67,0.20711457523264445,0.34545824081860044,4.804417785758174,4.537074635885741,0.5398511442020105
36,226,66,0.19244653769681752,0.32729205831145863,5.030218005612907,4.3323518324810015,0.5798421367262383
36,227,65,0.1979475627798878,0.33396599747469574,5.062494973125132,4.232379523602674,0.5615481072673796
36,228,64,0.20779067426040343,0.34997270910338674,4.612992448911239,4.327076237125006,0.5590584514002898
36,229,63,0.20078948694067045,0.34669894447817456,4.585100631516015,3.7942742669566436,0.5468548522437685
36,230,62,0.20183429052284213,0.3521979496092828,5.235038262777805,4.820879105265573,0.5735747847300299
36,231,61,0.19964842385468115,0.33752358024749995,5.113538999974575,4.377384883876231,0.5719387270544845
36,232,60,0.20133858062217325,0.33674263083282446,5.435445570594689,4.975488331413283,0.5609602306438356
36,233,59,0.20386481713142224,0.343084537177902,5.585232497232535,4.971378946988424,0.5492229841136285
36,234,58,0.22069181882061156,0.37549865141218536,4.970391767557743,5.155250868820942,0.5098776957088322
36,235,57,0.22456708883678778,0.377337447975817,4.994067077597112,4.303621659455894,0.5193157032815546
36,236,56,0.2099611108732483,0.3673467483558005,4.768046530023854,4.464946781373049,0.524437585746388
36,237,55,0.21810997741702423,0.37593314948499457,5.2709569247772405,6.093265374489371,0.5093607464514872
36,238,54,0.2160117944132449,0.35422669051214245,4.862423969329577,4.0288067165203705,0.5392638687831741
36,239,53,0.22434469335391685,0.38134565061701303,4.961125408315986,4.3499570215290255,0.4982502560878495
36,240,52,0.21408882042457125,0.37501003535941596,4.958697094129979,4.647460339713762,0.5165233407472274
36,241,51,0.21290928343511772,0.3533575014284198,5.193569193305871,4.342947708852052,0.524310642846001
36,242,50,0.20830479767580184,0.3542713610778031,4.7543457045669655,4.111627886641308,0.5181226087328086
36,243,49,0.22438875836544495,0.3688970787612697,4.352804802304954,4.337303211695114,0.5135848176194757
36,244,48,0.23197345099476344,0.4047098337426495,4.5452685287609915,4.09345386471119,0.48854190060877833
36,245,47,0.22107605337957914,0.35038686077640724,4.739257183147513,4.348535730213361,0.5159264292204143
36,246,46,0.21734865197229528,0.3651120343200834,4.776875557609211,4.229874214484142,0.5405064258338328
36,247,45,0.22324386063179028,0.37802564014701434,4.625341296207868,4.406214106619288,0.5078114508758519
36,248,44,0.22986729392430236,0.3772916682939734,4.898978411501309,4.218088332040843,0.5208162477586022
36,249,43,0.23764287985206461,0.3945856878842058,4.8438168962157535,4.7280190955732095,0.4810283672146325
36,250,42,0.2180927286168143,0.3547820133874066,4.621473945516413,4.574228761751337,0.5116327989759272
36,251,41,0.2232032031233254,0.3571542981479901,4.9285405940905775,4.287891886019672,0.507329090052276
36,252,40,0.22965165203063045,0.3807073729855631,4.901535941328334,4.88677084514019,0.488533213549191
36,253,39,0.22573565499007017,0.35935040537955754,4.7004572792576,4.10964090128779,0.531667981725898
36,254,38,0.22316289799945838,0.357996994829471,5.169415880379984,4.542874007059,0.531497076596327
36,255,37,0.22584289500396734,0.3717992908559527,4.613482089124233,4.030115790405164,0.509703088679522
36,256,36,0.2357069761527687,0.3991884059637453,4.688359021218561,4.724084349918172,0.48212298024263134
36,257,35,0.22050826960339348,0.3559396083145327,4.907885081271826,4.330775014359692,0.5193633566433241
36,258,34,0.23989641064288403,0.4132940448369333,4.879944601680674,4.352668677273727,0.4741263214690485
36,259,33,0.23566043453861746,0.40092763916042534,4.327070842417893,3.998813883673927,0.4842612263041444
36,260,32,0.2335117632671378,0.37976201809380034,4.330145507018427,4.081173257863866,0.5033540431150919
36,261,31,0.23705963548685663,0.38557837188458827,4.677840867969028,4.296049172609385,0.5053201152336372
36,262,30,0.23462947171556342,0.39049484622368924,4.584737252571379,4.367974599040609,0.5076331030550928
36,263,29,0.2357183484575823,0.4013945285931858,4.676520898152884,4.315034115965003,0.4904085490194161
36,264,28,0.23409846290731176,0.39978051909094275,4.547459294410496,4.357828050026022,0.5010904756254706
36,265,27,0.2243292801395165,0.36060984301053983,4.836347442632633,5.296930065369303,0.5121154314299845
36,266,26,0.22207817512120498,0.3738019504800826,4.951146508228588,4.332885880512465,0.523655139744455
36,267,25,0.22437488631805966,0.3652028137217759,5.203490912840455,4.502045479155305,0.5276338657950995
36,268,24,0.2287945176131353,0.37262191574563674,4.909151984060745,4.202947865832185,0.5256017027546525
36,269,23,0.23493041156488267,0.4039887650522868,4.422053522240056,3.673355728598531,0.48394844898938383
36,270,22,0.23609525598898268,0.3902937204530907,5.352679622741369,4.910695364818853,0.49939805492355527
36,271,21,0.22975138982960758,0.38248946497809694,4.877942891089685,4.853920120065829,0.4938039099318651
36,272,20,0.22110468599017488,0.3676735715016925,4.5661957954489125,4.338100462106707,0.5230327953032422
36,273,19,0.23991708944262646,0.39143312990822177,4.61718522964147,3.9456092392109507,0.48499031007362414
36,274,18,0.22482008591940222,0.3671446228289375,5.16562224922871,5.023124912874702,0.5420124734138908
36,275,17,0.22933556156515103,0.38422466994283366,4.674767602496257,4.168403479971942,0.4974957278870489
36,276,16,0.21951699418136517,0.3718696046133484,4.7398627595635565,4.755151927494241,0.4989094527453343
36,277,15,0.23702366115440493,0.39330137146329136,4.691712542151032,4.1636487727784,0.48668442899211367
36,278,14,0.2411235433161998,0.40557517685074457,4.493509961342133,4.071190944212877,0.48968561958487994
36,279,13,0.24977147313423267,0.4215598028665612,5.08885284041194,4.375622634674075,0.47820600055491364
36,280,12,0.22357856170715434,0.3691636482383544,5.222854061299648,4.797138981421812,0.527055753988206
36,281,11,0.24161979317951554,0.4125757418437064,4.416597123679794,3.693858358700452,0.48619873269521474
36,282,10,0.22692024163750363,0.3685410551258951,5.513637369866781,4.5974660058170755,0.5350158451816005
36,283,9,0.2171708222334694,0.3688527593473257,5.010423656321859,4.252710167695042,0.529919661756544
36,284,8,0.2225358856719917,0.3542357939898291,5.204926017285404,4.563902368844241,0.5521814729299866
36,285,7,0.22575190796054165,0.3726655941588416,4.761215530008409,4.310804419894723,0.515794345367704
36,286,6,0.2211495660385257,0.34850828807122963,4.693300449784676,4.2870462066800075,0.5445741002158397
36,287,5,0.23958790054455273,0.3944409217598907,4.7800295615155814,4.02324929905822,0.5046669888429117
36,288,4,0.22653769388114461,0.3523812482763517,4.962789970523023,5.19895626680505,0.5398388996368789
36,289,3,0.2546055960415281,0.40211585474527184,4.98203998181124,3.953760526921746,0.4908859533556144
36,290,2,0.23307075173037753,0.3812618224556362,5.36831763740004,5.478450214918539,0.5133652303990158
36,291,1,0.230573888008492,0.381654074187427,4.9949804012388865,4.963467314130221,0.5276970371640584
36,292,0,0.2365460497374027,0.3740132131151922,4.907645786121687,4.561067668843272,0.5016877657095339
37,1,145,0.1560498827870062,0.24329213406351677,4.945800490912383,4.611589439276397,0.6373022633044495
37,2,144,0.1552927459212447,0.23318032787880646,5.152286555257888,4.184984303040561,0.6747600986192135
37,3,143,0.1546948106473275,0.24491995552202234,6.106631165625627,5.410452129023677,0.6511493060714972
37,4,142,0.15777518392914902,0.24317678266450704,4.6879454806418135,4.01087727988911,0.6462221059858974
37,5,141,0.1575337850147194,0.24585975372050908,5.579605821259646,4.637246073990128,0.6774319232433319
37,6,140,0.15311335389344607,0.22568287567085712,4.991874026342714,4.556327609981572,0.6601537232206275
37,7,139,0.15384114927325204,0.23668506453723118,4.975246209090141,4.474660306281468,0.6426317716791501
37,8,138,0.1565440341204504,0.23770845881381245,5.117247505625356,4.454357098755315,0.6514551464341094
37,9,137,0.1591034373360032,0.24572460711773517,5.242329760681535,4.738461631360008,0.6567616447619017
37,10,136,0.1505374012652414,0.23188190276912504,4.767635571249466,3.969721871727107,0.660047971055321
37,11,135,0.15422947016874125,0.2391792362988841,5.15767030721724,4.329981360250439,0.6472265826758465
37,12,134,0.15306407966716565,0.23528962348138505,5.028206444227653,4.416642702531571,0.6594920167036349
37,13,133,0.1559297456332609,0.23146888112364777,5.353329120647269,4.660114306078857,0.6423901357922063
37,14,132,0.15444781990785222,0.2334676591779079,5.5511801738676905,4.74769331313318,0.6453021476062167
37,15,131,0.16020306038677185,0.24582897134625536,5.215783452584457,4.2907699539246655,0.6574288142461756
37,16,130,0.16168339098876894,0.23862048033096817,5.248977956623213,5.68863583555196,0.6455015174801493
37,17,129,0.14850819205409765,0.21896129097104194,5.1184265418910915,4.763444831832561,0.664904633742325
37,18,128,0.15914341220908865,0.2456047538713614,5.382526753392406,4.430021431222007,0.6402888367875951
37,19,127,0.1500784321858205,0.23798748721471985,5.982762639684511,6.129771308810256,0.6611328428830787
37,20,126,0.16256488295969135,0.25145221726078426,5.276824701694821,5.004142392382117,0.6456204242115097
37,21,125,0.16383975773247653,0.23904308887955827,5.120333703632991,4.13747171952114,0.6560260364949543
37,22,124,0.15926458960551673,0.24395855204030853,5.55934630482538,4.437749085316294,0.6283938176806374
37,23,123,0.15245123604345961,0.24259703922036127,5.9096937675184735,5.249283660992448,0.663894564210747
37,24,122,0.1493082235947786,0.22881396224359438,5.611183592000849,4.867288101101726,0.6626279402449786
37,25,121,0.15599827728487517,0.24114113363073705,5.580061987816213,5.316952870330093,0.6647641426788317
37,26,120,0.15332934678528265,0.2381459442300562,5.375861257002388,4.687814474936156,0.691959830942878
37,27,119,0.1520742517836817,0.23580930981896037,5.278023112159722,4.9461454032454,0.6793880491016862
37,28,118,0.15348373142596994,0.2385538959866513,5.094607240235536,4.07126611351248,0.6696820399699133
37,29,117,0.16089487508540523,0.2366900920583447,5.514291513216186,4.525948370233188,0.6357754048626195
37,30,116,0.15760614946777107,0.2449772637803018,5.292720449675361,5.106030935129897,0.650732860202959
37,31,115,0.15613994238378173,0.24395344875071084,5.1630809121468015,4.546513740506459,0.6425410539726657
37,32,114,0.1534646794131507,0.2353050430141668,5.00340208121486,5.667357150847155,0.6542083362791914
37,33,113,0.16179055220343597,0.2449725973251578,5.51547230323356,5.157490939790322,0.6464837446340255
37,34,112,0.1585030818906145,0.24706853341960852,5.289428207181219,5.663139663766738,0.6499123951996353
37,35,111,0.1573193229199898,0.23454685430162134,5.47304890179106,4.929410869632621,0.6529251474083554
37,36,110,0.15969573275581872,0.25860795626705757,5.687207624792578,4.9071097313298,0.635019612553769
37,37,109,0.15961003304394303,0.2492177371209398,5.189813040774057,4.651682698067815,0.6439438673264517
37,38,108,0.15641383209054047,0.2501423830169277,5.2282428128579,4.595927243921717,0.6390594127731661
37,39,107,0.1557382920381084,0.243499263263821,5.033312492230113,4.97389648070858,0.6437914153949351
37,40,106,0.16363733981892242,0.24955323487196016,5.3927888548883836,4.567999276410436,0.6495902195236608
37,41,105,0.15719949724104565,0.24445200244143608,4.766938039800145,3.98158044823164,0.6534735630967473
37,42,104,0.15510968420147517,0.23210954820066187,5.124224853211856,4.6832168314287825,0.6435731819571118
37,43,103,0.155892731584031,0.2377043755062567,4.939509855874121,4.693728849570285,0.6697851393612841
37,44,102,0.15666468710612644,0.2415616063286098,5.070348350872614,4.231730266904567,0.6242741232945243
37,45,101,0.15551323427129896,0.2450646308754962,5.910988951397815,4.7620077744766105,0.6689101400860076
37,46,100,0.1638294502775059,0.24543621011514816,5.087266936143784,4.41695352480973,0.6641585537133837
37,47,99,0.1612141911070288,0.24763921669280736,5.500243483720123,5.34385858123351,0.6364501026020952
37,48,98,0.15709400995653824,0.24614248534059055,5.777491656591193,5.6822275187961075,0.649548881292723
37,49,97,0.16165480613167402,0.2430073380786152,5.156821320937985,4.010261786100385,0.6426611085644706
37,50,96,0.16351213970437647,0.25517210429224185,5.555287780457656,4.7106267046628405,0.6500419579120157
37,51,95,0.16286048140942655,0.24215826258436685,5.022077399650502,4.155174856353429,0.641146950300995
37,52,94,0.16476432948026656,0.23740774413342922,5.326532525956264,5.085131047106806,0.6576922621764627
37,53,93,0.15796013369806836,0.24282378179317501,5.208429184995931,4.720028660677916,0.6315360771702391
37,54,92,0.157840829257823,0.23901405987560606,5.692772378108745,4.9963990539552725,0.658202515592333
37,55,91,0.15711923903847894,0.2414478416821688,5.487524456575457,4.855293185039186,0.6411686310132723
37,56,90,0.1602951334644532,0.24992675236954615,4.60603837797523,3.837633554955811,0.6190673485179645
37,57,89,0.16131185308161028,0.2456142671371712,5.166308847208001,4.27597390073815,0.6536547368114253
37,58,88,0.16008763715956154,0.24176434194904564,5.267628765393521,5.546750090003608,0.6582924235814959
37,59,87,0.17347615452089316,0.27500844708471445,5.505069877968625,5.310119226229754,0.5945418306545469
37,60,86,0.17385535477123382,0.27339012116898015,5.192302432553728,4.291080421750834,0.5977946191072488
37,61,85,0.17611190158472048,0.27721026248997765,4.800776219356355,3.9225898895101707,0.5911473233996325
37,62,84,0.1771514476056886,0.2712036543265876,5.022149217076604,4.734653824585038,0.5827173479920156
37,63,83,0.17692454425918794,0.2730973485852678,5.5358194805707654,4.985398020081973,0.5749654860741213
37,64,82,0.17600799105041626,0.26376245544407023,4.833072506583482,4.748571093708707,0.584374422807558
37,65,81,0.1746396137986808,0.27466097241941567,4.902541002339417,4.424717409204361,0.5833735261206195
37,66,80,0.17384500594542934,0.2818202653454422,4.85812229696622,4.6882838135527685,0.5722079336457191
37,67,79,0.17635588128461843,0.2786662826351437,4.8041904009983565,4.405777617704316,0.5698166481578345
37,68,78,0.175293773715826,0.27218244944833814,4.577477535925472,3.829094125529708,0.558601859450738
37,69,77,0.17669611732549234,0.26767575117435016,4.958867022069051,5.632387155280487,0.5862216533721285
37,70,76,0.17914486740449184,0.2722772350861401,5.127962055900154,4.104029484429473,0.5899221272376296
37,71,75,0.1863199334117006,0.27768686335769055,5.356016002840542,4.438391514400343,0.5817873795761653
37,72,74,0.17635764806708382,0.27598937798168327,4.883326682417351,4.406170366156829,0.5745008516413374
37,73,73,0.17735304149820555,0.26490202603503166,5.059307419165797,4.406069461749159,0.5971831186915451
37,74,72,0.17928523508691194,0.28329744149353037,5.161624606138586,4.54415599905544,0.5680239763508144
37,75,71,0.18042031049145776,0.28788326374912954,5.850902005883597,6.048049983147382,0.5976432393260647
37,76,70,0.18236351439750423,0.28241817953506315,4.970102460002154,4.328407688399515,0.5907215814273885
37,77,69,0.17647586109080377,0.2870041441687549,5.5314753715961364,4.533269744382412,0.6067574960271419
37,78,68,0.173542759806209,0.2761602514975493,4.636604698069916,4.140084182956909,0.5779199479314391
37,79,67,0.17610446101397237,0.28188585175670156,4.927251245929542,4.372603432629852,0.582780699410731
37,80,66,0.17919574902612123,0.27863827646403627,4.710747941810103,4.192524987101096,0.5631601683765006
37,81,65,0.17825466313839627,0.2841916207594416,4.998761581210456,4.325546081040974,0.5642402242818025
37,82,64,0.1782707660769905,0.2846174542800279,5.2410327029291786,4.796893076658397,0.5951844135414723
37,83,63,0.17958954385647455,0.2899113397350708,5.112593472879917,4.342049122691677,0.5676129198213753
37,84,62,0.1757296852654362,0.2732286872649731,4.877650816673185,4.111944146525508,0.5834253515316096
37,85,61,0.18394344887237746,0.2811942265091778,4.836596539600041,4.1962424352889425,0.5627999705920063
37,86,60,0.1813510746840211,0.2801662407992325,4.9045454729838305,5.006314636138987,0.5883058717159833
37,87,59,0.18269605465422198,0.27776823016437396,5.114255972455465,4.202834212584535,0.5676068732275613
37,88,58,0.18145062556909647,0.2811858581059044,5.040571870202104,5.024956925381302,0.5666046707395623
37,89,57,0.1853539701548994,0.28333784553997876,5.239411810840074,4.6505343123753375,0.5656361022993903
37,90,56,0.18457023421692073,0.280665335880201,5.465019641227963,4.478648237014959,0.5851710601477743
37,91,55,0.18117955389614737,0.27020969603288236,5.553257505220113,4.50079161690432,0.5956571398016629
37,92,54,0.18646356190202015,0.2751891256283971,5.364312670155135,4.569650988954197,0.5905457929761974
37,93,53,0.18137740123898954,0.2756990977337824,4.667697749451413,3.850388485772957,0.5783136078917412
37,94,52,0.18305278534472616,0.27582798146886006,4.947714557243453,4.125505600367407,0.5847880151513121
37,95,51,0.18541873813579557,0.2725153333305604,5.202381910087446,4.573709313972793,0.5842653530960723
37,96,50,0.18498880074627472,0.2880273746632848,4.442106916262968,3.9491902227946367,0.5648769812306366
37,97,49,0.18284599270244745,0.272792001249882,5.053915801431425,4.949274498724811,0.5891759277317773
37,98,48,0.1845298238817715,0.2805711956469086,5.161089633170818,4.428702349693749,0.5656288748558609
37,99,47,0.18965532351801886,0.27998223944083617,4.669682680562062,4.045058178575753,0.5890283716857544
37,100,46,0.18936456939832444,0.2760476168470333,5.392676914219633,4.392854225861822,0.5724269201125857
37,101,45,0.17589050929174546,0.2760461357732315,5.226006393188166,4.6454996015869225,0.5897194299196029
37,102,44,0.18295742917506974,0.28484938378388747,4.864199232648353,4.813485119823584,0.573196427628437
37,103,43,0.18752789552813715,0.2872125645478573,5.5325083679795055,5.436025023765347,0.5935485521091176
37,104,42,0.18251039285893478,0.2810870163930101,5.22389181394422,5.08956018865576,0.585963148785827
37,105,41,0.18170616986464022,0.27977408822454,5.066465900302149,4.447242781172968,0.5930993724094233
37,106,40,0.1843268254469406,0.283665581391632,4.87403484369591,4.23293537626526,0.59044215012813
37,107,39,0.17586030494394086,0.26918039982253783,4.455187472171438,4.3401255422415925,0.5833349737721244
37,108,38,0.18529513009339557,0.2984704381813595,4.914353212940304,4.422984083772634,0.5693644267184992
37,109,37,0.18468633086163355,0.27969710833678574,5.247672788297463,4.88017254846484,0.581339368470065
37,110,36,0.1865424853206195,0.2944728508740315,4.852351868757857,4.290189224259427,0.5692612540139581
37,111,35,0.18756449496846775,0.2832918306620023,5.581382751127669,5.087707662183988,0.5812577190629666
37,112,34,0.1800510446591208,0.2883566938898775,5.582602623187569,5.774359947885997,0.5710747165235361
37,113,33,0.19352545972123417,0.2940527773413684,5.245021729968245,4.333146820333716,0.5714337318503954
37,114,32,0.1871112844307982,0.2780658523138204,4.829657937363832,4.295740078643014,0.5765907160127305
37,115,31,0.17841032587364958,0.27055802138868623,4.6726147440661085,4.626438530668859,0.5808589372473445
37,116,30,0.18247632262529415,0.26806775538848115,4.938921186485752,4.033804191122706,0.5762421155687795
37,117,29,0.20357358276223714,0.303591166783879,4.995078514038248,4.533884094604919,0.5388521010307056
37,118,28,0.20822269958461564,0.3151740357731213,4.842239370096326,4.086348693346232,0.5150800588693203
37,119,27,0.19870733999193058,0.29970558457869145,5.7037153686633815,4.940842513304027,0.5382851826625649
37,120,26,0.20164294023451473,0.2870492314217563,4.704500394085689,4.635736585346345,0.5575434094398092
37,121,25,0.20102459062576428,0.2948409225022962,4.844916015330575,4.220909288511887,0.5189510174862538
37,122,24,0.21267349488394038,0.3125500412452296,4.360416333223794,3.911950208635776,0.492155365819041
37,123,23,0.21202624086494662,0.3168516903130174,4.812784129988886,4.460645335022211,0.5249979572561909
37,124,22,0.20197756703052816,0.30459962632043447,4.655875746618856,4.445196407941767,0.5428427348986878
37,125,21,0.20534127385321924,0.3011344309457952,4.9952840981008295,4.7610144951454,0.5178966790822291
37,126,20,0.1964147844810321,0.2907148398863308,5.06898891516677,4.602972625834967,0.5655975750146998
37,127,19,0.20121825916578498,0.29768838990359836,5.4307815374371735,5.184635638896538,0.5444285178475733
37,128,18,0.19949915941086538,0.3104308838222549,5.572213654126859,4.750479932249709,0.5408764407735527
37,129,17,0.2050714249464571,0.3136778436090304,4.937005214355576,4.508062381063884,0.5062522029272641
37,130,16,0.20760710667976284,0.3177590207397657,4.485002268926573,3.9126198281821996,0.5122050492522442
37,131,15,0.2119222423163558,0.3142666415709793,4.960362555312823,4.646940963913626,0.5211480974243997
37,132,14,0.20759481520740142,0.3281055502526322,4.914729443643445,4.323447600832713,0.5233368229932828
37,133,13,0.21202113579080645,0.30961633369047264,5.269355849188762,4.459450729988208,0.5343256447429106
37,134,12,0.20312281529067946,0.30356828639201944,5.4076309638534585,5.21507959848244,0.5497901815323388
37,135,11,0.20568162328102832,0.3081974902537018,4.68832373866455,4.297565439509599,0.5119408958581645
37,136,10,0.21200138867718848,0.31192676145165543,4.957715151442832,4.072616058239727,0.5135814627615625
37,137,9,0.20577363117749453,0.30078518496791057,5.350525494833507,5.062515000700355,0.5367445142127513
37,138,8,0.22231004298531334,0.32997731096398325,4.88463827710448,4.757481305035943,0.4963712068533887
37,139,7,0.2074938679929772,0.300386336356753,4.794282540749078,4.345379844652687,0.5341093122202502
37,140,6,0.2083940871265684,0.3024963226198134,5.249413076081236,4.6913383848287085,0.537300464981998
37,141,5,0.21361214946455598,0.3145944622485285,4.805209515072058,3.979087410202687,0.5347934298591639
37,142,4,0.22599811307168766,0.3311868943900876,5.224773856944419,4.306069210236339,0.4856064665427558
37,143,3,0.22564551839599317,0.3279594595783486,4.902201146634818,4.875884617851728,0.5009049839624791
37,144,2,0.21870748470519646,0.3110959914544918,4.5583266556773046,4.024665456271196,0.5222693731598661
37,145,1,0.2192490783735203,0.3197015691834798,5.118304642511296,4.094649875526856,0.5015198587912625
37,146,0,0.21799608595511918,0.30958268444653547,5.191888488250679,5.417928990508245,0.5289464884069504
38,1,197,0.1442203729802763,0.24683991990413534,5.307015714783214,5.833274371811038,0.6748889709359213
38,2,196,0.14187258141746495,0.24141729914775095,4.937849960986135,4.198180867474196,0.6227181966704742
38,3,195,0.14913312589226535,0.2469861708859238,5.474677648884081,4.880580685278797,0.6623234648205794
38,4,194,0.15192453578084675,0.2545997149162663,4.868268984142045,4.181711956320409,0.6373447429741549
38,5,193,0.14913064562907938,0.24596097384523627,5.653809174320482,5.986255985800199,0.6675223762419897
38,6,192,0.15356939554040921,0.25577815583526486,5.412982983201829,5.1490869414772495,0.6217109204716066
38,7,191,0.1489820904832671,0.2452299359569731,5.759898683302373,5.314158160442097,0.6645880060727193
38,8,190,0.14873878863190199,0.24589798728346476,5.2209875988202725,4.979098426312921,0.6541157298780927
38,9,189,0.14974434957401775,0.2472222708451836,5.261373880120988,4.363557393936186,0.649168987574025
38,10,188,0.15024418257203134,0.2466424395567484,4.925950869902142,4.621959457849706,0.6701752204489055
38,11,187,0.14973739298520095,0.24364759477246808,5.3691328203030455,5.124647125961555,0.6487139787146058
38,12,186,0.1547141508780727,0.2500457072535803,5.542046116678921,5.940626006592624,0.629029914599059
38,13,185,0.1587495059045621,0.25634401882627744,5.072856015742072,4.3525873209213755,0.6266371372665018
38,14,184,0.15410753505233704,0.25245826820918044,5.074760602659762,4.679599096095978,0.6522783763893696
38,15,183,0.14945857066243756,0.2410076791434038,5.15520364610332,4.222654867078748,0.625866407134779
38,16,182,0.15638346986442606,0.2512078891931465,5.758088760620887,5.226473671450084,0.6556320965071474
38,17,181,0.1519333605293597,0.2423807286023093,5.506726985305048,5.402655199873234,0.6627974367056417
38,18,180,0.15965759827988832,0.2561011838153534,5.3889001179479274,5.46821490470903,0.6446155294645485
38,19,179,0.1542685052362973,0.25015846992094504,5.717836371046993,4.77501867501679,0.6496265223950175
38,20,178,0.14707371905064698,0.23945823961263557,5.114411557964976,4.651140208794506,0.6487628049341159
38,21,177,0.14922168534766972,0.24448521217283647,5.129947956836908,4.3619723913406565,0.6414167644350864
38,22,176,0.15001728759248434,0.2476402662940031,5.454879555106928,5.885366793431898,0.6334979613438836
38,23,175,0.14970888233653537,0.24454998290255786,5.545102428447903,5.4676948937739835,0.6374370380077568
38,24,174,0.15162430651859699,0.24501257126548,5.288132243118819,5.536557982926249,0.6535364268506749
38,25,173,0.1514866471828802,0.24352833513261493,4.865456969218959,4.5696968191207015,0.6534965271360339
38,26,172,0.1566339479333315,0.2510846802287253,5.257169302805174,4.296748400966012,0.6559152566101522
38,27,171,0.1500767769089308,0.2378967806304026,5.184511338663588,5.294804336817989,0.6683952670741722
38,28,170,0.1549762818782879,0.2518908582119935,4.939677154700165,4.296642758540543,0.6522810114981109
38,29,169,0.15450289622523888,0.2505570522221644,5.245855203217206,4.224010799791546,0.6627264688420296
38,30,168,0.14617066942775223,0.23721154769454716,4.6668305264623235,4.173714861322962,0.6488658391526003
38,31,167,0.15063991508537375,0.24584412589636098,5.125343407403445,4.281014495421749,0.6525713408409441
38,32,166,0.1527890261637735,0.2510181643085178,5.543508591062436,4.883324895246883,0.6772730056445477
38,33,165,0.15554758836439056,0.2520532697278546,5.5693618897847,5.149244696212561,0.6434587661981983
38,34,164,0.15236611415286144,0.24491468217025208,5.471246424216883,5.358246605994093,0.6521149462262517
38,35,163,0.1529091016149396,0.24434050817116865,5.037839850097834,4.108127501614812,0.6608195084643579
38,36,162,0.1572968041122748,0.24959081153906926,5.143156711137786,4.341198501203593,0.6250622941036242
38,37,161,0.1540890891591,0.2460645291906229,4.987696155114886,4.777365000400801,0.622580252339058
38,38,160,0.1564116746712305,0.24912666083847593,5.709830565724692,5.36263112051153,0.6325205949075001
38,39,159,0.15203016185291385,0.24312218542461866,4.9669886616485055,4.548681840689143,0.6488616335468911
38,40,158,0.15131687418743864,0.24250798382038674,5.413363010949885,5.246429112825052,0.6595704699967537
38,41,157,0.15661026396824682,0.2554599211761449,5.488450964591381,5.269480503927308,0.6387968620013671
38,42,156,0.15840389848184955,0.2581769033201991,5.439650769626397,4.537749076906432,0.6743621776760949
38,43,155,0.1538490340634678,0.2505234282044794,5.072252865976308,4.401479248517169,0.6480373387299435
38,44,154,0.15371328904167744,0.2496425974697866,5.30020453120367,5.026585411284721,0.6520873645270012
38,45,153,0.1585683836686625,0.25879520401965417,5.4463094861963715,4.883442648856579,0.6459660392722358
38,46,152,0.15988266192465433,0.26088491805414626,5.435662388660322,4.7929867154393735,0.6289688730182152
38,47,151,0.14872560912648047,0.24083620926806493,5.307888751349431,5.565066688115851,0.6579482583768517
38,48,150,0.15636913530163782,0.2521715528169525,5.090497362462155,5.502758037002271,0.6347717988455944
38,49,149,0.15747287876372476,0.25150019683030506,5.599590820770953,5.04877357511564,0.6563908988624442
38,50,148,0.15611606543295262,0.2510466558424179,4.999015231820634,4.144876197445532,0.6442780464711727
38,51,147,0.15604003036797584,0.24944099527720198,5.501045369052486,4.948421330069049,0.6623468754865852
38,52,146,0.15577666320673242,0.2525398647745335,5.227681770036484,4.582540231577532,0.6592407507822268
38,53,145,0.1576838237708867,0.25476960482874683,5.391182973385586,4.849495417882755,0.6548724329193071
38,54,144,0.1571795342170269,0.25258559726502866,5.079713208347933,4.494005421439576,0.6548313597807683
38,55,143,0.15458965837272676,0.2511295588387303,5.375623405893354,5.769082326658898,0.6554640626960829
38,56,142,0.15499318657089192,0.24892925467994426,5.5104814131185655,4.936632485009309,0.6553685942612023
38,57,141,0.15264211266403735,0.2470940735058078,5.452688911483458,4.692654382949782,0.6491233414425757
38,58,140,0.16053578189486767,0.2651645109697661,5.057808729765306,4.529431276238381,0.6469813989858624
38,59,139,0.15531910087910794,0.2596416197237661,5.140072467920825,4.885880085791575,0.6316936791348865
38,60,138,0.15674672230705147,0.2607858511038143,5.607720958209698,5.023072497259791,0.6394236087756117
38,61,137,0.16179237815180164,0.26744113994884505,4.825751692647106,4.748161033959853,0.6058487436968758
38,62,136,0.15757265551414568,0.2623214067745501,5.806328150436033,5.501881768621259,0.6219034901308316
38,63,135,0.15764309245927002,0.264558565006194,5.3048780613058995,4.981876876147921,0.6525463652725957
38,64,134,0.1587510350343623,0.2666754916003905,5.343297610815908,4.397318498137918,0.6291473377029204
38,65,133,0.15344678298704686,0.2606264466603901,5.084459554449046,5.043892972680058,0.6260114719117604
38,66,132,0.1516810911261013,0.2599367890927789,4.947530472509907,4.200441423450181,0.6553103130301206
38,67,131,0.1483804631947824,0.2523472758779878,5.7820347248562936,5.599697963323511,0.649432247318808
38,68,130,0.14950397163571388,0.2569156466307561,5.094839352086602,4.348283655132496,0.6462391374626756
38,69,129,0.1578672305271647,0.26709227404353275,5.543847931333871,4.868261688872352,0.6375015657313835
38,70,128,0.15281047182247284,0.26082508754697076,5.573449002048872,4.93321621254759,0.6596758184079552
38,71,127,0.1543545289200432,0.25916791505332065,4.856016134996034,4.581756566245823,0.6549114148201125
38,72,126,0.157064824385601,0.26375454006945814,5.745766477693327,5.31158953644102,0.6401446759864752
38,73,125,0.1552857645754563,0.2636556631983922,5.4085010756229615,5.297304892247808,0.642958749819835
38,74,124,0.155568899290812,0.2654943835537731,4.833804464651463,3.941457596371527,0.642619204368789
38,75,123,0.15669620695512407,0.2655100791028738,5.353120605988199,4.999025073557038,0.6572310398544142
38,76,122,0.15702878758468033,0.2691731562192194,4.918342012457323,4.05429882142544,0.614877996914445
38,77,121,0.15331335846318042,0.2620874584370511,5.1690106951040224,4.903422474990706,0.6441443127286144
38,78,120,0.15538854187136789,0.2616318558078189,5.2887839572156246,4.6609158118601215,0.6309902237241781
38,79,119,0.1609633460069812,0.27008287697647687,5.122419032226331,4.107793064281677,0.6290870512276986
38,80,118,0.17065113173694313,0.2936484633500784,4.932081801610151,4.903010329152945,0.5750331064640389
38,81,117,0.17231142222290557,0.29176217736660875,4.87782331419189,4.331799016661045,0.5856097180413741
38,82,116,0.16620610703285327,0.2844377264567164,5.083792037994794,4.7776047800379775,0.5979748614391284
38,83,115,0.17190661956301956,0.29280579771436327,5.187133491578303,4.309093361700507,0.5957463666716284
38,84,114,0.17726907707815767,0.29918285999457733,5.250175437712063,4.411133560122246,0.5675595082753926
38,85,113,0.17395042823798926,0.29363441631836523,4.474012897826781,4.146047733638496,0.5721028261110295
38,86,112,0.16959593637977544,0.28363805112888235,4.782687405230437,3.9333894598421764,0.5801791832939023
38,87,111,0.17623580582872234,0.2954366660554956,5.740726870391632,4.965811829284132,0.5653600703890689
38,88,110,0.17703738514825404,0.2952661950039136,4.662853911190306,3.9374411336603847,0.5747990175649677
38,89,109,0.175857785167063,0.2961278305157697,4.955922639389389,4.567299542566399,0.5637782739467319
38,90,108,0.17203397514123217,0.2903868312261557,5.5008439758674665,4.9652487269298335,0.5777903924993313
38,91,107,0.17437903697608506,0.29492893599375036,5.022289217516359,4.8537873951354635,0.5760038633160878
38,92,106,0.17105465897007235,0.291649875839442,4.612173986199991,4.118116608877828,0.5653506444159839
38,93,105,0.17106999879762327,0.2906236443296517,5.2750982191473925,4.431151708905489,0.5874142092169098
38,94,104,0.1676353465311698,0.28635802791659665,5.284422585257568,4.5726553838308,0.5939579459847124
38,95,103,0.17018020276081833,0.29107246315688207,5.129164095461292,5.095658653551781,0.5822098810312755
38,96,102,0.1640758589292551,0.28125871720439244,5.56577808619802,5.746698347515979,0.5949517235821958
38,97,101,0.16679726319567598,0.2865045339738924,4.994669565560215,4.5158138893658,0.5835868010032733
38,98,100,0.17346634399381497,0.2959244351367876,5.405400254465368,5.3133308055264665,0.5618901233557396
38,99,99,0.17087909261098877,0.29122064887973714,5.068743436775262,4.196596246751948,0.5772953404773108
38,100,98,0.17024539813846948,0.2923316837594392,4.5811664670199885,3.9527191117334173,0.5982142355330354
38,101,97,0.1727775939973996,0.2946154429421079,5.209726683612759,4.506120152956994,0.5835939123554739
38,102,96,0.17796386762934954,0.3019090746710061,5.368866663382931,5.164827877202547,0.5627400988221054
38,103,95,0.17203222368641582,0.2975483605991824,4.65979966329971,4.566017645278437,0.5559771520376018
38,104,94,0.1726290162975997,0.2986219540825825,4.8677668041812066,4.752582664438578,0.5843860770454077
38,105,93,0.16540493671922374,0.28685090941127817,5.1351173220463,4.911502166118042,0.5784790402012392
38,106,92,0.1742106172681172,0.2998514325936584,5.0241455903905745,4.402407446248706,0.5667615745076481
38,107,91,0.17593793140044747,0.29934222794823157,4.733170173779044,4.835583555315068,0.5666516562601338
38,108,90,0.1792090120453059,0.3010310440704007,5.532886320401902,5.220002757800198,0.5780907835990187
38,109,89,0.1791717826052807,0.30143064542868475,4.573142366495301,4.074391540856544,0.5663893295027698
38,110,88,0.17026229644341373,0.2897515395781192,5.084256114731059,4.384965842903858,0.5835661678523718
38,111,87,0.17135612798278085,0.2881885753087243,4.922510212903032,3.9784374198072974,0.5578936148892856
38,112,86,0.1787799363015768,0.3018579893698151,5.816666083530359,4.8589927186713675,0.5716549044158227
38,113,85,0.17848645913657074,0.3020728786848947,5.46997515848884,5.289345157117901,0.5885185685371866
38,114,84,0.17606408385457625,0.2927162744555217,4.642481690918991,3.908826332467523,0.5743254845734171
38,115,83,0.18173752471920532,0.30005246970273,5.019024875720877,4.367991089353494,0.5852271884263996
38,116,82,0.1763694910190181,0.2927544908873213,5.073543609072636,5.019412861962418,0.5630112219665587
38,117,81,0.17762062427154152,0.2975376486073509,5.20646224925839,4.620416772892946,0.5867242537383329
38,118,80,0.17862758667499062,0.2963992187375367,4.702881742123571,4.160589472771404,0.5708726665157188
38,119,79,0.17149047358864747,0.2840145081915486,4.7256345949327905,4.062402511502706,0.5580948282697401
38,120,78,0.18162870847730037,0.29960884835363666,4.876545418709881,4.320662209172367,0.5576831613313658
38,121,77,0.17362099791818947,0.28875624461343663,5.353462525716052,4.606989868198671,0.5719300028884892
38,122,76,0.1758701647798155,0.2940255830652219,5.072503677598313,4.417009731322763,0.5897125658503198
38,123,75,0.17592985494534039,0.2973262954302611,4.958493079439382,4.040450836709336,0.5722417652606341
38,124,74,0.175874253827622,0.29933346911534725,4.954004294398847,4.015965565777881,0.5791891906479301
38,125,73,0.17575579657620485,0.29753869814461287,5.49096184955318,4.695686744910205,0.5839495119420105
38,126,72,0.1790629391440708,0.296816933552524,4.695114639099067,4.087425841453881,0.5984098049933255
38,127,71,0.17515432117566224,0.29116416430898306,5.2029499207284235,4.504260017275603,0.6012066408020451
38,128,70,0.1797995950292099,0.3042287514757335,5.283516581177648,4.908744630138263,0.5531401244258504
38,129,69,0.17416538917229407,0.29171623582090606,4.980131902772808,4.351678183170525,0.6040969632799389
38,130,68,0.1782796291353984,0.29766791368848305,5.446711585127378,4.4991819792711425,0.5709081091393308
38,131,67,0.18137443025097352,0.2981720973252371,4.873452492192541,4.24202258460955,0.5660220254296616
38,132,66,0.17696661229276206,0.29088057090676334,5.189880864574703,4.583935741070392,0.5761059836429638
38,133,65,0.18912884957905177,0.3106234059981314,5.062978195963705,4.99648422927939,0.5496574985597377
38,134,64,0.17626543187146237,0.29084049247930677,4.808233114564643,4.610682705284969,0.5715922055928065
38,135,63,0.18019460710588145,0.2969958195241556,5.226153376763341,4.085734811641785,0.586816693673624
38,136,62,0.1793625148857882,0.2969526291874129,4.96642229311413,4.48552450298584,0.5701731079762524
38,137,61,0.17829559923737945,0.2940481671241874,5.222667671897136,4.609307018330208,0.5606720280881924
38,138,60,0.17590539383972525,0.29427337841043494,4.967538894715486,4.380226229179476,0.5730967822364641
38,139,59,0.18288317266721849,0.3103256017079269,5.223363781250978,4.601610380776209,0.5610475469781863
38,140,58,0.184424139763904,0.3063095315241027,5.401199934726252,5.157062091201689,0.5845168864190989
38,141,57,0.1846569777528759,0.305960983085407,4.946272476027793,4.288796889651296,0.5606196106879323
38,142,56,0.17757300722326572,0.295625648097895,4.7298683071522065,4.675131334962301,0.5623871097108162
38,143,55,0.17681196680448305,0.29605851277347794,5.054302316165069,5.019831378080553,0.5670892921479571
38,144,54,0.17750055661692019,0.30075370117152656,4.691987352775054,4.182343165996554,0.5562812561814178
38,145,53,0.17784678958649802,0.3020842230158108,4.978939645411391,4.407378151439138,0.5708279366439871
38,146,52,0.18047937251738902,0.3023933041825108,4.714993959107889,4.53412831634374,0.5704026315068272
38,147,51,0.1815953810331712,0.3064264304408363,4.941657546578125,4.375887063241564,0.5846944420148029
38,148,50,0.18315033292847316,0.3056449137844275,5.223387434001061,4.594546095108856,0.5700385227741609
38,149,49,0.18185051822640022,0.3023717902584744,5.177716753755865,4.823385449083642,0.5716516147343065
38,150,48,0.18333954919451664,0.30136603985136323,5.05211156750631,4.890621537730415,0.5717321362133511
38,151,47,0.18272909833869339,0.3041192396986649,4.901327690951682,4.542623604671516,0.5657049924031179
38,152,46,0.1811076482312227,0.2964143959692323,5.029695812204501,4.650154195280065,0.5929583167831428
38,153,45,0.18252765609309457,0.3004263761691467,4.795552488064468,4.4363793125575395,0.5695125211792413
38,154,44,0.18143944790157515,0.29527034216804743,4.7143632866276,4.41406193052701,0.5890660469341187
38,155,43,0.18551963193401722,0.3012988666984168,5.12936946600885,4.1827702369670865,0.5552150320831591
38,156,42,0.17799640606391648,0.2948275063348228,5.133659474937311,4.386183028189389,0.5777216065992035
38,157,41,0.18070084971419323,0.29807156756325653,4.892959713970062,3.956336212782636,0.5649036816090254
38,158,40,0.18302128676743662,0.3034064989605414,4.665107521310741,4.026162524630086,0.5502871167283273
38,159,39,0.20459868035136383,0.34202391433099544,4.92796682712959,3.941544751900948,0.5206721720160038
38,160,38,0.19760243662132532,0.3319879623322458,4.899788800192488,4.382318876625022,0.5264202091928423
38,161,37,0.20612290400956954,0.34702467637331563,5.208471520102339,4.76961659964297,0.49992206398710903
38,162,36,0.1968134941508218,0.33167636603353584,5.32473553609999,4.946410707379724,0.5282086951533228
38,163,35,0.20705517815683697,0.34984964128683205,4.816118900047146,3.9491827106332438,0.5181079445755161
38,164,34,0.2068694120362278,0.35275984849598285,4.840578817741118,4.073523880840735,0.5006549892827663
38,165,33,0.20664605326106086,0.34334183979586363,4.475722585782427,4.064302425299804,0.49015641238161844
38,166,32,0.2089710486864248,0.34835509248040736,4.581796776262342,4.025579949702432,0.5000074359056372
38,167,31,0.19724144768392957,0.33177073761212394,5.218371529835874,4.489643009307267,0.5326587613568435
38,168,30,0.19867380315387312,0.3361852428637661,4.732846658747194,4.057316345614255,0.5549062410126049
38,169,29,0.20351094912734674,0.34606514468803423,5.995239889019897,5.640046253651279,0.5416001877652297
38,170,28,0.20339220563483182,0.34356455514095513,4.598933310865853,4.010847149615352,0.5093230520747876
38,171,27,0.22143128667942405,0.3691714070205853,4.779098824174481,4.183848891899745,0.49355953272013126
38,172,26,0.20027141278933164,0.3317312149173135,4.7652212488371255,4.5619213974820765,0.5076490946739849
38,173,25,0.20587391993720136,0.33555825979842224,4.921119880152162,4.698254667870386,0.5169492329235775
38,174,24,0.21601194250146952,0.35255898583684103,5.162306548130627,4.430856618588619,0.4914823114278819
38,175,23,0.20514416381754144,0.3325298327776378,5.066126618741046,4.590997271251589,0.5195122435023646
38,176,22,0.21468195507896687,0.348889413688105,4.294882835860767,3.760857644749884,0.4760385013680368
38,177,21,0.20640431393085043,0.33484073751524857,4.752067300279071,3.8822223004686025,0.5232396198022822
38,178,20,0.20787329371815053,0.3396761868467899,5.131616001270546,4.005446501420846,0.524322357100093
38,179,19,0.20856162070564943,0.3447950342508116,5.0808218052762815,4.575544496933219,0.5000991350308177
38,180,18,0.20055654057956027,0.3320553247199039,5.126822484939979,4.240847237726865,0.5204672528822799
38,181,17,0.20968127215148527,0.3507950579258866,4.658968280078595,3.794826469767341,0.5000428177773735
38,182,16,0.21122913288895528,0.3566227122067412,5.277337630080863,4.994705852834082,0.49072652367046593
38,183,15,0.19689028968606362,0.3329282267795723,4.968073333426025,4.3854371169894595,0.5312977390296714
38,184,14,0.21939132378492715,0.3665073901311357,4.761302237378944,4.493715803275484,0.48475653523682655
38,185,13,0.2093846975256677,0.34749059289571566,4.626814133425072,3.9342618054032914,0.48538255493750365
38,186,12,0.20536038633040635,0.33732895837220095,4.318452193405516,4.217047367295267,0.5086357378932592
38,187,11,0.2143064614839823,0.3538599744663267,4.876157803260362,4.26916068280621,0.4934156815862317
38,188,10,0.21015535597792992,0.34756162632054,5.2236160292514136,5.078245491517458,0.4953590554605752
38,189,9,0.2086909127281126,0.3456712647980738,4.740367933041904,4.327836961482841,0.5173882629248879
38,190,8,0.21522142448528137,0.35582698433754456,5.041272153953788,4.677245371093965,0.4790683904087408
38,191,7,0.2130675673311673,0.34340848311885774,4.46222382370723,4.464494724314786,0.5109320312236089
38,192,6,0.21311261805101445,0.3453401379284223,5.273175127190165,4.716588039243724,0.517294220610049
38,193,5,0.2187107694053104,0.36005789751614664,4.6100373229293865,4.003606859843469,0.4843863062164247
38,194,4,0.2085688211548123,0.34698169821762365,5.036756136030536,4.118914481259837,0.5045973236534841
38,195,3,0.20382692563198937,0.3393150482368151,5.023790277011438,5.179617050325677,0.5179440381447774
38,196,2,0.21221379741041926,0.35396439597577284,5.015504517111815,4.498526728262011,0.47933121702829823
38,197,1,0.20729846707588986,0.3470328358767041,4.7897353225715555,4.6986544870645615,0.5148201569163977
38,198,0,0.20004889888810057,0.334659602427779,4.920319452282473,4.6277035925524315,0.5240318141783485
39,1,52,0.15152900633540148,0.23345882984975658,5.959807110836415,6.790446889491106,0.6686424351263022
39,2,51,0.1601994884022589,0.24694472289174554,5.089968153629361,4.392248104271351,0.6347908773855364
39,3,50,0.15218879358982895,0.23452838582440494,5.9490890985263425,5.008417872126602,0.6862807297105828
39,4,49,0.14994798463961384,0.231822094813597,5.042698662008772,3.9961278934599744,0.6723383824260332
39,5,48,0.1551381427589578,0.24181766605602958,5.738055712632741,4.25955205080548,0.6518556147515505
39,6,47,0.1502972977283747,0.23404714516661104,5.01101260827209,4.443246421501006,0.6696903458895135
39,7,46,0.15047443981322628,0.23703674367052255,5.56772948771842,5.929602905321571,0.6606081753511174
39,8,45,0.1465510603055948,0.2309539733089425,5.066152377081718,4.302190954363868,0.6553247050090982
39,9,44,0.1534915702258662,0.24365980492100262,5.4250581753294265,4.829673389274497,0.6560312797044712
39,10,43,0.15236132267041655,0.2404401443598397,5.56645448386308,5.251826582231553,0.6504127282301528
39,11,42,0.15981168497789086,0.24805314502878426,5.042277653881365,4.892853050160309,0.662028490983672
39,12,41,0.15663589299651243,0.2416621778602379,5.69579638138209,5.628536456523678,0.6626786003174397
39,13,40,0.15616084118656154,0.24155101212756114,5.392935433503473,4.808171324738034,0.6528378655398891
39,14,39,0.15296590089265621,0.24145368869313585,5.215935526340931,5.203242129671737,0.6468516644586217
39,15,38,0.15589301046755336,0.24337122721003976,5.584570878793045,4.828614276792822,0.6535708384403066
39,16,37,0.15551027212189292,0.24064829177107427,5.1196088421408446,4.379286267782889,0.6375924386359215
39,17,36,0.1569293376677465,0.24495547287524816,5.045846969530631,4.604749566716534,0.6711865927131562
39,18,35,0.15517008816844532,0.23875345085856592,5.311498870054333,4.487968205694913,0.6611706831572467
39,19,34,0.15437835210386883,0.23815411626492167,5.297522245642535,4.55885278182174,0.6535273182447352
39,20,33,0.15850335740565744,0.24431790997801198,5.728937839049037,4.867601868979084,0.6375824071937531
39,21,32,0.15950867411760705,0.244375341742049,5.732463283862827,5.097755380358352,0.6500784910195454
39,22,31,0.16972728919809144,0.26271983487845224,5.566902114400992,4.807486069482689,0.573805235738922
39,23,30,0.1686688014462333,0.2658928006980402,4.958823604193407,4.119219039088571,0.5713352364956089
39,24,29,0.17222018697111374,0.27104027099894806,5.34886820370114,4.467860845184103,0.5879932501286667
39,25,28,0.16924051929647663,0.266176859010337,4.9227830173400005,4.566387097974718,0.5760210867049146
39,26,27,0.16948429699547085,0.26774916000319826,5.30797872605001,4.447751847232498,0.5968531014156979
39,27,26,0.17357603879028666,0.2747473154319398,5.142390064179656,4.3113772392904,0.5793805181450189
39,28,25,0.16739734849941573,0.2673014610889701,4.729049944960957,4.57743292249205,0.5808279620891499
39,29,24,0.17205195477425642,0.27237909120559356,5.282522517851589,4.587206370373127,0.5914299810939095
39,30,23,0.17460522145723345,0.2750642840993833,5.503375505024853,5.035551640872461,0.5713671762623526
39,31,22,0.17047818773413598,0.2642522765014641,4.616408553342921,4.097827417173609,0.5712155525744312
39,32,21,0.17483266039556306,0.26917673060858216,4.9659294668993965,4.2093587735811,0.5891385674717331
39,33,20,0.17925656574741988,0.2778561371521111,5.376406740675497,4.9909926209671145,0.5860958911129144
39,34,19,0.17256141542710968,0.2697360235056659,5.241431283466824,4.976542737788088,0.5656386365313544
39,35,18,0.17622716490212245,0.27368628697952574,5.258471509879693,4.490675721435358,0.5641186144922089
39,36,17,0.17570485413069378,0.2711109807188309,5.283364129280678,4.86760194773248,0.5990705718708242
39,37,16,0.17485386924463409,0.2715641305328374,5.292335208478617,4.23158729101627,0.5650400588427634
39,38,15,0.17916710435980138,0.27557078973567045,4.693447235947954,4.016143277247804,0.5744531154198413
39,39,14,0.17697301358875317,0.27326733310242385,5.35960020951426,4.777703319513215,0.5685280889206793
39,40,13,0.17985279592628187,0.27644238795933923,5.100305377388519,4.5161552529971845,0.5769882716486681
39,41,12,0.18235382163933211,0.2801290007989206,5.091705166409831,4.205255418248444,0.5661081916658105
39,42,11,0.17642042486821957,0.27195516093667516,5.089784948061573,4.241196894727869,0.5698332622250746
39,43,10,0.19898864369512678,0.307163061847112,5.109853679683553,4.579793055977344,0.5140694021283169
39,44,9,0.19867598147832116,0.3084555818407882,4.735566825055714,3.8553818623514045,0.49770530549975406
39,45,8,0.19902108125675186,0.3074984013951336,4.984406328179389,4.3080433632313335,0.4932875516951081
39,46,7,0.19916563342375782,0.31432035536585795,4.57513518073087,3.9612286857055166,0.5145470510523033
39,47,6,0.19635018101005056,0.3108291012321049,4.768965270323044,4.459773344935086,0.5336636909310434
39,48,5,0.19717440582611231,0.31064754145209733,5.123554851147228,4.250859770128174,0.5114955518072373
39,49,4,0.1892886096970663,0.3007258731673467,4.8307566248536595,4.077517125767355,0.5391095272787484
39,50,3,0.2004735053197818,0.31654081165412995,5.2785312783714335,4.562511981037264,0.5137402131843114
39,51,2,0.19855181596278756,0.3110145734721187,5.318694666631894,4.388023793558571,0.5003242588787954
39,52,1,0.19654901907434755,0.30441112167687084,4.565449223704093,3.7752530041359673,0.5047303274181848
39,53,0,0.196172837301842,0.30730260879781035,5.024946023039568,4.693187273638504,0.5196460258822594
40,1,351,0.15185342552011888,0.2365158827477317,5.1548859667047005,4.316826382356755,0.6557293232083197
40,2,350,0.15197379492871188,0.23988455420616056,5.136148372842458,4.569956223861462,0.6750370578692245
40,3,349,0.1491542319104185,0.23585487683019174,5.076137221851365,4.244158383219135,0.6518317500056168
40,4,348,0.15123507530066008,0.23929230435258914,5.159685610553068,4.959239710459437,0.6676038114338353
40,5,347,0.15081325929097814,0.24135903843528522,4.882539052538245,4.233439463801181,0.6332863177183573
40,6,346,0.1564408818675499,0.24887078734833756,5.5377254634645325,5.0975857144603065,0.6472797352089185
40,7,345,0.15256662570199983,0.2401406851824932,5.935003839771058,5.283713942086452,0.6538788195443478
40,8,344,0.15231343425350205,0.24584994981218805,5.0280222498075435,4.419085901042373,0.6255835380093027
40,9,343,0.15291210115696724,0.24972823648302483,5.129169675493232,4.162160638403335,0.6661185168044516
40,10,342,0.14822444797403053,0.2404296429390944,5.0687524735998135,4.381151421046706,0.6490896200927457
40,11,341,0.1477537960555144,0.2479132001087216,5.182528846361013,4.863845587177254,0.6563950801053294
40,12,340,0.15147373270998726,0.24748116025079211,5.916099200068638,5.430557343621506,0.6305839409387785
40,13,339,0.14889414463470532,0.2476509227264989,5.153815978310963,4.437089387748355,0.645897419796429
40,14,338,0.14982383549061792,0.24738304934409835,5.514164414234925,5.434518441350252,0.6226155001801437
40,15,337,0.15124778547250411,0.25264875114868435,5.348508953844439,4.700864182740878,0.6474131964553529
40,16,336,0.14987135655633335,0.25118640920725827,5.185277858671081,4.644537252962315,0.6587739722747428
40,17,335,0.15032271555284363,0.2509820213027608,5.206387237208872,5.279967585492219,0.6711024377102935
40,18,334,0.14807981302642964,0.24614442854191473,6.107535993991524,5.490586349872783,0.6598454377775358
40,19,333,0.15114310021194238,0.24733137498625454,5.4343112014108055,4.744232033925161,0.6642465466901303
40,20,332,0.14953567762233197,0.2467823227730133,5.5480185865965295,4.966345772620817,0.6537110378551545
40,21,331,0.14705904386651567,0.24386192392086758,5.077436773339022,4.261370544205429,0.6284854915559087
40,22,330,0.14677700920523393,0.24588928018479597,5.187996300038185,4.862194836505315,0.6550090599571546
40,23,329,0.15220044675579464,0.2544647831339975,5.1913462385776565,4.5771750653993815,0.671706671674848
40,24,328,0.15009852250494304,0.2575382063371965,5.36924278748032,4.76226690295405,0.6460979981631678
40,25,327,0.1450300554295707,0.25305269088213683,5.121465981239682,4.31368488690232,0.6443611384167683
40,26,326,0.14947067893018204,0.258185639638134,5.216936467673625,4.309369850285783,0.6524431127991417
40,27,325,0.14984834287698026,0.25481040325674587,5.5938149359779885,4.5608258791673615,0.6482788117355319
40,28,324,0.1478615325807012,0.245953994483145,4.955557676968094,4.8177947233543605,0.6469555361887176
40,29,323,0.14616218067440523,0.24673391891992666,4.941579621377818,4.162952071378251,0.6442857462673235
40,30,322,0.15250392467302515,0.25898155254605637,5.278059517629195,4.279198127439567,0.6486103951002784
40,31,321,0.15775323687255133,0.26577449193322633,5.680370355964435,5.192070191929616,0.6241406929222478
40,32,320,0.14765460425553306,0.25017490790901414,4.911019665707149,4.4710339531869705,0.6258519900677185
40,33,319,0.15303771638506383,0.2591121691200043,5.068825700076817,4.488317361465467,0.6211970695168477
40,34,318,0.1457879770096018,0.24806496304069517,4.938931698898088,4.5182149072303845,0.6775716750571104
40,35,317,0.15549840645842783,0.2618210451756192,5.884590674418427,5.269317841973484,0.6497171171414546
40,36,316,0.15049089461524898,0.25140345452150237,4.7823500122059395,4.251419783133428,0.6536483088632938
40,37,315,0.15278604299600915,0.25779438033164526,5.125917132028906,4.723443438261967,0.6489150747626005
40,38,314,0.14782899752061202,0.24718030613204403,5.688937287077683,5.8796807478372495,0.6514169283102932
40,39,313,0.155325348761233,0.2638239657048119,5.280718584441789,4.410527405957828,0.6476363569036584
40,40,312,0.15119038655661643,0.25727502458236357,5.212248294860144,5.106449318543429,0.6288586354740374
40,41,311,0.15440075197224604,0.25982492674168395,5.576835267829466,4.576234018238621,0.617756873984505
40,42,310,0.1542393534420253,0.26090910587144256,5.135117939229713,4.532210002970004,0.652898480114545
40,43,309,0.15121491726505218,0.2507753356890253,5.044175005603279,4.25741104040374,0.6458697195674579
40,44,308,0.15129135406293523,0.25166348034385416,5.025548536202808,4.452964736100132,0.6531810308017196
40,45,307,0.15336585447177203,0.25752207574681274,5.034153555550919,4.409172469421055,0.6504346582827945
40,46,306,0.15496441855305199,0.25923800947858,5.201690685769382,4.400568609238279,0.6350392653610712
40,47,305,0.15033469807664096,0.25074233056113104,5.202255792679933,4.0522679409734295,0.6418651710738201
40,48,304,0.1552139136290915,0.2568523882071262,4.987448174329092,4.154276120060164,0.6482973594250933
40,49,303,0.1555565378712358,0.2555986903634324,4.99095644603578,4.273837247477086,0.6394747246706226
40,50,302,0.15690969559283488,0.2529091137501689,4.9767607116699075,4.181275030951689,0.6538029748994106
40,51,301,0.15497946010847502,0.2512773586019274,5.287340281968637,4.405150707427072,0.6517667458830103
40,52,300,0.1590168882709194,0.2566737173127568,5.069860155470526,4.31722276652399,0.6135886947845582
40,53,299,0.1664026595383339,0.2614665528073224,5.1509936388284165,4.854703630208779,0.6472607289222666
40,54,298,0.1581789363629561,0.2506459047010891,4.965408444000111,4.302630465962865,0.6384782769400383
40,55,297,0.15255821263108374,0.23880774116057485,5.282703255197559,5.161006102206838,0.665419788081426
40,56,296,0.16136449112065904,0.2534416506993763,5.146214951401207,4.539070429546767,0.6538628440191235
40,57,295,0.15745265435585526,0.247652010305722,4.981814174993039,4.6241486374526914,0.6693181579617508
40,58,294,0.15751805582022357,0.24397412130650192,4.928765422522126,4.549000790941153,0.6665118048026718
40,59,293,0.16206335625401325,0.25078144577766304,5.07130006910295,4.5149989422585834,0.6604154108397606
40,60,292,0.15946198557354738,0.25196128868429624,5.223192485924405,4.554146653621007,0.6494783427392343
40,61,291,0.15680317811011843,0.2479256033646188,5.122647452636921,4.658087912384652,0.6367496622992019
40,62,290,0.15247653047776452,0.24477574389173457,5.197234591402171,4.801980940912925,0.6544522658420213
40,63,289,0.1614032615044515,0.25959243893651335,5.523512604521205,5.239470624304466,0.6462478241978786
40,64,288,0.15473212876918369,0.24490561420304416,4.8865569474225525,4.128318320365284,0.6448741664292066
40,65,287,0.15576699012197284,0.24726912445698201,5.372997020736895,4.904746478252789,0.6723907552128127
40,66,286,0.1601306575969861,0.2523113765804191,4.714284305475102,4.273121598891712,0.6309569308925033
40,67,285,0.16550063611061233,0.2581330816215735,5.218133396888915,4.481212010445115,0.6412579175394416
40,68,284,0.16257328124894369,0.2522595379776924,5.4036788738746555,4.683518823446541,0.6414932856833654
40,69,283,0.16478443251218933,0.2510827046260672,4.852021644971835,4.670061025328783,0.6667890679883415
40,70,282,0.16072249181140738,0.24348438894056443,5.389881969358612,4.528033219812593,0.6397750073484273
40,71,281,0.16696971316303838,0.253221166297974,5.275367558863358,4.195593866108917,0.6558012900618074
40,72,280,0.16242226606052718,0.2477391647521626,5.44625760899045,4.610333658525491,0.6426007974267148
40,73,279,0.16397090688853797,0.24985456899392688,5.277480423324743,4.625344558828586,0.6466367062592446
40,74,278,0.16545285179662408,0.2513950118464532,5.294305324783039,4.781871626302386,0.6587507522849255
40,75,277,0.1601392785337897,0.2399254516813626,5.247412088405058,4.6257995311696085,0.6379318849806979
40,76,276,0.15953780027024236,0.24239280018424555,6.265876598215865,5.325156246486495,0.6623406093121443
40,77,275,0.16909590240560302,0.2552534935632887,5.599273077237083,5.602899655560586,0.6322283961355851
40,78,274,0.1701729758996595,0.2568879547267554,5.442122551118754,5.3009595921579455,0.6437373326120914
40,79,273,0.16654817159934512,0.2534978035728268,5.635196853582942,5.027453312534253,0.6564317659646304
40,80,272,0.16248442189020393,0.2479232603755396,4.939048810991141,4.372922324965613,0.6776514379486619
40,81,271,0.1682596364951712,0.2581188655292464,5.387211194047702,5.118143602810759,0.6756390925843622
40,82,270,0.16243132110578737,0.25104117660427977,5.199479735283104,4.604336459309624,0.6615401971553303
40,83,269,0.1681701558901108,0.26123969986166956,5.218841409387878,4.303136137845307,0.6351913631646663
40,84,268,0.16727106530048277,0.2550653490442005,4.759152722960659,4.116687280486399,0.6404973323491105
40,85,267,0.16240496713754837,0.2527805140139202,5.028718765123521,4.571726828385685,0.6565215336489351
40,86,266,0.15905357743932694,0.24945977704746883,4.84683125159645,4.341778638425741,0.6565175051462168
40,87,265,0.1656395018286261,0.2590445616791691,4.773262389816868,4.7449527646299305,0.6644660275039115
40,88,264,0.16412094194789825,0.25345557315400175,5.350768737181749,4.544385470624744,0.6479635325412392
40,89,263,0.17030764135674847,0.26873768689725275,5.0933613542390725,4.707137994351237,0.6326285054373547
40,90,262,0.16675851634008862,0.26146968901271744,5.4384926501574675,5.441270766578618,0.626606015418713
40,91,261,0.16344235784274266,0.2561859591344784,4.872600049133462,4.624905106405184,0.6387672746274058
40,92,260,0.16229360878260726,0.2572916003010295,5.342228085276782,4.726485370767904,0.6575683327880529
40,93,259,0.16064159817557935,0.25710833661619187,5.05908343381005,4.110525356756607,0.6663926740693015
40,94,258,0.16356840672287165,0.25558276426489834,5.514691502980268,4.669935842210847,0.6554723776779421
40,95,257,0.1704951909894196,0.26728853009471965,5.354234264828518,4.849503742859612,0.6506312341237281
40,96,256,0.16439573050622547,0.2596831277810196,4.982125155048072,4.142176431966786,0.6347686987814194
40,97,255,0.17187813791465362,0.2706500199502302,5.321004498097066,4.516327893097637,0.6266108240923244
40,98,254,0.16705645364049515,0.26327119294805784,5.068473267112557,4.50795074585795,0.6496077726669753
40,99,253,0.1696279235804402,0.27114995488261867,5.964372732886481,5.014571611652812,0.6228405977050531
40,100,252,0.16436130738599025,0.2622137883976524,4.991500871343721,4.79530982462933,0.6448037132410771
40,101,251,0.1667733268047301,0.27042266834945616,5.111952315744757,4.329335373712205,0.6353276602592771
40,102,250,0.16573855863393955,0.2659497439965368,4.849234720986879,4.716435332120137,0.6178887419872396
40,103,249,0.16488031199616746,0.2694004758211643,5.286101253745521,5.17225321296854,0.6375038406981799
40,104,248,0.16088463106125186,0.2709684412495101,5.533877508729048,4.705090747406428,0.6502619563584019
40,105,247,0.15853902101976408,0.26506482681019733,5.475021042253884,4.241759320467468,0.6421944587978103
40,106,246,0.16781306879309066,0.2843273491753825,5.271479664339571,4.426725513649128,0.6094116524129517
40,107,245,0.16128344848868573,0.27560431731064106,5.176829289743505,4.386830244300826,0.6494081542369934
40,108,244,0.16221939220756648,0.27045019279238586,5.123632231733076,5.116879559427711,0.625009161837654
40,109,243,0.1633157250870834,0.26661232503137683,5.021976460283406,4.395860468425493,0.6229803976934507
40,110,242,0.16148734492799957,0.26628716464880625,5.292894964696786,4.264145721657307,0.6309616757489007
40,111,241,0.16412293822206236,0.2693739909374578,5.429985736134869,4.893334315716528,0.6468524436442007
40,112,240,0.16442274106808907,0.27604804491805696,4.581983865300257,3.9756350860052065,0.626287265706079
40,113,239,0.16506566426995134,0.28045625256935897,5.283405671641882,5.051991213319767,0.6308913723007162
40,114,238,0.15465175288573604,0.263266848194883,5.108299545482269,4.609100334931549,0.6434745044050119
40,115,237,0.1608993076312671,0.27372776373390445,5.370500173200631,4.62552045269443,0.6593771635510643
40,116,236,0.15905538986396475,0.2686957261903155,4.994490540279592,4.573724294067865,0.6495946813999182
40,117,235,0.1651772958445907,0.27313718976818435,5.081473067810717,4.149845631582578,0.6232635044549276
40,118,234,0.16338071703955107,0.26802745995294597,4.994672963408122,4.871424814226064,0.6399612038011517
40,119,233,0.16077894507169843,0.2622079375978854,5.187870575002558,4.24430956425711,0.6551615221860673
40,120,232,0.16347821841544652,0.2709425712429357,4.976587903077392,4.5226315326234365,0.6283321934728113
40,121,231,0.16190466791616792,0.27472086772750365,4.781984878035082,4.200087246026243,0.6436636165699542
40,122,230,0.16591554099670924,0.27610720740375416,5.4502571350898315,4.349831490069296,0.6562661166521968
40,123,229,0.1658108711950882,0.2800353069718624,5.528166810532618,5.296268786536738,0.6391685514794033
40,124,228,0.1603077235855783,0.2729192774447524,4.9276159204429435,3.919158661326405,0.6245825843060474
40,125,227,0.16306964701200274,0.2739082322857793,5.665042803050104,4.395229876698854,0.6370908322362038
40,126,226,0.16640619800330175,0.2764077177559766,5.140715259907303,4.110982520213071,0.6444694939628438
40,127,225,0.16875484183698558,0.2778568424925739,5.4638285184390165,5.294847055944538,0.6490908807935966
40,128,224,0.16919216277615523,0.27668058708646065,4.981557054430817,4.422899521420948,0.6146905153571931
40,129,223,0.16170568016366388,0.2654699508003457,5.391413256245453,4.7997437143295025,0.6419623507357423
40,130,222,0.16506927924872639,0.2691315084918619,4.933801258634409,4.151080727928688,0.6341029543848297
40,131,221,0.167150495270837,0.2725051717701948,5.885507568332609,5.224571801893064,0.6673709158274311
40,132,220,0.16599863564254302,0.2653581579003703,5.2427036369678826,4.608199643253258,0.6602678038338639
40,133,219,0.17033936670987052,0.26824327050915425,5.398279951275375,5.11428464884864,0.6387412665705663
40,134,218,0.17007199280361035,0.2696420098747634,5.561227586866858,5.356145216898085,0.6468201439942306
40,135,217,0.17030582708311473,0.2690852946334417,5.201826231584604,4.27719402354175,0.6348848864201561
40,136,216,0.1677151111126084,0.26979110269038,5.025481822989976,4.652244454305896,0.6234676623733029
40,137,215,0.17214972459438113,0.27383248676845556,5.361474991292296,4.809739377273466,0.6490902246615776
40,138,214,0.17075646876172615,0.27310568662748524,5.157990771641645,4.353706259127418,0.6355432569161996
40,139,213,0.1702651553707604,0.27368155584786463,5.108543654359874,4.450259663067822,0.6475211447924868
40,140,212,0.17444474979219565,0.2776245493990409,5.572591581150986,5.378556719273139,0.6111366541467408
40,141,211,0.1897790785167967,0.2945363221539113,4.6352399523900285,3.881637393324696,0.5752241837198389
40,142,210,0.18982171927991046,0.2928805278771233,4.830362914178414,4.1476380967859745,0.5935672013796182
40,143,209,0.1866738911859698,0.2861073195158491,5.007702877832765,4.755707812866799,0.5833743160329076
40,144,208,0.1907307347448615,0.2977486167210074,5.147806003144533,4.616860519876317,0.5893274852092264
40,145,207,0.1869701436190903,0.29354084115230583,5.392970780635385,5.128957590574779,0.577415833497813
40,146,206,0.19167071592185816,0.29749227989832827,4.947519096633808,4.287637990407679,0.5699844206326145
40,147,205,0.19514253296288914,0.3066771382202953,5.365819390505399,4.584086418190777,0.5507086885668911
40,148,204,0.18324285991213687,0.2847561282329186,4.773454548471871,4.890784163331596,0.574577291258832
40,149,203,0.19024328259919723,0.2954513963153581,4.652382597742536,4.111044055270933,0.5841989114651319
40,150,202,0.19376611108125402,0.2978024483808523,5.04785040098746,4.08760149488878,0.5750392643924255
40,151,201,0.18881276211434925,0.29909534938365107,5.139262500812265,4.194431863381532,0.5667319237588597
40,152,200,0.18769906814388615,0.29418914990426304,4.929502047400277,4.289882765203839,0.5715624830058443
40,153,199,0.19688305626374683,0.30889036666909025,4.737754557956585,4.438637499358762,0.567634992010097
40,154,198,0.18670943960626543,0.294346127003757,5.135338819215867,6.141845264687786,0.5801751566095497
40,155,197,0.1825562779891759,0.28858369737624423,5.128766586897276,4.6777157929068505,0.587548216761739
40,156,196,0.1937316766685683,0.3051646442290858,5.241815303864509,4.09665332589157,0.5792882161621198
40,157,195,0.18464166846580754,0.2924357994299767,5.230897223799095,4.7056269982808985,0.5727214630851286
40,158,194,0.1974130854088939,0.3106469783944071,5.245753290776621,4.57975546917817,0.5746801735140432
40,159,193,0.18964646628170626,0.30467980337399225,4.805900783200921,4.225252033982114,0.559380934362398
40,160,192,0.18844244687308986,0.30383763527409846,4.7355049024083105,3.9340152323862427,0.5743710517787488
40,161,191,0.18813350103058815,0.3034657987486165,5.01896061379397,4.695486958862418,0.5806606764887351
40,162,190,0.19471376909276153,0.3150669869920845,5.280628299625053,4.34891698818387,0.5684086417644296
40,163,189,0.19356860750077393,0.3162839519746201,5.291118308556311,4.831568259414306,0.565536648672435
40,164,188,0.1903295547940331,0.3077623109133785,4.822482455232964,4.3027109349773,0.5678958390775554
40,165,187,0.1916062936972988,0.30992670079178236,5.383206593889719,4.762238283834815,0.5821553751916133
40,166,186,0.19904781580999187,0.31903238692462027,4.8358885964302845,4.810916741510043,0.5591818433655104
40,167,185,0.18502863872568315,0.29059943136096406,4.609274293524821,4.164922555780434,0.5757027299312253
40,168,184,0.19651975627122914,0.30923330601877863,5.440388759712922,4.3926349105361036,0.5704541451859186
40,169,183,0.1960986063987887,0.30353313572410573,5.1747620091622935,4.879318685817563,0.5787937100154014
40,170,182,0.18997048511872502,0.29552903361187305,4.805243922712709,4.153333444955612,0.5714637471900467
40,171,181,0.1905164841662337,0.2974811443263949,5.134370296381315,5.131535881772531,0.5664691889177159
40,172,180,0.19456831684796388,0.3050407591525814,5.3794535640700945,4.846327748804766,0.5823584207609906
40,173,179,0.19505403059396803,0.30651714236164224,5.3278509534125735,4.765277319540367,0.5847990631674332
40,174,178,0.1950380444691592,0.30742836266701756,5.2676985545452,4.45339810830707,0.5780002054203723
40,175,177,0.18917124195703366,0.30342609508469454,5.2531552752645485,4.459410030107803,0.5640132964617772
40,176,176,0.19417631530458465,0.3110142627761463,4.7642195448363065,4.085597395934047,0.5875245637458287
40,177,175,0.187767292229162,0.30123555811204905,5.388191992849215,4.728207354513908,0.5703685142218028
40,178,174,0.18955070056537326,0.30481601337957775,4.597871277354578,3.8758319592373076,0.5525535851824274
40,179,173,0.19027611929823265,0.3089396190785141,4.7170479503742095,4.266083196607795,0.5658639182088373
40,180,172,0.19175772005055053,0.30924162509801717,5.215716533980591,5.07559615447878,0.5658586163218663
40,181,171,0.18675944471160436,0.2985644466267362,4.7557638086133425,4.328375788953747,0.5814455202580525
40,182,170,0.1928966270590744,0.3081124588466592,5.637168504545905,4.473351022523456,0.5759382602857549
40,183,169,0.19442860117988153,0.306446372947205,4.93248683349662,5.021000601532576,0.5626024935674824
40,184,168,0.1921858595763895,0.3068212981662083,5.325126400501077,5.108869991043698,0.5821248039447631
40,185,167,0.19326250400274975,0.3098433380929614,5.160072429300131,4.429744389452455,0.6031106879706308
40,186,166,0.19280874061803502,0.31270753665320494,5.082149546465934,4.072088821246586,0.5628889328170875
40,187,165,0.19087023220746452,0.3130802293866242,5.2065050550067635,4.573387884802186,0.5656256522317764
40,188,164,0.19279949733844826,0.3170165957645697,5.577774002569345,5.195714227584525,0.5839452210374105
40,189,163,0.19347134022037935,0.3160134845570111,4.571273941139152,4.205096850518294,0.573367477226723
40,190,162,0.19269403590369188,0.3134069754522648,5.602227976492209,5.243383041474916,0.5667384463279947
40,191,161,0.20283101792407834,0.3241165838557449,5.143419805601676,4.4824254329863065,0.5638271291800317
40,192,160,0.19394245462861412,0.30845212007865586,5.398557322053257,4.799475348464896,0.5758182776522333
40,193,159,0.19800224733818403,0.3202494870137635,5.17811876460244,4.450437375308521,0.5651018184578067
40,194,158,0.19341028167710686,0.3208427428081404,4.8326089426365435,4.235473420403543,0.5728109648778908
40,195,157,0.19551629817030644,0.32333746005514025,4.91617890298814,4.145968099188039,0.5459226075590253
40,196,156,0.18856580177716806,0.31080459498725227,4.851355233737412,5.208001063801969,0.5722802502756245
40,197,155,0.19556166025197713,0.3228059330008394,4.929242239417336,4.575474320437946,0.5670066204803752
40,198,154,0.19515254348581426,0.3212464404546843,5.066550405307373,3.9891265154951943,0.5552828033361383
40,199,153,0.20031583072980616,0.3263970339753364,5.073019820986261,4.864603584338298,0.5748480195661454
40,200,152,0.19229883168772455,0.3109554930478235,5.184374822835048,4.792261965287111,0.5602705255482631
40,201,151,0.18893517943485563,0.3162206465994863,4.589511275452777,4.139338704536185,0.5732576519681858
40,202,150,0.1940951636892671,0.3254859436472594,5.547898583927615,4.920977145979099,0.5696334611048183
40,203,149,0.18908748240231982,0.31668909290107355,5.254851040918908,4.661218498394309,0.5829842126510959
40,204,148,0.19248403626023639,0.32175798048619236,4.898618133651771,4.241083710195672,0.5884267256622142
40,205,147,0.1944574117185536,0.3241900431514812,5.289621473384038,4.4369791257919795,0.5651476481798895
40,206,146,0.19853134455268956,0.33799632097339516,5.1046356766942385,4.2319123259032425,0.5487701579774963
40,207,145,0.18671931942333336,0.3166907295275997,5.283415791268588,4.505187962106713,0.5767682873246098
40,208,144,0.19767667810777959,0.3332061749476762,4.640449976695756,4.292058628300724,0.5283411932980268
40,209,143,0.1955662793089175,0.3332323677278954,5.240493414583749,4.829408519232455,0.5825355054098165
40,210,142,0.19771606936154293,0.32713254600533614,5.539998399586626,4.361670579737237,0.5732592548692435
40,211,141,0.20183759654187233,0.32569302783996185,5.167157653523797,4.6547736396775585,0.5552600579404038
40,212,140,0.2023592480137458,0.3293999895479755,5.3390355846303255,4.805878808337691,0.5850066125414372
40,213,139,0.20356071916049598,0.3299817283664501,4.987858079912005,4.492512427303502,0.5775003771848164
40,214,138,0.19127081320313674,0.3102563315934878,4.776895720302616,4.514431950749585,0.5682349856327432
40,215,137,0.1996949450489164,0.32592781873321786,4.562980793642801,4.368348080300148,0.5699874036171048
40,216,136,0.1912213532111018,0.3138360762634476,5.217976677265416,4.404214733256274,0.5913652435266645
40,217,135,0.19423062666338456,0.3184889407893844,5.807975817171714,4.618792821068955,0.5673667024270258
40,218,134,0.194980183324368,0.315974871662982,5.974405896453822,4.804256446178106,0.596412659141003
40,219,133,0.20022235016511725,0.32327609839272,5.322196272465788,4.790982284171866,0.5811162100397851
40,220,132,0.2007322348216583,0.3230229661823908,5.055204070245875,4.588074836450517,0.5658024324223658
40,221,131,0.19640517234173843,0.31808604241334393,5.537309988321505,4.766857818149903,0.5723206731153188
40,222,130,0.2012874517018253,0.3190221981205175,5.602810108351079,4.867318203490575,0.5794185163661174
40,223,129,0.19807268336282494,0.31347865932171814,5.115445887465672,4.193783743265764,0.584827410840587
40,224,128,0.19907385083890783,0.3116571192186905,5.0290811659338885,4.653143265108711,0.6069563686710748
40,225,127,0.20090623715450368,0.32007054789930145,4.868892502236518,4.962898189807992,0.5726686200580385
40,226,126,0.19739068711824004,0.313437008041684,5.046963757905203,4.234439403988275,0.5773164167509952
40,227,125,0.19456985366079152,0.3089538103504907,5.33332320388911,5.090188633034659,0.6059237654144582
40,228,124,0.20440778415662844,0.3224907408573995,4.911852500572614,4.113984880362925,0.5691226334455921
40,229,123,0.20242622808323849,0.31845419499034744,5.128640389186331,4.9363783520636835,0.5688348379702703
40,230,122,0.20675435006899848,0.32781410297278274,5.9444301286406915,5.444820548714107,0.5685173723208279
40,231,121,0.2081139771292582,0.3302111760420307,5.41245720936992,5.067648208406627,0.5576067456453375
40,232,120,0.2047182692853193,0.32406777139661747,5.132753248749378,4.266223737124427,0.5559837284214612
40,233,119,0.19795149161859846,0.311525085367407,4.745414632692992,4.181890793102233,0.5736517711286574
40,234,118,0.1971997807474541,0.31426163730254125,5.298062801925388,4.882814605385766,0.578621351559807
40,235,117,0.2077178203626877,0.32846139034493693,4.732333449091538,4.440693151033985,0.5538080990378829
40,236,116,0.19857225178027837,0.31064539940079844,5.107720246658839,5.061254536837291,0.5577387695936261
40,237,115,0.20385685769712344,0.3187466292201748,4.89155628848974,4.74574633493915,0.568026897310551
40,238,114,0.20908340752763338,0.3295296547199319,4.894760190027197,4.441495830915686,0.5523093072168841
40,239,113,0.20697910795737898,0.3230597923011253,4.911231146129344,4.697443652629738,0.549869577666053
40,240,112,0.20226338298869034,0.3165474744087416,4.929378101313809,4.418369877717002,0.577610869579397
40,241,111,0.20221185998625876,0.31576783334315406,5.554466979071158,5.377944338782236,0.5601315838442387
40,242,110,0.20018280173503486,0.31947326918256347,5.135507872211166,4.375610065994189,0.5785016074472868
40,243,109,0.19579699028781797,0.3122216578968922,5.123529601086086,4.457328655246976,0.5692065343735923
40,244,108,0.2010520063375717,0.32517490051608616,5.573621613301915,4.5381651181538265,0.5679725962121724
40,245,107,0.20595049908465174,0.33305085793154054,4.775319819380525,4.023304610354148,0.562575675294103
40,246,106,0.21098185637064834,0.3368907796588122,5.54865498244563,4.619573530180802,0.5708534100577112
40,247,105,0.210401929881108,0.3332140678334286,5.221813569177657,4.288658927501359,0.5802183684159848
40,248,104,0.2060856468083474,0.3265585980798978,4.560334642360004,3.968305458445128,0.5561894415468502
40,249,103,0.20164963668793848,0.32218419943126625,4.6289039679152415,4.190103407296343,0.5745103191599231
40,250,102,0.19385035299123005,0.310640756591196,5.04205456602678,4.989687483281423,0.5954964853679453
40,251,101,0.20380933862244577,0.32871640619981846,5.310855181066541,4.470053836627619,0.6025747338398254
40,252,100,0.20356452319504006,0.3321896974973069,5.449692864391698,5.097860492145694,0.5703300655606997
40,253,99,0.20194117053444255,0.33600844296407145,5.237166314346055,4.727426198697625,0.557235826431003
40,254,98,0.20115374337619601,0.3357856686588612,4.700610524319886,4.014028245285836,0.5474050420891359
40,255,97,0.20440234647680144,0.3364834651511596,5.185982776528151,4.702329771090681,0.5613769571320045
40,256,96,0.19496879015563773,0.3235495510554671,5.595713197989427,6.316522742460995,0.5863727374011883
40,257,95,0.20484905445268448,0.33753965563134586,4.940576296113102,4.091698373287145,0.5520103663591908
40,258,94,0.20018518864408613,0.32817723073316335,5.2539383965712325,4.447313803263475,0.5704208633613558
40,259,93,0.21103784277880813,0.3407485103290676,5.2101680563481825,4.65855133976982,0.5416033233498513
40,260,92,0.2103034444625908,0.33801072839829804,4.822757475072493,4.7879948788078766,0.5611679514661975
40,261,91,0.20589647757017476,0.333657848913913,4.857352918394426,4.536597677359893,0.5653675063823931
40,262,90,0.20381813783769123,0.32873466300795534,5.014025469396259,5.056535166004484,0.5769280112718801
40,263,89,0.20013908533358196,0.3311965352924451,4.945687919058002,4.305008246997337,0.5780723626602495
40,264,88,0.2030132585835515,0.33462702560880975,5.125614681102649,5.204306872932373,0.5834754915088537
40,265,87,0.19593983122165043,0.321864155507116,4.963672838982809,4.425480492769006,0.5593056120844199
40,266,86,0.21187994070707158,0.3450399283237976,5.44389785295483,4.308685311482672,0.5480280779972057
40,267,85,0.20927505377050634,0.34858875915393434,5.378215561224687,4.574665656841224,0.5343780373010655
40,268,84,0.2060405241315833,0.3404784969588819,4.9557307754316255,4.552400440132993,0.5587484757319227
40,269,83,0.2089459413004715,0.3488221847862323,5.016113188712048,4.555542434998104,0.5749260968064557
40,270,82,0.20454257396952266,0.3419551016416177,4.842835150189915,4.2403000254156025,0.5596591489898781
40,271,81,0.20409147966750307,0.33906230416489647,5.0842845489158535,4.584570625269091,0.5733923115022466
40,272,80,0.2045867657993231,0.34014946321968065,5.18936500181598,5.1282692240844225,0.5528700774199538
40,273,79,0.20268640881717778,0.3375620946033546,5.0649987246717,4.382424020490332,0.569783019163174
40,274,78,0.20777433642847218,0.34922603886780795,5.288387531381558,4.715479918859445,0.5834601123589095
40,275,77,0.20960481497450809,0.3496744682429941,5.026038247024509,4.23647945106787,0.5664871292436243
40,276,76,0.20391556059140883,0.339396236732616,4.987178953416301,4.60961606009955,0.5805697630045106
40,277,75,0.21130553344234873,0.35546901128899816,5.030098863013329,4.368093404474314,0.5534316140157423
40,278,74,0.19968039856945338,0.33487400073928497,4.569020102229211,4.288294387999855,0.5788178587876931
40,279,73,0.20743182041305544,0.3489247823608029,4.637382048200064,5.063192491719579,0.5611750268779391
40,280,72,0.20659910292975797,0.34873206240573823,4.430288040662909,4.219564042139562,0.5649363598739845
40,281,71,0.20596749690654262,0.34219374411547016,5.047841195627614,4.700405836873811,0.5681989183724137
40,282,70,0.22233602439493455,0.3596947795170562,4.698734370943914,4.565103249560675,0.5225779049984587
40,283,69,0.2455335764000651,0.3924528486411868,4.614874723093788,3.869492875803304,0.49908966581672487
40,284,68,0.21601981157824215,0.34788666434019516,4.545927547085873,4.636702187386446,0.5323139667075388
40,285,67,0.2292541866691167,0.36701670731506175,5.1262172121584095,4.327261620012241,0.5147143011916064
40,286,66,0.2164970772204258,0.34973487442010764,4.662882578156417,4.29139167040239,0.5318034464188994
40,287,65,0.22137420703606583,0.3587103284344647,4.591793477317106,3.950239557110282,0.5217966487849672
40,288,64,0.2273335077626104,0.3662367297633113,4.839593126853533,4.997791376534122,0.5284858113279803
40,289,63,0.2322579638720261,0.377258130444884,4.496586544745056,4.35747116948164,0.4856174605725452
40,290,62,0.22616067759337005,0.36900654280705103,4.666867833296145,3.966029405140292,0.5262373962478548
40,291,61,0.22787780835917465,0.37067284023559444,4.826741407587279,4.127726331338122,0.5087276225800468
40,292,60,0.23393103821267988,0.37249067224994986,4.620501766098273,4.588000111047539,0.5103584848415644
40,293,59,0.24267015577382012,0.38718825608551527,5.008283344377881,4.0491843243523755,0.4967634162673307
40,294,58,0.23205747213569208,0.37455221218126056,5.1991780832067915,4.632435879606327,0.5085266182622381
40,295,57,0.22514663657079256,0.3643912182165124,4.820054006484219,4.706614085695092,0.5265329970531225
40,296,56,0.24176487083765585,0.39349237238029233,4.997964389848914,4.303715093508898,0.5005207509916042
40,297,55,0.24253765810060507,0.3972584930991632,4.540865483526487,4.08765878961448,0.4906290815179216
40,298,54,0.24466844264157436,0.4028087021111211,4.641706712751504,4.121022446661261,0.4867477193651822
40,299,53,0.21915286350821422,0.36181426995162486,5.03126728579136,4.270527296050513,0.5464048774507871
40,300,52,0.2446654133306102,0.4008252596366194,4.325950689244838,3.8435703694743344,0.4600364912600506
40,301,51,0.21894389556638758,0.3681825129170778,4.7458388996700815,4.364681131696637,0.5123438489509891
40,302,50,0.24688854407661429,0.4239822442529893,4.741262141651891,4.576450124249476,0.47128516201287257
40,303,49,0.23818469778851822,0.4108828329865274,4.603915962677261,4.528433670387182,0.4845486399555737
40,304,48,0.22868749159858293,0.38982587908626776,4.819542931578591,4.041522590628421,0.49349897553090727
40,305,47,0.22824939610392564,0.3852330191055235,4.464358806668022,4.145864747270236,0.5068807515181695
40,306,46,0.2410037775926176,0.4076629937220268,5.250486476394428,4.169962887316637,0.48178513671940687
40,307,45,0.22680380038050568,0.38383833213993823,5.2843782690053,4.337832444199148,0.5158578195172511
40,308,44,0.22875995301587235,0.3803360914031387,4.904577626884425,4.86378684572808,0.5328496370164401
40,309,43,0.2327692224892662,0.3786500934086701,5.191807850891145,5.544635846157099,0.5112589047768802
40,310,42,0.23416467398751148,0.38112850868269826,5.18048373528959,4.8140494628394945,0.5152418320633031
40,311,41,0.23540834892577148,0.383498656012432,4.94559306884284,4.200425813564783,0.5097162583878491
40,312,40,0.24292090865355417,0.38443700661825625,4.419361908330618,4.1849995538079465,0.5014047763189774
40,313,39,0.24141395221942943,0.38722230491944853,4.921302177659418,4.500968619375204,0.47181612164127357
40,314,38,0.22255833314869436,0.35690500331977804,4.685147119491554,4.1124447000487265,0.5349578448362496
40,315,37,0.24038264548406463,0.3853974576375224,5.025475582657286,4.612682156722447,0.5218958644046964
40,316,36,0.24158050690569183,0.3750741835688867,4.466120274136782,4.096807947843973,0.49805919171523827
40,317,35,0.22649553493772978,0.3513624332894825,4.939516488868396,4.687686128085542,0.5320801410107878
40,318,34,0.23629253662751826,0.3658466313439224,5.645968432505681,5.054103249609796,0.5338718131882867
40,319,33,0.2476598876649572,0.37667112282749526,4.662355813169536,4.334308919975095,0.47822770190671676
40,320,32,0.254432167800002,0.38474470496311386,4.782224841848993,3.9343928673478166,0.48803064024955106
40,321,31,0.24123645766809193,0.36469955147335703,4.492087197371494,4.212092924097292,0.5178186831410325
40,322,30,0.23373387844632573,0.35692940656554156,5.001296753435122,4.782349550711639,0.5263479742444771
40,323,29,0.24457830381265044,0.3788061359228404,5.0942826923085,4.756762493652679,0.522012764559289
40,324,28,0.24863907694001777,0.3915959545006135,5.369003418399626,5.028933218865525,0.49895810758334763
40,325,27,0.25224892470290566,0.3999699737203721,4.640045424327837,3.9105010610376274,0.48648751991964195
40,326,26,0.23973216049970147,0.3784492014146319,4.985928048140502,4.47306248415174,0.5410087060292893
40,327,25,0.24431311622869628,0.3922278009319616,4.58156427180583,3.8440637528203156,0.4986817729958833
40,328,24,0.23473866068377805,0.3783109236330509,5.582427814315684,5.083335476029845,0.5100906145123999
40,329,23,0.24541336258140078,0.3971321591069969,4.580221276002769,4.041699597944307,0.47660643711267064
40,330,22,0.25131051364675744,0.40964065151666046,5.056219742619643,4.349985396978261,0.48625717250711864
40,331,21,0.22888288096621395,0.37679560791504724,4.650570964515109,3.9165233804354953,0.5200668590135263
40,332,20,0.23634296016221487,0.39204861440253624,4.379917571023246,4.221534166852483,0.5093381712396815
40,333,19,0.2246787991985737,0.37028580170455416,5.556341954971767,4.836246578561616,0.5340447248771248
40,334,18,0.23038237952680007,0.3763288975347681,4.985810292081967,4.5270584326318595,0.539635270000495
40,335,17,0.24389300047442214,0.4051574971067247,5.28417489549425,4.140847989061048,0.5047516137690973
40,336,16,0.24716714954579697,0.4084979595338309,4.498135981684085,3.8355651240947077,0.4982879503463905
40,337,15,0.24381401526616728,0.399193760267926,4.547973043415758,4.382048068145897,0.506964456774115
40,338,14,0.23837438042789202,0.3883886079751468,4.39802284900145,4.065595015246464,0.5132645080719531
40,339,13,0.2372718201518642,0.3829001455104197,4.48782017799907,4.191021667321082,0.5020358513117185
40,340,12,0.2249067267136113,0.36294214109178136,5.378985729223958,4.911606512809191,0.5406997675542504
40,341,11,0.23728310849614154,0.38485650048574865,5.076040285839975,5.322521688331688,0.5045510577920648
40,342,10,0.2474515455469406,0.40338382589001764,4.363685728075505,4.144808048778912,0.49101546458063977
40,343,9,0.24424925378023013,0.3976564896298658,4.911246172676912,4.5454910654955025,0.5185970733053216
40,344,8,0.25544233035421626,0.42067080842967813,5.013608722611113,4.24495386708069,0.48523687262041526
40,345,7,0.23061406517597485,0.3771149462197435,4.964210304015046,4.495867143712275,0.532178488644699
40,346,6,0.23032537052376448,0.3782449220622129,4.853336510553655,4.303691976333566,0.5104476856078176
40,347,5,0.24660176106338688,0.40988268516350534,4.870677200295085,4.058424523387638,0.5094676108942754
40,348,4,0.2572072432357951,0.42246184607516174,4.465762648315952,4.57159004432532,0.4885014443016756
40,349,3,0.24731170090440255,0.4039830533896622,5.128941622104227,4.328786831097294,0.5033160146604254
40,350,2,0.24637589282717173,0.4026112322285918,4.296651216033245,3.8901490914297825,0.4736276327392631
40,351,1,0.24246987047468646,0.3983886624712069,4.88936530657441,4.361371655176054,0.5036673765628102
40,352,0,0.24142234793390507,0.38909884269046513,4.513772520969084,4.5967318663642365,0.5013580813932585
41,1,188,0.14974746149407578,0.244828818873179,5.26457183917876,4.484012147472486,0.6727737436496795
41,2,187,0.14919447063648889,0.22994379160087908,5.09868879616654,4.418289506507258,0.6534446962357005
41,3,186,0.15001030916782246,0.2395404981180478,5.0220725101892345,4.805661972696431,0.6671798501929687
41,4,185,0.14583984866792274,0.22989388936385924,4.731444439080127,4.423173933408183,0.6574129953554902
41,5,184,0.14297562840264022,0.23769020759289766,5.276730984021873,4.775463834823377,0.6631800672708712
41,6,183,0.14797770232453583,0.2363055219685614,5.127465131824741,4.144648562903686,0.6494609651658565
41,7,182,0.1518583041285463,0.24579507501776324,5.240386992931921,4.54607537818614,0.6334355499385808
41,8,181,0.15325700697023797,0.242984277407076,5.343119890772908,4.409781959421225,0.6613213210026084
41,9,180,0.1468329006751824,0.24514128147439398,5.225626860763642,4.512500587492224,0.6421462887073136
41,10,179,0.1476740905700599,0.2479333427339695,5.333252290437795,4.799094159143448,0.6594778675902776
41,11,178,0.15069227023595225,0.2532119336646324,5.121026549994853,4.700760599411032,0.6459007546797146
41,12,177,0.15509344569673827,0.25120036114023137,5.293127090052501,4.55264361699756,0.6511295951094164
41,13,176,0.15050562315886734,0.24480326466525817,5.091070406053879,4.721213948166638,0.6783688963961138
41,14,175,0.1564074758994921,0.26475207065598005,5.855443819911839,4.921834063392463,0.6475800424224523
41,15,174,0.15269723284213807,0.26711841909843315,5.330041620678582,4.913781818412771,0.6398979368953778
41,16,173,0.14470250868258988,0.25903167489868495,4.762365161816508,4.540568487642493,0.6225708293406164
41,17,172,0.1531886171276958,0.24348848831239112,5.509584338805281,4.735114601984574,0.6662868194554435
41,18,171,0.15104298541330122,0.25092400676659316,4.9157431148402075,4.13999847201413,0.6571747369461797
41,19,170,0.1532062893994461,0.23679435419184322,5.054885037905372,4.865907517119477,0.6815198376792394
41,20,169,0.15470661074180256,0.25470181743076037,4.890179427912658,4.204720115743756,0.6349156477985737
41,21,168,0.15470326393776354,0.25319128878542496,5.3166738259938615,4.3908241140460875,0.6569072028197881
41,22,167,0.14728684401658626,0.26864814660209696,6.21346374380855,5.940572151766482,0.6439068627052736
41,23,166,0.1488463916211433,0.246439593260178,4.911074206675464,4.38499637270485,0.6507268206048733
41,24,165,0.14715466729517804,0.2523216346005934,5.18752460111703,5.684366674933995,0.6537171738666211
41,25,164,0.1564809488220147,0.2523183283854645,5.035879657905991,4.3347009171967406,0.6340269023895595
41,26,163,0.15507683118798038,0.26405074016442076,4.937133293502919,4.171838149837095,0.6253274544457477
41,27,162,0.15637014566211108,0.25147806882380774,5.667030699815018,5.95603699778669,0.6224056948219644
41,28,161,0.15424603670358028,0.25108901707785636,5.150930989467527,5.072958885761915,0.6448348251768401
41,29,160,0.15717999579962255,0.25224572203491946,4.917807701340526,4.483678643617267,0.6279823760419447
41,30,159,0.15478644925936472,0.24365695298001036,6.314860011402477,6.941975846059927,0.6651767788795679
41,31,158,0.15808653585083576,0.25915902810049474,4.990180241348101,5.111009638513836,0.6553724654518991
41,32,157,0.15243223869702993,0.25103779387541025,5.329354169937304,4.344833225303849,0.6640520799685203
41,33,156,0.1483548222346799,0.24919100752685538,5.410264038479588,4.995246504038501,0.6534522993261878
41,34,155,0.15152582687651459,0.25392887376148904,5.129257957278569,4.7814165356602105,0.6483080788046657
41,35,154,0.15969737487402932,0.25720262687618217,5.356237124242513,4.7431263142747255,0.6389591941160303
41,36,153,0.15613874203408132,0.256473544601667,5.302086521250382,4.7288635584649406,0.6417487033304043
41,37,152,0.1525071682500548,0.2592468472833761,5.042827718917232,4.742217614081036,0.6535979935480214
41,38,151,0.15776808263910508,0.2661872852032998,5.581817848512823,5.189153685476936,0.641117227424072
41,39,150,0.16153372958402618,0.27000120550373435,5.761202582075263,4.946610319817754,0.6535177300060843
41,40,149,0.15507501131446771,0.2516601590994059,5.157914210712532,4.731640548477555,0.6470887109404838
41,41,148,0.15674960776597635,0.27165543056445984,5.070034668584999,4.549454819603049,0.6350751006258567
41,42,147,0.15509016171017573,0.2579985252467923,5.153719630896623,5.900573474287118,0.6426073329555377
41,43,146,0.15379048789566618,0.25521198870111034,5.350531450530264,5.185469927533267,0.6543249638419041
41,44,145,0.1606655106136398,0.2501756611620457,5.394160342409642,5.044504130795103,0.6592378669672185
41,45,144,0.1614888257179307,0.24995584085526965,5.013980723355994,5.0873927274488775,0.6310032265094397
41,46,143,0.15423396757896402,0.25637712089717507,5.157817346919265,4.1831365650763646,0.671258416586425
41,47,142,0.15333161069602425,0.25436938754882465,5.128024393854721,4.770077896091689,0.6587669935964471
41,48,141,0.16167513015810975,0.24323720897345324,5.339038831793556,4.525849687034781,0.6526587153324196
41,49,140,0.1584280462919977,0.2519130004263353,5.443157512220503,4.757620128126016,0.6430727363368532
41,50,139,0.15661125128174966,0.24169187117667926,5.341876441402821,5.190678983017612,0.6557669309594027
41,51,138,0.1618898938419456,0.25705795734504927,4.9576857383002615,4.066154650093011,0.6178543323893828
41,52,137,0.16098611903064275,0.2548634183350666,5.093078362529754,4.2369248190752336,0.6479588503906631
41,53,136,0.16181131385955577,0.25689385063986675,5.126787828460884,4.031499898706716,0.6323282299024213
41,54,135,0.1597881931320832,0.24658099008527143,5.318594220473528,4.393460302082245,0.6481825007075858
41,55,134,0.16373294513961656,0.26371510517766555,5.362790026397596,5.21734629331782,0.6344367508967852
41,56,133,0.15323627805838458,0.24857216919401898,4.9853409692996875,4.923509298842775,0.6553910404881295
41,57,132,0.15707533859045678,0.2632103289074511,5.749862466445602,4.89555055890208,0.6380824574419612
41,58,131,0.16464491212225782,0.24855354143938846,5.505256617697821,5.25760845257865,0.6443952867630843
41,59,130,0.15868271009513749,0.2465079482064661,4.904724656549199,4.705696963504687,0.6429808936685711
41,60,129,0.15650598799627655,0.25983313667105,5.476004606168679,4.851102159987401,0.6430127691480498
41,61,128,0.15875721436446052,0.25262112529671915,4.978427310068682,4.233924158500897,0.6785014508168942
41,62,127,0.15477933682719755,0.24748173294319906,5.254146018322484,4.862918776119365,0.6393307130132906
41,63,126,0.1544494055842871,0.2572015095825823,5.463622500856939,4.437519078331363,0.6651831523822842
41,64,125,0.15954015589102866,0.25644407262358265,4.9959117511840185,4.412240731977762,0.63831847307584
41,65,124,0.15654053445282776,0.24633526792054847,5.189480750177826,4.264275432704594,0.6685042729645237
41,66,123,0.1550103577693212,0.26710938232222703,5.494426819634062,4.424440432814277,0.6070236793688814
41,67,122,0.15339950020716112,0.27609234270064437,5.146043607866128,4.501020147808757,0.6257536992034417
41,68,121,0.15431119199693102,0.27447777308386545,5.213252170672731,4.823832587750845,0.6396829504258005
41,69,120,0.16254184339800395,0.2850419278731964,5.628851324848593,4.586527483389681,0.6267116484947773
41,70,119,0.15703836088628098,0.2846004305977155,5.339861434043767,4.52731753315256,0.6423961181632026
41,71,118,0.15996636497525532,0.2726689190796261,5.096601977624988,4.185187727319498,0.6422800557466757
41,72,117,0.16053876991942484,0.2709344274123936,4.968465783027297,4.400075933359485,0.629229942791754
41,73,116,0.15756972160327307,0.269718022672909,5.621863725165578,4.793444177863006,0.6297397303240273
41,74,115,0.16000191646203132,0.2608242433173099,5.631692339415752,5.299865829057731,0.6569518950261969
41,75,114,0.1627996074658091,0.27073123826605844,5.054293169854313,4.70399603132931,0.6035674289786178
41,76,113,0.1767157150335211,0.292775843022912,5.167036706971764,4.970294752021383,0.5697227426174616
41,77,112,0.1815806225551839,0.2946237480968507,5.349944292378931,5.072078035010097,0.5816215294998641
41,78,111,0.17551483737219037,0.3007633222710302,4.651462677278097,4.170278575702415,0.5850689372293494
41,79,110,0.1734363711613076,0.30596544949041626,5.0165789278995945,4.68119439978201,0.5540157852257007
41,80,109,0.17460999158126475,0.2956844118245431,5.066100689507964,4.974440524431072,0.5802484129560421
41,81,108,0.17626466835896404,0.2804430127300923,5.19399253064679,4.768872143587466,0.5949054551428451
41,82,107,0.17566242481890945,0.2879844985846887,4.56463572286973,3.761976201957903,0.5777377330847516
41,83,106,0.17142712320202705,0.3052192280384614,4.982981355862499,4.957037194274743,0.5935516618692592
41,84,105,0.17476355227640608,0.2928540292917673,4.535979153729562,4.153788712001981,0.5680266506251989
41,85,104,0.17938359345898947,0.29743617461346855,4.68867613988714,4.100634315355548,0.5611601877334212
41,86,103,0.18262265001453423,0.29318146174488696,5.079204137255939,4.611109862338938,0.5746604374780848
41,87,102,0.17916928500404047,0.30466256792617696,5.792847163612546,5.579763053737885,0.5795627085325431
41,88,101,0.1701205019252351,0.3003596874725357,4.819437297022191,3.917130770349246,0.5959672648452516
41,89,100,0.1831439033238032,0.29392686752092734,5.29667136844102,4.9051695221615645,0.5706140441269014
41,90,99,0.1810818344761886,0.28826614208546925,5.203021108322673,4.125081241963834,0.5767705968831471
41,91,98,0.1804489623665743,0.30011968937078803,5.633583313927076,4.721110241488758,0.5850971366176144
41,92,97,0.18307038899044734,0.30240323195293195,4.84202780889809,4.241650027596702,0.5676879201293419
41,93,96,0.17802440053495297,0.28811634310147904,5.30155980466707,4.950682416711326,0.5895219945250294
41,94,95,0.18313690812761613,0.28318329885356,5.3446571563095056,4.897281595597632,0.5979784474052482
41,95,94,0.18063282334396963,0.3041497105173709,4.7891414283567615,3.7804714390643737,0.5804312440998172
41,96,93,0.1791161869762244,0.31235209638100603,5.092749476716399,4.73823288994342,0.5629485516688304
41,97,92,0.1799825415886558,0.29703336000254293,5.047053216019501,4.592579608415695,0.5662484594015414
41,98,91,0.1834658235853146,0.3023080034150787,5.26900097804646,4.335912723277738,0.584215116733686
41,99,90,0.1776776030767437,0.2931597508654485,4.959884776712173,4.39919362558134,0.5788568813451561
41,100,89,0.1762486345309197,0.30444341307298556,5.505926659605367,5.172784034649966,0.562220025427271
41,101,88,0.18559621394548242,0.31094194633447475,5.140945298599867,4.323742766491329,0.5728961490272739
41,102,87,0.17937507905174302,0.301120852430695,4.551625158117488,4.096453199866495,0.5747295386023453
41,103,86,0.18623497099365796,0.30122403584810115,4.941685276113452,4.265652899224461,0.5638375049654045
41,104,85,0.18699002651484783,0.29607700512076396,5.686126135475443,4.567788341504204,0.584616658121057
41,105,84,0.1802844852610664,0.29349479699017555,5.041787677764942,4.248117933669664,0.5828990418566838
41,106,83,0.18329885558078157,0.30605488084455057,4.845101130075863,5.021575744803513,0.575887773910413
41,107,82,0.18389077535250584,0.3005304519957666,5.12589007266101,4.790821426026222,0.593318009247505
41,108,81,0.17594599799894098,0.279055907201549,5.412725702211412,5.101304177829854,0.5893089025060412
41,109,80,0.18707448837154453,0.2898901006887053,5.1067822543373875,4.629030548773236,0.5947894340624491
41,110,79,0.18776478928887708,0.2996784435994635,4.901082575226995,5.202607264160455,0.5701607723360266
41,111,78,0.17776317445844683,0.31107518653329375,5.066256438204041,4.047413180615434,0.5696630513027883
41,112,77,0.18841628656223075,0.3050654609298311,5.070816999052694,4.272581780687414,0.5758799880318356
41,113,76,0.1876056429907066,0.3031377858360436,5.420753784833204,4.550763594368444,0.5674285703991632
41,114,75,0.1872538902849515,0.293418871913148,5.15738463436562,4.476192308162506,0.5901095650614288
41,115,74,0.1840155770848592,0.30879729103429226,5.044267593794492,4.6406309852020975,0.5577371125658408
41,116,73,0.183384264486174,0.2963861010771658,4.980016126638816,4.546637828935269,0.5837578135148138
41,117,72,0.18294288919035567,0.3037387092864607,5.024467826951186,4.187118481555668,0.5622345499553013
41,118,71,0.18764990750569757,0.30371431570261204,5.2430297238678225,4.8388649163951305,0.5723184955581557
41,119,70,0.18979478909349942,0.30415707118837854,4.670713489494332,4.11542109448273,0.5691904109731122
41,120,69,0.18331770701613567,0.311770556025609,5.077015727398694,5.352194487254356,0.5830041696611387
41,121,68,0.18409888766071697,0.2989736642377558,4.822064398578157,3.98744055836157,0.5766142276848207
41,122,67,0.18901224157816088,0.31459989688033496,4.9708231859690795,4.397242835954984,0.5656797950200014
41,123,66,0.1844989326811436,0.3049208887111911,4.8310406358012,4.3146803174771176,0.5692661595236999
41,124,65,0.18033518447033675,0.3018820108794146,5.356109021321926,5.3315885175440885,0.5820935039903341
41,125,64,0.18255695748444226,0.29905790609784083,5.064332416694899,4.425990563633815,0.5781732381853436
41,126,63,0.18414866751094738,0.2992219564314995,4.830399868616398,4.456122071882816,0.5936961231056599
41,127,62,0.17806131971948094,0.3009272222766502,5.065260896949049,4.222391555184454,0.5940555478107621
41,128,61,0.18387085778019283,0.303253431522734,4.7706308293763975,4.1201060924708806,0.5813555086353013
41,129,60,0.17924313467512598,0.30548536398175447,5.151030469591684,4.444388142040329,0.5740224429972486
41,130,59,0.1875484353068729,0.32077285530099886,5.192562406098677,4.774768621857674,0.5597862325397809
41,131,58,0.18326971257557262,0.3084903924015834,5.0558910616968475,4.4044792248696885,0.558359706611556
41,132,57,0.18176548606682907,0.30407747312612826,4.672091647332157,4.270594154143378,0.5908051443995486
41,133,56,0.18135608546407717,0.29267052771448565,4.780253093976417,4.686804068303367,0.572871415409795
41,134,55,0.18343966057300629,0.306745235247553,5.240005305101855,5.4760427153177975,0.5651148489328586
41,135,54,0.19188676664452253,0.31860956302891325,5.138114765896502,4.391431495242924,0.574356205898146
41,136,53,0.1893969020574549,0.3058675036258309,4.809226413562515,4.109154668809938,0.5682794256054557
41,137,52,0.1862878987822898,0.30584474133874956,5.436803238463909,5.450549303622017,0.5892544943571851
41,138,51,0.1815655934795299,0.28709446118213544,4.90856913078057,4.8395564504006225,0.5931129646687016
41,139,50,0.18551411059492662,0.30187837088729824,5.119504323733444,4.716311694749384,0.5746018585644199
41,140,49,0.18741743315042927,0.30264965438983116,4.917073713652947,4.482994538792951,0.5698460889495016
41,141,48,0.18778614219814851,0.28901600070077393,4.678996350840125,4.4494553598331175,0.5424561324319124
41,142,47,0.1878873346598156,0.30296868861615167,4.667222659346723,4.229689813468444,0.5629329060835419
41,143,46,0.18809312746221166,0.3133571951617938,4.984766605962708,4.349978397406294,0.5647794014321595
41,144,45,0.1868211018502951,0.30827306405275895,5.025832642574545,4.714581506047202,0.5809933004846717
41,145,44,0.1922419271084752,0.32158174110718424,5.725094090452863,4.397140090101546,0.5797845526002179
41,146,43,0.19054887051757757,0.31014901288272206,4.863534940523518,4.311268933754559,0.5539555045562874
41,147,42,0.19137251166150174,0.29297335841536176,4.91556289561914,4.212566951262245,0.588620166586233
41,148,41,0.19191656395819995,0.3000738503565339,5.067118377554138,4.591476595488554,0.548924601122084
41,149,40,0.19020988797022467,0.31092977862725213,5.026211166680924,3.8955720475192908,0.5644130190331308
41,150,39,0.19001109031832536,0.3048208718491035,4.486999392393811,4.126942878494547,0.5577441660633268
41,151,38,0.19235565297134277,0.3200823712912508,5.369381694505792,4.8581718731541885,0.5636273103779735
41,152,37,0.2150817148534818,0.3616691454704017,4.632986928978578,4.620185754668171,0.49358939795171947
41,153,36,0.21603131085163876,0.33910482980791135,4.801971883237464,4.129160113578483,0.5092522770845326
41,154,35,0.20611351259459001,0.35814054248754695,4.74317355966774,4.182606484231366,0.5161405157330805
41,155,34,0.20810334361652738,0.32798544647423816,4.714372489082093,4.266968472926744,0.5386536264420674
41,156,33,0.21211581142619745,0.3425141390521208,4.985184076612294,3.996785304738583,0.5238659908252409
41,157,32,0.22347340536910157,0.3481495022868504,4.905519519835415,4.1303165001131825,0.5011694227307781
41,158,31,0.21607694125788204,0.33978748773069983,5.149242346250521,4.543615868828645,0.5297038646506848
41,159,30,0.2121544646491177,0.3409366947054512,4.615179027129621,3.7776701087992404,0.5157154165265292
41,160,29,0.20660306788127403,0.3272771122342258,5.031835998286786,4.533073861566952,0.5370336348763743
41,161,28,0.2165454249517448,0.3695597261915379,4.750932076054379,4.427633607939813,0.4887612582290093
41,162,27,0.22313648357372973,0.3677680762383982,4.545615018307666,4.366856588889351,0.4777083356428008
41,163,26,0.21313767711568224,0.32678781238357507,4.739840367016164,4.637885029821902,0.5230964745012149
41,164,25,0.21231883227757165,0.3172654969536997,4.86977694977448,4.62979956693332,0.5171886259727111
41,165,24,0.22458619137997798,0.36974818131683873,4.874425148820453,4.750015027067989,0.4929784896875519
41,166,23,0.2089456028358984,0.32752430876540467,4.556709733029289,4.63263858959466,0.5023162236175915
41,167,22,0.21969193147935542,0.3421551838973775,5.417314207619393,4.508205623943476,0.5010938738983504
41,168,21,0.21735039520953625,0.3334960506828492,4.658924953044149,4.885459574912144,0.5086515151219103
41,169,20,0.2190526946745094,0.3517870621962741,4.928359108733847,5.153927216504646,0.5172731261597304
41,170,19,0.2258508042290087,0.3557695946336556,4.746195946832488,4.665101136723789,0.508885708059923
41,171,18,0.20365163478668571,0.32542455222915645,4.925014902709584,3.9833189762749286,0.5340997464374538
41,172,17,0.21213434434153772,0.34825382946139816,5.216015440650574,4.77636283389255,0.5291913678581572
41,173,16,0.20484798054705572,0.34122065788704964,5.095042397886701,4.542047211910883,0.5294724859168007
41,174,15,0.22684495699573215,0.36373575354721666,4.442090552767471,4.113394392613753,0.49925341142860685
41,175,14,0.210849135482662,0.3352282970452499,4.961099854166212,4.3083663646614285,0.5287368869695326
41,176,13,0.22132624466556847,0.37032225700407223,5.541479256942843,5.461626499530321,0.4820526389431143
41,177,12,0.21652554329279194,0.34254980512635486,4.707056456691975,4.276473365560619,0.49520397879582356
41,178,11,0.22128634348271167,0.38144114218157005,4.728874165498805,4.330755912815587,0.5030785694220403
41,179,10,0.22518782905162826,0.3605340959311165,5.214395886758911,4.4925474627391475,0.4935208183406134
41,180,9,0.23590528382008885,0.3740104291856173,4.346100552872032,3.5448437849805843,0.4952531713400134
41,181,8,0.21354083505162616,0.34588230808311454,4.485983793656181,4.058403112848708,0.504443255859911
41,182,7,0.2115293980260416,0.34798314992354795,5.134507720108677,4.54925802197373,0.5197123678090214
41,183,6,0.20895254158630985,0.3622504929145596,4.768930689924353,4.088166051798165,0.5001206703705232
41,184,5,0.22287543047262504,0.35543338571817734,5.155559300590252,4.481704970716668,0.5104605427654483
41,185,4,0.21104539085048232,0.3485296848836077,5.449868677853439,4.823707935294345,0.5221299646780203
41,186,3,0.22977234535660704,0.3656461331800024,5.199544855702785,4.658169692215747,0.49223152919898205
41,187,2,0.24096642975845908,0.3665283326562525,5.039594244746586,4.615504940710427,0.5158706336418811
41,188,1,0.22306543065712023,0.35969934784171603,4.741919720654227,4.459416984601604,0.516488844042304
41,189,0,0.22010707729357223,0.3595850020603787,4.5691197879573515,4.038623583566775,0.5007368096414485
42,1,189,0.16573624778471585,0.23753489705014438,5.429318652828634,5.076810451845546,0.6524244408652412
42,2,188,0.15232903928756159,0.2326995823251529,5.43706311244206,4.575407694673372,0.6636052112143935
42,3,187,0.15599609070235934,0.23185656099447255,5.371837690943956,4.968696413674733,0.6570249227768058
42,4,186,0.15008809174136525,0.22673164988571068,5.287552626445391,4.6003325443084835,0.6521445200533638
42,5,185,0.1539659218511956,0.22813123417297462,5.573743020275915,4.784699306319526,0.6738317344199002
42,6,184,0.1589101788361512,0.23231528263359602,5.425477301334684,4.649465027455658,0.6788070560589565
42,7,183,0.15734768229289242,0.23500565394587497,5.383518322897523,4.836630410570792,0.6765806424081575
42,8,182,0.15499196064924822,0.22359415867924376,5.085457345973384,4.922565019130899,0.6559811907658901
42,9,181,0.1583828468600881,0.22997228123174646,4.895741452449505,4.432955159117191,0.6531244380050467
42,10,180,0.15864228314193252,0.22925883918315637,5.246708474418762,4.371837804427385,0.65341721577456
42,11,179,0.1519914110390889,0.2261936931073355,5.684393962268455,4.854458983989742,0.6726645265270002
42,12,178,0.1572601175894429,0.22741999864528956,5.05323585395481,4.628392063018848,0.6558651653326046
42,13,177,0.15906666872609626,0.23303834348733787,5.346588600991607,5.052740226437147,0.6787533469551936
42,14,176,0.1605304140007292,0.23277795319314382,5.352211315387625,4.578566775518748,0.6479988698848254
42,15,175,0.15456049480253867,0.22495501932654013,5.48522786803499,5.051537034180358,0.6596595205191716
42,16,174,0.15762830833188046,0.22825210207023675,5.384659120168456,4.682463160452225,0.6582863043200137
42,17,173,0.15862070989158433,0.2292880982461837,5.456241980412615,5.190852000351382,0.6531692377272619
42,18,172,0.16043608723150632,0.22893230990498242,5.587234767078381,5.144281362135358,0.6608350353817373
42,19,171,0.1602328972421631,0.23261400213590103,5.138524062733793,4.797273235607213,0.6308919619203954
42,20,170,0.16044395513726445,0.23497595542743596,4.859460152543989,4.4643445728629825,0.6324130272383462
42,21,169,0.157240247512215,0.23276242300899747,5.92535907428867,5.064649643807645,0.6666445718721847
42,22,168,0.15774004250841048,0.2306035723086831,5.157229182162839,4.177130658514203,0.6601623257117557
42,23,167,0.1632067853112547,0.23767942826956373,5.091022208618218,4.751070776868254,0.6600508613125505
42,24,166,0.14965708118784035,0.22321622473792838,5.3730657447340375,4.390363479400343,0.6571811931857771
42,25,165,0.16223374269254645,0.22968713821448805,5.513841851872725,4.68843245422994,0.653531125281573
42,26,164,0.16513626819098842,0.23717423744944433,5.130073848835705,4.410768599820426,0.6478189326677112
42,27,163,0.1665434232614309,0.2336311402920207,5.168778698101332,4.62754679083795,0.6659432073012633
42,28,162,0.15946340951180601,0.22807629179327082,5.421844662627077,5.257291235456537,0.6680097988599657
42,29,161,0.1626197535790498,0.24195777452717987,5.3242270475340785,5.126320369143917,0.6455677967402702
42,30,160,0.1639288283837049,0.2351499994566727,5.376742624859624,4.918116125453484,0.6607763603599653
42,31,159,0.1632548923242274,0.24194933009908046,5.302118114638903,4.9578273104574775,0.640445677078946
42,32,158,0.1643614235424571,0.2297004181913686,4.953891746096937,5.0956903271222265,0.6679331299077428
42,33,157,0.16063877451812325,0.22689120483052883,5.302960993798596,4.161269876934914,0.6656058163531379
42,34,156,0.17259625364843784,0.24270423490215387,5.022162848794789,4.595208080136055,0.6390225512566194
42,35,155,0.16685248357158827,0.23765181500815952,5.997747799283947,5.872930986439567,0.6399051686733838
42,36,154,0.15821512327052528,0.22748777870893847,4.8729889073795105,4.193662035831154,0.6595910634036941
42,37,153,0.16514626271435545,0.2294637543242651,5.26401412905993,4.236421085722143,0.6460576943097133
42,38,152,0.16446557660498953,0.2374265303617547,4.914095028253707,4.409786898843788,0.6536369612912155
42,39,151,0.16503138288472446,0.2400399716579659,4.792412184705899,4.714126786291452,0.6708810522021802
42,40,150,0.16562223794737124,0.23955742041236155,4.948130933882853,4.2441785422534615,0.6503049968339404
42,41,149,0.16419541650997416,0.23803206285445602,5.017263297363804,4.059383743919654,0.6498468762536553
42,42,148,0.16201322629170997,0.23064043336021794,5.5560719917284995,5.472737523030132,0.6533886385210496
42,43,147,0.16563864897388117,0.2368697111319818,4.831392768175595,4.102879057769507,0.6352835549581585
42,44,146,0.16781544058957748,0.23388510808921967,5.3625973449405695,4.711377136121946,0.6513852737794591
42,45,145,0.17093501692389937,0.24007680452886557,5.438339339112069,4.7974230359491425,0.6401365445538503
42,46,144,0.16730109276682098,0.23479387683865122,5.195299722089768,4.869959104046847,0.6309820148247594
42,47,143,0.16528352380322542,0.23855401034685805,5.0922672735481616,5.0112144942251735,0.652233955964116
42,48,142,0.17165607087569854,0.23888849369350373,5.883959160830999,4.775050349204616,0.6582609839533011
42,49,141,0.169002394100438,0.23499640574034925,5.241610532779184,5.382109363155872,0.6708011300644432
42,50,140,0.16490780655418522,0.23526101040101632,5.127029312930311,4.047306471861088,0.6540263657431952
42,51,139,0.1679646253886372,0.23760551706827582,5.636128058334893,4.794441204071536,0.6607734688900987
42,52,138,0.16600306768500872,0.23866421491756135,5.265155643019551,4.811679707481371,0.64301480350116
42,53,137,0.16514804810078354,0.2309620517675885,5.271273018299181,4.501183223103381,0.6723556519451981
42,54,136,0.16265845534303647,0.23899965686632393,5.031618011098011,4.528616761108942,0.6689364650351313
42,55,135,0.16619758998273046,0.23710840728471175,5.1182844342994915,4.498526062404726,0.654323328549461
42,56,134,0.1701914087363729,0.24639325465612827,5.44880599364957,5.557648312608766,0.6460766338463025
42,57,133,0.1705770104911452,0.2425782831408195,5.018636771577313,4.675038159569549,0.6353908843422598
42,58,132,0.174265091477696,0.24123888447935313,5.260057757927884,4.875295963683849,0.6299700482263676
42,59,131,0.16360928643559333,0.2386602097115838,4.656984929410692,3.956727506636372,0.632148492115632
42,60,130,0.16978403657737098,0.24222883722181962,5.227734050218441,5.25816738922179,0.6440441911537261
42,61,129,0.16783446144258027,0.24559697213981763,5.1751628833475,4.828712490346679,0.6509458721216344
42,62,128,0.16922832516728023,0.23976098424714035,5.8485094716206,4.815384583759764,0.6389616962729757
42,63,127,0.1705115201509288,0.23758772848252455,5.091517367015491,4.862452615220215,0.6502810744632508
42,64,126,0.17262792858972706,0.23635558755912642,5.291205592409474,4.588129244261162,0.6511165779390582
42,65,125,0.16707132612219744,0.24336832706929068,5.04227503899301,4.559127022713939,0.6371943569323111
42,66,124,0.1719710707812363,0.2416809735512232,4.747802874344958,4.602996237726719,0.6648006509283606
42,67,123,0.17394231238128277,0.24562205981663576,5.828438881479147,5.198771185189918,0.6516531943412259
42,68,122,0.17531591661291598,0.2399451473486888,5.474101167262798,4.982929545727831,0.644345161156749
42,69,121,0.1728490979588321,0.2429878246916216,5.111873886398659,4.341865889178228,0.6492869994214472
42,70,120,0.1676101834134816,0.23915984000607912,5.700446823820528,5.634457502231142,0.666876934190677
42,71,119,0.16734236990720575,0.23805808912860577,5.000539183181524,4.508374307980886,0.6587765488379855
42,72,118,0.1731921169413003,0.24188309355693247,5.09870354361669,4.911689906765083,0.6338751238356358
42,73,117,0.16928302093424186,0.24280374010432912,5.34281476816292,4.446475737293484,0.6475842693675229
42,74,116,0.16884985827113458,0.25204315024954355,5.317920835139882,4.747397460566809,0.648836156242987
42,75,115,0.17036806103500923,0.2506896589908841,5.834512049512559,4.84701235060725,0.6287033428585536
42,76,114,0.170128869513927,0.24084501650682252,5.215025949937232,4.325008790442796,0.6543579706346252
42,77,113,0.19063529995400783,0.27515973822627104,5.021145368786298,4.319069454575872,0.5851754452663401
42,78,112,0.1922944136885356,0.2619066907322137,4.529934299980061,4.385173279949305,0.5912908343593206
42,79,111,0.18961224157204734,0.2575567462145879,5.097184672735979,4.690684461691119,0.5707952207088676
42,80,110,0.19296853463795025,0.27342754757116833,5.186819239603698,4.657926680134519,0.5766008312381573
42,81,109,0.19066516979216078,0.269142918478889,4.960776205989692,4.426395012256056,0.5741199434883641
42,82,108,0.18642998565943059,0.2625875763625445,4.925036954210177,4.75681448384731,0.6119570176554959
42,83,107,0.19260462068762385,0.26326165573138843,5.403565290005966,4.647420301482315,0.5859558036099644
42,84,106,0.191551850607773,0.2726025222229786,4.804532042960243,4.3244817966746485,0.5859924421312169
42,85,105,0.1926660464450883,0.272551862150784,5.158245233152533,4.644970553311611,0.5743719910599203
42,86,104,0.19201795015788845,0.27070327235462033,5.4708125402453005,5.143970099160715,0.5947053308977545
42,87,103,0.1870045892364599,0.2714930389913865,5.385100928728509,5.1662252058511635,0.6102074359477418
42,88,102,0.19772407666040728,0.2827717039046069,4.899640912713014,3.8979046500568355,0.6030984784850044
42,89,101,0.19368567724082783,0.27159506690690066,5.106234783500569,4.605009200806042,0.596874291754471
42,90,100,0.1895038534385903,0.2637305286748326,5.104703324912798,4.933564174304194,0.587931812062245
42,91,99,0.19351427873861807,0.2814493518631346,4.936887601680024,4.238395585582593,0.5587110786356052
42,92,98,0.19273930852528395,0.2653069923566846,5.078798145314964,4.782278766291918,0.6128949463130376
42,93,97,0.18923563877648358,0.2687507423348898,5.2072920653476835,4.632060951562636,0.6189009255032837
42,94,96,0.19408993710049655,0.2737406141482086,4.580312925066632,4.011047421728191,0.5848960337058974
42,95,95,0.19823215671273453,0.27177593250982274,4.8160714246463305,4.250104122174628,0.5630069422259745
42,96,94,0.19419314943711072,0.275242063028279,5.068869435734973,4.478688879497123,0.5868708983951527
42,97,93,0.19723963333355762,0.275565285587623,4.942602203040663,4.1979479493610885,0.5874390908214338
42,98,92,0.19150245665967736,0.27567336922385977,5.167937296650008,4.304099147510777,0.5811445274565813
42,99,91,0.19279452271353834,0.27161614138794765,5.049176678390477,4.310442652898597,0.5822350345059112
42,100,90,0.19283052061825995,0.2813084027643212,5.066241059961291,4.626220106271816,0.5823396053478879
42,101,89,0.18901651619428403,0.26612412941117786,4.485401981876591,4.653127991011102,0.5843537000110087
42,102,88,0.19624726702583095,0.27818632956943024,5.301693297718767,4.366975461687243,0.5938887288772309
42,103,87,0.1993705038120686,0.27619185999476153,5.058632361591746,4.36687753230365,0.5659997793121107
42,104,86,0.19110040208207804,0.2792054376811784,4.896494026226668,4.299401799899652,0.5800248569835339
42,105,85,0.1899271649315199,0.27202621108758096,5.41738465142949,5.3328241866612,0.5798496389642255
42,106,84,0.1980387143252454,0.27772207801317084,5.000192280287954,3.8017297710802405,0.5598015735523814
42,107,83,0.19650476679451703,0.27560361688809154,4.807288671675653,4.7174197460886385,0.5739273914012302
42,108,82,0.19769929878095335,0.2758279944538741,5.07335374300295,4.4983813048284444,0.5957501689470013
42,109,81,0.19891244183891404,0.2762756859808341,5.244958764499753,4.927797842397852,0.5797245511254233
42,110,80,0.19273063839358484,0.2686140962472477,4.862546579884006,4.0863419483412775,0.6046157462039612
42,111,79,0.203662598551012,0.2880510289731148,4.850854085754371,4.450197164685845,0.5944683201141806
42,112,78,0.19575821832797072,0.2711093843426714,5.006409240458176,4.3969089359326805,0.5937183655454632
42,113,77,0.20250392075070095,0.27884513225603275,5.195191897554615,4.494469010341396,0.6083665912153089
42,114,76,0.19920410314730683,0.26253246544858505,4.7545904328573645,4.173781301679911,0.6002729872467213
42,115,75,0.20179594233743747,0.26493346191855466,4.768347307527875,4.190502748297609,0.6147073478752965
42,116,74,0.20457884383479874,0.2763332889690906,4.786578978023077,4.139291021808546,0.5797900206139649
42,117,73,0.20951146641580637,0.28445421284490147,5.276091479108828,4.379449068170319,0.5866847306000563
42,118,72,0.207719878768533,0.28207936353394025,5.438593161853387,4.804622438269745,0.5698776030492642
42,119,71,0.19243241262894295,0.2714756183966837,5.006064594564219,4.682133224085995,0.592366175320977
42,120,70,0.19417477384760168,0.2717282192915695,4.877304822100667,4.271174376909665,0.6044146840748432
42,121,69,0.20173545319653968,0.283931407847593,4.9462158998064645,4.365610779764208,0.5717339832706227
42,122,68,0.20283740292607932,0.28209220182650857,5.168968601422246,4.504748457130846,0.5827903315789293
42,123,67,0.20079659745806655,0.27993822540488156,5.431980162558654,5.080132199428355,0.5800563533021392
42,124,66,0.19736241109429462,0.2706542770868666,4.974859858215694,4.299110906722598,0.5965533011587361
42,125,65,0.20581320128838426,0.28936087389746395,5.067273830220483,4.373142066595262,0.584868022792483
42,126,64,0.20494271971351838,0.29049959808271,5.513698977648033,4.755396422728571,0.5950182841998014
42,127,63,0.19799195942858996,0.2717696886066814,5.4594566950064145,5.645648996172944,0.6054070728347053
42,128,62,0.2122571840650255,0.29223435404094894,5.5980247280663615,4.582355163785989,0.5680937692781974
42,129,61,0.19688110998151617,0.2687987226758916,4.771113894928957,4.157578552005897,0.5868242062157958
42,130,60,0.20157358423352398,0.280926383277447,5.123578676510656,4.288805119433539,0.5738432217913622
42,131,59,0.20122512865908687,0.2826656359305546,4.746954824060834,3.903861328782661,0.5883440611683014
42,132,58,0.2043517726248116,0.2831593726454453,4.821329479392254,3.9749622847611854,0.5868683184545657
42,133,57,0.20947420286556384,0.29535783176045394,5.3385082489251925,4.295551793236421,0.5743792810192122
42,134,56,0.20318996435373687,0.28129266695862987,5.122185309081758,4.417101788511269,0.5597276857408617
42,135,55,0.20014390828085113,0.27575459602954666,5.166302079469751,4.961855993432375,0.596152381024241
42,136,54,0.20603225403293288,0.28381076167707514,4.894286706611072,4.154213557035748,0.5867699636936891
42,137,53,0.211380756966338,0.2891217563042431,5.306632438671629,5.071065054075048,0.5780144054022935
42,138,52,0.20221167251908873,0.2830470885594655,4.883012591915122,4.761984243230606,0.5813572537885762
42,139,51,0.19656775546745867,0.2868971916209176,4.736164186529926,4.307030581172895,0.5752526744302366
42,140,50,0.20706225203429435,0.28861641232206514,4.6666475110371355,4.998295810769721,0.5780283700024679
42,141,49,0.21084483969888781,0.296516622800487,5.092758172184144,4.526706372769207,0.5773133620477778
42,142,48,0.21156657050795624,0.29973564448328616,5.133641955333681,5.05835994188201,0.5803867227260596
42,143,47,0.20206936856097202,0.28954499345510326,4.966368617518025,4.6968212482797265,0.5720414569538139
42,144,46,0.20623001684934664,0.2899377252700928,5.023239277118909,4.816274958151112,0.5798568319082227
42,145,45,0.20651187517981623,0.2961754065708499,5.085203965324581,4.656498046211274,0.5565539252614425
42,146,44,0.19998318498582643,0.27927079037914343,4.715367393114965,4.541910945970783,0.5659025488460344
42,147,43,0.20659381631138876,0.2914484584511015,5.553849497646247,5.370635612928907,0.6064316884928784
42,148,42,0.20048717406485678,0.2982846037065466,4.973142367675816,4.169404729995594,0.5533811942620701
42,149,41,0.20686053424781184,0.28884208433411757,4.739763203947563,4.7177246216650275,0.5877331807775706
42,150,40,0.20200776307592494,0.2912254562864434,5.537838457944105,5.116377995544987,0.5760366974100409
42,151,39,0.21042034259363196,0.2869763257585885,5.260112138710696,4.74231622744209,0.5817014948986047
42,152,38,0.19623292143803306,0.27359472264261026,4.914318395675289,4.559299774545695,0.5803092806927226
42,153,37,0.23120114420930482,0.32917652169776185,4.892042671864649,4.924198771775775,0.5022855822310444
42,154,36,0.2300753304728541,0.31961685919099714,4.591588379414802,4.1584877764396015,0.5254412506976059
42,155,35,0.22235798562026876,0.3097642064214688,5.039841951409828,4.551205511728245,0.5478079128386606
42,156,34,0.24165432679232146,0.3280227588265063,4.407699225760666,4.232921749771084,0.4984380113675474
42,157,33,0.22245784337005398,0.30365932252496364,5.446216976714397,5.979468248180035,0.5469291850963672
42,158,32,0.2360803821879292,0.32214553044507294,4.514434693596932,4.931220677387763,0.49688924301699766
42,159,31,0.22872495619988273,0.3089235419132172,4.668905904046467,4.125384274117228,0.5402089624416423
42,160,30,0.2375659149792652,0.3384419253016708,4.364200952250359,3.6397072974047555,0.4881204020604452
42,161,29,0.22868669501672964,0.30310194921398476,5.027991113756699,4.307542365226494,0.5565106807902147
42,162,28,0.2296017127355057,0.3042248416842297,4.982175822846134,4.358296903617613,0.5559080206464905
42,163,27,0.2411237083854464,0.3375705217133088,4.969892574262531,4.1545588757928265,0.5106542973129603
42,164,26,0.23500817226923876,0.33683995817898876,4.829596524450792,4.624459115678684,0.5186178368368113
42,165,25,0.22463273361443045,0.3156307842952393,4.680965768926633,4.198133966835527,0.5272253967735316
42,166,24,0.22011269898780714,0.3169473501398285,5.032432375559873,4.665621449806702,0.5318420801084562
42,167,23,0.24379794860365436,0.34034218509875735,5.104119732295413,4.741514302668049,0.5087861543080614
42,168,22,0.23306172892919771,0.33191058955029135,4.994193367320185,5.4308903033768425,0.5190053778457847
42,169,21,0.238734817496394,0.3323269297263759,5.020375067264432,5.150038888979107,0.5373787029715984
42,170,20,0.24170950360752186,0.34554325617154763,5.1026571822026,4.610615713876181,0.5020828916440154
42,171,19,0.21841761703085175,0.30611126103145436,4.488033440266566,4.478874458734873,0.535089079831499
42,172,18,0.242888569537806,0.3425002644456248,4.585224157699958,3.9906431533880564,0.5027516027305987
42,173,17,0.22681760601460807,0.3141547123611747,4.809589931862909,4.619871705918274,0.5226981687746906
42,174,16,0.24444480676145622,0.3427806034876368,4.859905738332888,4.096365288889159,0.5080647621288636
42,175,15,0.24337178864159492,0.33413175450069443,4.585049489401836,4.194490043087263,0.49585169012853525
42,176,14,0.23345297284135666,0.3371453143133115,5.299677127285319,5.287631212460714,0.5191837894081747
42,177,13,0.23326528910147498,0.3218401459830041,4.831088989228313,4.1265155111437695,0.4854179656685
42,178,12,0.23452190502403605,0.32489031901862186,4.763346411363398,4.40623211436369,0.49931579858634134
42,179,11,0.23418473311934243,0.32251259572787666,6.1073011762458105,5.751895670933935,0.5284953124938797
42,180,10,0.2270303448263623,0.3175633752680257,4.872303069628908,4.6469517047973214,0.5587153746305326
42,181,9,0.23148020136282696,0.32068275073274,5.037484237064845,4.082264526126456,0.5306710906013263
42,182,8,0.2344409105199111,0.32425647308511807,5.055368825721844,4.53481956772112,0.5328962809374095
42,183,7,0.23105403625284515,0.3199757613803487,5.302812803221078,4.908281465579708,0.525428323441876
42,184,6,0.24115922125837358,0.33371330002990324,4.85654016641613,4.9618198296943214,0.5007416864271003
42,185,5,0.24977000551439518,0.3419882251714941,4.602780755608117,4.064402451892793,0.498654914898057
42,186,4,0.255627216179269,0.3553934562721439,5.128756861425869,5.418181214978364,0.4735664550590443
42,187,3,0.22893931585009825,0.3163135950151382,4.929452663498185,4.7907860238995275,0.5366695172647147
42,188,2,0.2532626816810825,0.3504182041542625,5.384238352463004,5.748676244886773,0.5120173196990465
42,189,1,0.23171342847969903,0.31671811631475233,5.363260619571475,5.005356809663827,0.5241339092002203
42,190,0,0.254853111318223,0.3488723348547125,4.724290826965001,4.862761303000991,0.49554903150038804
43,1,49,0.1436402280869097,0.24042801983291648,4.928760034096925,4.793651686738437,0.6545023254820727
43,2,48,0.1483607954011607,0.24155400538268235,5.179367244184997,4.663721685997193,0.6647937712443345
43,3,47,0.14979828417148275,0.23570803694690973,5.020446020199211,4.1864996023699845,0.664211295809872
43,4,46,0.14633564241838445,0.2436382845561422,5.191268648904389,4.4797374358534086,0.6777939662298919
43,5,45,0.15229065165823755,0.25696102139126725,5.259505924466471,5.116919083991655,0.6386482534349093
43,6,44,0.15324352854971102,0.24524504985314743,5.981885050553577,5.83334834427819,0.6372774805131117
43,7,43,0.15201844577046283,0.2539623978797394,4.75141669515283,4.437586780658401,0.6343406466844871
43,8,42,0.146733756160001,0.24692886453708948,5.2664179664844974,4.567181730637666,0.6308240481160428
43,9,41,0.1475591880911591,0.24831558680785565,5.319080227386828,4.516136436430566,0.6482324925356487
43,10,40,0.15313414543884363,0.2548239606211513,5.370632676018267,5.5849575329258085,0.6593617438532557
43,11,39,0.15132520606090497,0.24654452204716212,5.312894115571442,4.312898829215754,0.6564529308949456
43,12,38,0.15520943154057915,0.24839746959975553,5.695011176374802,4.624134829902392,0.6366097990258248
43,13,37,0.14326265696338614,0.23474305432695322,5.26571291600478,4.8442643738666655,0.6552430765422489
43,14,36,0.15735807304106364,0.2536502553440787,5.29685875039285,4.726610405050367,0.6625715558146276
43,15,35,0.15751914650865032,0.2530890056097754,5.504453397826388,4.750157697893386,0.6369065295855753
43,16,34,0.15316128122306777,0.2477389206128557,4.898482935437304,4.203562959796035,0.6513118074000325
43,17,33,0.1485884576490175,0.2478085846516046,5.216980859059137,4.34892070246943,0.6480684751335953
43,18,32,0.1553793896466536,0.2567071063170643,5.59270747661994,4.9721150888435,0.6289408785883605
43,19,31,0.1520893870784967,0.26284346269404185,5.019956617764773,4.865186127147135,0.6213994997321155
43,20,30,0.15473948688375258,0.24949499662234692,5.537087807304498,4.820437763636093,0.6377511290588155
43,21,29,0.16948487876723548,0.27076455648365266,5.257851592308851,4.690848234734429,0.5695214114194025
43,22,28,0.1687595441980177,0.27565069649389307,5.1616963157367035,4.027718306538729,0.560624541547101
43,23,27,0.16914228055975786,0.2720440140281674,5.728525194226901,4.729974290994149,0.573685723764561
43,24,26,0.17219058373679824,0.28337031225425674,5.021440732319691,4.410380431066031,0.5908870825331701
43,25,25,0.16334998715291693,0.26384450496715756,5.349854118511548,4.60434343064646,0.5896689855232654
43,26,24,0.16561691299439482,0.271480339653969,4.906500579620591,4.25331171357287,0.5769608885034523
43,27,23,0.17046408822538034,0.2726074951902863,5.164049932037333,4.772697651390175,0.5846825505647097
43,28,22,0.16527454887950271,0.27225735660875894,5.273919549330039,4.336367445769974,0.5921417577945097
43,29,21,0.17400143647200875,0.2860503056144682,5.137326052047787,4.797527285882157,0.5555672852336855
43,30,20,0.16647943288881678,0.2778055840686807,4.89086503646872,4.240004593367751,0.5719212249549004
43,31,19,0.16747641497099758,0.2885518123472791,5.668551034005665,4.6336758981861905,0.5873354934999526
43,32,18,0.1656848558514214,0.2855036337759251,5.333374186054231,4.529833089381777,0.5878314597298023
43,33,17,0.1670909959633211,0.27401789649878616,4.683945724046934,4.042685247253043,0.5831090708699576
43,34,16,0.17035758545092552,0.2866335264203696,5.377860181806851,5.1550372677824745,0.5850842914043315
43,35,15,0.16915922078803672,0.28481294377563027,5.334539777480119,4.511187663080649,0.5571321407629077
43,36,14,0.16795119252603008,0.2908834121263257,4.916317155255992,4.880040648128661,0.5795351676533937
43,37,13,0.1681291842752757,0.2818508333136822,4.730878180648688,4.141744927909868,0.5806990449778772
43,38,12,0.17167824179080754,0.29322806377314004,4.8153515808335605,4.241237015181648,0.5779146081378685
43,39,11,0.17410840914742134,0.28168679491721155,5.009033471683097,4.861681864402917,0.5672944056276035
43,40,10,0.17321884088077932,0.28351808199776535,4.577020688265534,4.022817892488783,0.5760839217681752
43,41,9,0.2013361020701151,0.34630231504011355,4.821618611495822,4.45601270782577,0.4786077964844184
43,42,8,0.18963926952004836,0.30942492994630344,4.981668909019716,4.364716263100682,0.4994776161633834
43,43,7,0.18373547177174118,0.29999933060314043,4.744921549218695,4.347206633958437,0.5478365670469985
43,44,6,0.188406586485344,0.3043994721283446,4.699742598598059,4.042096049135271,0.5452897126709588
43,45,5,0.18826811947434519,0.31364173049115474,4.936207674424745,4.262700195665957,0.5144670736342741
43,46,4,0.18323163594010314,0.2956731784344253,4.231462528130311,4.7330135806908,0.5113074385046138
43,47,3,0.19436518492170676,0.3111481152790875,5.066415217363399,4.433996973613518,0.5101379388037552
43,48,2,0.1942805946984226,0.32301711548736284,4.961200148121753,4.216365474470412,0.508431384381141
43,49,1,0.1959741827249897,0.30513200675965857,5.27403718040919,4.411025206365424,0.5127298643060545
43,50,0,0.1887283950470616,0.3021244573067544,4.800352993801411,4.136491950624364,0.5412718677666825
44,1,287,0.16908579458621673,0.21353013929377826,5.279297664900376,5.220941432215674,0.6519264970394089
44,2,286,0.16437250605644244,0.2188036726400276,5.538132415519971,4.843924051606439,0.6808904908802312
44,3,285,0.17445672864983935,0.21604127315783483,5.205817863084773,4.377360461983113,0.650549782006495
44,4,284,0.1593104437713425,0.20511272568895922,5.4685242813367525,5.511740584055389,0.6667751847029267
44,5,283,0.15837133113677368,0.2074007413918339,5.036627223103137,4.668139485136334,0.6774933222373651
44,6,282,0.16072694432428705,0.21671969792329432,5.201405436239414,4.689664392638951,0.6720894400948239
44,7,281,0.1654237981608637,0.2138438075972001,5.396588217621723,4.4382145378693965,0.6527925712500731
44,8,280,0.17325079356235573,0.2138973168470504,6.12160813428675,5.9260852257555285,0.6571033031866645
44,9,279,0.16460815202077186,0.20911988039301307,4.800033150936895,4.245017096795943,0.6794316377732345
44,10,278,0.1712378067930068,0.21928652240818658,5.490211654901538,5.269038415951006,0.653621004216377
44,11,277,0.16644708700146899,0.21014762639618126,5.168725831242449,4.696357854922563,0.6642151112285749
44,12,276,0.1667700031423991,0.2143347322445544,5.190464526737488,4.920742310479957,0.6484990245607517
44,13,275,0.16889080877214702,0.21420631339500878,6.111713625353332,4.840999675465274,0.66319766148402
44,14,274,0.16705241311198196,0.20689586728992793,5.659576894002795,4.824813002655009,0.6836594254172763
44,15,273,0.17082815801681778,0.2234864541707784,5.88589074652727,4.745668291837867,0.6698964480469697
44,16,272,0.1720115177688669,0.22149632832143723,5.165883984146992,4.499344316357483,0.6811925954901425
44,17,271,0.17089556161717215,0.2119723357616095,5.156896611375111,4.374433378122499,0.6460899537722624
44,18,270,0.16064100911334303,0.21278835621419923,5.258803010343016,4.831018120441456,0.6922295127039679
44,19,269,0.16462409424792895,0.21019653659457235,5.550073664500249,5.026279158240001,0.6724068112421224
44,20,268,0.17103692348848393,0.2164279307821508,6.062564423260109,4.99674694117689,0.6788457702011179
44,21,267,0.1718212828922592,0.2176133680252501,5.523791876554196,5.32870250697014,0.6551996844409147
44,22,266,0.16984473585848298,0.22132756687025598,5.23086077414842,4.609301517280281,0.65506107868325
44,23,265,0.17227933475827129,0.2189570999476672,5.380123827953511,4.690769467628332,0.6444630023188013
44,24,264,0.16420139760287994,0.22137447628663592,5.425705682035643,4.833773868950996,0.6752974561443603
44,25,263,0.17413800907813123,0.2233235915252159,5.689269863601359,4.88671968601722,0.6462459720276221
44,26,262,0.17007694033670126,0.2137150424458088,5.326294537926564,4.6587120999007965,0.6897427595071227
44,27,261,0.17132904257290751,0.22043788723523985,5.035407462620473,4.090990555758764,0.6523531591666779
44,28,260,0.1740240388997999,0.2269975614425524,4.877965007524949,4.174927687911316,0.6570552269156383
44,29,259,0.17232818506145442,0.2195753969783676,5.376924986909849,5.426585920088599,0.6460496873619784
44,30,258,0.17495750692462547,0.2161296572192144,5.206410359353555,4.7216632713905815,0.6800353106985738
44,31,257,0.16936437206571248,0.22023972324620525,5.104841465221758,4.141810356068057,0.6695279595009891
44,32,256,0.17384510233776068,0.2168549897384569,6.098126359554725,5.472810824712976,0.6739991151732261
44,33,255,0.1707269310914301,0.21876216555177525,5.202386155435999,4.534740674906139,0.6462546015139193
44,34,254,0.16618683581329266,0.2175400395678974,5.69535212937727,5.04794345857656,0.6572013193753419
44,35,253,0.1737228113732358,0.2212223981675498,5.394149307669467,4.282491658973414,0.684874325332966
44,36,252,0.17172801163625515,0.21559053830285718,5.331224464699815,4.788568370905403,0.6584637402249522
44,37,251,0.16944458915923985,0.2120919959612386,5.191448782383846,4.807014560500807,0.6680375011834414
44,38,250,0.170340081760935,0.2200259746862794,4.861371404708595,4.248937468420936,0.6499427899267126
44,39,249,0.175492678761841,0.229419300757409,5.545276329342608,4.800683490950065,0.6687030802979179
44,40,248,0.17497254848267302,0.21911760882371598,5.25122272504856,4.528000899681707,0.6826857801643522
44,41,247,0.1781901461929138,0.22624478575938112,5.702013477877529,4.646349707706709,0.6775446693412187
44,42,246,0.1717950198939041,0.22357952247126353,5.543948834488067,5.716420791941777,0.6686367345245331
44,43,245,0.17163002238881653,0.2317685014342198,5.501851224838302,4.776699120907585,0.6252776695245068
44,44,244,0.1774396525126624,0.2285373917675903,5.378278285051337,4.178586142380507,0.6650157647823217
44,45,243,0.17131745439410745,0.22769190014545013,4.770412478779807,4.343033116947332,0.6650054583021664
44,46,242,0.1748600532216542,0.23018335093255118,5.521356803702027,4.863329194334374,0.650587830489127
44,47,241,0.1725728418701912,0.2346460770393099,5.217186870992975,5.088053198650549,0.6427152538623548
44,48,240,0.1769921327468816,0.22926382770774628,5.572373547541486,4.7851083317683205,0.6620680614755716
44,49,239,0.17873328663580568,0.2418870684164492,5.8725916743760775,5.3267379190598145,0.6586023056862484
44,50,238,0.1709291474474389,0.23908234181744725,5.670250220310838,5.217527758311176,0.6441178519340568
44,51,237,0.17574870016418773,0.22789471577291312,5.772237829470459,5.7873512244377,0.6612226011232174
44,52,236,0.1757077068890696,0.22454277217270668,5.2090799135596395,4.85364882040854,0.6530860393427043
44,53,235,0.17613773484660078,0.24122250030975406,5.05646653266837,4.937678203693385,0.6475917331214435
44,54,234,0.17204814512843045,0.22444229050354503,5.1452968069340566,4.182506428035773,0.6807882677761017
44,55,233,0.17294661984541523,0.2302485487913447,5.240054115953564,4.120699304724137,0.6518405547534333
44,56,232,0.1803358545083456,0.2360419342219236,5.8185697998660775,5.37263702472543,0.6734444704513053
44,57,231,0.1807119685802538,0.2238128995039086,5.3073544154951735,4.7658366237331204,0.6367425908508586
44,58,230,0.17408424241353326,0.2248679304863776,5.285062234128304,4.838608509518881,0.6801423248410724
44,59,229,0.17566024660622548,0.22878946562819022,5.151703898525209,4.843471067103505,0.6567876055473215
44,60,228,0.17196698116314668,0.227698151527035,4.723063841092715,4.372015598566177,0.6566848094115575
44,61,227,0.18086073890007398,0.2207128983170357,4.989699604834406,4.630383955221656,0.6485338493503232
44,62,226,0.1775219579643016,0.22362713637694234,5.3011468955918035,4.664861253665536,0.6605526539669528
44,63,225,0.1743481268464286,0.2173032700391527,5.190487862969713,4.54667995024296,0.6950192772266853
44,64,224,0.18134314336874496,0.23163190177924445,4.886060807536621,4.338594862870582,0.6413966633600638
44,65,223,0.17111804240853234,0.22014433714811632,5.7037962893973635,5.198418781194444,0.6773819643328456
44,66,222,0.17518662018546596,0.22799222577259112,5.51316443772037,5.007727014390435,0.6690263905370217
44,67,221,0.18653820329583354,0.22546600674167266,4.996523851933313,4.352525128636905,0.657876117775625
44,68,220,0.1821574429154328,0.2385384048230943,5.210336043703876,4.243579115901018,0.6636712153738271
44,69,219,0.17915384953236527,0.2318860832113975,5.164052898439818,4.673769907284573,0.6794182976781548
44,70,218,0.1761417668147081,0.224081646031313,5.368516711998636,4.808149375922934,0.6731232520244725
44,71,217,0.18794493282021033,0.2319492883796175,5.397563183979489,5.189501407023576,0.6377364122878515
44,72,216,0.181612611564977,0.2350491372584612,5.266777392434836,4.499655126898393,0.645109544953297
44,73,215,0.18160969551878045,0.2291464949891679,5.970813039181721,4.845852813200588,0.6855135083319042
44,74,214,0.18697671148987677,0.2293599107328134,5.589325425970117,4.77859004107854,0.6662669844091865
44,75,213,0.1784758973851012,0.22477250146687952,5.431757717516559,5.078879052390451,0.6484617223229486
44,76,212,0.18051170980745154,0.24091779035323246,5.347903038944791,4.1721171964738035,0.6474889288070896
44,77,211,0.18063600787231535,0.23199576066833882,5.189113131968793,4.087226819227084,0.6594478689528104
44,78,210,0.1789885944222116,0.23293233615536715,5.3539929365516254,5.148313764380932,0.6495786292375045
44,79,209,0.18170615237633517,0.23047638990830277,5.141237223011183,5.018114530469331,0.6658452379064532
44,80,208,0.18016748849227412,0.22815392624075484,5.356858499285028,5.0219592219969575,0.6584857649436991
44,81,207,0.18730451791594557,0.22344742629232206,5.14535283591392,4.4283350976409945,0.6766305161048372
44,82,206,0.18235987828999004,0.23848082460314532,5.297834608640875,4.768807432375933,0.6511722347939588
44,83,205,0.18082476821750165,0.2437994060818503,5.17923288057013,4.599821099739188,0.6348903173427748
44,84,204,0.18621307544799134,0.24053946145277752,5.3173127168144845,4.120701348575206,0.67568443693544
44,85,203,0.1810890550811661,0.23526792682180545,5.244972863638178,4.348918532060991,0.6515132590367839
44,86,202,0.17371487030413127,0.23619410430938947,5.028903001843904,4.349692101450404,0.656061339649341
44,87,201,0.18667049982588013,0.23583091308371176,5.116513055195753,4.4159819491496135,0.6714897744083389
44,88,200,0.18062155350126183,0.24024611847420654,5.067787351723009,4.254169240992558,0.6659915332448456
44,89,199,0.18914576040399422,0.24046681627857966,5.4727915942325875,6.014244134818385,0.6422618838780436
44,90,198,0.1790376792493708,0.23861930394195308,5.325438698042387,4.219535271786696,0.6659773977549343
44,91,197,0.18084254100734196,0.23896709513693165,5.425530924349239,4.416781610461244,0.6435870479601133
44,92,196,0.17932436414146383,0.23370195146629189,5.1265316160763135,4.4751137881129415,0.6601547840358787
44,93,195,0.18860621191472393,0.24259520935460807,5.259077198061785,4.180065276971246,0.6684021734084677
44,94,194,0.18181623606868588,0.22787145671754733,5.254345920623636,4.883871674696771,0.6836343825853904
44,95,193,0.1856258789912164,0.24200282474132392,5.067454140790581,4.192857170631917,0.6396602822800959
44,96,192,0.18979657311702225,0.24165576204331887,5.167780390595405,4.049603591061942,0.655173436841423
44,97,191,0.18108839507776464,0.24045990806673387,5.632907668303762,4.7900133297573255,0.6464744776865803
44,98,190,0.18463886169046287,0.24699108983971313,5.85870009242689,4.999784755214971,0.6427331499779256
44,99,189,0.18039241637185907,0.2389749211079235,5.04769662977971,4.778111754010076,0.6760654199412409
44,100,188,0.18317189464455294,0.23913607017194885,5.3369470129373795,4.554337934776459,0.6688565961400229
44,101,187,0.18284683413030556,0.24943843363968746,5.4814414510056615,5.749877937581222,0.6571882834582894
44,102,186,0.19588524093232879,0.24886224613038185,4.865067790947807,4.269040931625247,0.6311478708375592
44,103,185,0.18915197885325982,0.24122900483502835,5.0535900607498405,4.232412534463028,0.6383920283436403
44,104,184,0.18497940669339727,0.25479357144527065,5.559422461792887,5.029452424532054,0.6413769913666191
44,105,183,0.18430858893293556,0.2453309387110066,5.256285611276885,4.700203818885813,0.6609197384272156
44,106,182,0.18285205185883613,0.24446937755576237,4.993759920804612,4.600994116101215,0.6584052817160306
44,107,181,0.18828014494264422,0.255873009975864,5.243458012782707,4.3819578596229825,0.6497978069242598
44,108,180,0.18992752356627388,0.24975132480417472,5.321614797056294,4.5706048571975435,0.6305497681429413
44,109,179,0.1841361744528794,0.24804997771833479,5.038607905164203,4.424700025639988,0.637849260050602
44,110,178,0.18766634370172858,0.24050131252047366,4.752290226550704,4.683944566109643,0.6391403609954179
44,111,177,0.1897540242047483,0.24624089043307032,5.457497755899268,4.485313602795139,0.6483016952352118
44,112,176,0.1871757042587342,0.23948906252256066,4.906208840710105,4.801331368272785,0.6426735051255291
44,113,175,0.19463178965089242,0.25024833784791345,5.515972895789831,4.571043756218881,0.6260041353494065
44,114,174,0.195830603058569,0.2544720893829103,5.5859608771086044,4.579012348442752,0.6299303474868369
44,115,173,0.18542467726270734,0.23918404601314194,5.248497689070922,4.8275945733724495,0.6762455922300455
44,116,172,0.20502666669357267,0.2686927577017704,5.082557198809816,4.533853207790418,0.604395035602029
44,117,171,0.19919673271599012,0.26252547404470905,4.797822542252852,3.8840672684636357,0.6041435815170106
44,118,170,0.2096884558387402,0.2742150930812848,5.00035184651393,4.437715936956985,0.5730829829297011
44,119,169,0.20558493066119435,0.25771618725006096,5.104096979044522,4.502081481092058,0.5941659700685519
44,120,168,0.20729093220262182,0.27129027725235827,4.724624506948595,4.554372644108861,0.5855578934319314
44,121,167,0.20903432081980278,0.2785656943627113,5.199473357184613,4.177513363208578,0.5835760036969835
44,122,166,0.2121737204245268,0.2710084138700396,5.197809539851804,4.709394617071924,0.5995318535208595
44,123,165,0.2057440521439966,0.26070213449653895,5.287763091678333,4.683732429855751,0.596008840950715
44,124,164,0.21454866156972252,0.2720460045870789,5.063712388523789,4.719966316168453,0.5948433227333707
44,125,163,0.2077893335760942,0.2707323714193864,5.334023099446204,5.056461970395586,0.6195041465256155
44,126,162,0.20558862561316305,0.26526920719249625,5.289697742671656,5.181205860414953,0.595655529369613
44,127,161,0.1995316162639576,0.2506250606109451,5.16159490032511,4.9536371327941815,0.6300261883201421
44,128,160,0.21239805752209423,0.27494302537975585,4.807969152059067,4.188059863924354,0.5827409650814805
44,129,159,0.21235330461259705,0.2669757038620918,5.066017064327124,4.545501246149683,0.5854364597856663
44,130,158,0.20779979579890132,0.2636201885000107,5.135292736965791,4.46896284461166,0.6067844354045546
44,131,157,0.20131684817924883,0.2567968021095252,4.978441995890454,4.290657084472864,0.6114722615808228
44,132,156,0.21550732789902888,0.2681760992058741,5.200326793270719,4.146319884982463,0.587424154179899
44,133,155,0.20979910601415439,0.2732592154825841,5.718244649128849,4.596872824015756,0.6035693106949462
44,134,154,0.2104146497857906,0.2657843179550514,5.7697982494639035,5.315207475379009,0.5809458787392103
44,135,153,0.21227962364268788,0.27526177820178294,4.978129963959184,4.287282128282646,0.5809751425123265
44,136,152,0.2036036814409087,0.27598122288115107,5.026724891915922,4.759362584557227,0.5912348786729272
44,137,151,0.21960880034668082,0.27481322536399855,5.045186991150201,4.455043590619913,0.5915582782899285
44,138,150,0.21250862354296368,0.2678665023297981,4.803398509831827,4.342810791700663,0.5833023626309897
44,139,149,0.2126760504136884,0.2747995196794881,5.051172335633982,4.481289318379586,0.5849938835234856
44,140,148,0.20707461241912198,0.27640362159527854,5.066938512854542,4.610044362413701,0.5925011169627395
44,141,147,0.21674070878141583,0.2805498807035238,5.316738320099592,4.416507166594685,0.5856522795614637
44,142,146,0.21011396974629862,0.27471936960466464,4.7670675182443105,4.868734659033554,0.6101904535549323
44,143,145,0.21970206586368082,0.2733220979751562,4.597511469751437,4.133818001783286,0.5779498976616159
44,144,144,0.2102217685482994,0.2688724481329541,4.865246869486882,3.7858971246653406,0.5865156185083108
44,145,143,0.20731544250034675,0.2809570861752195,4.937359856530842,4.805849361231387,0.6017344822056508
44,146,142,0.20730604619397996,0.2844925459523392,4.927882317107455,4.149845784468386,0.568776232096786
44,147,141,0.2180131939794576,0.27659908326821725,5.0922473156945305,4.236412603868669,0.5727936568199561
44,148,140,0.2172473495571638,0.2852034069537503,5.196298701689301,4.762832681486461,0.5719415927635833
44,149,139,0.21736801420722987,0.28076039074287984,5.177436088042677,4.548239896789864,0.5750928209541837
44,150,138,0.20351788625714912,0.2786201896734333,4.8614081534991715,4.216091576671979,0.5811869543948249
44,151,137,0.2159332782560222,0.2935507306886167,4.80285047664538,4.794735279728228,0.567416198917932
44,152,136,0.21475157196645478,0.27398808918570094,5.160744896235832,4.6418769561334505,0.5914579459857311
44,153,135,0.21839246405442353,0.2779463392958922,5.241655967160102,4.97172648413051,0.5793504661337718
44,154,134,0.21082075040648907,0.28626465134420753,4.987543178248792,4.16553628007563,0.584312747138862
44,155,133,0.20933993102126602,0.2743134538343053,5.080595869936348,4.279136188427814,0.6065590768828781
44,156,132,0.2162759824122206,0.2885759072307693,4.6290813880289114,3.904892517954617,0.5650500865422001
44,157,131,0.2176755591776553,0.2848566726452132,4.928591993704345,4.198424942908909,0.5642876518474877
44,158,130,0.22053763359985454,0.28731656714114384,5.510579042643632,4.2380489497884595,0.5955269022565203
44,159,129,0.2232807262392395,0.2955243318445606,5.164258250092826,4.744672940004234,0.5704003508210058
44,160,128,0.21578087108953614,0.2898260804789887,5.400541733963166,4.912317371639734,0.5952502652352182
44,161,127,0.21806825571643915,0.27843263994088346,4.994479232086776,4.214164489785887,0.5844414492833426
44,162,126,0.2180961241404627,0.2879602642997786,4.872976063805725,4.579808796321172,0.5798822836263849
44,163,125,0.22415270483073482,0.29115548388969603,4.873363062316054,4.0778101915102996,0.5776045987802501
44,164,124,0.20999275225785277,0.2799086799842065,4.85681859489935,5.049914603238361,0.5861271990756615
44,165,123,0.22106927631960374,0.28735221337632494,4.800741212775008,3.926031820234197,0.5973010907664316
44,166,122,0.21627646512302462,0.27542690181332685,4.669051160032284,3.8802863220088817,0.5934391467571588
44,167,121,0.22705519394764384,0.2975663504577773,5.042266640946446,5.186365293084692,0.5541774667638861
44,168,120,0.21025728125399235,0.2740211777557775,4.9868006204299995,4.8978078794701485,0.5838286489310343
44,169,119,0.21844645026321505,0.28210937328392677,5.030937643177043,4.8666289695199865,0.5806395516515146
44,170,118,0.21964048549431164,0.29365997592580423,5.107978014107033,4.25635775029965,0.5940442661192554
44,171,117,0.21827350734208062,0.2888201708816755,5.14723960236698,5.117810617121259,0.5955513708431736
44,172,116,0.21943460230661332,0.2915519117892661,4.714803513507171,4.390270634229784,0.5788682951293014
44,173,115,0.21958925094447226,0.2880596019438288,5.171312088210584,5.197747141441687,0.5932588113288183
44,174,114,0.2199029312082881,0.2957609669356013,4.827404057445227,3.9548525926820517,0.5671020289318754
44,175,113,0.22517124956599957,0.2819925979786524,5.462587044301562,5.120899725483872,0.5813487684886243
44,176,112,0.22528416558787165,0.28254881115344666,4.7354273645360045,4.109853408981375,0.5726386243146392
44,177,111,0.2273199029499237,0.2963718425321421,5.1543040543050695,4.620839080728746,0.5969938629776081
44,178,110,0.22987573870258318,0.28564158057858646,5.037592562331568,4.909402408463568,0.5768343647571148
44,179,109,0.22991548750951588,0.29076782915254923,4.900584921737503,4.648311284354089,0.5627792808136586
44,180,108,0.21679641833311813,0.27740662524447285,4.637964659546415,3.90778204386222,0.5708854469195578
44,181,107,0.23272792835388573,0.2875198744203717,4.857851316899309,4.7738357957635165,0.5639381079840095
44,182,106,0.21768829606865125,0.2768263157269353,4.727253819100204,5.479698136200886,0.5715696591076938
44,183,105,0.2331620045515555,0.28935936422418024,4.6999370500098685,4.322075964663682,0.5701793527194221
44,184,104,0.21965544001054468,0.2939158066295591,4.833517204349293,4.964662342354477,0.5651834089109711
44,185,103,0.2227562375631171,0.2858828618868192,5.171004978949728,5.03616783801182,0.5740955952968954
44,186,102,0.22558976330979832,0.2906536355067611,5.260526888823717,4.344999423341311,0.6067105907218409
44,187,101,0.23927211521768874,0.28995062653463005,5.081632094102252,4.339907681416387,0.5709853042545228
44,188,100,0.21894208569125312,0.2941643002787242,5.500936572550259,5.078482149718362,0.6121280545348242
44,189,99,0.21940658708233374,0.29766106229216677,4.74611256496555,4.175232845808237,0.5709861527356573
44,190,98,0.22464406632594464,0.2838656963164926,4.785826651697481,4.108691475702981,0.5911623195561355
44,191,97,0.2260091212307458,0.3024932247512415,5.170226611781227,5.13120421093557,0.5728610844708955
44,192,96,0.22430955096279084,0.3048613468568921,4.991045463562488,4.149704242962531,0.5592167622817559
44,193,95,0.22739342355689376,0.3005818744021938,5.120205332804651,4.5159313940447054,0.5761843378972674
44,194,94,0.22745038178400664,0.2848235663870707,5.358575752720498,5.174670954733378,0.5906777742350839
44,195,93,0.23624212046351417,0.2961818723692619,5.078515415043514,4.71524432044112,0.5674616915843433
44,196,92,0.2263002238473827,0.2849519923042292,5.241169311495869,4.349084002905377,0.5941509851942594
44,197,91,0.22451099847868689,0.3074590369147571,5.07853292492739,4.4202957789943715,0.5817193382492806
44,198,90,0.22653102709066616,0.30406906856920984,5.150793410916613,4.435763202183982,0.5745422428929062
44,199,89,0.21929532362536122,0.2845422611187762,4.626862982100278,3.80083621213919,0.6061401859623364
44,200,88,0.22957636733186046,0.3035372076545618,4.605081264710213,3.7511126798510013,0.5777039166816086
44,201,87,0.2261603951820947,0.30354532850824767,5.191279692653612,5.332713624525048,0.5767874695061999
44,202,86,0.23234968481365448,0.3064684323778548,5.141180679708242,4.684343304743733,0.5628978087485423
44,203,85,0.217539078945451,0.294980283163434,4.8718862193792365,3.8100837945984853,0.5989492220327695
44,204,84,0.23195992304173965,0.2955948220657196,4.891300004966009,4.26895351611153,0.5856544594965909
44,205,83,0.23312535093893605,0.291342410790287,5.015601183621139,4.3360804174645,0.5718579220415582
44,206,82,0.23013286591196264,0.2986049728470761,5.459120975122186,4.57274976136317,0.5925584470219937
44,207,81,0.23446647072564888,0.3069993300450134,5.394693800953551,5.157337283399587,0.5676476656127758
44,208,80,0.23205511338963336,0.29470229314678814,4.957450390007254,3.9878766300693065,0.5720438185886477
44,209,79,0.22466284476734977,0.2886439080851361,4.947662194959278,4.2263658376359015,0.5723568043094197
44,210,78,0.23734652494030917,0.2896098267262137,5.23948001028317,5.308009240508609,0.5811271999837299
44,211,77,0.2308221516537472,0.29814877715481614,4.967949098872818,4.665476868578925,0.5641422426523804
44,212,76,0.2231251549761695,0.27542691508394873,4.921971594288977,4.498448524812344,0.5876356762514998
44,213,75,0.23495007354391348,0.29263274444094123,5.189925467599459,4.578357263317578,0.5811902412016527
44,214,74,0.23030982685898294,0.3059904714392114,5.116240699148072,4.140956700163805,0.5831747931527337
44,215,73,0.22909822420322876,0.2973652228894905,4.577457942681922,3.770547628264607,0.5815375561586872
44,216,72,0.2388630739479743,0.29733124184387527,4.708935254983824,4.1816177217401975,0.5476634354271668
44,217,71,0.22693115504656391,0.3088143197927201,4.794197926122003,4.847044868327231,0.5648229862157875
44,218,70,0.22875062947234373,0.29206081041677384,5.484024114922782,5.290116249104014,0.6111048632329003
44,219,69,0.23677304342029798,0.29067954924313194,4.887685888213735,4.121565429670515,0.5727636348573341
44,220,68,0.23111716293269868,0.3022831612412264,4.721540013952664,4.076589032557813,0.5853669167176422
44,221,67,0.23762289125566322,0.2966312602450382,5.2480267647620025,4.1807153565502055,0.5609959016152176
44,222,66,0.2315753410283715,0.29876496639166894,4.944340595777739,4.088808385103083,0.5585643394518832
44,223,65,0.23443911130886486,0.28802842071034396,5.419480418852082,5.425107707100788,0.5714041432147002
44,224,64,0.22983810063761462,0.2977862616803963,4.828192821894717,4.469252991091099,0.5768515290977123
44,225,63,0.2371603457454648,0.3002204253005753,4.468600948990751,3.5547829643618565,0.55686227071952
44,226,62,0.23402630593815035,0.3115881864470377,4.772753307795142,4.098981273039546,0.5658240439780803
44,227,61,0.221572161509827,0.3094276578170313,5.2779306137670385,4.86285206234615,0.5882625295277919
44,228,60,0.231561792557803,0.30096804086042706,4.601137878235727,3.9555893334926937,0.590106409167828
44,229,59,0.23310783909478305,0.2891256150987009,5.082021756604456,4.682046424988905,0.59088560511457
44,230,58,0.24161779831200042,0.3108919875391516,5.008204960424382,4.043416242472201,0.5468057259440322
44,231,57,0.2589867547148315,0.33924369276906224,5.0377781507159085,4.686911330159356,0.507903751989495
44,232,56,0.27874313010760954,0.35404352817648105,4.9467669739693,4.796365699351302,0.49712013024059765
44,233,55,0.24827588197846517,0.32236763841444716,4.74633720200894,4.036723094573914,0.5321961215906477
44,234,54,0.25971028098946497,0.3401703567734691,5.330853199570042,4.6042769159275965,0.5399277130467465
44,235,53,0.25330429268662413,0.3296500258465813,5.266780022275421,4.31582708819981,0.5262715890973332
44,236,52,0.2624248494426715,0.34085233847404467,4.730316870847576,4.04716073750593,0.5181127448508988
44,237,51,0.2527977257425275,0.3318723657053816,5.510196993020411,5.862434940878798,0.5181985879140111
44,238,50,0.2569901521070994,0.33575929532679094,5.508515818118791,5.532752212112175,0.5161837731914785
44,239,49,0.27295172174876187,0.34703776675716347,4.8927180701813135,4.0391754313870285,0.5047114725040205
44,240,48,0.24749575163758017,0.3402563835151249,5.009639287839083,4.11522491379413,0.5492313303717254
44,241,47,0.2535074769815663,0.33490868863824985,4.395084984018871,3.7916868729864377,0.5159512397697146
44,242,46,0.27648481512605355,0.35596184210940796,4.979846517386445,4.406656392782143,0.4923460114517672
44,243,45,0.270641348202014,0.3537651724038275,5.209645394619541,4.5957613567132745,0.5004342034350847
44,244,44,0.27560118501387254,0.35501265498258383,5.017797389095053,5.176514252353891,0.5113298053841164
44,245,43,0.2578298357904918,0.3251384953547116,4.897781292894919,4.465690415422043,0.5274908428218823
44,246,42,0.2680909044881126,0.340263120462242,5.035124461710414,4.488830758107224,0.5123066682766214
44,247,41,0.2554072006355951,0.3268746502935757,4.965642007998289,4.218881108494735,0.5382232017948569
44,248,40,0.2763098172959351,0.3518701751238375,4.931988885966943,4.540670498035618,0.5006194680958902
44,249,39,0.27053899991292635,0.3520597628564441,5.199264677069315,4.343286750999841,0.5085667846508275
44,250,38,0.26549035058900783,0.32503303746943335,5.49237479296918,5.107617274312548,0.5409001077271071
44,251,37,0.2510195265718173,0.31526889073576875,4.8813474830418,4.6136576433335845,0.5293611389446262
44,252,36,0.27036809962552694,0.35339044684777815,4.627375038780818,4.09176668884735,0.509440659780327
44,253,35,0.27032598058942003,0.34648120562747764,4.6546405627248255,3.8559973221501336,0.5200210525273687
44,254,34,0.25213668060596844,0.32094397181358153,4.874649185550853,4.382545453747761,0.5293581977943697
44,255,33,0.2674358219526556,0.33924336207231437,4.678744118077645,4.226271162879766,0.5141831353447813
44,256,32,0.2582784008200301,0.33884965408684026,5.3557836578272076,4.74442034015746,0.5278009793765082
44,257,31,0.27461822933332414,0.3558322045604484,5.200710894791072,4.764204823682563,0.5273845488127037
44,258,30,0.261930414127588,0.3458448285858393,4.846738949186832,4.757625905415085,0.5191223959079063
44,259,29,0.27518294361550827,0.36460294699709345,4.698241068677092,3.8434848993301154,0.49623897983314486
44,260,28,0.25393447401624747,0.3305649537097227,5.116646136100728,4.442839400427761,0.547387718200794
44,261,27,0.28549972168550936,0.36149462870342963,4.357535130263301,4.614587077719787,0.49093290689386027
44,262,26,0.28269641893079056,0.36883768406346035,4.375338980836507,3.999723278912734,0.4794683453492986
44,263,25,0.26248822473301603,0.33100200550710374,5.075560852549342,4.207984640384117,0.5090369711730681
44,264,24,0.2737742170417785,0.3695983947597013,5.094611078695751,4.5598043646208595,0.5203078990178228
44,265,23,0.26077938451049815,0.3442544541559044,4.680152796231301,4.143827183085269,0.5289225727012566
44,266,22,0.26180460866227273,0.3419405510894672,4.496777709538678,4.502619121899855,0.5358748410088064
44,267,21,0.2790425337708529,0.385173082538026,4.948236632712648,4.464912877528604,0.47129124282155843
44,268,20,0.25844092574387667,0.3336695795023159,5.1286580274508875,4.226531985939784,0.5420242200304843
44,269,19,0.26118974651115984,0.3416910049313953,4.821820215727415,4.148716667122883,0.5151340602549946
44,270,18,0.27550033676385655,0.3683631674389702,5.010743903668976,4.236832214185683,0.4859007425868517
44,271,17,0.25317051055454737,0.3317877950927524,4.870764861137099,4.252297851664489,0.5380187010859983
44,272,16,0.25550020811876467,0.33981591983109877,4.624608826459159,5.088641432333211,0.5145178160835142
44,273,15,0.2719455354653475,0.3592921796049277,4.7968371267536005,4.796042987228442,0.5143605913331285
44,274,14,0.27343118842891406,0.36544613678429755,4.530427410583066,4.2866813597877,0.492266178171759
44,275,13,0.2673405747157059,0.3429417840424267,5.118110741719194,4.647724197537275,0.5220068417795206
44,276,12,0.26350241332021224,0.34881540449596943,4.944616023608985,4.566270266822734,0.5316649580373272
44,277,11,0.2706272550591857,0.3654190737691141,5.1319932067457845,4.628627282648593,0.512055597918125
44,278,10,0.2776013310912062,0.3599924021714959,4.738445213809788,4.656494390141803,0.5164148237895649
44,279,9,0.27922904572213597,0.3574148214566913,4.870078308964873,4.067795046358567,0.4880957592433637
44,280,8,0.2562952987963756,0.3392753969281945,4.970395255340232,4.315836782859709,0.552583582202775
44,281,7,0.28562266971919137,0.3637046691062036,4.868053286172261,4.409260901266132,0.485437811286406
44,282,6,0.26969897824943084,0.35654214507969306,5.2273681323107875,4.469033927448508,0.5190111586977758
44,283,5,0.28170839001354625,0.3962296390993833,4.773206082511836,4.4038183512251505,0.5070313245045385
44,284,4,0.2795184895319758,0.367959398021762,4.600204941809821,4.113465584846416,0.48265331385022625
44,285,3,0.25741147874035303,0.35183679272922513,4.661905533271298,3.920774111743145,0.5232081068919004
44,286,2,0.2729884849101472,0.3477981080715711,4.66582205309111,4.147224520318926,0.5251972081026656
44,287,1,0.2733118472083356,0.3565304412595671,4.34408394576374,4.808470501590298,0.5118376270654266
44,288,0,0.2879614179678434,0.3634726736707531,4.857750445500523,4.102000751821926,0.5019288848467148
45,1,303,0.16263719748655908,0.2103524595061044,5.674850253886907,4.48784201169941,0.676050482943996
45,2,302,0.15823761838223346,0.21677871872988178,5.033279348216526,4.276845841503531,0.6471435878232841
45,3,301,0.16559581015219318,0.21841916874673323,5.4715845425083725,4.697217446846606,0.6548804201148519
45,4,300,0.16510657835138473,0.22360258435266375,5.212726297302094,4.802200276381941,0.6425758523988998
45,5,299,0.16347021915937016,0.22925698980315778,5.11433460246602,4.455108071430646,0.6472883029500058
45,6,298,0.15093098213573913,0.21165896302084472,5.157397917283015,4.35733835390131,0.6811141516143625
45,7,297,0.16008088928193398,0.2193607599350906,5.4435839248749165,4.804738085328525,0.6714127144590916
45,8,296,0.1602833152876862,0.21703022999561686,5.300285062652414,5.243313029007314,0.6438101662034771
45,9,295,0.16345056124872187,0.2191846561922137,5.220315554403396,4.730312579406485,0.6505624837797465
45,10,294,0.16403813577871773,0.22263804957105665,5.501599649555444,5.489760620209709,0.6612814795055231
45,11,293,0.1628171746107887,0.22557964804004102,5.5822606949527405,4.476809338702282,0.6299255319801341
45,12,292,0.16493249669463642,0.22316035969312023,5.441007593850495,4.90229706590954,0.6649512901601565
45,13,291,0.16631688429012573,0.21530696932543775,5.147407544522709,4.922111509771051,0.6677201425434349
45,14,290,0.16331663437927765,0.21538058813941013,4.951651879739774,4.854693347918492,0.6715081572366102
45,15,289,0.16191341221594402,0.2175575918244707,5.291118915568181,4.554615450750901,0.6687868348785114
45,16,288,0.16244764970671471,0.22021390451575207,4.752526122633881,4.152237324875088,0.6360960208734582
45,17,287,0.16419564379539833,0.22094777675762242,5.440100856979642,4.914341210626311,0.6569522352472258
45,18,286,0.16430510376923105,0.22314595824630182,5.444544189006644,5.089952248278115,0.6650324221132273
45,19,285,0.17092345779026344,0.22891034651221517,4.93320926261058,4.342485082283727,0.6352050227787465
45,20,284,0.16777734852543738,0.23063876598882616,5.11264346303816,4.3913246753126955,0.6485837010993252
45,21,283,0.16310361251981695,0.23209165363653064,5.495507764127817,5.17894418208075,0.6505588640292878
45,22,282,0.1593711979176757,0.21933933125858487,5.293932270112698,4.362492227765366,0.6701250530683404
45,23,281,0.16433775480440052,0.22793549343700248,4.8607023449916,4.519431435043056,0.6628710765743615
45,24,280,0.16407761897564802,0.22973209682936002,5.422598638349279,4.916606838129742,0.6403821895650836
45,25,279,0.16409969841166477,0.22491348280795684,4.829073193301042,4.182261878831163,0.6516514741305853
45,26,278,0.165256758841148,0.22794600906488677,5.480357689995191,4.833336873539104,0.6437464643415681
45,27,277,0.16315662486849833,0.22583251957284417,5.5054225002354835,4.55356346323381,0.6685776159300283
45,28,276,0.16286494526105252,0.2269997382654417,5.61871123515852,4.92638499444067,0.6475223724550018
45,29,275,0.16751952155114402,0.23030931879213903,5.341731437480421,5.080875245309167,0.6265916104834611
45,30,274,0.16654126521977106,0.22719973637186813,4.883411914113788,4.122235719203469,0.6448350202110188
45,31,273,0.16367097781978157,0.22058195820561907,5.196289258934819,4.720189058968291,0.6757751270014022
45,32,272,0.16567870422840947,0.22129005371402757,5.150741165453134,4.605861653194124,0.6710202013370171
45,33,271,0.1628918545284287,0.22668056022369404,5.126260600279034,4.472990353842711,0.6792175664430307
45,34,270,0.16464898002422426,0.22333918947739725,5.208422831978536,4.784549748538196,0.6381225389250309
45,35,269,0.16896376037356717,0.22125026728724717,5.107339102541248,5.065275619198985,0.668751059928837
45,36,268,0.1634946865846358,0.22000500581638663,5.6792025012667295,5.3528635877974535,0.6745954285140752
45,37,267,0.1648358192409941,0.22757496543047478,5.794864481568578,4.812743147436549,0.660023322497577
45,38,266,0.1668271315499504,0.22252424047473565,5.882677546653229,5.122847152284822,0.6702628085903403
45,39,265,0.16186149899870805,0.21761319132719953,5.379023616240801,5.522075657828981,0.6756359014148614
45,40,264,0.16097474067730383,0.21660095779791516,5.512338872795538,5.555641081156824,0.6641955247729269
45,41,263,0.17053957757784308,0.2330692221138143,5.394941673255239,4.270171651908738,0.6502688566461424
45,42,262,0.16732552881028362,0.22854986287665846,5.321679982629791,4.285989855426449,0.6639878779449079
45,43,261,0.1705028258064535,0.22796393835149106,5.296352230423432,4.539616136432074,0.6703243536003282
45,44,260,0.16197689513669528,0.22549845610222125,5.409401910666459,4.644931865236851,0.6646374088312792
45,45,259,0.16427178058205133,0.22242411237340604,4.918090101184298,4.2339978444216895,0.6723221901791
45,46,258,0.16269067188712077,0.22365730621500585,5.01581355941633,4.339296880113698,0.6572892091126175
45,47,257,0.16656677825654764,0.23258812288718228,5.2162535195801905,5.255549089081279,0.6251307018538538
45,48,256,0.17254483934112877,0.23412221039522563,5.138248023531273,4.135852169876445,0.6444395479799268
45,49,255,0.16809013866390415,0.2248339657994957,5.393412532001843,4.830439994327304,0.682180239438719
45,50,254,0.1658846105208163,0.2195641816225621,4.934088296040867,4.631963132841635,0.6676753818868479
45,51,253,0.16667989086770846,0.22859195952934144,4.995574574731484,4.465427459041795,0.6619424417089015
45,52,252,0.17297627396284518,0.22977249797932506,5.4758318626470786,4.512290398470016,0.657518655120039
45,53,251,0.17125273495889776,0.22512115374689537,5.367723790257751,4.641948180017465,0.6739732043877155
45,54,250,0.1729729593548102,0.22686804374941216,5.295871350035123,4.757755557218137,0.6346785418012173
45,55,249,0.17611272546086074,0.2272493729802233,5.593402247180251,5.057139577341853,0.6451624985491826
45,56,248,0.17789306451453632,0.22980301265258565,5.4072616767355335,4.628517178889699,0.6519717167283803
45,57,247,0.17311839708857277,0.224793707818017,5.045483853641876,4.331694815907621,0.6387350982816262
45,58,246,0.1735518489087117,0.2254395754062015,5.361602129578166,4.714037518914898,0.6719009791854017
45,59,245,0.17724717088297298,0.23812524492553763,5.503666086792822,4.484703125605999,0.6411241761981241
45,60,244,0.16957099653793986,0.23092591164601686,5.680335918716642,4.616344862062238,0.6469359535188652
45,61,243,0.1753635332771299,0.23201757228225664,4.9410428299837275,4.882935514003613,0.6637537000181827
45,62,242,0.1752627142059082,0.22853474933468515,5.24099652884785,5.5140194064670105,0.6875685838276184
45,63,241,0.17921188400020174,0.2353222535111961,5.488570227184907,5.440580412500773,0.6395146664150546
45,64,240,0.17366921969023263,0.21586170021813242,5.3560139109219875,4.6166899811581725,0.6834396944352786
45,65,239,0.17276227888947582,0.22398202851810797,5.166560256194317,4.626327364472485,0.6652545152431905
45,66,238,0.17154470190976417,0.22772077443033567,5.422559024483641,4.560581424327485,0.6539699989617385
45,67,237,0.16810439674495029,0.22136255653974757,5.549335177678845,5.515912878688044,0.6601623282375764
45,68,236,0.17634094362765332,0.22783156577161137,5.273958442392637,4.566753083219801,0.6512184674085909
45,69,235,0.1704787546847118,0.2291229529036634,5.099085683825906,5.1144149175935345,0.657549972865176
45,70,234,0.1695334126792694,0.22949263600748965,5.210121034972888,4.461532802396583,0.6389838667396673
45,71,233,0.17102202478159342,0.23318063181931628,5.293419015060681,4.490214526298684,0.6499127572731201
45,72,232,0.16624416526053418,0.228639499820201,5.623563991798694,4.632986097578588,0.6767301490217796
45,73,231,0.17167345545691906,0.23131775857836243,5.628170026798541,5.456199204123497,0.6394663729951062
45,74,230,0.1730194154219806,0.22714179359728628,4.717536119987659,4.5223468420576625,0.6418441709362279
45,75,229,0.18305154263737958,0.22980967582167988,5.436539467235244,5.306706248400811,0.6499491229244546
45,76,228,0.17441765173399512,0.22486360454781673,5.381100918684323,5.138801463736889,0.6746966447358274
45,77,227,0.17343712935805816,0.22718833027899357,5.1478445448219485,4.74816833390599,0.6699306355468785
45,78,226,0.1729088261152471,0.2253876591313607,5.249792495952123,6.0181269899589696,0.6552718971426014
45,79,225,0.17203574376077793,0.2312450793331579,5.44142935254593,4.74432964092438,0.649607526666044
45,80,224,0.1733391671561465,0.22725966544748313,5.772669992648856,5.137065735399502,0.6439681959157759
45,81,223,0.17709683656139982,0.2388381959369062,5.72329228436851,4.7557313315388265,0.6596674726845796
45,82,222,0.174977211965807,0.23565543739238268,4.96244915737159,4.164668849322685,0.6538743936985377
45,83,221,0.1827895067767784,0.2342632905502401,5.298733151526057,4.998701960687886,0.6376616324596841
45,84,220,0.1700463806146451,0.2279962118912352,4.97619291170424,4.117329381554943,0.6697147080178605
45,85,219,0.17367950415691785,0.23259445071377563,4.967554822477036,4.236896631834628,0.6737278963896504
45,86,218,0.18228842943279858,0.2368882791940046,5.176707745179762,4.919115160477179,0.6558339119883855
45,87,217,0.17308606432785373,0.22810313725759446,5.301252675294286,4.598973841794922,0.6597475696448679
45,88,216,0.17467084931218413,0.22594748373852072,4.8636817297118435,3.9115641122681795,0.6501147864838575
45,89,215,0.171641417016382,0.2337571156334415,4.998169812192524,4.317441223187754,0.6437385067470008
45,90,214,0.17534441527090017,0.2269140462029716,5.053233516468344,4.311629740778753,0.6418375245462319
45,91,213,0.18166587043594312,0.23411545400645267,5.403985562069793,5.251229709623094,0.6834622707896143
45,92,212,0.17612221595074984,0.22572402910304176,4.9428088260557885,4.384577864980832,0.6747051674032046
45,93,211,0.17315004810320708,0.2292792845414706,5.14742975827715,4.517171342982564,0.6828948982209055
45,94,210,0.17947191554672826,0.23855573948159667,5.25660317297007,4.8467408821292555,0.6474581559030169
45,95,209,0.18144757364224431,0.23887791457446766,5.318949992990863,4.4109795252759465,0.6273788653559162
45,96,208,0.17716677712947235,0.23160429518041117,5.36769014758392,4.767815537763739,0.6444739390839812
45,97,207,0.18559790229622372,0.2388116551703182,5.126749840911618,5.034349456582884,0.6600144187519537
45,98,206,0.18351009385338357,0.22220683199130603,5.2881249969185795,5.385246885377069,0.6650657171700045
45,99,205,0.18156680915818807,0.22810770803031366,5.3500289005199315,5.0011051157488975,0.661208414117172
45,100,204,0.18501582470425096,0.2355438599199539,5.202265656539361,4.721017940475793,0.656721181234519
45,101,203,0.17645350970692575,0.2252960147998933,5.491585227496417,5.617611174384489,0.654742028133745
45,102,202,0.18056045860921793,0.23761917348973186,5.185541198139717,4.89431566091476,0.6515735978155719
45,103,201,0.17552072033801885,0.2198931831102069,5.190605787490863,4.543085577402579,0.6700818371738001
45,104,200,0.1796559678212862,0.23242923937876905,5.170518370954966,4.494290379746178,0.6587272345294101
45,105,199,0.17751261519498207,0.23295792526817127,5.25200368185156,5.335528705648547,0.6532445075786368
45,106,198,0.17701991883870788,0.22667667038465417,5.068007987733959,4.692723794996873,0.667262588826861
45,107,197,0.17658350016534016,0.23616740086994542,5.007109698122319,4.444176678922912,0.6525221601545844
45,108,196,0.17793534803148048,0.23150015392911322,4.963208221018213,4.551247771599379,0.6669820487487815
45,109,195,0.18141795427262014,0.23774108964800938,5.350963098341625,4.571092981517846,0.6510981836802923
45,110,194,0.17876767790675646,0.23066427531998526,5.6387764627736985,4.538648248060228,0.6501892972709166
45,111,193,0.18779821777776554,0.24080015476972094,5.204207058097281,4.390995906459507,0.6389349937187419
45,112,192,0.18214277197575982,0.23695609302670548,5.032576787451649,4.581954798239458,0.6581167263068222
45,113,191,0.17601227204219905,0.2331625057039409,5.162804140541245,4.705386343901319,0.6392280928550882
45,114,190,0.18521564146624067,0.23600825173367923,5.476789029920084,4.996792671620131,0.6306190508251565
45,115,189,0.18516899287081026,0.24145999023401837,5.024803909261049,4.89968336735795,0.6495366798830059
45,116,188,0.17656258769283414,0.23507755531958865,4.975803960450074,4.220464839771775,0.6479573667175034
45,117,187,0.17617271896289785,0.2304838839847881,5.34063541996392,4.822850522910003,0.6370459578282127
45,118,186,0.18102856477468884,0.23596653311024587,4.934085378864269,4.311323546942603,0.6483682161905305
45,119,185,0.17621868441052055,0.22865815448852456,5.203284242826261,4.547968677063609,0.6657871975974199
45,120,184,0.18285584735444824,0.23516925609299846,5.0127671117960535,4.260243613745271,0.6475273094307736
45,121,183,0.18277472611076073,0.2379132936553527,5.375795159354887,4.636395936224235,0.6532889625324697
45,122,182,0.19267826347350506,0.2534396531286055,5.278372968302682,4.227407556532056,0.612274951085752
45,123,181,0.1981866198738294,0.25487707102167834,4.92824015809213,4.495689332448754,0.578097879798157
45,124,180,0.20333127759231193,0.26711475059151824,4.714489266689874,3.7844940372836873,0.5974171466057779
45,125,179,0.20854381539700023,0.2699016567847715,5.1926588647541045,5.522222413980064,0.5919845216987811
45,126,178,0.20429839489522617,0.2697569173113494,4.8789490701181615,4.197136450268299,0.5786529181478259
45,127,177,0.197681376428784,0.2579818109066949,5.160212526431018,4.481266118419897,0.59289779464805
45,128,176,0.20492853103228928,0.26373653761534477,4.953338996745355,4.578367172256285,0.5605704026084445
45,129,175,0.19443585034724867,0.25323037241002444,5.123574250950292,4.470432351642111,0.6055257115958428
45,130,174,0.20384169872774283,0.2609809062338892,5.361657471740336,4.832481311282452,0.6130525106766941
45,131,173,0.20109368403599853,0.258481218078343,4.673595379938893,4.676613371488182,0.5941269204408252
45,132,172,0.1983201023551318,0.25614892913369747,5.146918108766688,4.317028212278491,0.59092484980378
45,133,171,0.19451003248785884,0.2570301996613171,4.989237009761878,4.144348926114474,0.5807415249638509
45,134,170,0.1952894251000844,0.2540185258524849,5.029027225113223,4.3870656957201195,0.596484690787136
45,135,169,0.1988031871810732,0.2599776796554901,4.927985212314731,4.381523069056547,0.5840052115801246
45,136,168,0.20651928899866667,0.2733494804438926,4.91144697954774,4.7432353432744065,0.5945081097452605
45,137,167,0.20865674899827727,0.2682145528190588,5.136471006973341,4.839760991706433,0.568967269781003
45,138,166,0.19733713266998396,0.2543438110432429,5.30581094368276,4.5260338233196995,0.5855752469683116
45,139,165,0.20518338172807404,0.26755565566129347,4.829797342142466,3.7848592240676435,0.5746885936485147
45,140,164,0.19416792311906464,0.25930581081134396,5.253473099092843,4.645573972720328,0.5954560160676892
45,141,163,0.19932276244612462,0.25961005358852196,5.169601897600765,4.59227718149246,0.5804004330244704
45,142,162,0.19866669163132314,0.25706983205214035,4.7145347038141345,4.023474098254647,0.6082007855071947
45,143,161,0.20020375589912953,0.2654839450769399,5.136147130478103,5.0712887028523665,0.5815578282895921
45,144,160,0.20524879828765766,0.2619984169112306,5.097986878247826,4.605213085346615,0.6152906584219416
45,145,159,0.19893779627901295,0.2652046114619373,4.857300790443675,4.072076752008715,0.5869820157502513
45,146,158,0.20712148346431114,0.2673073108998104,4.910249182389833,4.429412612635014,0.5758113455573036
45,147,157,0.20984291222161244,0.2654543881995577,5.190745920141426,4.2674630670020255,0.5740953436624898
45,148,156,0.20298454167737448,0.26326872085417685,4.727181690736299,4.003457069482146,0.5867486770392458
45,149,155,0.21377920432600162,0.2697361654309566,5.92121155763931,5.626081164998835,0.5796266112408481
45,150,154,0.20321677645388697,0.25755950506732456,5.21776749073437,4.871685011171146,0.5705491883090019
45,151,153,0.2038221382633059,0.25638642939593914,5.303411292819735,4.509684791620326,0.598250243220148
45,152,152,0.20603024885300553,0.25929408491536554,5.217134924863343,4.486987339749744,0.5887581540598433
45,153,151,0.20795091706265087,0.2702216281099027,5.398371512800537,4.482506708169896,0.6000838073694349
45,154,150,0.207756395460168,0.2653556870438072,5.400719077947439,4.336439358908112,0.5853022491744635
45,155,149,0.20226195284703066,0.26362919885115466,5.1632565096540475,5.367451619387678,0.565021662028432
45,156,148,0.212126858526879,0.27130907842109914,5.252479465502936,5.095159642656575,0.589851296325764
45,157,147,0.20917971650772663,0.26576575609178477,5.011647131274962,4.4064356421965565,0.5751347572895303
45,158,146,0.20828192093455258,0.26380089762024717,5.149562782434845,5.102353645524357,0.5583657069203901
45,159,145,0.20052324795765097,0.2614222006600568,4.738065860196938,5.230664567891393,0.5992252917839134
45,160,144,0.20363817034819062,0.2607623540763449,4.678654674077791,4.010207781724167,0.5924224570149721
45,161,143,0.20829464934810615,0.2666205736289176,5.046084218559694,4.610682759749716,0.579679012583438
45,162,142,0.20358334359179017,0.2591587383224033,5.060047870161612,5.096250120189758,0.5973053942583219
45,163,141,0.20802254284656452,0.27037457356344385,4.950706818396609,4.365818881245147,0.5810717063627441
45,164,140,0.21489431841341383,0.27630217647997657,5.1133951940440685,5.740611526970381,0.6026330382332314
45,165,139,0.20494737583128533,0.2691740699526602,5.3278325376937286,4.797668634751156,0.6060399268791675
45,166,138,0.21301344917205228,0.2781308524826493,5.304795657543522,5.064678259879527,0.5816829213700117
45,167,137,0.2134540312159306,0.28290588180862886,5.090593125118151,4.41016232229961,0.5800488512193609
45,168,136,0.20494456407781123,0.2676325658374611,5.4214329940757935,4.4027181766485235,0.5956165836723117
45,169,135,0.21056507903117525,0.2707731728720246,5.483005352946843,5.170304468616637,0.5997811469952996
45,170,134,0.20154132360006757,0.26713429176915643,5.79094141175261,4.8333168387331895,0.5964063976834253
45,171,133,0.20581802570961,0.26991967661291305,5.0859396503523175,4.203498259341855,0.5828778483571924
45,172,132,0.21090556618601677,0.2723610320503277,5.490039342023849,4.995183034980874,0.581309168882917
45,173,131,0.20747874160372723,0.26660032489831015,4.589829093653874,4.312582544943259,0.5812251206819332
45,174,130,0.21083145475090453,0.2733219657416621,5.926329296853884,4.850716606868009,0.6061602986282475
45,175,129,0.2098853924171698,0.26872988411920745,4.769670607587341,4.728569084036815,0.5610753766949079
45,176,128,0.20381068400281452,0.2622118557858329,4.635796647641193,4.017122004049151,0.5903129400085108
45,177,127,0.21063435967247857,0.2745861199262117,5.088816697991712,5.091211041483065,0.5972047389258011
45,178,126,0.2138237657958932,0.27340677073079944,5.40147542917348,4.624632037344603,0.6027638121232642
45,179,125,0.20801355709591976,0.2788591720795172,5.193489870050126,4.322416236071831,0.5658307742581321
45,180,124,0.2095226256094592,0.2721655024296045,5.117753345580122,4.465532038629392,0.5765535775780848
45,181,123,0.21026486409685355,0.26972451088600385,5.202513835743163,5.359341768435223,0.5955449118911175
45,182,122,0.2033484119386541,0.2573587597707614,5.231127469308838,4.643648660517074,0.6104911605329175
45,183,121,0.21471975369694288,0.26995658072356743,4.810417536025596,4.286250878152922,0.5840114974008315
45,184,120,0.20074516944806084,0.25663014615502105,5.011784939048592,4.3728225372731755,0.6271318485327146
45,185,119,0.2104031023654518,0.2670073965819096,5.042422417106926,4.619923739176314,0.5868911278272647
45,186,118,0.21213918727486372,0.275587341612596,5.349187785113915,4.2925197183774175,0.5859602700565644
45,187,117,0.21265021193490452,0.2616758410107576,5.144008552160125,4.516860990950163,0.6017912517609485
45,188,116,0.21616727582606804,0.2707513591032463,4.916922081469484,4.344564236354872,0.5865743093268941
45,189,115,0.21825083622238223,0.28167540131057894,4.5503405014043175,4.478273931432237,0.5640862706162554
45,190,114,0.2059139888062759,0.2646905421223322,5.157684827595844,4.181479717552258,0.5955789860911263
45,191,113,0.21697373992706845,0.27285743834694537,5.251865357706633,4.485886943524758,0.5810475739216784
45,192,112,0.22189301543407164,0.27593023492547636,5.594340715587425,4.6837445937072095,0.5927359485484676
45,193,111,0.21042543239395692,0.26697360756445987,4.754449183268916,4.300413480883427,0.5968853671683287
45,194,110,0.21229399860971665,0.27219867717953805,4.827501172659305,4.349558576495609,0.6101338426503451
45,195,109,0.21647544817450598,0.28004378423929865,5.209184041449352,4.619646522377594,0.5950559289873945
45,196,108,0.21697116804196911,0.2842766542503188,4.58237144276983,4.161815861771736,0.5539787441647367
45,197,107,0.21094085839568547,0.2730470541487267,5.22275005096159,4.862677385971484,0.5859792678401184
45,198,106,0.21464966515746098,0.2653707071844154,5.142132108989955,4.534208273344476,0.5890232540711869
45,199,105,0.22553260047905513,0.28161036959532365,5.4699788932441376,4.322985143265486,0.5701897041194613
45,200,104,0.2174733694987451,0.27771698955675894,4.81140550326042,3.7526163622670095,0.566555648605086
45,201,103,0.22078053601426645,0.2865594745918753,4.853922603242571,4.428554084775131,0.5739543103548875
45,202,102,0.2122944356089401,0.2740626158181056,5.168375952423881,4.89053815212778,0.5865100190800424
45,203,101,0.21191103708287504,0.27428294283291044,4.966357935090325,4.861167690817779,0.5876470250541534
45,204,100,0.21886851880584798,0.2759085823700168,5.064199975146814,4.410979388992446,0.5989735932807014
45,205,99,0.21754761683088553,0.2794597572054327,4.672317904888727,4.057756030073986,0.5691936670932234
45,206,98,0.21998244205200226,0.27970362866939447,5.067560527039449,5.267947841888846,0.5882289669568057
45,207,97,0.21398584715962168,0.280297535179659,5.01942488539412,4.364660319298411,0.5610735949163366
45,208,96,0.2175093186023719,0.27869769117930726,5.303599385455676,4.64060184574533,0.5816262099394843
45,209,95,0.21817258857675056,0.2815109747664242,5.419635387380542,4.740402966182893,0.5950858178345587
45,210,94,0.21499022081198707,0.28298689993475007,4.97820916551092,4.608155918932238,0.5812369768145033
45,211,93,0.22038249160050943,0.27471045545604134,5.217242394137525,4.921746483603057,0.5782764514571135
45,212,92,0.21534888753016415,0.28369855606608047,5.286903773756687,4.803676301985459,0.5743284598481507
45,213,91,0.21744822698968921,0.27976996034908636,5.310593274766056,4.7739358335580295,0.5911550185098637
45,214,90,0.21453884037477913,0.2736991635498822,4.983780013369566,4.471680335751901,0.6051957996427169
45,215,89,0.21906405883275631,0.27174026402409174,5.027848054830253,4.368708305368519,0.58077832559211
45,216,88,0.21909428954050067,0.2727375840659953,5.376988662063772,4.246254801539445,0.5907856703234219
45,217,87,0.21649473390837093,0.27556212396595187,5.245934641885142,4.887091441198991,0.5787648701784943
45,218,86,0.22469809061121743,0.28291718510350805,5.097372978471313,4.082433118981383,0.606934194931004
45,219,85,0.2257492139141858,0.2870242756199145,5.103867609434973,4.15046595424407,0.5991284339556852
45,220,84,0.21977715945349,0.2741314001857153,4.7768122955878045,4.080946209611408,0.5709598070432195
45,221,83,0.2120038186694732,0.271492186107281,5.449866299496092,5.581934215717435,0.596031230816981
45,222,82,0.23110032736091504,0.288081701915988,5.743432968898125,5.094992499992716,0.579943332629985
45,223,81,0.22112791450744687,0.2775577966528994,5.054169649217249,4.224359219153439,0.5921103487946789
45,224,80,0.2212670244033152,0.27607860077026136,5.244925500981451,5.261465724233768,0.5698511792031218
45,225,79,0.2205377302214616,0.2802881897927542,4.596583605447339,3.7004504564749725,0.5733068900238084
45,226,78,0.22421325440735976,0.2800892669577375,5.5468571391821815,5.065882669276398,0.5756243050500681
45,227,77,0.22747114027566026,0.28424503416004443,5.2125922629297285,5.626538864071879,0.583373975777495
45,228,76,0.22575513602252664,0.2856539045853787,5.023152488343591,4.463942721709295,0.573736170269779
45,229,75,0.2108697913523199,0.2679304590635294,5.311447241653431,4.529422730511817,0.6122292846471366
45,230,74,0.2241490901353171,0.276494531675332,5.202871162976637,4.703642967713888,0.58523660262783
45,231,73,0.2246194888215181,0.2872421331106781,4.919605687861594,4.343188731093241,0.5806917256999563
45,232,72,0.226197978220513,0.28620741262003957,5.62991614291219,5.382755216268869,0.5683705962633754
45,233,71,0.2200978319287,0.27851409580222414,5.151448745862405,4.3015068203610225,0.5976112898532948
45,234,70,0.21475476916422284,0.2711510746063446,4.656349570307905,4.3181273551840444,0.5869723636080544
45,235,69,0.2231605874763442,0.2823677118334309,5.040881380188051,4.6761887057286735,0.5824638489714279
45,236,68,0.22773209467154254,0.28034493128080384,4.968263449692644,4.139599835915745,0.5694139865668499
45,237,67,0.23051209817515558,0.28532565276962013,5.417292060283863,4.589794777697347,0.5595186597613877
45,238,66,0.22517327423367545,0.2765558011081291,4.912731945510875,4.204323064911573,0.5862068438840276
45,239,65,0.22477256117045685,0.2789275558637503,5.040577885487033,4.46850333266977,0.5729737767514493
45,240,64,0.23075297961737168,0.2856235606234655,4.755892637528749,4.18445722193689,0.5948470447489924
45,241,63,0.23065858320432459,0.2811512639570744,5.097690461445723,4.487531370953382,0.5879957072146685
45,242,62,0.2338650296090907,0.2803069060633047,4.946166108478588,4.074250240908233,0.5827847105985147
45,243,61,0.22847169149640675,0.2781386900752995,4.8571272000732275,4.387067183015538,0.5702414316371693
45,244,60,0.27021904371635347,0.32545381145970614,4.51110412387435,3.756689301643196,0.46492922648178336
45,245,59,0.23700776048479727,0.28750363580030325,4.6316640413367285,4.05241058501557,0.5520654699888959
45,246,58,0.24399371827191688,0.29380342198481835,5.106370107392705,4.500716730337839,0.5463602568757708
45,247,57,0.2715517915724663,0.3224660154421194,4.601701935099073,4.292246572616943,0.4955807291126446
45,248,56,0.2563311223800822,0.3184122405960792,4.7139168993852465,3.9809266351077572,0.5162259381755869
45,249,55,0.25948148767635,0.31706646684984685,5.111786638788596,4.453057673717133,0.5114661559098449
45,250,54,0.2625283107206644,0.312998651504922,4.981382345011678,4.192542596760812,0.5078688323827597
45,251,53,0.2610142324691645,0.32310496504702696,4.64998422950022,4.00254001149965,0.5130458854690864
45,252,52,0.2674851207127273,0.3312579268552135,4.561299471972605,4.1041875422218865,0.49458247607271566
45,253,51,0.23377231022191686,0.2943678117369349,5.038820981262382,4.516431290405913,0.535383502937928
45,254,50,0.24706823984823956,0.31157109446709147,4.723641573132079,3.9855178438806527,0.5216800683794176
45,255,49,0.2658979284914163,0.33271486830828717,4.539077898684878,4.216647716309194,0.4911485930414708
45,256,48,0.2509776267355972,0.3132183086183146,4.98780653366313,4.7452860877638185,0.5295693349120679
45,257,47,0.24749115376597433,0.30338272468281496,5.076603272102308,4.500309107207045,0.5220827750990317
45,258,46,0.2597767321976868,0.32642216116057926,4.871950042008404,4.5499869019184676,0.5254528627384198
45,259,45,0.2589809760453059,0.3163977943441481,4.73302233330911,4.317382049327792,0.5031377656375163
45,260,44,0.26057307455494993,0.32062093057585445,4.51628701477766,4.365866671403159,0.5181672360330699
45,261,43,0.24413665712613664,0.2999762585822093,5.10588767197229,4.423481117811766,0.5494818690548854
45,262,42,0.2599108101749619,0.3199306255949196,4.871566083231753,3.9503124996059693,0.5015454611611346
45,263,41,0.2607787748331573,0.31230374838479463,5.013992547824583,4.154942437135096,0.5120701072827645
45,264,40,0.25007225998003313,0.30590277195051074,4.674189018060353,4.125260722542312,0.5216859052749012
45,265,39,0.2620966568118505,0.3276113515635169,5.109512664207725,3.9692295971934395,0.49058787548916766
45,266,38,0.23386270460614317,0.2939599672293801,4.882614698868293,3.807443995976827,0.5532610434434425
45,267,37,0.23983983078790053,0.30349567288194146,5.126389491572996,4.594338510135693,0.5499152570140676
45,268,36,0.23648522633139168,0.30393181273632297,4.676899342945337,4.242806240360703,0.5624751754641518
45,269,35,0.242163809164025,0.30839597908496913,5.1853369218120235,4.645040101867062,0.5532376854106534
45,270,34,0.24581511894388375,0.315464227849914,5.0002556282287225,3.9881006576242233,0.5312812498850811
45,271,33,0.25438423267408067,0.3285574216388996,4.607784361978079,3.861291531020567,0.503155049146109
45,272,32,0.269787497974029,0.3377467902292777,5.180689728841299,4.460313264482817,0.5032450909810401
45,273,31,0.25874528579421663,0.32788769650024086,4.748395551601884,4.688521242005274,0.5168455173454489
45,274,30,0.2540001294330066,0.3153412068230208,4.8423125012405785,4.420355985484424,0.5111012827063219
45,275,29,0.2681338619950693,0.32818121363933944,4.514372823068624,3.9585330094114104,0.5022969986181743
45,276,28,0.25238589925788885,0.31375341784044397,5.10485465820284,4.363400810432144,0.5192175818042516
45,277,27,0.259958877177836,0.33003017594438555,4.914512824331427,4.159229592557973,0.5186613923669452
45,278,26,0.24945421490274947,0.31605406566189403,4.662739026726335,4.0468917778955245,0.5137571270745217
45,279,25,0.27279556493970647,0.3307575749813858,4.6107401025354395,4.274832479970728,0.486543809207532
45,280,24,0.26128142033705865,0.3285516887758811,4.543679300236905,4.002422886498938,0.516523879909022
45,281,23,0.2649511199709216,0.33209525055245975,4.871112464191859,4.337466443671639,0.5263376834427806
45,282,22,0.2561693618167843,0.32077936253328027,5.2446911023630784,5.001187229983567,0.5220247536433822
45,283,21,0.2700379646934935,0.3369007095137236,5.095395596320107,4.269462927216542,0.4985418898797488
45,284,20,0.24391001379933294,0.3008402552307009,4.783419765565681,4.715073604111005,0.5372989889798101
45,285,19,0.2455719341330625,0.3117390113197714,5.290509899379613,4.450660635618029,0.5477924643345952
45,286,18,0.25838948921307153,0.32506066109262016,5.041993840752242,4.2572859555188876,0.5362921181895157
45,287,17,0.23966559998201556,0.30654710120594414,5.104979045380119,5.118416207909832,0.5622414567120708
45,288,16,0.2567778643049141,0.3296152011557628,5.058073158416276,4.320383690077989,0.5158978688254602
45,289,15,0.26558057060915025,0.3392026708141299,4.533679093869228,4.2345196297138,0.49442813357044996
45,290,14,0.2456620231591375,0.3162342111324899,4.937238497328391,4.36762765836153,0.532910937565846
45,291,13,0.2545489958387557,0.32813054598598035,4.865843735278981,5.135026796665542,0.5285767545673186
45,292,12,0.2679697321914376,0.3327960113534958,4.5894153935314765,4.306619521768791,0.501031405319778
45,293,11,0.25223099246941016,0.31195562126778187,4.691709805854589,4.06304075197634,0.5542923163096132
45,294,10,0.2538999363292201,0.3151825318918189,4.683931506097181,3.999900385807265,0.5284295362447355
45,295,9,0.25422639409893844,0.31495201487216307,5.172187950535206,4.353088286167282,0.5278412524846385
45,296,8,0.2472128131715531,0.3108138509923771,5.034153152015457,5.244311494188294,0.5506849436654522
45,297,7,0.24296593042219897,0.3112062388515269,4.849953813739005,4.305921731358139,0.5280599229120355
45,298,6,0.26053466329246144,0.3218857964128448,4.563771888235694,4.539524746305228,0.5397494662654913
45,299,5,0.25705229603884494,0.3224342649555801,4.459082549416806,4.424466122563706,0.5284384550005903
45,300,4,0.26576890703617856,0.3231627615882195,5.078983394853498,4.295823077095674,0.5403308904178908
45,301,3,0.2633365424283637,0.32893900028290957,5.142034227591145,4.483866644431699,0.5217060552354287
45,302,2,0.25892364533094103,0.31271711376573863,4.7818941196058855,4.448843192667158,0.5406864115870964
45,303,1,0.2668486097606862,0.3276128792305046,4.617719254410091,3.9859136735017566,0.520562877818538
45,304,0,0.2643336638421056,0.32154652773753817,5.019379952277568,4.434557004144726,0.5177972976301677
46,1,213,0.16104212740944104,0.21237959789295474,4.980455355109701,4.8050961326226345,0.6524183704446415
46,2,212,0.1626294966063504,0.21343260143985135,5.478251874285979,4.819993587498983,0.6627293737836066
46,3,211,0.16405232512181891,0.21420980044912577,5.290423152616238,4.518655177053704,0.6711854057542073
46,4,210,0.16815785571969338,0.21748617994464645,5.537106122051391,4.919798802554024,0.6687793127685954
46,5,209,0.16517765437234042,0.21419372610705295,5.073394014550122,4.854278765168529,0.6670036902981817
46,6,208,0.16974410269706275,0.22035302616441327,5.733457926569333,4.694467284527637,0.6602210025046853
46,7,207,0.16402660288059848,0.21359649509208878,5.1852821425514195,4.355533686816964,0.6522245375589977
46,8,206,0.1654027234272016,0.21668250998137634,5.233104749352625,4.663487268888343,0.6780362272014743
46,9,205,0.16713159978541337,0.2208987920457244,5.198540146171485,4.407684827172472,0.6757336084581516
46,10,204,0.15994212222545115,0.21280947642233103,5.470670972614888,4.5775543465884825,0.6425046554989051
46,11,203,0.1599562134265152,0.21360150086642604,4.891707953136333,4.180399567805867,0.6761239914589378
46,12,202,0.16471857909092416,0.21951110808029342,5.539333930667869,5.1749943744721305,0.6683948989202096
46,13,201,0.16124238896430598,0.21492427081047702,5.62341001832424,4.638581169332951,0.6873136667589143
46,14,200,0.16129345898935482,0.215136431427003,5.171581027218409,4.719460081758351,0.6735962721111
46,15,199,0.16532288040766255,0.22237494966063473,5.080860913046999,4.903066541781007,0.6483363654494015
46,16,198,0.15794775542556505,0.21222088871059053,4.958064248051596,4.543809472989306,0.6654313536717207
46,17,197,0.167905700582691,0.22407885235012723,5.603366646302648,4.743539479621,0.6690367537010824
46,18,196,0.1706571086597095,0.22839372160378385,5.267602310456292,4.338231549270713,0.650932270652157
46,19,195,0.16164710738586796,0.21545796633211833,5.469725349493441,4.950214616522805,0.6598130999619898
46,20,194,0.16507355361739498,0.22001301102886314,5.376215798229884,4.371429392632629,0.6616101675914449
46,21,193,0.16287935189296815,0.21883039975367008,5.316161796221802,4.327117410693922,0.6604924494910267
46,22,192,0.15847455361085552,0.21261918898408408,4.9830171134410035,3.7221853135792755,0.652750697202268
46,23,191,0.1630161753935223,0.22037415527622556,5.8543240156725815,5.431776763815718,0.6760332022703829
46,24,190,0.17077337252610011,0.23114752383387976,4.876847197909386,4.204917974088337,0.6462261880912824
46,25,189,0.16866938341375168,0.22754322843791772,4.797293140656249,4.004127937943842,0.6739881221357443
46,26,188,0.164433050646011,0.22345915141222944,5.528763030007017,5.013359058677562,0.6574812218129764
46,27,187,0.16521675173663844,0.22563493158613376,5.253494785598348,4.793136613583283,0.6854132186478298
46,28,186,0.16388504869559023,0.22508205054691283,5.750977333478859,5.236895146140564,0.6602496460223845
46,29,185,0.1636539194874222,0.21929573887857887,5.0340228883505205,4.788047582413252,0.6718560805019643
46,30,184,0.164240580293719,0.21824363251483317,5.26559066871605,4.447317969973081,0.6633183896534107
46,31,183,0.16508082099779822,0.21901353885363134,5.326982771774299,4.974022591460265,0.6445994339643061
46,32,182,0.16434750251659266,0.21587773357298812,5.256068485270992,4.474663953977322,0.6940663264264938
46,33,181,0.1648722849536313,0.2165945558333743,5.601052412035768,4.641102642481678,0.6732584589813176
46,34,180,0.16775581723701724,0.22137272344588424,5.169412790839609,5.027771847752799,0.6797516520927809
46,35,179,0.17042314816962092,0.2233997963496932,5.3115993424429035,4.698157615565082,0.6488448927877344
46,36,178,0.17191840516950554,0.22683250238151775,5.172225375245343,4.535592157514096,0.6588105963291837
46,37,177,0.16633004285072378,0.21988347675808154,4.956478770208653,4.049503405094485,0.6549259846888316
46,38,176,0.16591905245456623,0.22082931435446684,5.439692326664819,5.440258447830229,0.6693254270077209
46,39,175,0.1627446200544047,0.21717790734653739,5.2341553354130355,5.507096801285833,0.6364848498327056
46,40,174,0.16656468074347103,0.2189460964811844,5.278184350303897,4.3508730140387355,0.6848504996527315
46,41,173,0.16706376538615272,0.2206690785936331,4.834118402587951,4.444438470745698,0.6521939050853695
46,42,172,0.16449799943513746,0.22019246830320824,5.233326296877964,5.394329412795989,0.6595102115490523
46,43,171,0.1719292589298228,0.22895488151486643,5.0296883348210155,4.6800389296973295,0.6582783596090669
46,44,170,0.16563733782155315,0.2193561450218966,5.261583139385436,4.6141185998216265,0.6622601788546102
46,45,169,0.16807097050086986,0.22100787674583,5.48891209813077,4.811920310573278,0.6822969161487386
46,46,168,0.17470520526005395,0.23120471944802268,5.294034946812719,4.614735308953492,0.6699391211042752
46,47,167,0.16654575800280616,0.22297108655794637,5.248060035359503,4.105101398058974,0.6839094709608298
46,48,166,0.16637500081995826,0.224027696880023,5.122348382323054,4.858200626457813,0.6503883416427014
46,49,165,0.16762189004190264,0.22145060206997347,4.807379238763389,4.248528894878245,0.6635518002684708
46,50,164,0.1748444040802595,0.2323605983978344,5.145692766140954,4.348454389953323,0.6391240509972618
46,51,163,0.169513234133438,0.22263073042007692,5.7947406287546,5.1453487669450935,0.6667055551494655
46,52,162,0.1761030664333506,0.22966172348361363,4.997796984975036,4.163230375913785,0.6537067588357043
46,53,161,0.17025031866110563,0.2214560002724621,5.260569559158348,4.422236447954882,0.6747996496883677
46,54,160,0.16800544099224696,0.2202229093502234,5.214685445584963,4.8931139761603495,0.6659321664625583
46,55,159,0.16756964496319515,0.21901924222763805,5.279295265380403,4.686099150795575,0.6675640943664578
46,56,158,0.17564831604907824,0.23132129303406435,5.679203302642264,5.10232017963779,0.6686930110625916
46,57,157,0.1724590812951326,0.22722718389566113,5.596047297682387,5.024671335494672,0.6506715072350555
46,58,156,0.16860994442635688,0.22039809815764128,5.1500749396028365,5.005395029885279,0.6621624352705595
46,59,155,0.17029209690726071,0.22257504384653717,5.285308593557755,4.39896354348734,0.6488168548744059
46,60,154,0.1715405957060041,0.22309211150562983,5.225181279729931,4.892872083609085,0.6769879082608141
46,61,153,0.1744340542668184,0.22797731280730493,5.100258987290177,4.423702883226345,0.6681032902115549
46,62,152,0.17086312871544512,0.22313051663612962,5.538126110824768,5.593851469952673,0.6686098725758356
46,63,151,0.17153080117276945,0.2244134063945844,5.034022245126799,4.44705797864832,0.6336023978297778
46,64,150,0.17465504732484222,0.2263920400856994,5.168784799349458,4.41067326344322,0.6563709311393336
46,65,149,0.17186057055520085,0.22437547004610742,5.493716535178888,4.986084045133445,0.6645061023102966
46,66,148,0.17250878957267127,0.22551055427909836,5.320850368838008,5.037849197958946,0.6666305445258391
46,67,147,0.17427178275326008,0.22942958975557498,5.073936456922912,4.9737511372268886,0.6529539713846344
46,68,146,0.17204542583015167,0.22457472458192435,4.826402922903075,5.116331285718118,0.6457176657520657
46,69,145,0.1688451013859636,0.21870581712691048,4.817407851926922,4.268287649146829,0.6456327743746696
46,70,144,0.17493597398555163,0.22906278886546444,5.376601703033785,4.47560775537856,0.6823430838203188
46,71,143,0.1723590228590383,0.2249708765249732,5.2547129994545845,5.096556704119079,0.6702625386836115
46,72,142,0.17746743616551175,0.2297576364867915,5.3308365943939515,4.537470639775723,0.6470375527287833
46,73,141,0.17619112575533788,0.22723651265119932,5.223339581914386,4.458952167843911,0.6578979646854877
46,74,140,0.17611547836046626,0.22584045115978,5.39747001044528,4.934128896249382,0.6496291607335195
46,75,139,0.1758557775336997,0.22461054581092266,5.445746434337444,4.497029601449059,0.669254080968768
46,76,138,0.173852041514909,0.22180859546315865,5.514317988923411,5.263547884470277,0.6502695365690445
46,77,137,0.17850238796350665,0.22858546243400296,5.42817366720481,4.7384794033283955,0.6464786576514665
46,78,136,0.17250443550636194,0.22253514147699638,5.733268664453055,4.807770833308536,0.6616191691532797
46,79,135,0.17798774236918016,0.22932852193944217,5.469079786727399,4.40679440135911,0.6476080848161081
46,80,134,0.17370439018155187,0.2247931644070023,5.036574233378925,4.913207952778973,0.6421081806838154
46,81,133,0.17382419464710283,0.22543511799497204,5.414369613624673,4.662699752688713,0.6580503535927913
46,82,132,0.17610642697216775,0.22829352668415412,5.107888620535121,4.988591629027693,0.6460684224774553
46,83,131,0.17538098399306812,0.2251767642836763,4.919390050130897,4.285911434647993,0.6372116004220951
46,84,130,0.1798199518184135,0.23301609304994225,5.530233790258863,4.673623723508514,0.6583873225647822
46,85,129,0.17315867828247578,0.22249825864576023,5.000913927470885,4.289528838214143,0.6371934465054939
46,86,128,0.1886674489270965,0.2426848042038849,4.8656121006698445,4.801859387834747,0.5821170119734338
46,87,127,0.194994334158736,0.2494560076832649,4.585620091776512,4.090526453997295,0.5845502271508202
46,88,126,0.18982954281325612,0.244364620217456,4.865118094279206,4.216310116454695,0.5945239467730766
46,89,125,0.18884330920072664,0.24537601522004698,5.244053150446987,4.189945330944704,0.6072464310696707
46,90,124,0.19002312178932823,0.24598391402618944,5.2401719922189995,4.322536353900736,0.5946296815754144
46,91,123,0.19692576321065539,0.25461757285824005,5.311882252415797,4.593347070836981,0.592198613001102
46,92,122,0.19345279142818364,0.24981719510196126,5.560761253793363,4.793066215592699,0.5901701116029152
46,93,121,0.19300531885337796,0.24943503555731025,5.285384406620974,4.357049174624467,0.6072617962237155
46,94,120,0.19405864074648232,0.2525496720112583,5.353743241821,5.233457208516402,0.5938261490512725
46,95,119,0.19646863553243812,0.2538369356404668,5.250956506646659,4.7415574598689485,0.588573215938467
46,96,118,0.19508262103878243,0.2509210051844143,4.929642583428917,4.3690594159531315,0.6018911582719281
46,97,117,0.18763938016360152,0.2441283806001254,5.01551375631359,4.513419419198634,0.6278624448068972
46,98,116,0.18916326568265734,0.2435181288235064,5.224643317899201,4.694032011878954,0.5888433988541327
46,99,115,0.19733814744945966,0.2548363684841308,5.051350903837816,4.408079590097768,0.6013745282048834
46,100,114,0.19466069187276866,0.2545426693596012,5.218681391293945,4.724078525178154,0.5766387572262317
46,101,113,0.19474994389707773,0.25614802812746973,4.667303182165236,4.789989263821657,0.609548621923568
46,102,112,0.1971064393376116,0.2583932502303797,5.423469009254541,5.1339347439655025,0.5763337880919805
46,103,111,0.1928655747567913,0.25468507626184705,5.075610045143755,4.702069012330696,0.5809653349992192
46,104,110,0.19147509624070358,0.25538748391324956,4.32239349057577,3.9268355803041124,0.5702867722330437
46,105,109,0.1984193456795571,0.26579381109052086,4.964099441678686,4.7022666943546225,0.5970126798631628
46,106,108,0.1904811921844773,0.25528475507977655,5.640919823177089,5.2066746573733775,0.5909454577692825
46,107,107,0.19386426176226096,0.2574362433149287,4.542670815139307,4.611789608008294,0.5689682605484266
46,108,106,0.19501233863038137,0.25539198835002697,5.47887995847084,6.15321081890266,0.5905914068918409
46,109,105,0.1958088768592741,0.25655093702934345,4.810634640505771,4.658209001502594,0.5950978262951054
46,110,104,0.19546852066782106,0.2589360011250318,4.706084792514959,4.227614840716285,0.5739323667961244
46,111,103,0.1922643960449087,0.2572027051503615,4.644413932078512,4.531093909333034,0.5571733815372426
46,112,102,0.1918972266062543,0.2549493550622434,5.161727393550152,4.44153193485362,0.5955617247965064
46,113,101,0.19215244546264645,0.2564390871804832,5.216348064215608,5.115753745844392,0.5972062834916246
46,114,100,0.19125247154829908,0.2611086754372912,4.990529192407067,4.528165861479208,0.6042657142716282
46,115,99,0.19203553188576836,0.25877166434110715,4.896457503640093,4.361264468142647,0.589330526185295
46,116,98,0.19312545745549803,0.2617886117273044,4.975808419974795,5.08860246939076,0.572350166091685
46,117,97,0.19561662875547367,0.26273963841863207,5.05842572299538,4.485395715557357,0.6015158445279164
46,118,96,0.1950409191749881,0.25915129714097823,5.351140870001669,4.48406026767268,0.5849205664389979
46,119,95,0.19153257965689185,0.2552026292773285,5.069967850906301,4.903211477015222,0.5943343937462326
46,120,94,0.19749064187160248,0.2624605785835353,5.536088517921073,4.970875666413632,0.5817394666605779
46,121,93,0.19098208247054765,0.25516200137081074,5.103166706800364,4.785251250652523,0.5966319149504037
46,122,92,0.19020070784785026,0.25110398526320443,4.71259972804621,4.173307879988638,0.5845445658086845
46,123,91,0.19560581652282266,0.2595061834390825,5.121133546331791,4.328665985355499,0.5648955202781903
46,124,90,0.1911724314831728,0.2549474922248802,5.465495627429233,4.932933134649208,0.5854680435564968
46,125,89,0.19288348680451162,0.26220073591368,5.3785850015545416,4.7679630906736055,0.5810168795958597
46,126,88,0.1972147777907842,0.2656831015114519,5.031669383216414,5.057494468430657,0.5871252393408452
46,127,87,0.19181891853587998,0.2552394849747103,4.735700204457409,4.0638552103737,0.5896342453823343
46,128,86,0.18983190386907053,0.2529530910202695,4.799938281926291,4.140550926496477,0.5634729906977045
46,129,85,0.19068221621891432,0.25598855358128875,5.21110095564101,4.995208369915254,0.599524457082874
46,130,84,0.20098000581894931,0.26878021070120267,5.607029575760695,4.812799788144925,0.5857006672593902
46,131,83,0.20511144210131924,0.27257575317909044,5.515624409964836,5.479836072669929,0.5831504990869436
46,132,82,0.18890731194399382,0.2528469133876099,4.867119244148887,4.78950407171888,0.5599508482533682
46,133,81,0.20144206398983597,0.2677673524486646,4.9904799081461375,4.228760521584283,0.5895147301974093
46,134,80,0.2024967538088482,0.27106613518981826,4.875188958847049,3.9814581500404564,0.5724395514600877
46,135,79,0.1989245873468014,0.26653940303286966,4.862980733898466,4.08394353328987,0.5902156345840461
46,136,78,0.19575747526814707,0.259254020238995,5.482067633739751,4.847462176028695,0.5992778357400763
46,137,77,0.194206706843764,0.25764714091878593,5.588450044879555,4.510567604085044,0.6034560833372449
46,138,76,0.20041161229306417,0.2644420480845272,4.92435453391743,4.388635853112103,0.5924385427513161
46,139,75,0.19532034443638463,0.25782560069306915,5.166430125509774,4.8379382779590046,0.5701610014772001
46,140,74,0.20406719951892985,0.2711050188912665,4.471703951766004,3.931454343955474,0.5752593290511343
46,141,73,0.2024538498612825,0.267661619737899,5.156326737064832,5.559741065024058,0.5913418515983467
46,142,72,0.19550325411662298,0.2577849128578994,4.665903821094961,4.170599541566812,0.5850567980839432
46,143,71,0.19826583438432868,0.26229747146718835,5.0572863436560915,4.334014424638701,0.5744466874602204
46,144,70,0.1964109801924205,0.2590511690636896,5.338251152254761,4.822156923496407,0.5934544229117827
46,145,69,0.20455022764339365,0.27012121604901423,4.638862150850834,4.292428287268452,0.5604301370802753
46,146,68,0.1970806877706504,0.26435735927024295,4.596492930559605,4.369707260789942,0.5942304638782799
46,147,67,0.20203741308214723,0.27061494018352833,5.146905575740993,5.477851487314936,0.5659995381881456
46,148,66,0.20274999435381608,0.2684688008903619,4.838596431595191,4.503780708550695,0.5760111603201964
46,149,65,0.20190895791138924,0.2673604075227464,5.489642307581715,4.447480099482957,0.5843270192108148
46,150,64,0.20525078943413402,0.2704755406350974,4.937397781594296,4.49198830617511,0.5561509525559512
46,151,63,0.21203778750033533,0.27565653591910366,5.328422973565884,4.397307804702691,0.5710786272000071
46,152,62,0.20354579057684155,0.26379945513302866,4.553316327607849,3.9321590176545675,0.5824676978585855
46,153,61,0.19532356121645886,0.25463888617630565,5.148360112231009,4.708103352939798,0.6212650902094092
46,154,60,0.20400427983423383,0.2656002070173641,5.373938197590002,4.651354592403091,0.5787247802559066
46,155,59,0.20727895673443872,0.2724916165810736,4.7486627266634205,3.7586632945941627,0.5874512765740074
46,156,58,0.20286391886675617,0.26695368620293336,4.582164837832568,4.480120734125136,0.5817213603057795
46,157,57,0.20211735292328367,0.26679872355826006,5.774156329891253,5.802244497257784,0.6064432133169636
46,158,56,0.20408344443665363,0.26825383360196525,5.624305275209783,5.136250529059952,0.579409571871051
46,159,55,0.21011111414009992,0.27242062293726105,4.677078929042308,3.911551584930306,0.5659088031423227
46,160,54,0.20040124579670582,0.2591393247371375,4.845471787010197,3.9554523486518423,0.5841897622378431
46,161,53,0.20282283553112887,0.26357122176171405,4.96139035790592,4.937245615591666,0.5990206297275084
46,162,52,0.19804836794533393,0.2550525961957691,4.889145058362949,5.253265303352052,0.5931385141392618
46,163,51,0.19891956937931268,0.2559233028446079,5.366746478085166,4.407539033323127,0.5934316352463749
46,164,50,0.21217726308779258,0.2735466059077505,5.5612762882230085,4.730543758303791,0.5902842229191316
46,165,49,0.21427603529603123,0.27656664954689936,5.16042794206469,4.565166433140586,0.5733741454512893
46,166,48,0.2020383603476629,0.2566563826797797,4.797702752782469,4.672190752142888,0.5628459964195119
46,167,47,0.21154430404082117,0.2685437752209699,5.233628045798999,4.9221738788229175,0.5835363010415091
46,168,46,0.2082719499787031,0.26273991301706323,5.3785954505389935,4.437940641369804,0.5953178455787206
46,169,45,0.20639366356242825,0.2619738349007383,5.104909865994438,4.644417030368745,0.5691567372785121
46,170,44,0.2080720905232594,0.26271972926297127,4.903632556571829,4.657396662708843,0.5983386668406675
46,171,43,0.20861987282059646,0.2648776235094853,4.617113172418807,3.9551139543116793,0.5608359001733726
46,172,42,0.22721682307890773,0.29068338410160643,4.868297591246748,4.836521690210647,0.5318321563328079
46,173,41,0.22004648132475768,0.28137447649391295,4.30157962913314,3.801341486271186,0.536528148037996
46,174,40,0.22539344411038398,0.28758593983305186,5.036662695258499,4.285644332509401,0.5441868759668212
46,175,39,0.2421386079546856,0.3082534152779197,5.556651023323263,5.031542696244932,0.5349604993016124
46,176,38,0.2202032754184772,0.28032748311535355,4.958847138488259,4.56036331948335,0.5376374074811799
46,177,37,0.2178535429067744,0.27808009845334497,5.093610257198659,4.1795061995155,0.5535090426169033
46,178,36,0.2216319926746326,0.2811279573367945,5.199274187118029,4.358790387769971,0.5483142981222618
46,179,35,0.22310070673185706,0.283364566444749,4.875649166018343,5.316997726292933,0.5483287916258601
46,180,34,0.24073378293475023,0.30596557050945317,5.125873168704148,3.8785856504993057,0.5003758769123254
46,181,33,0.22365723739783333,0.2831154658744586,5.1321684739860665,4.852419374940502,0.5590214004093879
46,182,32,0.23508706998705603,0.2945686178724984,4.426819081706025,3.996601296926461,0.5131159119871255
46,183,31,0.2426207211756328,0.3064684735862093,5.114034713958285,4.49577481204544,0.5022538492398966
46,184,30,0.23615571885346928,0.29636613492522806,4.932148811942245,3.805385385544528,0.5276857976915956
46,185,29,0.2430144569596428,0.30883293656122374,5.32649696367432,4.334640351787993,0.5106836042478884
46,186,28,0.23612479032067263,0.3000718730412806,4.938245335089217,4.857585846691713,0.5323626070517472
46,187,27,0.2337818963438039,0.2990464797343148,5.5560563517462604,5.363882348280652,0.5145906234888393
46,188,26,0.2233123205120228,0.2897134823420858,5.31875022029835,4.722256834357212,0.5457432933747075
46,189,25,0.22742389734115445,0.2953963914561985,4.581863980365053,4.567191469442006,0.5248905767486587
46,190,24,0.236198205462508,0.3058032701078711,5.074417561045836,4.628595349437284,0.508095895362083
46,191,23,0.2233219565883267,0.2904773037203989,4.784501120292571,4.3368608043311605,0.5419108020885236
46,192,22,0.2294041767709683,0.3012592534153448,4.77972241761658,4.1872406069642825,0.5111383302050846
46,193,21,0.23498515881915163,0.30896459189151937,5.1929318705361585,4.728508840722224,0.49133869966577165
46,194,20,0.2220254870289493,0.28971949602705815,4.899038587938055,4.193892328844025,0.5355485902274925
46,195,19,0.23290168239736067,0.28755690426265157,4.6287486507405955,4.108496562081815,0.5368375205960234
46,196,18,0.23062765201738952,0.28509394296242757,4.878721060492578,4.8054800931043715,0.5672813290879553
46,197,17,0.23164518313011234,0.28862241949440565,4.720873356500115,4.228849008951789,0.5444645339957979
46,198,16,0.23593797633663768,0.2923479116335407,5.051058876327945,4.755140731305562,0.5395240565207158
46,199,15,0.23586604121860708,0.29111828608084284,4.902077520062257,4.281518687443501,0.5458510992759863
46,200,14,0.23614620547997003,0.29107486134565774,5.041031236548714,5.105371424598616,0.511938919214158
46,201,13,0.23551735816542232,0.2879860155493187,5.4270452026775535,4.528494349715712,0.5470504001194256
46,202,12,0.22588267339191967,0.2772394108551902,4.949247796476721,4.158287221550216,0.578864026547547
46,203,11,0.24656302503470867,0.3061244014577222,4.495802789242151,3.962432147406745,0.5092989416208777
46,204,10,0.22921441365157244,0.28484487104746575,4.93261145647859,5.1273128980984355,0.5443185801709857
46,205,9,0.24408443478158043,0.3052385457721149,4.719606840564367,4.491656499254178,0.5327974980141347
46,206,8,0.2384888656011501,0.30177384023728915,4.332686386564088,4.051128305933624,0.500851134543237
46,207,7,0.2228816150390572,0.2807772909723844,5.38163399152664,4.869547557008173,0.5507312464667357
46,208,6,0.23522192113012838,0.29269773912768715,5.24889927261348,4.881211534989245,0.5320235125426668
46,209,5,0.24578184348858917,0.3108089752958905,4.9951714071869,4.500546346858665,0.5079176924669166
46,210,4,0.23190535695384357,0.29124650166029004,4.815705474000941,3.887615878368784,0.5504755771922957
46,211,3,0.23894510706891003,0.296755174240007,4.934065779513484,4.128389924080473,0.5264999461912924
46,212,2,0.23584847122522687,0.2896996212369266,4.65106019023254,3.8394247240441195,0.5323818723735232
46,213,1,0.23405506615067198,0.2882533469576965,4.539395047466851,4.176511444202834,0.5308498209542815
46,214,0,0.23104309635565076,0.28583222131218317,4.42060062009433,3.591457690724298,0.5418412069476041
48,1,195,0.15797246090203806,0.218802503722887,5.428360120718953,5.807638179340683,0.6417213875309896
48,2,194,0.16429326824758386,0.2196064929092078,5.540205848002181,4.455982910854404,0.6512332802572025
48,3,193,0.15732828157405057,0.21960685568778218,5.3814799077906885,4.572100217178358,0.657556016515605
48,4,192,0.1631661930325403,0.22728466984681003,5.168850764926601,4.373275147832629,0.6814115293346764
48,5,191,0.16171086524878164,0.23439861311442978,5.086162310421696,3.9259814159730357,0.6631729066848515
48,6,190,0.15316677887024796,0.21893565357827674,5.0992197356436115,4.559725057605971,0.6407079997096551
48,7,189,0.1632742967824988,0.223748553041143,5.350878035930328,4.435097936310861,0.67285466201945
48,8,188,0.16257901258404459,0.2327383630157036,6.18163405110767,5.383961683788418,0.670395806629776
48,9,187,0.15917561370931582,0.22651352320693427,5.3293161186326,4.780827541139213,0.6867115459225333
48,10,186,0.16086826566501808,0.22834837341858857,5.467433134344885,4.724017267946496,0.6538361896224502
48,11,185,0.16667026824754327,0.23767456227005918,5.101715533484159,4.353952730315566,0.6650587998105155
48,12,184,0.16295448670280852,0.2288493793912703,5.050883282211463,4.815149443647329,0.6416286069549068
48,13,183,0.16068249116416583,0.23122364042424046,5.200012674849386,5.135012595277416,0.6764798457189215
48,14,182,0.15690378161996824,0.22778525689379658,5.320253695300869,4.865626904872032,0.6611251618659979
48,15,181,0.16435305107713713,0.22348231847293765,5.001358206008934,4.193713247858238,0.6586225847775659
48,16,180,0.16459893020032515,0.22856959152535436,5.477714643286662,4.691206748361057,0.6660029713910769
48,17,179,0.16592961356563465,0.2306567164381189,5.287181948341805,4.515389101524912,0.6620871168829894
48,18,178,0.16090969214379872,0.22396449356646458,5.50976734563328,5.170807093377366,0.6573860649223726
48,19,177,0.16206080907402529,0.23077617007803644,4.920280532834312,4.700465650447231,0.6336258896114083
48,20,176,0.1618066839569443,0.2251172323763496,5.2492617620421385,4.20700495697313,0.6539833703650355
48,21,175,0.16310210996567776,0.22794890307580762,5.421460958757524,4.640830144437194,0.6660065276327487
48,22,174,0.1623287291125066,0.22304853316840945,5.065990489830295,4.865914698111456,0.6794748560920479
48,23,173,0.1659629678888513,0.22576173377444564,4.812691599763678,4.258064760933353,0.6210217675675637
48,24,172,0.1648317260501074,0.22444759046904666,5.507701811292607,5.3933673980980785,0.6591955673704901
48,25,171,0.16443300900294705,0.21785437771904656,5.275526977357017,4.339785296153975,0.6468399582797032
48,26,170,0.16310572269924334,0.21603262148717317,5.373983761566787,4.504909924459728,0.6717125597980597
48,27,169,0.16443167176808957,0.2235318436300729,5.444871147708993,4.351626755653553,0.6783933123778318
48,28,168,0.16387745384675412,0.2198038759548909,5.040454249874228,4.650761152905591,0.6686782873902484
48,29,167,0.1682672823145691,0.22318404890759552,5.3400948076658885,4.953568746376668,0.6901712689317668
48,30,166,0.16984379877156236,0.22975004774195262,5.064859732380538,4.185342277601859,0.6493424366270234
48,31,165,0.16919479180194355,0.22728626262868684,5.07862182072251,4.372859734141889,0.6500858999889755
48,32,164,0.1717984522205024,0.229939073788052,5.388376215624492,4.674343069060382,0.6982894574255166
48,33,163,0.1726138915189022,0.23204617626643168,5.763752486698831,5.493747935056439,0.6504209035130919
48,34,162,0.16475933809710835,0.22920939869226037,5.3318976788969366,4.3670686806966,0.6607377777671711
48,35,161,0.16838694698268009,0.231233461800095,5.923072318149078,5.462330507850324,0.6469984188116835
48,36,160,0.16931926856023416,0.22538194663179437,5.317999599818981,5.3564262375566445,0.6838502711332416
48,37,159,0.17344794020782459,0.233618028733774,4.913792219281008,4.313943791042211,0.6437034647997324
48,38,158,0.16487741794940636,0.22032374878292113,5.329580512511131,4.520197550591283,0.67032530955318
48,39,157,0.16288961908854543,0.22221792081969882,5.065915296352941,4.7292016374540475,0.6463712494038399
48,40,156,0.17742132134113647,0.2439789891870894,5.57251221576295,5.1493438959298485,0.6412188905157017
48,41,155,0.16434803077482266,0.2266553840354822,5.000591658166259,4.653203965008384,0.658375252169232
48,42,154,0.16566496508048156,0.23182015916720275,5.417062575369679,5.789270941220658,0.6516839739910814
48,43,153,0.16936238993839817,0.2334993335795265,4.877896671333475,4.238458251828419,0.6722802254377103
48,44,152,0.1625520086186127,0.22845415005873523,5.0876523367782855,4.332279402811211,0.6573305284997096
48,45,151,0.16347366798108612,0.22491282953561798,5.264163571558872,4.714853378013559,0.658157498679655
48,46,150,0.16428285980270646,0.2274915032678561,5.4273384466907615,4.930899932836507,0.6590278025365595
48,47,149,0.16819208517936837,0.22953130726416782,5.178509853001551,4.385793766445342,0.6341698763661617
48,48,148,0.1661479976249928,0.22222569985604093,5.47723982158016,4.818413782349219,0.6687480160874325
48,49,147,0.1633164756585907,0.22631903528826489,5.48187795361331,5.16587093257981,0.6718311814059601
48,50,146,0.17384086207005664,0.23200890647338573,5.0330389545133825,4.111514709920571,0.6509445873295044
48,51,145,0.17171240517279412,0.22962539173627203,5.377433616580158,5.0632146089110455,0.6763365246164809
48,52,144,0.16698352569605351,0.2312208436128249,5.2247388062111755,4.4384636134489535,0.6567826733981341
48,53,143,0.1655138029691038,0.2256102780255175,4.9363417614660285,4.496853894521622,0.65789973682003
48,54,142,0.1746934010907808,0.23505521509273267,5.308585379872527,4.9720062735295265,0.6620969012044824
48,55,141,0.16711651566159072,0.23403043288239703,4.537816219014662,3.7944309300902708,0.6499500957533593
48,56,140,0.16851938909549055,0.2258805767195657,4.990876751399099,4.014127281994638,0.6507846460015007
48,57,139,0.17129342640879616,0.2314598098544941,5.469444877824158,5.73423860538915,0.647247905928453
48,58,138,0.17673806922400326,0.22914481628652972,5.271584367457344,5.196781277124674,0.6416680947616691
48,59,137,0.1761086560932301,0.23262598718297825,5.4810550016983655,4.901598736872756,0.6466523570023477
48,60,136,0.1702089963810349,0.2225084744313186,5.182306591596209,5.136058684571346,0.6555812213583556
48,61,135,0.18307926265328775,0.2270348963598437,5.574260555107867,5.1209463218891855,0.6757653369607584
48,62,134,0.17749719689601864,0.23263304606496316,5.378021074323756,4.314449144927799,0.6563792696669084
48,63,133,0.17361127436858453,0.22978999250422932,5.429891201212835,5.344092282237417,0.6392712512395701
48,64,132,0.1758085316531616,0.23428341527116125,5.6140282026257715,5.688973511706766,0.6688252639857841
48,65,131,0.1733917857476712,0.22701453012797337,5.118269551783398,4.388410183734107,0.6130930022361153
48,66,130,0.1728958636842127,0.22613476081396053,5.153972950382543,5.254861602899993,0.6602511925143213
48,67,129,0.1691045736754718,0.22122925379805142,5.439558714616586,4.693265994434793,0.658340787469555
48,68,128,0.1695585610082347,0.23291054029923766,5.0969067058199,4.692354441670099,0.6429092159464785
48,69,127,0.17695246030836373,0.23569049779804765,5.029627843971877,4.412496078111549,0.6522033169432799
48,70,126,0.1725451262343423,0.23197100666420262,4.907189344826337,4.326440438245552,0.6369726436291612
48,71,125,0.17092354609757462,0.2231572013842217,5.193110388392771,4.341565256654605,0.6499470582733984
48,72,124,0.17809494621598307,0.22999266776583327,5.01605862952181,4.350786482886919,0.6707597543190073
48,73,123,0.1874263835498904,0.2402930076575932,5.1651879414465744,4.340021522477374,0.6348366094029649
48,74,122,0.17975831283955068,0.23180438743270207,5.9321946450895116,5.2827109277419835,0.6511305830256688
48,75,121,0.1798271945766734,0.22939768397176302,5.072833091576398,5.064937641816095,0.6490429096051196
48,76,120,0.17984001339910372,0.24130208680975737,5.15994188846205,4.305021839533029,0.6328215488575076
48,77,119,0.1820334315193016,0.2423041333803101,5.239660249070827,4.542732511617164,0.6355029484988157
48,78,118,0.18680342756005278,0.23659558358477606,5.069139176688145,4.460984971578497,0.6452350034139742
48,79,117,0.1934850038476776,0.262965064947151,5.6543905100794625,4.200583162124202,0.5870025548780408
48,80,116,0.19678359471771353,0.26386122632007913,5.293125670488177,4.800160858223518,0.5743137865312176
48,81,115,0.19601839131007004,0.2654099464063528,5.124948560177527,4.929214351758744,0.5887868958720783
48,82,114,0.1955681644663526,0.25758469214329377,5.677333110347432,5.313179630844834,0.6068619711945147
48,83,113,0.1949311991368932,0.25171600550033096,5.001532852323685,4.742455437125987,0.607224665312997
48,84,112,0.19420483881056808,0.2567764846963807,4.794217599070892,4.701138037779999,0.5921175987491015
48,85,111,0.19460488722993147,0.26182139376503366,5.014322159837264,4.324193908649483,0.6015123084175437
48,86,110,0.19895393350820043,0.26310483591545797,5.170539920065568,4.5669765445686705,0.5840291817056612
48,87,109,0.2005437999604803,0.26393464869060623,5.321158877945966,4.464060294329955,0.5903857699399777
48,88,108,0.19428069142471924,0.2553499348422163,4.677921748502323,4.086591078826793,0.6106826576893604
48,89,107,0.19195255336013484,0.26123916383096446,5.21436938448325,5.272903294628016,0.571078936048939
48,90,106,0.19341165706898517,0.26907175296152364,4.873670523161244,4.348539319985925,0.5815839191578246
48,91,105,0.19849881269177233,0.2681089968228244,5.1334255078136515,4.53001677304002,0.6009694369070421
48,92,104,0.19614012032993583,0.2597414362503518,5.53995942792889,4.867957444455557,0.5879157900259272
48,93,103,0.19392183740378616,0.257376185470877,4.933097309691346,4.456083831662907,0.6070407669301913
48,94,102,0.19794898544931022,0.2573638887758787,5.211552361241354,4.257018138042399,0.568148265901019
48,95,101,0.20418788811368266,0.2575005280751451,4.9846816140904675,5.226514421768687,0.6095575136576362
48,96,100,0.1985229630784968,0.24977181509966306,4.992255918484577,4.571553975160872,0.5940471480781627
48,97,99,0.20274337060431966,0.26532115332216016,5.268071264950816,4.384865433793103,0.5889012654440869
48,98,98,0.20825196963357948,0.26212962424069847,5.402551640394769,4.777138739596935,0.5897407750392034
48,99,97,0.20191201392124727,0.2688952727460312,5.022712455123019,4.791966765828502,0.5767617614945885
48,100,96,0.20100360326038608,0.2568499071483652,5.331607666274296,4.985356352416797,0.560605583955158
48,101,95,0.1999673763054575,0.25921100136684483,5.247450022485598,4.793702233835788,0.6083160957401019
48,102,94,0.19488086417283315,0.25603351974511457,5.149713411645729,4.764148611072601,0.5937510434460409
48,103,93,0.20127882660632573,0.27465658202863286,5.14345785481474,4.301573659084557,0.5710367494299216
48,104,92,0.19731837629401563,0.27278834931692597,4.8305262696452935,4.170033850852755,0.5756368090170343
48,105,91,0.19487387488938274,0.2714997756963006,5.683940106732267,4.9460377891802745,0.5962984854639204
48,106,90,0.19511122247756083,0.26990447981297067,5.456614201971018,4.8301884452555335,0.5770957125719398
48,107,89,0.1977755923173083,0.26234060892220257,4.919644741771582,5.026233974444767,0.5971362953933851
48,108,88,0.20120716782907505,0.26026076493458766,4.999597341437603,4.430274048520252,0.5939334897700985
48,109,87,0.21191633223578493,0.270005659650839,5.8659725490549715,5.171180643065271,0.5891335468205627
48,110,86,0.2011392249946745,0.26957012759079996,5.465272627575873,5.004453825763109,0.5934295819918161
48,111,85,0.2045917965525571,0.2714940675220252,4.989444378842424,4.663839350972174,0.6025559923951231
48,112,84,0.19670438169140136,0.26351772947789126,5.001905696517683,5.099206388038742,0.5787555135949328
48,113,83,0.20820563228706426,0.27561124175683543,4.99739531978183,4.177111875503919,0.5895176005470356
48,114,82,0.20295837356847501,0.2697504355414713,5.5080794448160955,5.500045201116616,0.5925972964864737
48,115,81,0.20010313900060045,0.27292439446535977,5.127744108150491,4.288829828375917,0.5726306910481974
48,116,80,0.1946339360588219,0.2621206616375105,5.1403313669312345,4.68223573508144,0.5772978755227899
48,117,79,0.1994157990113312,0.2598095137598608,4.7805694915036785,4.856112624437996,0.601874170589101
48,118,78,0.20144008220608964,0.2676904972062131,4.685900561199924,4.151054843790706,0.573787387839229
48,119,77,0.20548284916694923,0.2722779312088664,5.235172631817663,5.0223542550115985,0.5901844954174484
48,120,76,0.20626900961322978,0.2730448673325177,5.625093053431364,5.052199608059426,0.5911928676529673
48,121,75,0.2050349575887181,0.2788634900419088,5.340578501260433,4.81494635161791,0.576402654429233
48,122,74,0.20981749770298247,0.27386152080555193,5.034256616482874,5.015879934072988,0.5800655663996233
48,123,73,0.20465810720213773,0.2682087767331883,4.805708494914699,4.58268013096359,0.6034221637343021
48,124,72,0.20520390727052376,0.2612126701979127,5.29497171752373,4.609760145103355,0.6028153059557732
48,125,71,0.20857339793511825,0.2684880250076196,5.154683417862289,4.961985930152418,0.5905865298457005
48,126,70,0.21291341635349084,0.269991258807444,5.229812255601216,4.335748487593785,0.5859677896297065
48,127,69,0.20885236638577895,0.2674101878734056,5.3017589836672165,4.343194909184837,0.599203892456571
48,128,68,0.21091618872871606,0.2636748767534256,4.994510513777453,4.721141419188152,0.6101701147881929
48,129,67,0.20620897851160808,0.2598191477723811,5.246324789491643,4.396518892913638,0.5740730373487665
48,130,66,0.21076447294198106,0.27314600874368156,5.7832065078688535,5.069568658943039,0.6021816960875487
48,131,65,0.20930168119596354,0.2768799340603678,5.23009947924732,4.634417193093777,0.5632919482339828
48,132,64,0.20874519375726677,0.2668538776513333,5.514680553505233,5.266723140973164,0.590261438048559
48,133,63,0.20673517345873996,0.27368681962483254,5.191242231770339,4.315072701258594,0.5891906198867056
48,134,62,0.21103103340224455,0.2759999243910891,5.2874268147106624,4.437303563460848,0.5964677310092295
48,135,61,0.2104468790914189,0.27357109678315455,5.330503761716573,4.534901059012702,0.5863287911856048
48,136,60,0.20778691653429296,0.2734583635038263,5.43863160771364,4.806215540180185,0.5809625303481903
48,137,59,0.21556976023813704,0.28058611234315717,5.033090880149841,4.850416943104741,0.5582777310738603
48,138,58,0.21197709773489487,0.278682315308367,5.618282669041953,4.963394372281967,0.5811426033633887
48,139,57,0.21286534843030525,0.2741225885479375,4.965923575958348,4.304932865498392,0.5924560016502463
48,140,56,0.21399615184313484,0.2749454959127557,4.841490069779705,4.410828348530706,0.5790506040749674
48,141,55,0.2108630379909985,0.27734760875263914,5.494935148926999,5.547647151279843,0.5971512456505966
48,142,54,0.21093384442999039,0.28801286324144854,5.301268120378505,4.242738590824205,0.6151942935687609
48,143,53,0.20955291698179826,0.2718083187276001,4.969274697593747,4.2177223792378715,0.5944028414253784
48,144,52,0.20856444204353264,0.26775866089887246,5.244698175811354,4.974973091397029,0.5847659193355516
48,145,51,0.21828007414215198,0.269874392615944,5.099729380397971,4.536559718215825,0.599757873738676
48,146,50,0.21787209303875463,0.2757149661059997,5.451566429992944,5.324469271154882,0.5760857741401452
48,147,49,0.207802719803057,0.27561572163903014,5.518770400902641,4.552374278734988,0.5757441380701153
48,148,48,0.20973750653672238,0.2632854029185283,5.326722399989423,4.997882409698589,0.5800607180514574
48,149,47,0.20537073832431135,0.2682434508628948,5.028637826376464,4.40685921704281,0.5759135978135133
48,150,46,0.2066212991457431,0.2668481895438371,5.287782851248174,4.476158390777164,0.5773823972661134
48,151,45,0.21685726118006163,0.27373624775703587,5.120217195230165,4.9541556323444755,0.5717792469928518
48,152,44,0.2147586589998979,0.2637910234356488,5.187922908049149,5.399687078227536,0.5870240480012315
48,153,43,0.20844280077742874,0.2735881536861616,4.736469608871131,3.883770010038726,0.5823786001167861
48,154,42,0.20681788951020047,0.2729184069662264,5.00519372695421,4.721518451511469,0.5678471304054467
48,155,41,0.21594834801168172,0.27526515347454367,5.079264640928798,4.391687378001438,0.5713553323561851
48,156,40,0.20939844838891955,0.274535995704147,5.141830365044218,4.861557483290098,0.5753227618982157
48,157,39,0.23860727237867826,0.30507207994401164,5.083063769366395,4.3961313324181175,0.5096423006820051
48,158,38,0.24196756907771946,0.3101574751137843,4.791885421997087,4.8525816863588815,0.5096711169344665
48,159,37,0.24391265341880347,0.304721948871076,4.84600734720067,4.436140731683152,0.5293021588825686
48,160,36,0.2503911706905682,0.3198618508686498,4.207028000089718,3.662561636339599,0.5057626950780733
48,161,35,0.2548034753581549,0.31147650582329506,5.468709167748248,4.989379123837554,0.5103871415522198
48,162,34,0.2519036584671264,0.3139207747005943,5.179120821591061,4.292704064133084,0.5228878038794927
48,163,33,0.23947386796890996,0.29470544980485947,4.792537406960284,4.380321460081673,0.5425371593086383
48,164,32,0.23528527030143104,0.292245674099095,5.306335573234987,5.055220769280271,0.5479093729717228
48,165,31,0.2555453644479822,0.31816412529192784,5.034170058167948,4.65703760026374,0.5084953786909543
48,166,30,0.23852281950865337,0.3023917053197335,5.079331898422856,4.732502177181813,0.5349729862267412
48,167,29,0.23672173241822375,0.296842498947325,4.9556615023989306,4.609346455982859,0.5356906391218339
48,168,28,0.24682986174961574,0.3095069521849994,5.162809127006186,4.539226206414504,0.5098734626641207
48,169,27,0.2558151919865913,0.324247631725338,4.486847268235467,4.378916381743325,0.5028020963860376
48,170,26,0.2462932090056021,0.3101822881785165,4.674289535851041,4.083386825773335,0.5246427848475114
48,171,25,0.2469135589208602,0.30658511987675074,4.364668590502555,4.721989410828918,0.524824862953195
48,172,24,0.25473356809060876,0.31599663378006404,4.9469336004659965,4.839843061137591,0.5230014611917249
48,173,23,0.25651061842421763,0.3249579247828353,4.607647502794759,4.134548846003923,0.5030092861116371
48,174,22,0.24082738679989177,0.30115926540135807,4.703141985877854,4.222048994832224,0.5346519964789472
48,175,21,0.2350248532471681,0.2901124779229455,4.651082617985106,4.894121939407297,0.5565970411148488
48,176,20,0.23446149940490468,0.3003499907467527,4.8083553373680346,3.965030120144269,0.5219390732703961
48,177,19,0.2523264312911825,0.3195592138070002,4.5598349446305875,4.635047599971262,0.5026582747520651
48,178,18,0.2596923351849961,0.3161555141217662,4.530792447124428,4.484540931978162,0.5011532348497184
48,179,17,0.2510488112799496,0.3183754946185424,5.320018996276739,4.4832661177672515,0.4986756880007096
48,180,16,0.23242636482220705,0.28814288391339143,4.737836299786023,3.997513390546544,0.5448026188648734
48,181,15,0.258005349868215,0.3119350331327125,4.604860243388901,4.808107733469368,0.4992893658028015
48,182,14,0.24211582989910158,0.3028846100608248,5.232666629693517,4.583761107395176,0.5206793487619393
48,183,13,0.25242244080142034,0.3151953383964928,4.953519690439837,4.181708406130674,0.5087581504224653
48,184,12,0.25072277001937077,0.31787726164822894,4.83011584521366,4.1087258577814305,0.5149222873585334
48,185,11,0.27126359038996795,0.3439711405055764,4.851591206337114,4.393313926497161,0.48733208210352136
48,186,10,0.24292550086115008,0.3055214271508999,4.878101016115977,4.531663982852641,0.5204791270579016
48,187,9,0.23704398617231429,0.30619021672121227,5.330630177779857,4.47041621357256,0.554783172992944
48,188,8,0.2519848191154302,0.3161817031294191,5.064747830923343,4.932961119021329,0.5334498635237578
48,189,7,0.24053249450464603,0.29734481931815826,5.194321971900398,5.1797326589419495,0.5475405982798786
48,190,6,0.2565786492246865,0.33424674487885847,4.989774141316868,4.426923062255266,0.5056171567639915
48,191,5,0.23609951480969474,0.2941649179108903,4.814418897425264,4.1321123450525326,0.5400493377144205
48,192,4,0.25084577810609415,0.31754007464628625,4.458713982610687,3.6546284427942837,0.5044512462722247
48,193,3,0.2447639367216052,0.31148820734981,5.081801537352238,4.301826537965427,0.5369981892900209
48,194,2,0.23781350056550324,0.3028892895667678,5.279211696004571,4.4471890120313295,0.5577080214528456
48,195,1,0.24961851696854692,0.3093813576517723,4.737330332917189,4.025746017924201,0.5331139506536118
48,196,0,0.2473682271045141,0.31650532331589465,4.9540906908993,4.173007664506669,0.5240211298003704
49,1,196,0.15721190070485755,0.21675326775848167,5.01650463312146,5.002197198733911,0.6656292376758977
49,2,195,0.15969653388060878,0.2193021118434253,5.465301737162803,5.894640281283659,0.6595208186262506
49,3,194,0.1643639311240049,0.2278559937555847,5.441882699418629,4.578946269453595,0.670487236015067
49,4,193,0.15705840030170354,0.21881834655638888,5.232529718353771,4.145588277803866,0.6859327699113686
49,5,192,0.16048990617947856,0.22412686121478395,5.231244824306052,4.4895972026069835,0.6507507605104952
49,6,191,0.16160587682050664,0.22500753558207529,4.989184664727175,4.652034362050439,0.6400992138878373
49,7,190,0.15379786359123868,0.21435206217985506,5.11279199295073,4.272993159209087,0.6788165157471134
49,8,189,0.15942618704260253,0.2208806604608138,5.554474229718398,5.217920644429302,0.6689869371975983
49,9,188,0.162742053319025,0.22079628056592676,5.248282481806075,4.554106391035869,0.6555682739493134
49,10,187,0.16464182501330066,0.22202947563112974,5.9441366909975795,4.890555187833574,0.6483409976851662
49,11,186,0.15839702488809723,0.21365762549137063,5.292331676552568,4.574189268270647,0.6535469776287769
49,12,185,0.16128447391469294,0.21793326341905261,4.90220079780372,4.326735757004469,0.6567182430167022
49,13,184,0.1715751221651134,0.23024065083284997,5.112641486860541,4.409996610680396,0.6407583592770444
49,14,183,0.1672565288482703,0.22729307314331854,5.28258244318004,4.464203689197643,0.6661406405303583
49,15,182,0.16027099640524278,0.21808597138799726,4.990025553358402,4.158356201302475,0.6752505197788334
49,16,181,0.16682568787397847,0.22500735989049278,5.199750515530711,4.507437804604463,0.654239097901697
49,17,180,0.16223375057232778,0.21958145677698843,5.492940411709283,4.894965388111435,0.6812184213014156
49,18,179,0.16397139430851762,0.21910331531031196,5.111513518493583,4.2743682779417185,0.6468975764342529
49,19,178,0.16427403604397742,0.2211823375608048,5.606819587957839,4.726076122732007,0.6508624627173363
49,20,177,0.16299347071252102,0.22111555225607762,6.128772435542654,5.565595896649503,0.6733472705431477
49,21,176,0.16842370374153146,0.22598212265858658,5.241457640346687,4.95567404585691,0.6587621709920245
49,22,175,0.16513689880940682,0.22164600362437412,5.342270862944783,4.912382812960863,0.6521179801648408
49,23,174,0.1691377660770326,0.22717911194909,4.911948900462693,4.244115659490329,0.6687549046509018
49,24,173,0.16448168313987846,0.22168039499691639,5.176310001988041,4.631442060434747,0.6373980002606088
49,25,172,0.16293068809494068,0.22019117700623217,5.397086907601845,5.385784785546449,0.6601008702849707
49,26,171,0.165831432849222,0.22529758740726588,5.261460563387336,4.857732026019958,0.6660053737394945
49,27,170,0.16014166990365503,0.21952094030817787,5.515634755914723,4.552667580443766,0.6682025998091149
49,28,169,0.17139286392221384,0.23402039784687753,5.084628466700975,4.682556434285758,0.6627255628949901
49,29,168,0.1649158199539615,0.22308428059138033,5.543548220826608,4.942768345167621,0.6624071177012282
49,30,167,0.16428206798799047,0.22409520178934966,5.73568693690083,5.329892636087966,0.6536454360437662
49,31,166,0.16636711514370636,0.2279019056026924,5.352266614974628,4.877082443550664,0.6487091013057883
49,32,165,0.1708955304128222,0.23070827746171738,5.451626631418699,4.679102252553754,0.6575761750853993
49,33,164,0.16425348879147705,0.22268759277204878,5.360841182648782,4.9309336031390565,0.6693077058013843
49,34,163,0.16628172416268144,0.22762393229074815,5.0487780977572205,4.22376698486193,0.6408972585750106
49,35,162,0.1612667107926989,0.22118473061179783,4.945993093020207,4.160529422673738,0.6659081078309119
49,36,161,0.16768360805244764,0.22911156948213804,5.120715619222226,4.714363837422664,0.6285349346889758
49,37,160,0.16364338260294226,0.22602416894414404,5.358322273453787,4.735186769789652,0.6668276974343526
49,38,159,0.16668658185988344,0.23341343317868388,5.414993163961972,4.925763455306548,0.6840261064449981
49,39,158,0.16725013569160635,0.23039611643671304,5.409057453212351,5.023967231495872,0.6696185684069311
49,40,157,0.1646498481229497,0.22703978197583885,4.972387614102808,4.213876783065442,0.6496893193390724
49,41,156,0.16504272498795294,0.22462882356604985,5.111944540026625,4.412096659490676,0.6598287231827065
49,42,155,0.1650378536346044,0.22625649335674852,5.453786167639738,5.140359246816611,0.6620860534296124
49,43,154,0.16723858427083324,0.22656837648315448,5.287438369757816,4.2760852756711145,0.6751777576389979
49,44,153,0.17208852687184933,0.2338797722667886,4.8460267350664346,4.025820792516185,0.6542566447183914
49,45,152,0.1669588953677588,0.22644118258770762,5.197807062299491,4.369168967648511,0.6714827971227717
49,46,151,0.16711426212793248,0.22705873109125926,5.442662454005302,5.079729551973942,0.6753742749733007
49,47,150,0.16784367829816443,0.22731228047437088,5.2878209775516805,4.531261020572375,0.6795063661183259
49,48,149,0.17317650349511404,0.23341066280117442,5.34733985549625,5.146770663894855,0.6588987126626655
49,49,148,0.16951618022776566,0.228927009370171,5.28260292312765,4.371616779852037,0.6649669178435381
49,50,147,0.1715320338413495,0.231522382191951,5.468354058621507,4.842976290528346,0.6568323926971715
49,51,146,0.17145195956588583,0.23140595374623738,5.637558808387004,4.505144601157462,0.64226163006293
49,52,145,0.16982251412927915,0.22543586266435692,5.1921472246716895,4.627963614210272,0.6603525891451115
49,53,144,0.17307922532754738,0.23234184678458009,5.043219292636855,4.263768848589664,0.6318248321445232
49,54,143,0.16185604617163726,0.22084857097943422,5.231372654466185,5.2767479426558195,0.6684925771814516
49,55,142,0.1692019290642583,0.2325239928996,5.236642825694316,4.688164339572118,0.6702453413037348
49,56,141,0.17022398629256122,0.23125271393628927,5.131369242996928,4.344600805052419,0.6603316726229397
49,57,140,0.16983934632541003,0.22950165599158603,5.118130306188621,4.572649296121422,0.6582968715074642
49,58,139,0.16566590439420797,0.22259424723805987,4.987192228766818,4.320345016260718,0.658439881619592
49,59,138,0.16793965708600245,0.22685482094472365,5.776472971252881,5.192721217333733,0.6377738947349145
49,60,137,0.17286787089705027,0.23511176318564542,5.585085913511557,5.516726410063956,0.6593245307929008
49,61,136,0.16779595637954242,0.22911220274747646,4.879050548688236,4.517685920133956,0.6512076923381365
49,62,135,0.17506651639536794,0.23697315046773354,5.06026251748934,4.149142229459849,0.66089814764878
49,63,134,0.16430438775100992,0.22323401634101414,4.938267243181248,4.476692040006861,0.6529165064845464
49,64,133,0.1733329021415275,0.23529708839871397,5.313066476554964,4.536113901445792,0.6466110089644242
49,65,132,0.18230840313862479,0.24578825567798426,5.520836618854043,4.6996176267143515,0.6386119604778192
49,66,131,0.1769918469776091,0.23592245632232134,5.284527049139697,4.411764643452745,0.673814904374122
49,67,130,0.17370229065173534,0.23691975867879167,5.1967257832187475,4.709658787674647,0.6596371791983073
49,68,129,0.17260333980263945,0.2339133202836181,5.748766687633232,5.033135347149912,0.6635130215382617
49,69,128,0.17425251365328048,0.2350990621181957,5.310502594017002,5.006989332357542,0.6313565222172762
49,70,127,0.17306544782506852,0.23607539657755092,5.2913496314369475,4.529374294440431,0.6553482860257879
49,71,126,0.16929336395208675,0.2299912242753902,5.237196813889852,4.834347093462396,0.6452546409336558
49,72,125,0.17255667808471856,0.23733732705967586,5.149308387983405,4.040923510147447,0.6526276885306744
49,73,124,0.17396474813490717,0.23828347996914875,5.416564504726216,4.81572941814202,0.6497265709491672
49,74,123,0.17451311809947864,0.24055842900816216,5.289502205342921,4.508442726557356,0.6435754784343399
49,75,122,0.1766429179608541,0.24359999950677338,5.331371588046595,4.536031151073845,0.636264528490598
49,76,121,0.17064140942027126,0.23553628043756883,5.052600412693328,4.368820233242075,0.6645496994856344
49,77,120,0.17700028605001294,0.24448482483382394,5.201687138157803,4.516463144855551,0.6272105863475266
49,78,119,0.17679814379812586,0.24304722399372555,5.719512688478258,4.688894173543414,0.64966880147376
49,79,118,0.19134078225160095,0.26160220872502055,5.395259636876257,4.937429732359048,0.5649843030091447
49,80,117,0.18757735634812367,0.25784700778347797,4.919643742707296,3.940113591084068,0.5897665962356231
49,81,116,0.1884127092536659,0.2582684861432655,5.103639128649139,4.8320432595240455,0.6057894892774124
49,82,115,0.18466122605555402,0.25646271549780575,5.182361440862206,4.655052827435887,0.5839723593920552
49,83,114,0.18831945595090294,0.2604080664708475,5.216736304288,4.662134488942152,0.5974408798552837
49,84,113,0.19498839012328115,0.27486417910409155,5.044640557831138,4.180640073505772,0.5940238437221891
49,85,112,0.18805004390076888,0.26328905421755444,4.862393050043913,4.066793343209985,0.5969467505986747
49,86,111,0.188933712182429,0.2642721818233158,5.840973773011532,4.837774113646078,0.6080088713720104
49,87,110,0.19118567815935772,0.2691130892643495,4.598161261881943,4.248910687199812,0.5609783235534324
49,88,109,0.1834751996990568,0.2563769982448713,5.423838492801797,5.065807800282496,0.6236278599919798
49,89,108,0.1898852373881557,0.2626387539353761,5.579195688574644,5.203989399608114,0.5933069330665374
49,90,107,0.19334243162807424,0.2670076687857535,5.044166565587547,4.156853838624936,0.6015969861755512
49,91,106,0.19265386475953508,0.26118519896807446,5.152081082906013,5.214485335393866,0.5942421915754816
49,92,105,0.19327568465977604,0.2638246201419039,5.209021494331582,4.744601652188794,0.5906547447620655
49,93,104,0.1933769605508292,0.2654975452819169,4.827615756036623,4.665099767223338,0.5848827000515141
49,94,103,0.1857873248049323,0.2574041790737525,5.650098539923739,4.601649771089719,0.6056471587240795
49,95,102,0.18484479986924032,0.25480853769768186,5.119592552689253,4.86534580466158,0.6179320500412642
49,96,101,0.19252913863025878,0.2643236454857606,4.938760433801578,4.964176929251114,0.5892555137282421
49,97,100,0.19789272841781266,0.27169328169185264,4.533719788415094,4.351027841106172,0.5519830997474872
49,98,99,0.19218729249080158,0.2633575490296072,5.137529054160047,4.783756113281248,0.5999553971414204
49,99,98,0.19617853215415987,0.27183968833767064,5.040102312992758,4.305046307272731,0.5785819211667727
49,100,97,0.19202882034741267,0.2647078268668194,5.685389324587583,4.306594425585775,0.5935503463262952
49,101,96,0.19299619257355896,0.2691591997220571,4.7264305370237505,4.373771705619582,0.5655800019477794
49,102,95,0.19278579552737662,0.2701365272530815,5.183944053266092,4.496734580183336,0.5938368173045978
49,103,94,0.19472810892998915,0.27318934315851523,5.076168040838548,4.79348783898018,0.5651470512751988
49,104,93,0.18613476386076086,0.26322137089171743,5.040091771100055,5.15438826466659,0.5815185191176347
49,105,92,0.19012280179510882,0.2665497296875948,4.71940071118909,4.434051915094412,0.5903885467746285
49,106,91,0.1936010257038612,0.26903553784394046,5.237791994898768,4.474475928380078,0.5878468976585018
49,107,90,0.19777452347763008,0.2733277117884441,6.054055849715162,6.100903529984006,0.5794434575413684
49,108,89,0.1988129389834413,0.2752961241853805,5.491467101436383,4.623375829496484,0.5747540483448952
49,109,88,0.1982017026475441,0.27063705539668137,5.82613148073354,5.423365320672418,0.5867908696943073
49,110,87,0.18978354080279558,0.2587842947507906,4.8321576552335745,4.175892040899215,0.5933194752447124
49,111,86,0.19130165249565595,0.25654528487588596,5.086598663023803,4.659240329375214,0.5829331459179159
49,112,85,0.19411515299058238,0.2610897847797721,5.142982327355963,4.780672558561876,0.6119025679642341
49,113,84,0.19844763474723162,0.26369445717473555,4.735933984926067,4.316896717353212,0.5625649806959376
49,114,83,0.19207057805048486,0.25563949410581466,4.812334233498225,4.491708961082205,0.5946905938881868
49,115,82,0.2057284323506618,0.2742241044348729,5.201619032380432,4.478038948327281,0.589453921539579
49,116,81,0.1924146307940741,0.25637384876656677,4.532352439235936,4.219812945278164,0.5944291532537688
49,117,80,0.19244729416138273,0.2539876315420632,4.665896174798832,4.044135957060158,0.5853418948143659
49,118,79,0.1942479023487837,0.2569071155006872,5.33628157432429,5.45343210986283,0.6098648234449012
49,119,78,0.20111727664177956,0.2648762005548188,5.299829979824302,4.950738202473895,0.5669664647494139
49,120,77,0.20352088038779778,0.2705030735407507,5.049784700624077,5.049305419012044,0.5733191815423307
49,121,76,0.19872229003498448,0.26700747428654437,5.0791780915124765,4.459841588175685,0.59597330405159
49,122,75,0.19152444060322446,0.26079135363154626,5.541757429362097,4.77599092380579,0.5963010341698174
49,123,74,0.19729375531358073,0.2692690828459659,4.520672894444775,4.057256419683836,0.5750408566987273
49,124,73,0.19450855032653624,0.2676422163040875,4.974077893610462,4.5689275738055155,0.5919590247744592
49,125,72,0.20049336943266208,0.27308792406319976,4.940881843841241,3.915930662660647,0.584058983945825
49,126,71,0.19241594906328424,0.26607353429405395,4.846766471905269,4.195753447301222,0.5809712714295426
49,127,70,0.2026407033316625,0.27965895931047596,5.013805569087012,4.832088784202968,0.5668945289942399
49,128,69,0.18814670542831882,0.2613350702249177,4.967699573290384,4.398527022231098,0.605960519401414
49,129,68,0.19228609277724473,0.26759510037878176,4.425723488100239,3.670450690770667,0.5716951013215583
49,130,67,0.19868221535599062,0.27523863325121906,5.062428942973264,4.335385245074437,0.5798455185485927
49,131,66,0.1958454894735199,0.2700869137815859,4.551713108375267,4.592165579310695,0.5689416392753207
49,132,65,0.19353620614515837,0.2666817023340181,4.88785227462604,4.220439497695166,0.5978125607506399
49,133,64,0.19770932154764753,0.2728428898932669,5.57241025091283,5.384914341438171,0.5728081113851836
49,134,63,0.193303430321652,0.26732232832173813,5.329539669149602,5.379808187194396,0.6066583204019881
49,135,62,0.19517075184926724,0.2673367507716471,4.734159582015447,4.109915801988094,0.5919600343470973
49,136,61,0.19978430324903446,0.2755544150356311,5.001262084470662,5.260451416295413,0.5746028608907636
49,137,60,0.20000969617796036,0.27822440184600816,5.285506221789133,4.683234326852715,0.5608437246189916
49,138,59,0.19291744191681154,0.2663682632906516,5.73737332959773,4.584622415634934,0.5990979419946635
49,139,58,0.19879412632857163,0.2712895974064682,4.638844606010675,4.705007120562019,0.5776484160799605
49,140,57,0.19426201998207215,0.26663556248574144,4.841793573507052,4.717952494748974,0.5838270440608798
49,141,56,0.20770873350175967,0.2840749640497952,4.769831952871394,4.026598427662968,0.5604685443176429
49,142,55,0.201023513305196,0.2738558117521347,5.30623609889707,5.031790164138616,0.5882026263579591
49,143,54,0.20075023137467354,0.27457073840368296,5.657169010032291,4.94370522817211,0.5890012602115315
49,144,53,0.20313044936030006,0.2785105666367538,5.262130312067818,4.396057232961512,0.5801560019159172
49,145,52,0.20575038174373064,0.27679278495145304,4.80934882883244,4.227862617804894,0.5777474292374676
49,146,51,0.19876299622159302,0.26877186229660044,4.779488698541984,4.392751052806096,0.5925679423210205
49,147,50,0.19951542451886728,0.2701460272123627,5.136217035986786,4.686892154687865,0.5683156845473022
49,148,49,0.19751582714152074,0.2670544975660445,5.238133963339554,4.518717735663727,0.5771391794909555
49,149,48,0.20455319946898734,0.27845205272989976,4.979981457322156,4.932056085662823,0.5844884874379276
49,150,47,0.19638496325006538,0.2679222381929513,4.88220125022011,4.3868883044480995,0.6099295645364091
49,151,46,0.1962886185759217,0.2665149147132119,5.436161983912426,5.247232019722321,0.585033588471409
49,152,45,0.19773003667586764,0.2694552521264882,4.404168870556932,3.555635704308338,0.5637705842675924
49,153,44,0.20575333127911863,0.27659651029565946,5.20754288056623,4.412445388461738,0.6058315377520319
49,154,43,0.19976045902275605,0.2717430618288548,5.22336653202278,4.489431555555216,0.5839911313016655
49,155,42,0.20764058185155426,0.2839841170589502,5.149059267377243,4.800848174406729,0.575927190558809
49,156,41,0.2029749619980367,0.282037011081314,5.157254039212411,5.0013630739763,0.5987714981033158
49,157,40,0.2029587099107809,0.28128516673732457,5.5140042862521,4.972106596501301,0.5824539726729652
49,158,39,0.2237212701452653,0.31074752519709975,4.991486473055906,5.510244309012754,0.5274777336767414
49,159,38,0.23702273096570378,0.32704599750840724,5.141721563627435,4.918688659995653,0.49228944751709974
49,160,37,0.23643964889722038,0.3261061425279614,4.7186617069385335,4.075520088634708,0.501223916580226
49,161,36,0.23635215092161643,0.32038265345716804,4.356254251046264,3.8446942967546343,0.5050650060823342
49,162,35,0.21414579350417687,0.29021617989698906,4.8216601784444855,4.269850323524363,0.5468620933291821
49,163,34,0.22331470062405276,0.30226067451845184,4.648491280890379,3.9868967961106,0.5132878811114041
49,164,33,0.23964458559028376,0.3238454128979264,5.2483042901768355,4.481988073808828,0.484759411607404
49,165,32,0.229422257720185,0.31172808784369516,4.603112963307408,4.2911038381010504,0.4995741443820217
49,166,31,0.2305546252432513,0.31323996291999623,4.753332777071131,3.948566039310912,0.5310315762479354
49,167,30,0.22518134817404384,0.30825674958863286,4.281222371438242,3.843295250746475,0.5097678993829649
49,168,29,0.22431659760677328,0.30825469786575754,5.173302649203665,4.897581170154183,0.5407578455832618
49,169,28,0.23992895126852196,0.33017739159780285,4.986170437416325,4.270817496046109,0.49029690403977944
49,170,27,0.23096743613554524,0.3179499330210987,5.048154059817611,4.8961037795446165,0.532988509298178
49,171,26,0.23564829231765053,0.3216115368402972,5.1357121603644975,4.6986200178806525,0.503666739639821
49,172,25,0.21187898953676193,0.2936423486682174,4.584963406324665,4.1175880420610795,0.5457602914136317
49,173,24,0.2332857846127895,0.32612016546441386,4.866363232858532,4.711920789640033,0.5018653975202777
49,174,23,0.22599280913810843,0.3165310520924919,5.138272082556321,4.492435550086137,0.5140589236286566
49,175,22,0.23186956327511013,0.3256187956572219,4.985165080385636,4.113396677380971,0.5029796326085483
49,176,21,0.2403484042959193,0.33493434010186146,4.5472970506973684,4.1317065610259105,0.5104944137751268
49,177,20,0.23811919134237094,0.33331268564658595,4.773363259413198,4.016177308310204,0.5090258448283184
49,178,19,0.2250740517906605,0.3165239945657867,4.467427213685886,4.282542982957549,0.506225481144258
49,179,18,0.23385694472591104,0.32367919613451834,5.05838371315547,4.223837958385106,0.5100823626112597
49,180,17,0.23576403844424054,0.32751465755302916,4.192770005209313,3.5956754349253264,0.48952365366125605
49,181,16,0.22069978243679916,0.3076567964708172,5.143218508051513,4.942598861139702,0.5256377561837047
49,182,15,0.23376726728770666,0.3280857207546232,4.951214107041933,4.166829125359175,0.5044138059834298
49,183,14,0.23565938688421206,0.3347125670267844,4.5484319437444185,4.06503300784908,0.5071465721558968
49,184,13,0.23326262109421617,0.33132624467325683,4.858560955024988,4.324138686803158,0.49552389295763793
49,185,12,0.2205381885989092,0.31146269044311276,4.8926446330641475,4.650617503956422,0.5290839806283363
49,186,11,0.22290275960616535,0.31415654189511444,4.5985875404171015,4.059116119414483,0.5090206082434792
49,187,10,0.22286959959634994,0.31119041106662704,4.55041883528948,4.022865110013885,0.5062268077140879
49,188,9,0.2270102393746749,0.31802259677333267,4.764591705643618,4.301763692383521,0.5301775673831551
49,189,8,0.2323477078487908,0.3244552528762837,4.431728896179363,4.4915369489357495,0.4937771164676691
49,190,7,0.22387461036048537,0.3112930126545249,5.154723334455758,5.164383956019065,0.5281852065016002
49,191,6,0.23175217274676543,0.318262938685016,4.860966472905824,4.2255266968494425,0.5270525277299063
49,192,5,0.23473054700444504,0.31893727199107436,4.503423193411069,4.2205098610321485,0.5142089268122391
49,193,4,0.2339215633692127,0.3215229814536666,4.662984467242115,4.035017017170367,0.5006240826989401
49,194,3,0.2222717236430227,0.30834827880127275,4.981055619735725,4.3871117812087315,0.5464668193008005
49,195,2,0.24049310176896027,0.3356436786387587,4.814504697720063,4.601310616146931,0.5072481945429891
49,196,1,0.23161031376195446,0.3170548932123649,4.781646238896396,4.422345845786673,0.5095380835177238
49,197,0,0.23429903059551144,0.31966469643260587,5.009227597462646,4.009935906991493,0.5050373351464271
50,1,200,0.15951824987052887,0.22054902296724221,5.170290129094279,4.176172527793507,0.6841554765875716
50,2,199,0.16068482616606677,0.2209312497128786,4.992148596425849,4.796977607673793,0.6725326200663114
50,3,198,0.16569117381981685,0.2311155725155351,5.050696739743842,4.8894466940285355,0.6519210399869231
50,4,197,0.15725946621482875,0.22032173601567723,5.35145360298721,4.908822143262621,0.6780947817227296
50,5,196,0.15680896173127357,0.2205719069943165,4.984703956477445,4.774679096483646,0.6541997883396239
50,6,195,0.15996803517036012,0.22442661799206598,5.108365370007554,4.947221644624102,0.6736526386438859
50,7,194,0.1599837693644631,0.2234296710481234,5.202869179112303,4.096749010501768,0.6497862587647436
50,8,193,0.1628118386004507,0.2251674473574763,5.13928283292117,5.518296314875124,0.663293938984257
50,9,192,0.16196180022800827,0.2234217493240417,5.400565523760159,4.605199351882344,0.6500646270166024
50,10,191,0.16227474907878287,0.2257821581178016,5.399743778134799,4.550563010282666,0.6744027771792884
50,11,190,0.16482253900728952,0.2278500733227287,5.422767209319883,4.463002494017346,0.6608437637704233
50,12,189,0.1640749903735026,0.22831038213731983,5.107767294769513,4.371603715674481,0.6443862169965757
50,13,188,0.16745696915408034,0.23474554053253774,5.155826233101957,4.850817984837625,0.6456935389157589
50,14,187,0.1698525350446001,0.23394248176818577,5.439049588919616,4.587135001374828,0.638176241879901
50,15,186,0.16078867966893923,0.22287017217568472,5.065261100343984,4.160384966092306,0.6576864147668444
50,16,185,0.16357682273109966,0.22425914707778302,5.267354374734558,4.713557937880683,0.6502156184464342
50,17,184,0.1620420971009845,0.2211571208277076,5.185136566630532,4.4792081074705,0.6382059488500788
50,18,183,0.16368563286574733,0.22269434033154453,5.322968374343821,5.09135149575934,0.6473997336475548
50,19,182,0.1617542507260817,0.2225514516732709,5.232020025324551,4.7598504425897765,0.6395298740067648
50,20,181,0.15877598443679544,0.21880163438093148,5.530211257913832,4.899957890868421,0.669603509304456
50,21,180,0.16543479736887218,0.22571980651238693,5.33789823281279,4.8969160797597,0.6576249492694923
50,22,179,0.16345792832381623,0.22353698257004231,5.565224121965185,4.79218122944588,0.6586782598818971
50,23,178,0.16755260598911795,0.2283481782517561,5.023961301921638,4.3253851630003926,0.6546718178605578
50,24,177,0.16473954453440295,0.2254293739991326,5.326949573410927,4.40711608447366,0.6566966982281792
50,25,176,0.17126224518482358,0.2321579687081019,5.318999622960349,5.002497825446334,0.6277448415147592
50,26,175,0.16984174429136856,0.2282917897593995,5.459215546747999,5.011567924064519,0.6500002815368809
50,27,174,0.16638664632647984,0.2227722408407632,5.068260420984036,4.553032152826791,0.6519817105929921
50,28,173,0.1714656071932405,0.2309880405258408,5.197122415622649,4.681689293330243,0.6524880927955825
50,29,172,0.1653787079856347,0.22300550125913396,5.054593805251747,4.6630973606630794,0.6486049541109927
50,30,171,0.16558858475762345,0.22626007165076525,5.237790544269748,4.724409654395747,0.6472443176063641
50,31,170,0.16098932290430493,0.21995507528640235,5.423894864028,4.85663431843667,0.6795731135124891
50,32,169,0.1684957982967968,0.2275217458892667,5.305717035598114,4.487226621986564,0.6756869443198086
50,33,168,0.162950152634266,0.21880781276242617,4.8251007296627275,4.529135933745296,0.6619284548679789
50,34,167,0.16008054240652778,0.2140676917642743,5.016645117926277,4.766957524516062,0.6587385243658761
50,35,166,0.16943404019361333,0.22318484448963324,5.328112451446199,4.52674618662045,0.67160757554891
50,36,165,0.17493507183535048,0.2308633926938202,5.5366686854779905,5.130275230469803,0.6728067361012773
50,37,164,0.17023374044249182,0.2266113150285333,5.544120428329171,5.363019752233389,0.6662559121511967
50,38,163,0.1728273875623096,0.22889798879600878,5.513915944265401,4.448199244631295,0.6654115205205378
50,39,162,0.16598916674497796,0.21994215647933724,4.877400168832597,4.280967850784248,0.6709248988110355
50,40,161,0.16946725997238582,0.22564983514964526,4.969314287023844,4.269942332726667,0.6560385030819658
50,41,160,0.16966994916894831,0.22381416309705882,5.246003614474496,4.541390409173822,0.634071229269331
50,42,159,0.16788109938559403,0.22232064454318692,5.320114478343061,4.385439271055033,0.6521320584462281
50,43,158,0.1725407287449516,0.2279502881052313,5.390001390471021,4.356573506645335,0.6397583757451939
50,44,157,0.17792061001264353,0.23502032710904483,5.561969418079176,5.583388200932198,0.6747689518942385
50,45,156,0.17259997333439056,0.22794689532293627,5.561508761167142,4.751632477517994,0.6378872526670034
50,46,155,0.1751350466784831,0.23206800917118767,5.627926283043552,5.069103797893729,0.6614404589918329
50,47,154,0.16869794388104672,0.22416847515833532,5.097649318299281,4.902582176805386,0.6543241640362418
50,48,153,0.17005696835314235,0.224018157930342,4.9203122338978,4.60253938606431,0.655689793042934
50,49,152,0.16993665418727633,0.22483653414861807,5.517367193493966,4.519631970852653,0.6610386603635927
50,50,151,0.17189939552188196,0.22600850566182767,5.427142296595673,4.896292690672194,0.6703069683491109
50,51,150,0.16911526545986177,0.22301335050168986,5.039088052167832,4.362323946077902,0.6713081215487005
50,52,149,0.16588090595052646,0.2189848471634665,5.26659043099909,5.065115000778462,0.6432362399159364
50,53,148,0.17429044281983855,0.2276499768406718,5.638475654048696,4.797476741078297,0.6630651551774419
50,54,147,0.16880891252330057,0.22071750697162654,5.353645970465779,4.598534948679412,0.6511197623145306
50,55,146,0.17501016514020026,0.2299111276127583,5.53717020463429,4.515030488950333,0.665433122206715
50,56,145,0.17190793554171205,0.22316242955951127,5.782889946337496,5.344506203971109,0.6481537206420785
50,57,144,0.17388276319438326,0.22449858789687882,5.389289472242448,4.248523270570863,0.6571265098436602
50,58,143,0.18096924515404741,0.23019058868907244,5.6541824721578395,5.311194208286612,0.6469092448627527
50,59,142,0.1726770790955485,0.22344630814514974,5.836046926172156,5.039561094529624,0.6564921839019864
50,60,141,0.17486214978604378,0.22843691533197813,5.1339484643113735,4.366423496368061,0.657517923042252
50,61,140,0.17722401430083118,0.22996298572207527,5.347368404604855,4.646857621957352,0.6773599011085771
50,62,139,0.1714494083430126,0.22165039703805817,5.0622317001004244,4.770229876563322,0.6590900265447622
50,63,138,0.16894650812228304,0.21771990056636528,5.2799112537393995,4.503852125003457,0.6355262408713401
50,64,137,0.17661551019537702,0.23038943913170798,4.881304759356832,4.042458612215784,0.667605786157938
50,65,136,0.17277216680191082,0.227918158551981,4.868876072094209,4.295274198088048,0.6380723574593693
50,66,135,0.17493841697702056,0.22783294592638875,5.16150960175025,4.823008841973137,0.6559537562006382
50,67,134,0.17324519137823138,0.22729999643898394,5.153897341161583,4.390702867964873,0.6591881549675064
50,68,133,0.17176540287774325,0.2252585868399305,5.305802671275478,5.33205467647543,0.6770512435841395
50,69,132,0.17351759892461388,0.226487913360867,5.5428696961943995,4.891337447750568,0.657827810244477
50,70,131,0.1771052345764469,0.23121506485122484,5.060375836666072,4.529718700706755,0.6439604419491124
50,71,130,0.17035157052538416,0.22400020806000642,5.62687040430132,4.917250356661212,0.6655240049436956
50,72,129,0.17200196232549983,0.22896552724536426,5.477362744325451,4.895514789287263,0.6574987119028315
50,73,128,0.17495669446003895,0.23274852902324647,5.517303179784026,4.828009727230534,0.6559784809492596
50,74,127,0.18021262804480215,0.23968249357525642,5.583446464837495,4.653038660128064,0.627258569160002
50,75,126,0.18328979598506404,0.24208796183260367,5.792756342099217,5.523621802755298,0.6371423844851858
50,76,125,0.17206113816487098,0.22809915657741725,5.710505057344342,5.001940104862757,0.6855063833224448
50,77,124,0.17651483228462903,0.2333161452063994,5.424124177144255,5.038775573497528,0.6621569671250724
50,78,123,0.17799209173198963,0.23388924189539642,5.372711270424096,4.36322034224713,0.6378025219701442
50,79,122,0.17520235233955084,0.22919621952055588,4.727975074034779,4.29347084262973,0.6688532660183958
50,80,121,0.1781498545045125,0.23489372594564656,4.646614929617559,4.321363733765107,0.6403473556834787
50,81,120,0.1930180814217995,0.2541799032295687,5.151249430777075,5.117521515117125,0.5988123113261921
50,82,119,0.1942239677357493,0.25617927791959477,5.13585709947426,4.122160715729979,0.5927651420341766
50,83,118,0.19175892834452113,0.25313678980409093,5.445693573335663,5.1444975867184075,0.59834133838829
50,84,117,0.1969521407081456,0.2601326979012288,5.191896470319169,4.895878959689874,0.5846896648642588
50,85,116,0.19592326237757185,0.25907451441330265,4.930342214394635,4.464488912338368,0.5986502219689852
50,86,115,0.1876165850334089,0.2496362965971302,5.644834930436042,4.996003027819548,0.606217788352506
50,87,114,0.19667463631211182,0.2625570720477493,5.305730444537131,5.275789922277336,0.585709184891138
50,88,113,0.19439863247847505,0.2650095084988828,4.994264943641837,4.370684796013119,0.5922507243085331
50,89,112,0.18454005625471132,0.25218467227457897,4.769807302896309,5.067453430069154,0.6023259028590656
50,90,111,0.19082909664468425,0.260567188986376,5.214265310060954,4.468519994476738,0.5847932636102103
50,91,110,0.19102130006611698,0.26174235686868375,5.369999481434516,4.6372544921511585,0.5927014933453627
50,92,109,0.19469954909347095,0.2697467539709526,5.750560037271783,4.905208083784639,0.5935207616911595
50,93,108,0.19490724970776221,0.2700668620353185,5.0704363472117215,4.7126935641787435,0.5816015794362049
50,94,107,0.1893669577498448,0.2609019891208814,5.043169225344117,4.714637632644797,0.5972130410419784
50,95,106,0.18773241964146659,0.26054202084810485,4.944794878287294,5.147330504103036,0.5949931389896828
50,96,105,0.19288207244971842,0.26704935686884124,4.789120744034353,4.236563244022963,0.5752645813308438
50,97,104,0.18829811290083465,0.26078568201695196,5.141439898608036,4.498325118820914,0.5955390832937224
50,98,103,0.1988471780680815,0.27099790197817264,4.9254064016791315,4.686920733169946,0.5819671176831085
50,99,102,0.19502676294848117,0.2634209165531249,4.762138768241696,3.9211301472988604,0.568143157064116
50,100,101,0.18860882751352034,0.25883823228882424,4.877167761337501,4.3710179106200675,0.5825779308492524
50,101,100,0.19323900327513133,0.2653561162402298,4.861202207990497,4.042605744525107,0.587716032059437
50,102,99,0.19430804240873262,0.2631859950385393,4.957618912107247,4.382008777256651,0.5911465037700152
50,103,98,0.1913501123905436,0.25968445254125494,5.017822394439371,4.305584471353954,0.5818929897916985
50,104,97,0.1982490660873032,0.2692792161255441,4.819243487307386,3.948450373004485,0.5783531826795559
50,105,96,0.19478383182203846,0.26678943104277153,5.37039407539586,5.117259341251116,0.592476778346314
50,106,95,0.19968123448026304,0.270701206864571,5.2010154667991,4.426194508932364,0.5969834700440031
50,107,94,0.19007516919133893,0.2593066177131035,5.131990111805828,4.96271899542722,0.5660479839766624
50,108,93,0.20320612688602493,0.2749887475901512,4.9408631346048235,4.317358149323139,0.5574028120481542
50,109,92,0.19401519812337262,0.26029985792007343,5.071133773820728,4.2488027885876765,0.5705453949824983
50,110,91,0.19689587218723795,0.2611984647838033,5.142364984021567,4.187874103659788,0.623089981870466
50,111,90,0.1946793997418481,0.2609742293006704,5.489973831241068,4.73770230023385,0.5904301760230429
50,112,89,0.20217509818264276,0.2692195729324958,5.236724596708793,5.005073488949645,0.5815412902107947
50,113,88,0.19882065542006824,0.26115589973495396,4.917862559739164,4.413086389760447,0.5881804552020778
50,114,87,0.19497857324471615,0.2587770287597091,4.828052238932683,3.8683093549269736,0.5716189795450252
50,115,86,0.19545275540314264,0.25925619361870483,4.9820534197748625,4.781989590614129,0.5770872651572435
50,116,85,0.1980129543543376,0.26369802650722385,4.528049129299004,4.394137943355819,0.5660951505508044
50,117,84,0.194360097948944,0.26075946376972886,5.050778984482582,4.769643063745117,0.580545002322964
50,118,83,0.19996871572991942,0.26829173610298096,5.47002553382387,4.737607475265841,0.5766801910471582
50,119,82,0.19498243015573416,0.26430668694425563,5.264155201473326,5.053572904635125,0.5942651462481365
50,120,81,0.199052358167474,0.27024111250018057,4.9789412616053115,4.655708245877126,0.5763923426250341
50,121,80,0.2003728575922295,0.27431881112873535,5.4319946108143675,5.101318407984892,0.6196286877472579
50,122,79,0.19457022582380862,0.27005115004958397,4.872462167407871,4.5820405431366575,0.5907790775049909
50,123,78,0.1998037195370292,0.27651833723626396,4.691332971673379,4.383174418539122,0.5707617107158519
50,124,77,0.19445536940563274,0.26513762148376185,5.312139869728057,4.307346319869158,0.5904192184305409
50,125,76,0.19602963656327183,0.2663291497262321,4.802802783652767,3.9934441176863973,0.5759799758284089
50,126,75,0.20098119136179393,0.2701417711019985,5.07359872912091,5.1179312792224385,0.5900919472719443
50,127,74,0.19841641535224572,0.2621727973235746,5.20596829965657,4.601638017035138,0.5845421182099866
50,128,73,0.20334753412224366,0.26559905891671454,5.376887214669204,5.260812113158499,0.5775479398404388
50,129,72,0.20553976640487553,0.2684868627953225,5.27264632303366,4.5416112489991685,0.595417253202154
50,130,71,0.20429221840844444,0.2647018010102821,5.097234480009806,4.243530070733492,0.5887153485885803
50,131,70,0.20480758310917024,0.2658797903728348,4.561240443462227,4.4579054790612,0.6004316974620266
50,132,69,0.20464510335501385,0.2628492716522704,4.87464423618184,5.427447575831901,0.57000313730298
50,133,68,0.20068040024223102,0.25785103424518785,5.2534345059160135,5.039629451799352,0.6044579276945535
50,134,67,0.203472892521196,0.2637383495363588,5.0239364241034306,5.15971937837603,0.5853678104593815
50,135,66,0.20673786128679783,0.2675024010867842,5.571388704754799,5.045618737228971,0.5859648285068574
50,136,65,0.20966392207306905,0.2718112429472501,5.221586323807556,4.437723515966394,0.5909517564337573
50,137,64,0.2048052630182796,0.26422821873621327,5.157123391866797,4.423913224524911,0.5725117407385106
50,138,63,0.20528236393259855,0.2647230722308051,5.1544601730274335,4.1907135612201305,0.5777918256197221
50,139,62,0.2023344689798596,0.26267171067224226,5.231423666061517,4.80399214941535,0.5778496365058116
50,140,61,0.21104768100851617,0.2738810960812171,5.090364124844067,4.637162543778048,0.5841803363927202
50,141,60,0.2056378357074871,0.2667309227992625,4.596141091578289,4.218245051692875,0.5820265710855319
50,142,59,0.20492455403647752,0.26872994300506986,5.5254153001469515,4.804715678658274,0.5950949869331387
50,143,58,0.20197041922238362,0.263290740862785,5.143902072849923,4.778306398734224,0.6083419885513471
50,144,57,0.2070294424222992,0.2692431204596477,5.085701204888987,4.1950054852562815,0.5997603196140702
50,145,56,0.20685712766620268,0.2665204039886871,4.591809538484977,4.172801445195363,0.5687051891142357
50,146,55,0.19868499586902122,0.2581217479979162,5.295123283779818,4.796083846638104,0.6073223767684517
50,147,54,0.21116422233470472,0.27503312109116546,4.494121927837653,4.353823364108207,0.5606741066653977
50,148,53,0.20638960608119578,0.2709979415869285,5.143872583798688,4.950047055043392,0.5751157769884683
50,149,52,0.20076773687979876,0.2671928957209021,5.2211104869954115,5.089408804069241,0.6152171147793558
50,150,51,0.21079928905078574,0.28032361786347404,5.093175086297412,4.672050221916217,0.5765275964802237
50,151,50,0.20581525679947613,0.2755070625705171,4.570329509340706,4.161877556023997,0.570420919954301
50,152,49,0.21055040863449848,0.2793170109229725,5.506642682096725,4.791781668341637,0.5934133740070477
50,153,48,0.20652894192610466,0.272830062256838,4.868246494332212,4.396903903256211,0.5757918500651354
50,154,47,0.20975861201034318,0.26129828820790063,4.650766026248656,3.8343015423141114,0.5694163883793575
50,155,46,0.21430178940058411,0.2666033519152736,4.77588060896192,4.493047573612391,0.5678502366400348
50,156,45,0.2092847509411598,0.257294086830659,5.942382993049802,5.354814487737508,0.5798016541365835
50,157,44,0.21558045427911027,0.2671471821108758,5.023745011755299,4.128837048410735,0.5933600292437724
50,158,43,0.20884486508649283,0.25551029938801706,5.083410936855715,4.975891175114531,0.5768260827684643
50,159,42,0.21807504772653513,0.2671790973091245,5.545386830496103,4.989615332757076,0.5612116547093564
50,160,41,0.2229946373707268,0.27302711031136395,5.436875635535657,4.499781623682091,0.5533171711686481
50,161,40,0.23214340802905487,0.2815568254300728,5.064055931669017,4.622966216811887,0.5248599988441655
50,162,39,0.250440802347944,0.3050667767902987,4.910762506748237,4.401354042284701,0.5037551586143665
50,163,38,0.22361621778625668,0.2764647372601421,4.865679879164739,4.512442497716645,0.5564222717699532
50,164,37,0.2315877551638932,0.2860504596080311,5.091099351417137,4.7678435791728235,0.5399342293584046
50,165,36,0.22430207714782047,0.27593963202917515,4.565270872463405,4.3876393783425724,0.5641917836601456
50,166,35,0.23140885225123048,0.28336352906540674,4.647896870210052,4.093994619361601,0.5468309539344571
50,167,34,0.23513300858280356,0.2888169595024513,5.03830558385693,4.47808908513174,0.5476229050307719
50,168,33,0.24072215275844708,0.2929546351686326,4.698508118778673,4.77705148711361,0.5085671025340116
50,169,32,0.24137143994726729,0.29623953208351417,4.45307824939014,4.4274434334945445,0.5165552800252987
50,170,31,0.22789688172533762,0.2767905817499201,4.759445387471537,4.722100838555386,0.5447747171229678
50,171,30,0.24711215505463832,0.30109078637752673,4.369642908173713,3.719999090580588,0.4919836741929453
50,172,29,0.2388231178740758,0.2931052404960004,5.068199269187247,4.742404820823147,0.5103905152199105
50,173,28,0.23128373263431082,0.2863491285481895,4.875383277408378,4.238093464793199,0.5516458555345916
50,174,27,0.2341660584053314,0.2870521636219816,5.054113799097021,4.2310558049858535,0.5233533351539338
50,175,26,0.24060612190267935,0.29837277611841456,5.498627533627058,5.483070659938717,0.5237045513136648
50,176,25,0.24167011487683046,0.3006323630101823,4.749402216825368,4.11525786781685,0.5209420934775683
50,177,24,0.24718294555541706,0.3094285286020671,4.915220186564349,4.640238694802671,0.5207161284624353
50,178,23,0.24454431173304864,0.30673412446287746,4.83719533189514,4.007933012474638,0.5290679541331169
50,179,22,0.23063746825543008,0.2892308835019161,4.560754644512811,4.205133954479647,0.5377246294865025
50,180,21,0.23855244540635537,0.2986265016497695,4.908557234587559,4.032364530353875,0.525502235844279
50,181,20,0.2456651502949737,0.3083683449479295,5.237995199964648,4.561937598845871,0.5298375099115571
50,182,19,0.23687207639368607,0.30078393605706283,4.860919419486893,4.854599523404793,0.5064469706616725
50,183,18,0.23967565090270934,0.2991482029720314,4.857531654782777,4.295458694943264,0.5151787274525325
50,184,17,0.24139140044854548,0.3002619210185512,4.831478868389883,3.995313218713767,0.5249380562379924
50,185,16,0.23928621593061752,0.300001246505794,5.207723917873618,4.248228613001708,0.5343830211532484
50,186,15,0.23449652291425263,0.29291773451356184,5.05745129292817,4.155198344023065,0.5555387352033037
50,187,14,0.2515824884446525,0.3166525277492006,5.0416744058240095,4.850196295335047,0.4971689560472588
50,188,13,0.232614533267352,0.29679933080749876,5.333279691191597,4.339601034916433,0.5318435447090836
50,189,12,0.2300370737928507,0.2937930257381159,5.803846344043707,5.050084719566212,0.5589774812061711
50,190,11,0.2311272891750116,0.29248003565447483,4.61125264643932,3.884006580095303,0.5534621141428556
50,191,10,0.2492135880636497,0.3106894450355831,4.927315000216627,4.003628561323272,0.5215332101632137
50,192,9,0.25393086700017337,0.31297484351299576,4.970197780138646,4.579097309954919,0.5135041293745153
50,193,8,0.24725947324861405,0.3011769748844775,5.116389217975283,3.986838375378118,0.4897273397381276
50,194,7,0.2395178369827626,0.2920536884207029,5.002263372039508,4.594550284792196,0.5638224919704928
50,195,6,0.24491991292664061,0.3025626595367121,5.05303481939244,4.96394703263267,0.5167258196684954
50,196,5,0.24276416376784002,0.30121764175819765,4.937930982677594,4.397430579148882,0.5397009568803806
50,197,4,0.25127200245130304,0.31188442789652515,4.534671843505976,3.941272791469483,0.5226618459105965
50,198,3,0.2500550498372593,0.3127428847825808,5.113798251711955,4.773547487627975,0.5094241491973863
50,199,2,0.24578399493048717,0.30634945915444944,4.5852875947772525,4.3790730784377025,0.5132561104973402
50,200,1,0.24002604612433942,0.3032278007043008,4.959013197117485,4.343475325668348,0.5389229399167653
50,201,0,0.23562465239283975,0.29733500542561514,4.86777692049437,4.55698387222403,0.532670093191506
