unit,cycle,RUL,fe_RMS,fe_RMS_norm,fe_Kurtosis,fe_Crest,fe_Entropy
1,1,211,0.13960864450407398,0.20050515129225865,5.170771532183906,4.327376433014352,0.7394133775086984
1,2,210,0.13743426230792166,0.2065972459313753,5.541960555841937,5.082659147559205,0.7484464533632251
1,3,209,0.1388384658620246,0.2083325147458949,5.234374093855344,4.436395338204705,0.7574797662538677
1,4,208,0.13811306780320598,0.21114710503732678,5.185967025200724,4.307789478441992,0.7319165742334406
1,5,207,0.13953665287177752,0.20105303987034487,5.421791821704831,4.7768033256980145,0.7568056059234125
1,6,206,0.1418291350732772,0.21255542902969105,5.548388489530852,5.325232655148595,0.7452983290573524
1,7,205,0.145623908762448,0.20499376581924802,5.41930552648034,4.856353370124166,0.7410239357490772
1,8,204,0.14454762761292325,0.2049728380263386,5.469641849171133,4.489862519030027,0.724666806039041
1,9,203,0.13774390576971826,0.20840808517522647,5.859556600636678,5.085835414083258,0.7553058741715319
1,10,202,0.14206465181229733,0.2129094470375561,5.406057049038413,4.853093294937655,0.7457652145157057
1,11,201,0.13524195898218946,0.19826528485864903,5.273102698479604,4.616953977135649,0.7437466171785186
1,12,200,0.14416681573304713,0.2105170365130421,5.552977413878347,4.473013850304231,0.7366606175759246
1,13,199,0.1444514814253134,0.20469318349594065,4.997726494686997,4.363779820747963,0.7376744486860536
1,14,198,0.14086961332727832,0.21192614844530677,5.428011286047367,6.24447424290082,0.7405767704380589
1,15,197,0.14442588606595802,0.20558363110026773,5.77070239642801,5.445971504870798,0.7444958615873851
1,16,196,0.14371142778131069,0.20830921955075432,6.138388271427472,5.675438087734002,0.7321146568906103
1,17,195,0.13873302332506274,0.20446028444643305,6.073529545427579,5.62226331485421,0.7559528895751295
1,18,194,0.14557514333481286,0.2203038178479756,5.644098280850185,4.614672708682764,0.751662326363515
1,19,193,0.1350758088735273,0.205219079525873,5.494688766737431,4.766212714352622,0.7518850627785203
1,20,192,0.1401797023885225,0.2170677045269188,6.019067366894473,5.166109671319079,0.7334670349944328
1,21,191,0.14450681729125137,0.21511334847333902,5.451003184790906,4.8391079626146505,0.7346516816942859
1,22,190,0.13780469571704257,0.21130690853779446,5.437350102082689,5.029576216227935,0.7433349558405103
1,23,189,0.13334694359610916,0.2045044392997229,5.344989257298467,4.5060770786960065,0.7583408675995078
1,24,188,0.13970264758026124,0.20824386380479723,5.79560467220694,5.0440358977722575,0.7605070140739317
1,25,187,0.13698498875847792,0.20740619249082767,5.279975291430619,4.449024255229324,0.7166737540765247
1,26,186,0.14347905891762466,0.20969562884124873,5.007911549545488,4.880368208885633,0.7539703601967948
1,27,185,0.14154597217170414,0.20257615559799705,5.5429640645231215,4.956863446575494,0.7381579537504633
1,28,184,0.14376078946704116,0.2095576182550471,5.355188642742176,4.914017300479233,0.7452645205260964
1,29,183,0.14731242165368216,0.20754720202508442,5.605333465869808,4.8302488206469425,0.7331816990857661
1,30,182,0.14231394038493791,0.21612012571561587,5.331991801933382,5.415720153699464,0.7384322388223243
1,31,181,0.14390778514425753,0.21306608180303083,5.923277241748364,4.448628857380866,0.7640610213938152
1,32,180,0.1438892854659154,0.2137447299941123,5.410979580121447,4.294840560653674,0.727573047191014
1,33,179,0.14013398958885154,0.21252508896885045,5.3443973021039906,4.415965114464418,0.7334163528402766
1,34,178,0.14221336491174022,0.2150940779041493,5.3632888108092684,4.4496292846556,0.7205166590936727
1,35,177,0.14772710779636902,0.21307251585513706,5.834403191155491,5.7735116147586725,0.7212738559015849
1,36,176,0.14000408749200352,0.21153154662832738,5.604208681836469,5.0207167923204405,0.7473067599612567
1,37,175,0.14132675894712118,0.20452332294810166,5.670079513317032,4.857512714012169,0.7479944927999644
1,38,174,0.13936434388886357,0.2149798964369688,5.493046128619255,5.121388232409034,0.7416002649295286
1,39,173,0.14658813755959002,0.21373559711678178,5.8786698069867125,4.915655496381858,0.762584968504166
1,40,172,0.1419578354638795,0.21200635776520857,5.3100535250113285,3.9632919990353317,0.7233928364872081
1,41,171,0.14431326627488916,0.21062092540980848,5.10886522777082,4.281216399087816,0.7308278121996776
1,42,170,0.13676970336139413,0.21015662415417546,5.231809929070823,4.752550369070857,0.7576163645788754
1,43,169,0.14541556660490923,0.2133636978342695,5.27218511297866,4.706563383033818,0.7354416206031399
1,44,168,0.13672592393631022,0.21332535649677564,5.85470393137582,4.502040072953326,0.7413025242794812
1,45,167,0.1442985278449969,0.2177241208636628,6.022273258166203,4.910574224280022,0.740962815761625
1,46,166,0.13710694541933935,0.21463520317365514,5.058362381650823,5.198300893535647,0.720375008995522
1,47,165,0.14989414421614977,0.22058882228996587,5.994303888212132,5.096187680963879,0.7717035692082522
1,48,164,0.1453356514310204,0.2202336173744534,5.608003766166679,4.868980416401082,0.7514469734128455
1,49,163,0.14847553033968147,0.2195317954458975,5.412062558608106,5.273027574168908,0.7306254285467183
1,50,162,0.14108503801439942,0.21659174901419456,5.3660947372374,4.576939543505482,0.7195617536284625
1,51,161,0.1408217519443463,0.21277951296734052,5.747820348069743,5.146902587769061,0.733093580027672
1,52,160,0.1447271848789717,0.22101575388432312,5.823167612182242,5.33247920259829,0.7276676693845463
1,53,159,0.14828011224910526,0.2191978402512808,5.243142669916214,4.668452843867392,0.710791313621699
1,54,158,0.1454927198400693,0.2380809173330613,5.583457895497661,5.433320529054849,0.7115669577043103
1,55,157,0.14761166932559242,0.2317752926945526,5.700593684111777,4.691025652549042,0.7367297121397773
1,56,156,0.14031368205909295,0.21250977589473374,5.522225121364056,5.309799200387004,0.731917430493358
1,57,155,0.1381516904739358,0.21647770966754257,5.639985061467822,5.707850020251369,0.7326722101297453
1,58,154,0.1430777306210301,0.21369054490813502,5.183242327411682,4.223501329328809,0.7291961550526332
1,59,153,0.13827819542562803,0.22473734704646034,5.199447197992466,4.507013029364042,0.7084641973379977
1,60,152,0.13844525185961362,0.2138375081946016,5.492961957044129,4.540332296721668,0.7392617826836353
1,61,151,0.13788986496237726,0.2264974928978634,4.855335001390268,3.8538098437417023,0.7190820443204264
1,62,150,0.13591443933496197,0.220379443227367,5.046054785049922,4.7215445543991565,0.7404328371448585
1,63,149,0.14269906116855377,0.23173299686783386,5.684696018418293,5.199855040458558,0.7131285528944585
1,64,148,0.14222307017669011,0.22833910485258263,5.762318485219468,4.9625869438894314,0.738125228158687
1,65,147,0.14355429754545718,0.22798417945847682,5.418484812649102,5.265746815098324,0.7138131945121367
1,66,146,0.14962804108288816,0.23403778728345606,6.150254290294761,4.8778073100310575,0.7309735335697207
1,67,145,0.15641589749133009,0.22947125067134438,6.191297298690614,4.876835236483145,0.7055823044927619
1,68,144,0.1472046820588229,0.22046072372365313,5.564576935573825,4.677479475936377,0.7354162937823157
1,69,143,0.14712444631911575,0.22189139881570116,5.7433500360351335,4.629814877313613,0.7131974942877014
1,70,142,0.14889162410024648,0.23319503803739872,5.415660491470027,4.206675226500026,0.7539503895030155
1,71,141,0.1525260912753138,0.220665308490091,5.320664052987939,4.467918804967613,0.7410071477540391
1,72,140,0.14715620236623259,0.21401036420956956,5.419070088531463,4.829650045703707,0.7345226960942799
1,73,139,0.1418341818526696,0.22487436061407118,5.6601706638932985,4.227672295542246,0.7474132755140517
1,74,138,0.1461439167889859,0.2309045320195574,5.677744135926591,5.308744884047004,0.7414728928231404
1,75,137,0.14456515237566023,0.22776448953576237,6.033930039747832,5.557606533316499,0.7568552061686954
1,76,136,0.14632460162354732,0.22015503391717994,5.086650753298331,4.267736626208029,0.7258321216068205
1,77,135,0.14696628164904843,0.22293736720764862,5.417285176156458,4.900253726195191,0.7149116054226746
1,78,134,0.14270354182623168,0.22154498034446654,5.488914444292083,5.124859964746907,0.7357598181370929
1,79,133,0.14635516342522356,0.23354786766123511,5.494003997145774,4.968920763176411,0.702295116594612
1,80,132,0.14077674389988365,0.22835194908019937,5.285784609648285,4.552219960760748,0.7237791697638453
1,81,131,0.1391710213506136,0.22751961341483093,5.265887939099089,4.070272166245953,0.7419412000403114
1,82,130,0.14200714301558076,0.2246231479703684,5.5033242748284055,4.557620971150656,0.7317984236475453
1,83,129,0.14949719877241963,0.24446731487730047,6.4136895937144125,6.934487299739985,0.7395944888764412
1,84,128,0.14601620514861294,0.21484395025500055,5.050103799077282,4.336432739313785,0.7236227573409407
1,85,127,0.1605550360329399,0.23464515789102505,5.283670547769515,4.766050916509084,0.6740347261532195
1,86,126,0.15998872807578796,0.24793201156117353,4.848562625843395,3.9012439626466473,0.6637227082418949
1,87,125,0.16272296443135964,0.23955650398736317,5.307829907599604,4.968872309874439,0.6609987385411012
1,88,124,0.1583631564732763,0.24222775579257355,4.939864946093995,4.071946731736094,0.68191996056995
1,89,123,0.15586039686836944,0.23861370127125867,5.385450317140881,4.457299881641119,0.6697855883871134
1,90,122,0.1569878073447182,0.2388342049574323,5.96798635517006,4.841480960006018,0.6832001228595439
1,91,121,0.1579979024156022,0.2482962018012653,5.162273442509365,4.447667210635712,0.6834045720445738
1,92,120,0.1577680650260975,0.23337981441521163,5.7886384049281165,5.479283963956687,0.669005108270069
1,93,119,0.15848196234347287,0.2560960121224912,5.032793013689192,5.084527228270417,0.6734266406648992
1,94,118,0.15881373689526584,0.2522355173656698,5.452484281701297,4.289789398601631,0.6716756216448249
1,95,117,0.15619410555778304,0.2435697476194553,5.2792689784282185,4.48493748003031,0.6735987438896404
1,96,116,0.15921583018034396,0.2418624172203891,5.62855395677851,5.167823147245412,0.6652353142791012
1,97,115,0.15886081198938476,0.24731740961300827,5.314118270088763,4.923099697458054,0.6764266907711474
1,98,114,0.16465376749832542,0.2388946650485007,5.650091438235359,5.351303735881775,0.6631007212477059
1,99,113,0.16760124601208812,0.24760198131384817,5.503529778247476,5.3081450912635315,0.6640732015794857
1,100,112,0.17120150171614565,0.2608427048939075,5.012788142669432,4.628601956379949,0.6294085615767143
1,101,111,0.16705916135416032,0.24305258104067473,5.574821230357991,4.9332458128026735,0.6698675141644218
1,102,110,0.1683093480299647,0.24078918534607882,5.966604745902438,5.259809698275261,0.6695637277644109
1,103,109,0.16761588934000166,0.24799601905922336,5.034444014434984,4.310009572269917,0.6558339660799842
1,104,108,0.16266968428892695,0.24340947250809272,5.389403972325832,4.9598943719498685,0.6824465359731143
1,105,107,0.15951973070100756,0.2435739674381233,5.168141611330721,4.248768845560917,0.6581039134325168
1,106,106,0.16422927369325874,0.24320601959193955,5.104779125017097,4.504166223371662,0.660978413546542
1,107,105,0.16686677790548438,0.23665029017309602,5.376115619436565,4.700356756860474,0.6415131585825353
1,108,104,0.1653980015951705,0.24399945287379685,5.231946826711805,4.14868030954498,0.6756847046304757
1,109,103,0.1632400587989416,0.24826547623263798,6.235018704769265,6.6228064631438865,0.6733607687862142
1,110,102,0.16344742638480236,0.2424310408296896,5.3907963285615335,5.301331145248004,0.6536130977973593
1,111,101,0.1547984498369254,0.24110698556268392,5.438980273036313,4.949613565315667,0.6828674583561593
1,112,100,0.15559776090567828,0.2519455126675845,5.04020930598202,5.10470300071409,0.6587944059911363
1,113,99,0.16333728279806195,0.24333561862636213,5.372151234722484,5.124116346763871,0.6584287952715592
1,114,98,0.1644075209427424,0.2564198963026441,5.832719146226273,5.401449655898501,0.6767877206958381
1,115,97,0.15354471861872845,0.23990846692098325,5.2069717895276195,4.647185451565524,0.6743373813435944
1,116,96,0.1676010285399283,0.2466424031792755,5.334906703781754,4.626965549136656,0.6853391500068459
1,117,95,0.16083675651548937,0.24702811311990522,5.26360777531878,5.597289496680139,0.6658806705218613
1,118,94,0.16395880421798414,0.23247128996197444,5.098548385239142,4.118006222825874,0.6681894096048586
1,119,93,0.16570491729249298,0.2427204877619481,5.17842337476028,4.91006581879748,0.6541467931262483
1,120,92,0.15952239032460278,0.2333679147222535,5.425257229371324,5.309839210896009,0.6603685423171143
1,121,91,0.1594152958877829,0.24218997760635966,5.432474332781561,4.580295879810842,0.6740116364971087
1,122,90,0.15900919963374066,0.2549936023066231,5.290001025521116,4.559674873684341,0.6863305364358727
1,123,89,0.1624746696578536,0.253552210837534,5.363618548574708,4.788777270450654,0.6567776084160957
1,124,88,0.16379772004846177,0.24719343329141724,5.353951171387724,4.870583498656645,0.6565806114821853
1,125,87,0.17133738580200056,0.2500021432105811,5.7694159623454535,4.896866347150231,0.6702211785702427
1,126,86,0.1582867287029607,0.24030661116600716,5.191975436185441,4.659643541289622,0.6797631548804701
1,127,85,0.1575869467762608,0.2468410504251816,4.9272591523608575,4.310749434166087,0.6629147043307513
1,128,84,0.16707924649340117,0.2459615181694269,5.115691900896273,4.887194716247783,0.6411279887179496
1,129,83,0.17030278168866048,0.25347556040965163,5.387916111283104,4.813284206762871,0.6460868090030668
1,130,82,0.1599676680586679,0.2383798239131395,5.525362582139673,4.8344881772813,0.6713499048944107
1,131,81,0.17034203944257462,0.24826683911878697,5.349874708304015,5.158264566132188,0.6550876518245133
1,132,80,0.1702914844110801,0.24994866913627578,5.278020638647012,5.445690716725267,0.6604105930966809
1,133,79,0.1698175532757279,0.23789330526149097,5.22286185859069,4.740062337228319,0.670592219432234
1,134,78,0.16742774653964032,0.2312549431833845,5.426795904625878,4.637980217734049,0.6788866503255193
1,135,77,0.1679169430243756,0.257300090832916,4.850781865591264,4.289431647957275,0.6506869561518692
1,136,76,0.17096632662886177,0.2463365253241542,5.119214283203254,4.507258464286766,0.6359636947941216
1,137,75,0.1844203250094554,0.25097650528999127,5.319484187919754,4.552650767875813,0.6355515784127649
1,138,74,0.1667286809710428,0.2452126140666106,4.888913216736572,4.466223996675863,0.6613463744627275
1,139,73,0.1785655655469273,0.2613691615748786,5.506619078555464,4.714190585800217,0.6506965700694013
1,140,72,0.1721107690770199,0.22883213730241697,4.945959816692704,4.295404462149951,0.6739296067911172
1,141,71,0.17143071817256597,0.24335944776627774,5.135434704845784,4.368285581349826,0.6542021742833731
1,142,70,0.17711613103905677,0.23700138846485716,4.974072222788642,4.460663922655118,0.6387958041124235
1,143,69,0.1672705819003461,0.2552359357522252,5.302659365406052,4.851275644460568,0.6693580900458357
1,144,68,0.1770709387628691,0.25005509695191974,5.129417132439308,4.960930056644938,0.6541485118230324
1,145,67,0.1686715731923773,0.2531709711387345,5.285922904575509,4.798916549030029,0.66337614977017
1,146,66,0.17563281396429925,0.25234343810079646,5.5358103898973425,5.693725470886839,0.654653909406352
1,147,65,0.17388698911393097,0.2445666910481756,5.046895269229883,4.380807544900635,0.6539523179815316
1,148,64,0.16840757474203205,0.24371600585154501,5.080809816918078,5.293616590097385,0.6511872066805777
1,149,63,0.17178458627173795,0.2552918328137485,5.157688633242135,4.68457339734545,0.658912957096187
1,150,62,0.16729822861901275,0.24031472769334244,5.523269588377097,4.43471807427887,0.6713317870279815
1,151,61,0.180871642442946,0.25154349432218653,5.681436296369871,5.783342240792591,0.6563230928509248
1,152,60,0.17786805373914744,0.2407171036371623,4.760224823313676,3.944482777291892,0.6506522402737078
1,153,59,0.17891997932609602,0.23637185499940694,5.577584177805636,4.7442281181379755,0.6561417684057039
1,154,58,0.17092844170573376,0.25256114057597545,4.922654129789482,4.489050414143827,0.6633498342378087
1,155,57,0.1683588689741386,0.23872923073297045,5.334300524095284,5.196517071765509,0.6472486420072862
1,156,56,0.1724000417428777,0.2622590169028941,5.267938054280635,4.754973279504974,0.6550485537924703
1,157,55,0.1699116740901221,0.2541312715556271,5.383368684392337,4.922832818431565,0.6585243641179599
1,158,54,0.17332208475133878,0.2595339799418839,4.948182867784613,4.548769109484185,0.6718625527746287
1,159,53,0.17151290565783134,0.2652640670125498,5.392062876050542,4.679820811441606,0.651191088048899
1,160,52,0.17130740531917124,0.24426835488470697,5.085155247791464,4.46341062848704,0.6526748143875545
1,161,51,0.17691508073744205,0.2531041469237825,5.373497213242896,4.707516616885547,0.6682660266886509
1,162,50,0.17339804168016745,0.24538255683385243,5.2495851596753305,4.184051921763962,0.6605756585000769
1,163,49,0.17496511533538062,0.24944065937632118,5.487707041313859,5.2760073835961405,0.6495404583046103
1,164,48,0.1712898004972278,0.24832914357891253,5.137676930529335,4.324404046489021,0.6661258707776316
1,165,47,0.18167481377788838,0.2531525400166052,5.067086424874767,5.6928180182647905,0.6494092716691744
1,166,46,0.16796650651986278,0.26402554898283864,5.129224114027517,3.991720374154477,0.6533013340587707
1,167,45,0.16880821958978715,0.2592286962528408,5.361186362462204,5.802027496297128,0.6372610055813229
1,168,44,0.170612397673243,0.24572873691894745,6.08614282097057,5.423272951277252,0.6838353035715362
1,169,43,0.17081351121774796,0.27050465166158133,5.017419470046281,4.587341832836166,0.651370230791035
1,170,42,0.19538841584943387,0.2779288741563516,4.749649031942438,4.382207255265559,0.5926668606758523
1,171,41,0.18689987389837298,0.26469641326464344,5.187281380089267,4.5848212120921135,0.5760956330526873
1,172,40,0.1952789309506082,0.2917076695681978,5.004882962261276,4.536981721447949,0.594249837785124
1,173,39,0.19243609729637462,0.2743473496965748,5.369082008390646,4.6804838748023005,0.5871321238885574
1,174,38,0.1932253585046905,0.2669984941260223,5.69576080724682,4.590633203631844,0.6039795152514649
1,175,37,0.19186503114794223,0.2748556895541091,4.882196539502527,4.346770505064227,0.6005099219192774
1,176,36,0.19569785574329923,0.2984038294708667,5.858925575616119,6.207302820071202,0.5474954206184
1,177,35,0.18467711952998953,0.26923064570686356,4.848664198084574,4.645525487790944,0.6079740476332021
1,178,34,0.19364725788420775,0.28433032609922765,5.008576058566119,5.041963361715129,0.5963803338980994
1,179,33,0.19011220288537395,0.2890040856576475,5.902416879670504,5.674874083140199,0.5857146510395127
1,180,32,0.19270849679447313,0.2835776039835425,4.712942602417664,4.095727084804607,0.5792548279872305
1,181,31,0.18456777430768417,0.3076139533931164,5.683090131680883,5.912953049897445,0.5982107433028591
1,182,30,0.18104788442037306,0.28821993177549765,5.5280853268445735,4.699729822219175,0.6186534192215716
1,183,29,0.19817040167101216,0.2850827984995302,5.1228195971072115,4.256484830695307,0.5709551553473088
1,184,28,0.1788178876873866,0.2753851171261615,4.78087658887165,4.744302887577284,0.6037851171286023
1,185,27,0.20247265429733372,0.2785180461627649,5.077521102000561,4.712981034527483,0.5669087795250827
1,186,26,0.19162484384791062,0.2909840511046479,5.582906273057516,4.680339446125621,0.5923618000959836
1,187,25,0.1976987889937657,0.2717540885894181,4.94466430603762,4.578739330438219,0.5888393941795113
1,188,24,0.181926822728524,0.26923877732819423,5.217561803548389,4.263684825877666,0.6197761166697449
1,189,23,0.19215077809738637,0.2987979959556714,4.444820880525585,3.8781300852297353,0.5596964396714217
1,190,22,0.1902218293065517,0.29610450304507985,4.639644363370726,4.504181009040879,0.5781571615661153
1,191,21,0.19482295698192031,0.2767194091090109,5.251335194895653,4.46552992299791,0.5655133112467738
1,192,20,0.20420459338115043,0.29168770138926525,5.012826598460819,4.152671274179756,0.5920328503685656
1,193,19,0.18907880438712077,0.2832328645100431,4.992335064876354,4.915615876953293,0.5884011906331205
1,194,18,0.19481074379389982,0.2924104776155242,5.00582241949779,4.398145157150759,0.5875695261847967
1,195,17,0.18746260095626416,0.2773006965548805,4.656590208742644,4.274683740117565,0.6086589853958967
1,196,16,0.2092687222745818,0.2860180311936836,4.790663981794389,4.2890169279234955,0.5644258433186378
1,197,15,0.1964002285084901,0.2798730275439413,5.009592462831137,4.413619462376835,0.5841869680416995
1,198,14,0.19409157309751243,0.2715898029131562,4.863945330217479,4.304772951009082,0.6057745386559653
1,199,13,0.18977582870254986,0.2794376439179448,4.894755752514017,4.510806184077788,0.589363540145743
1,200,12,0.17473086454588482,0.25788730001620225,5.226497389729785,4.32786513341035,0.6302374896733673
1,201,11,0.19404910306339337,0.27901765318154836,4.972482308376092,4.356914196059397,0.5820942057962161
1,202,10,0.19300782274779257,0.28171305966199,5.057833444806186,5.338325743096148,0.5845996876596505
1,203,9,0.2003325025584117,0.2883333406389627,4.719708302780933,4.147824337632821,0.6052043026991855
1,204,8,0.194433532377613,0.2846047900586265,4.9521707921512785,4.269523661831925,0.559656260579801
1,205,7,0.19653476422948102,0.2786115912180923,5.493603401597959,4.729725120468833,0.6033919002231759
1,206,6,0.19158330510240906,0.2822167856116482,5.279357085554624,4.385231848379317,0.5896177772756169
1,207,5,0.19042902302660297,0.30276796261124556,4.933729031376734,4.552927691403464,0.5859574383518098
1,208,4,0.19136508371016192,0.2770352968396861,4.803636949201874,4.1575460591200475,0.5898732290764305
1,209,3,0.19337191177882906,0.26699667307790975,4.596242465878168,4.091908718569433,0.6193488339914497
1,210,2,0.19083019064948617,0.2849838300480565,5.3556397243350276,4.818327332097859,0.587693509381656
1,211,1,0.1921008078168325,0.28133025042094134,5.07004867185209,5.0906019530074476,0.6172240540874582
1,212,0,0.18857998092889758,0.2804390717505556,4.977074264505995,4.886510944935541,0.5888734518805953
2,1,175,0.13239606661591338,0.2256551822638103,6.240842712805736,5.449782133513224,0.7763220113170867
2,2,174,0.13193832123596996,0.22088342600403002,5.964227461736652,4.707559900696159,0.7633764725166824
2,3,173,0.13360268020357224,0.22465212066073395,5.259090562424621,4.866216178953589,0.7352032955946644
2,4,172,0.1292947253867552,0.22032230235550884,5.292963705370913,4.340666266497172,0.758454482803844
2,5,171,0.13309460743579726,0.22500241984392078,5.798747256543157,4.531807103887729,0.7420283068258211
2,6,170,0.13038631090140862,0.21842328773459216,5.328539070241571,4.475483672260402,0.7241222332771003
2,7,169,0.1345242233617425,0.22766349587975468,5.745879493839466,5.2067384373396095,0.7309327051065363
2,8,168,0.12687783569605635,0.21794713662052842,5.387398977353829,4.581181447258561,0.7523023930983674
2,9,167,0.1307845193258635,0.22222907463578132,5.584202879742869,4.911614451397071,0.7395938447946852
2,10,166,0.12712351851837977,0.21481698286426246,5.031432111823947,5.046646634714169,0.751010550105509
2,11,165,0.13093599402730402,0.22308505453249072,5.62432507124489,4.730662985673164,0.7475920732076726
2,12,164,0.1294688302697123,0.21747311518345747,5.358704608676731,4.64211469658074,0.7252015591247698
2,13,163,0.1302329410995041,0.21374161136913838,5.38609411155445,4.404626970500506,0.7337641516181715
2,14,162,0.13333335820732373,0.215662427952463,5.138535320366275,4.505977640979132,0.7446798570433929
2,15,161,0.1326502521822532,0.21292721914457852,5.088715442025839,4.672597309827884,0.7566440293969255
2,16,160,0.1341451222213138,0.21869954009932385,4.933755333419967,4.489421663815681,0.7496590319894492
2,17,159,0.12755992694091267,0.20839322727819268,5.549698979169214,4.846671783290321,0.7508698061578984
2,18,158,0.13269884391170478,0.21566121207650427,5.348408036518656,5.162119422780306,0.7455017071685173
2,19,157,0.13220380575487675,0.21233583046439422,5.074392673778421,4.384324279297399,0.7650980285542309
2,20,156,0.1323975300369702,0.2115937620062607,5.023144946589773,4.514212076720516,0.7519495434864985
2,21,155,0.1349110389145517,0.21252357923650364,6.122840196950309,5.618014134477609,0.7357348744861065
2,22,154,0.13789505180682887,0.21714322623095372,5.4073605313801,5.153091478174666,0.7727756332379017
2,23,153,0.1323336102532363,0.2060090696358477,6.031487533034781,6.124555796445119,0.7531646367547028
2,24,152,0.13520229630860697,0.2134268963787911,5.508303686693017,5.5129467802186305,0.7300685819370643
2,25,151,0.13767118108873977,0.21497665235088415,5.50600852000004,4.332073876510041,0.755817105870409
2,26,150,0.13793343770665006,0.21138315543994948,6.367051387995073,5.6980197371067955,0.746537119119937
2,27,149,0.140388929625194,0.21501716115981714,5.6575535161860495,4.69327903579714,0.7491539542283371
2,28,148,0.1412709196391378,0.21351691155664992,5.549118291930758,4.752584588935347,0.7449553019030966
2,29,147,0.14089970587104272,0.211892330941997,5.094144774901065,4.032380588883335,0.7177530649789715
2,30,146,0.13727944733333772,0.20648272824080083,5.430449662942042,4.7880846289160335,0.7441312015578501
2,31,145,0.13918925490863635,0.209155551930429,5.937684042615671,6.244190650332573,0.7523738982404385
2,32,144,0.1411948623562953,0.2117962921999876,5.710425289402279,4.474332589844022,0.7415649801296423
2,33,143,0.14534066558304679,0.2204148052221481,5.380780229004945,4.72459812440396,0.7098940557925844
2,34,142,0.14265637635727996,0.21999161074393567,5.263681253927541,4.29851108774173,0.7488833409217049
2,35,141,0.1392642123774376,0.21553392019958967,5.571179358898037,5.153953443480862,0.7449123829812803
2,36,140,0.13907530944057164,0.22122712229345254,5.946939718947543,5.811382984021174,0.7430171640318703
2,37,139,0.1401657821636939,0.21925964065982415,5.467476865808976,4.7919909761391795,0.7538978879722675
2,38,138,0.13673223190290676,0.21232971447031854,4.803021753272047,3.9692162456654834,0.7351419996403726
2,39,137,0.13751046135729308,0.21498023024086466,5.135052339899651,4.281115919631952,0.7431604428416805
2,40,136,0.1425924793091359,0.21841385149357084,5.533006750589115,4.755920149189922,0.7303290422596884
2,41,135,0.14071972089177864,0.2165504461753398,5.487273302263633,5.022166231037742,0.7240125659753665
2,42,134,0.13799377008446434,0.21262154624369314,5.56726324117926,5.9327264469336045,0.7407640462575158
2,43,133,0.14215582922065167,0.22135441529079472,5.395343073370254,5.838354607353427,0.7401242004179927
2,44,132,0.13888278281121924,0.2130290809458315,4.731286639379653,4.424696099523065,0.736552375923575
2,45,131,0.13719488424642037,0.21032176578837675,5.881107153359616,5.115165895143856,0.745725818834245
2,46,130,0.13681597558797862,0.2118642081891124,5.19093297685119,4.448795566548261,0.748091193837332
2,47,129,0.1434882023554038,0.22221268468700592,6.498257783413818,5.217056917458783,0.7600217559591073
2,48,128,0.13859674671065356,0.2138361945695511,5.324972677039177,4.1365033440804595,0.7090038509257665
2,49,127,0.1384362504044473,0.20871100422526184,5.529993377812769,4.745420906755028,0.7531487403904135
2,50,126,0.13942348584123998,0.21545361490493944,4.8138562862346355,3.9902839398542747,0.7193375102469644
2,51,125,0.14103870486121053,0.21553209839091964,5.2030127247503986,4.777498079879299,0.7300466167117077
2,52,124,0.14770458808302492,0.22771122921631792,5.212856809210966,4.381206321465522,0.7255384907012108
2,53,123,0.14177167179542144,0.2185007416511028,5.333730241121254,4.270987467678622,0.7252602438353224
2,54,122,0.14064420099279226,0.2175536128667544,5.453939241274545,5.203760202633035,0.7159646494692257
2,55,121,0.13985378017603917,0.21540379468669585,5.6227480431975465,4.790376088020072,0.7263943991613383
2,56,120,0.14464726341753242,0.22377644343879347,5.279100450524853,4.965889006177079,0.7337949719618578
2,57,119,0.13828179823974407,0.21905841492993797,5.487967776739293,5.313713633304093,0.7324699727716754
2,58,118,0.13901871994460652,0.2244205041853364,5.661507057259993,6.244095115016874,0.731524756511233
2,59,117,0.14276783472307064,0.22229248342531402,5.44216174583417,4.606094342956056,0.7124807931094902
2,60,116,0.1373773783648479,0.21501251120018638,5.652607807678674,5.026205342481627,0.7341700919349542
2,61,115,0.14007847478480145,0.2182461868856088,5.46087637817025,4.581198555314461,0.7346432019206021
2,62,114,0.14201885069361064,0.22201110284839165,5.752032290999781,5.845168675228059,0.7416446943502429
2,63,113,0.14198366545248695,0.22430752500687623,5.592563429617924,4.542867911927517,0.7298664689184396
2,64,112,0.1412369427912126,0.22635364154461107,5.380283750399251,5.010812067429332,0.7364189576952178
2,65,111,0.1439111924845891,0.23038575621115698,4.848213947155752,3.9874600474210697,0.7319751763938841
2,66,110,0.13894476559386215,0.22233119281169506,5.499008161638606,4.490916460086203,0.7269750814672677
2,67,109,0.1408576170012363,0.2237409172705859,5.75391245279901,4.8770172968612915,0.7480698146968555
2,68,108,0.14279515004180307,0.22317108192600224,5.366213724091528,4.5520899927992735,0.7332769008963167
2,69,107,0.13992366906046091,0.22103791308756454,5.6794083710110055,4.729602543997892,0.727653212917979
2,70,106,0.1410922074161052,0.22590400510080777,5.651518521928322,5.220878449626797,0.7424992156571169
2,71,105,0.14758625736626244,0.23559083359755909,4.776938361658325,4.027151817181455,0.6766914656843546
2,72,104,0.15074032574366159,0.2398438773663088,5.380165939465526,4.451182190745041,0.684716317493144
2,73,103,0.15614106035725545,0.2497359553339971,5.770404499846451,5.238785432341014,0.6694414478971615
2,74,102,0.15801054422838873,0.2512236032445777,5.571005558559634,5.429046294776633,0.6718327419135555
2,75,101,0.15534916850006739,0.2467091380766966,5.481296344476977,4.781884838309567,0.6665008056695383
2,76,100,0.14678652100971684,0.2338216985273148,5.275486197419618,4.357252666140359,0.6790248726860167
2,77,99,0.1487966143310022,0.23482295738593442,5.325376394054036,4.434042445071145,0.660986987259366
2,78,98,0.14995351157834186,0.24050241263566038,5.287659850837722,4.66184231333612,0.662157884340267
2,79,97,0.14483302698827272,0.23366662865086857,5.0822182398268225,4.909839022405858,0.6792553622488342
2,80,96,0.1503391203545403,0.24263620205690362,6.06460920670497,5.163721220311182,0.6765875080542265
2,81,95,0.14546880735021803,0.23984553985057577,5.3448579879416585,5.087641808005487,0.6593656752138543
2,82,94,0.15346406971845386,0.25443911853255213,5.275121176466298,4.433793448845394,0.6797730162057892
2,83,93,0.15005272268295006,0.25233014436029233,5.075838328816761,4.3142215518893225,0.6784710139094582
2,84,92,0.14916408685729354,0.25197134793826964,5.468353826425839,4.8176146467836025,0.6696205834238013
2,85,91,0.14394790765268292,0.24829847226035376,5.7113251341945315,5.237768649891999,0.6856550289045475
2,86,90,0.1481420067566491,0.251276608230931,5.148063493724406,4.4912513543168995,0.635831166628607
2,87,89,0.14927008097056127,0.2477230411753667,5.115812475820889,4.2973597379148485,0.6985752780884091
2,88,88,0.1490147767874761,0.24426985655694344,5.646869912376733,5.091451808698898,0.6615869414139779
2,89,87,0.15333620280813853,0.250921804245248,5.28539721080142,4.760040655845127,0.6682356917094632
2,90,86,0.1581594723337506,0.259474084889397,5.479343696629131,4.464905045665379,0.6727980343588448
2,91,85,0.15421162041921044,0.25349815319013086,6.197586597565811,4.981202425375501,0.679228353518876
2,92,84,0.15330066182550575,0.25351213552685314,5.0744519158512285,4.765239706825497,0.6482731120141255
2,93,83,0.14803221497626876,0.2493626581944566,5.24478738576501,5.257808576104151,0.673033973858611
2,94,82,0.15059249099735425,0.2539343226815261,5.155275772311903,4.63199920804362,0.6635883934509321
2,95,81,0.1504869709265421,0.25476343124518924,5.515423567753082,4.648829189447486,0.7013352147959679
2,96,80,0.1470876144620203,0.2484164606365877,4.950771102917173,4.424101502256408,0.6637847951897953
2,97,79,0.15639282551243844,0.26274665521642837,5.354850048056304,4.7432538134917985,0.648870791911547
2,98,78,0.15114421806758174,0.2556937113162925,5.382065360026131,4.210190022057829,0.6612194616280921
2,99,77,0.15575703983533745,0.2552176439800315,5.094428223068034,4.45357166751813,0.6497297683787155
2,100,76,0.14799519207789752,0.23874961341632797,5.162045617846082,4.656807795016378,0.6747575607009334
2,101,75,0.15824161697888087,0.25323561857782073,4.965685355132423,4.559555584407986,0.6376902726771633
2,102,74,0.15895071024388746,0.2470266397930296,5.239054111953871,4.62574712682142,0.6571932014134387
2,103,73,0.15610114135116313,0.24082221636837978,5.059043769742917,4.2168302338632415,0.6714660165536653
2,104,72,0.15766158813638703,0.24205063108390126,5.440451998262942,5.393565755996576,0.6678873420640855
2,105,71,0.1583022247040765,0.2483963164698758,5.179426036640277,4.7671026707993995,0.6674774896744666
2,106,70,0.1574854713878083,0.2456434086943766,4.896062684494622,4.038020702424721,0.6367911223269183
2,107,69,0.15494655991396983,0.241555868924754,5.134955895396688,5.322347559893898,0.6790755817480525
2,108,68,0.16579524478623242,0.25515411091732887,5.229070485472288,4.6305931794351185,0.6335411181790022
2,109,67,0.15872075306566738,0.24249486929053873,5.660312125589037,5.367903497718923,0.6493987363826007
2,110,66,0.158534848659021,0.2406469611416781,4.888852055480191,4.388209456116642,0.6548976892740355
2,111,65,0.16074761788751135,0.2423377656187766,4.93765609276821,4.101882298149189,0.6646454023472935
2,112,64,0.16421058617851877,0.2480325980796197,5.033063621583719,4.385327952644003,0.6581269841859796
2,113,63,0.16618032914420716,0.2515860505463956,5.8867577689933395,4.641595701531913,0.6631434339971451
2,114,62,0.16004178533965763,0.24593388359426158,5.152631940975462,5.0926835864022335,0.6637956266105511
2,115,61,0.15573654919200658,0.24267393475953825,5.491890597816308,5.511362410211778,0.6607704050204364
2,116,60,0.15982264398177684,0.2508353779411104,5.501901250771615,5.055242577937888,0.66234137595447
2,117,59,0.15642678494422166,0.2537973771351779,5.131788547433626,4.3669201705615786,0.6366934956439495
2,118,58,0.1538702907986995,0.2529648643474757,4.986578608565558,4.038465785487779,0.6448193215792836
2,119,57,0.15467777458509852,0.2558970964033871,5.6389411035383095,4.747567243629105,0.6706627024440338
2,120,56,0.15506365940887806,0.25292409683533756,5.163602454152841,5.025296850343573,0.6495000696677372
2,121,55,0.16390003568179082,0.2635069000311273,5.463116909620744,4.7563062131680525,0.6446915736066895
2,122,54,0.15339615048777633,0.2482593171318477,4.9400760057353885,4.806291570392841,0.663425752182442
2,123,53,0.15320896218621352,0.2476230989300599,5.057178475400862,4.349622093144317,0.6831646839319375
2,124,52,0.15808726815545945,0.25272188461566014,5.2398029260163,4.990480811494022,0.6432201108807788
2,125,51,0.1535191393642633,0.24645556349016873,5.16138741554262,4.542219309656776,0.6655220985079751
2,126,50,0.15598794481441214,0.249748609918207,4.962613419178799,4.935048771748356,0.661698565728258
2,127,49,0.16016339959583875,0.25801469561239804,5.2192353142282295,4.6258334799180325,0.6651632585655871
2,128,48,0.15649365673449492,0.24823971444505324,5.414095266990679,4.61036571848135,0.6786327142840486
2,129,47,0.16186612444161066,0.25517342309923063,5.320452317818662,4.770845107322082,0.6666575732595488
2,130,46,0.15924817022617543,0.2532239735830429,5.460198691478935,5.399385085095224,0.6931625637347285
2,131,45,0.15651314735259242,0.24424432097424,4.959567262905082,4.5038540256049915,0.6431963964430267
2,132,44,0.1622868646376456,0.2532482106054076,5.298905970499639,4.5659424170663705,0.6623183294478625
2,133,43,0.16070037088994274,0.24948497917313395,5.495236548247327,5.150953719425428,0.6847905616169107
2,134,42,0.1591372192298567,0.2484142119587263,5.094047514212539,5.027058789234019,0.6524779422220719
2,135,41,0.15978195810440038,0.24729367253830184,5.360571828591853,4.718577445727626,0.6684092210482041
2,136,40,0.1604052092938535,0.2515518816945303,5.34325457336349,4.523057240049585,0.6697126252309609
2,137,39,0.15502542727431073,0.2435103264689927,5.336049178190839,4.6105419788559505,0.6574326622022089
2,138,38,0.16282193364208458,0.25555854953415363,5.347766177406243,4.889356235044197,0.6473469919464275
2,139,37,0.1618039780916058,0.25253629607460565,5.698633731434744,5.053114002051347,0.6369801187567142
2,140,36,0.15986171505414243,0.25223088135161276,5.143854200743446,4.5936295002259415,0.658654430166206
2,141,35,0.17955613580173216,0.28322500250167987,5.320640279936031,4.7445117356096596,0.5909644961896224
2,142,34,0.16850524413144707,0.269125059327129,5.5216422156071605,6.092026669496216,0.6156505535293011
2,143,33,0.1709929064984646,0.2710848648103878,4.9130074054225314,4.322453075653153,0.6171355799376008
2,144,32,0.16798242102011474,0.26573097600202733,4.634470312396335,4.456652169506479,0.6228435902240484
2,145,31,0.16840101384379588,0.2742389854212674,5.1632259034890655,4.687214836474473,0.6030976564920996
2,146,30,0.1720750848450555,0.2824204033564765,5.385053941025699,5.071279315755092,0.591692643922155
2,147,29,0.16924229339883193,0.27896916416758216,5.2610801241021345,5.1320394790716595,0.590499902525913
2,148,28,0.1659174970484108,0.26882147314075056,5.360989181021628,4.783340191656608,0.6307560590943679
2,149,27,0.1735959828119675,0.28485529698634854,5.095950876278196,4.586296927571013,0.5977815669799621
2,150,26,0.1762664480896749,0.2875225873951584,5.912127643161646,4.761843319836606,0.5999120189704784
2,151,25,0.1668684702840223,0.26812810334454573,5.402363063554489,4.721196113147153,0.6235067427884802
2,152,24,0.1738024342289255,0.2765726278805546,5.15864331012247,4.168566521515742,0.5723772272864327
2,153,23,0.17515445203994703,0.28297569778744214,5.160439933377111,3.8837341228971813,0.5994578799046714
2,154,22,0.17722544700772083,0.28926623328807355,4.886415586679188,4.641582713587127,0.5976479966392955
2,155,21,0.16793777740518778,0.2751238747262297,5.142880577092551,5.032235232134242,0.6033062319760807
2,156,20,0.16992837263694152,0.27966718163585547,5.161631944263078,4.352969378696386,0.5898317391465377
2,157,19,0.1716785403677828,0.286031931434773,4.744995650334294,4.494381314751594,0.6083911572792339
2,158,18,0.17717707959948217,0.295313515080835,4.784714357290252,4.094537238956954,0.5782776182647625
2,159,17,0.17345893322885736,0.2879058543476412,4.620333456407796,4.5227774002644265,0.5886516613619085
2,160,16,0.17728777159209844,0.2922544225675229,5.300531858791896,4.5727903325659955,0.5901402193362772
2,161,15,0.17703652378220996,0.28464098447452024,5.296406796062428,4.912218528898434,0.5891525940152988
2,162,14,0.1757644814673116,0.2836262007284859,5.0001726304647445,4.6172131364267095,0.5830690194286675
2,163,13,0.17412623557432463,0.2850875963009191,5.0015014692476365,4.642679075132769,0.5944026537358197
2,164,12,0.16921346865256973,0.2744719779617897,4.894932129425312,4.217228160965943,0.6311999346451647
2,165,11,0.18330420151086846,0.29490967328485457,5.352807356941109,4.672614156982198,0.6159741146794677
2,166,10,0.17813920925522475,0.28441204591087543,4.820221157827616,4.754409331071511,0.5994044382791227
2,167,9,0.17454580961480473,0.2727960109122825,5.3465996743253275,4.9679155734644445,0.6057567829511834
2,168,8,0.17720032804464594,0.28004592363678915,5.042353463464762,4.189134213109316,0.5844268300073031
2,169,7,0.1773129657265794,0.28559011983906896,5.053062868943133,5.026331974895102,0.5954007971805555
2,170,6,0.18497440955247704,0.3024083986947765,5.315290732154487,4.42328821852053,0.5689143724194277
2,171,5,0.1717484613635322,0.28591212897660473,5.151628100970415,4.561549947168356,0.6015504219982956
2,172,4,0.17385329820010775,0.2888229602030056,5.356909132048639,4.873366962793306,0.5968312402600017
2,173,3,0.17578635914434668,0.2900273819971476,5.3419731673824415,4.941070304518457,0.5638189148587449
2,174,2,0.17678420553385465,0.29190369294860324,5.090073662483779,4.852022618692085,0.5886064015481921
2,175,1,0.18328235120215286,0.30530363375532893,4.880818014942191,4.240179763845911,0.5383524487307536
2,176,0,0.17260761867806018,0.29090390672164884,4.951011524050248,4.561374587172395,0.5848460334453064
3,1,47,0.13298114702919056,0.2076619009792442,5.60538372428417,4.833738683367393,0.7649236553732743
3,2,46,0.13876173843213957,0.2141695167813581,5.137008716895897,4.4001534570748415,0.7499509422604042
3,3,45,0.13224888261983594,0.20237938475906,5.854770777511558,5.488196523854273,0.7542803912782136
3,4,44,0.14073534115224284,0.21724266662822608,6.029147816020832,5.347827651492161,0.7556191977397455
3,5,43,0.13298948566520247,0.20467380683975597,5.046644175941164,4.590519753698699,0.737495593335605
3,6,42,0.14079550863754148,0.21530012051649453,5.181265554206574,5.123008551290074,0.7285204582133342
3,7,41,0.13883664256971853,0.20958060784172297,5.560294366705946,4.419475516989425,0.7547038969804619
3,8,40,0.13572651264909563,0.2055900815916568,5.701559375835502,4.875505361819468,0.733794891364331
3,9,39,0.143769887469448,0.2134290381017011,5.549601138638883,4.686055756898302,0.7297034851752258
3,10,38,0.14668927434776127,0.21320501959895935,5.641291531364963,5.789997225808072,0.7494423964391252
3,11,37,0.14072039294644811,0.2060809265430838,5.495658624451858,4.598090950904051,0.7373080442695471
3,12,36,0.14147758121050885,0.20613687443012943,5.356244436017029,5.115346576540002,0.7238071293464123
3,13,35,0.14507169904633843,0.20782415456296985,5.390448481200098,4.523877383528261,0.724006712337234
3,14,34,0.1431658591603834,0.20859200191362956,5.364039246368727,4.50658323250422,0.730057369255957
3,15,33,0.14165909078147537,0.20530299535787194,5.188352468517333,4.347398446998246,0.7282472872702431
3,16,32,0.1445547543678891,0.2100150045273077,5.35046154620049,5.386046095272508,0.7286918493266444
3,17,31,0.14024830293193727,0.20494196237387088,5.292529608739777,5.384452534697741,0.7460401263566
3,18,30,0.14075373648600414,0.20942735511475663,5.60337514546965,5.175189958408572,0.7418717782771833
3,19,29,0.1410716502218833,0.2091931549969412,5.49641409493025,4.394718010748746,0.7315755615410307
3,20,28,0.1546108303825946,0.22805627761183814,4.804915464804316,4.1616851129210755,0.6692065996825869
3,21,27,0.15684871672200557,0.23006343171494084,5.648515991874295,5.118905348665264,0.6763581661686977
3,22,26,0.15372327021967222,0.22517434170500553,5.251154129652211,4.619161675862561,0.671822810777803
3,23,25,0.16039136584081665,0.23115310743854806,5.562005367981226,4.6723465167329685,0.6637058685071898
3,24,24,0.16164646556389695,0.23182095499625913,5.001504073109244,4.2144631969352995,0.6518758670028028
3,25,23,0.16198632102819194,0.22679087896359518,5.845030836767812,6.024515873074974,0.6850778210949805
3,26,22,0.1568655895968792,0.21881817078806998,5.439785352736011,5.533562413208162,0.6749399227784999
3,27,21,0.16067435405348093,0.22481496976671222,4.9307909109099795,4.248940824728386,0.6697034725277669
3,28,20,0.16027848689457855,0.2223408253507286,4.862879673020071,3.9236903172173636,0.6613948838724418
3,29,19,0.16000349415883516,0.22455689420179997,5.581014473130963,5.159016935334045,0.6647397480380922
3,30,18,0.16275618414630322,0.22836788972741412,5.224636577828619,4.280396977263845,0.6753402872190445
3,31,17,0.1649502704840142,0.23051352924234786,5.258610708759537,4.424663634819282,0.6501005663332591
3,32,16,0.159360757309056,0.2279667121922214,5.491335746144966,4.962032344363558,0.6794454322693547
3,33,15,0.1527425346849957,0.21536032692195303,5.2473045518937,4.666056238227782,0.6806913226238495
3,34,14,0.16118934666529436,0.22879174121364895,5.162393097356496,4.386102671081634,0.6487658364721065
3,35,13,0.15941626805778014,0.22847813490924068,5.433082198218318,4.740288713138939,0.6746044622903047
3,36,12,0.15621406676502841,0.2238661950653701,5.1495675897272175,4.486995384300363,0.678904526220924
3,37,11,0.15881613471516734,0.22971146981578683,5.52864402384618,4.598922626435743,0.6889819905595223
3,38,10,0.16585309316821656,0.24277207770069995,5.467990883566798,4.559952542848011,0.6747514895007173
3,39,9,0.17474684624742842,0.25169428802193283,4.960057830837561,4.676519820548018,0.5917683371499614
3,40,8,0.16753887417232705,0.24258446859871627,4.79258407642844,4.668670259414261,0.6482227541188499
3,41,7,0.1659628069559393,0.24409276906811597,5.462914667754461,5.78703369325542,0.6541412457305048
3,42,6,0.17540050779555044,0.2557714404934842,5.013922786747301,3.9680937085723738,0.5811151817694445
3,43,5,0.17236856122653174,0.24898770464962383,5.035639133193741,4.0463407520191925,0.6156053596416842
3,44,4,0.1731322680943123,0.2567583525463698,4.9990697740021,4.1130595987134795,0.5760590841993046
3,45,3,0.18073525160656564,0.2706168214506068,4.942411302142308,4.428645206489311,0.5968145592659595
3,46,2,0.16752564805151304,0.25442457629063364,5.515249598895834,5.1585840114700865,0.6307455841588339
3,47,1,0.18004527047911206,0.2681234781772746,4.652265845291458,4.465945052042166,0.5867884479077826
3,48,0,0.17890472772427374,0.26221246951072713,4.8895753824732715,4.264503040972281,0.589082430611277
5,1,194,0.1241971839826827,0.23850595548141965,5.580748262823656,4.726541180477635,0.7838995193653268
5,2,193,0.12368723806120145,0.2131681280220611,5.06570965390905,4.3061624983200195,0.7542206792544334
5,3,192,0.1238818381128239,0.2312388112469968,5.276782270082065,4.303004903945853,0.7214424980435252
5,4,191,0.13291662803186766,0.22419227527493082,5.196273859019352,4.572635835054706,0.7468001028285485
5,5,190,0.120991093990099,0.21905651846963073,5.7655166886923706,5.206807495321055,0.7690737744766769
5,6,189,0.12531766204657535,0.2247803948790616,5.694434932407453,4.339043863869296,0.7539230511802715
5,7,188,0.12412133741853226,0.22730682035919958,5.362828524321719,5.0775253812269305,0.7548177233741945
5,8,187,0.12688726083408877,0.22380710951447497,5.568464971975603,5.34081311466467,0.752880793094108
5,9,186,0.12117521577194168,0.22664378829133242,5.3324710506142265,4.361004163132436,0.750638456362292
5,10,185,0.12314075994139122,0.21959416053890257,5.577292258488134,5.319616412734287,0.73719595070706
5,11,184,0.12984067975832672,0.2172921553976772,5.733953064875518,4.772748049950513,0.7620238903226303
5,12,183,0.12796996781008127,0.22062031927002457,5.392466091411909,4.957135556964969,0.7420412005032497
5,13,182,0.12439927552038309,0.2222553545425996,5.152826716396174,4.491235808990858,0.759645243404344
5,14,181,0.127484024756342,0.22658907224878663,5.912912175197205,5.057361031113472,0.7717238067320698
5,15,180,0.13275635559051305,0.23336573607865996,5.468109543889832,5.151043959410832,0.7293188201274982
5,16,179,0.13271876002837465,0.2232510640048547,5.775399024628713,5.085022879920898,0.7422490146817232
5,17,178,0.12914939416815896,0.21968216142896574,6.0448285827748265,5.008692298593452,0.7351924855024368
5,18,177,0.12832264461549778,0.2267655724546288,5.813952882956563,5.034892518763202,0.7310727392742686
5,19,176,0.1296527762881686,0.23057597644435882,5.38669923619834,4.89210836493202,0.7454369453736983
5,20,175,0.12430549532892454,0.22898998078267002,5.496053694195393,4.8502964078443185,0.7401567368098397
5,21,174,0.12887609086685894,0.2222056977741177,5.540223171789838,4.9584261968578245,0.7593268771393659
5,22,173,0.12741238028689914,0.23133705104744087,5.664975634751807,5.269043125872823,0.7617416888582119
5,23,172,0.1265639094127245,0.2238595678956329,5.08392033201609,3.9683076209882207,0.75878306970806
5,24,171,0.12514362788707048,0.23516294900516144,5.462983318151406,5.04176413883881,0.734906748733432
5,25,170,0.12953940145409618,0.23245692830706646,5.72690166214622,5.239633726760993,0.7234507998796936
5,26,169,0.12699480662360563,0.22042464508038742,5.62872181816684,5.377578593630255,0.7767879247910273
5,27,168,0.1306857362879693,0.22705518640133238,5.9695352737908625,5.422160191449297,0.7427234507670569
5,28,167,0.12271124513010793,0.22471899724521324,5.113107743221157,4.2939038565225625,0.7533455631472217
5,29,166,0.12458450220738124,0.2392906544143346,5.738643049398819,5.734938130916501,0.730800262751153
5,30,165,0.12994776323260496,0.23405906624581618,6.036983604292882,5.080403118657095,0.7581473354369402
5,31,164,0.128013032286005,0.24293468948183866,5.311890513846617,4.706595090399982,0.7689487194504304
5,32,163,0.13533638839860357,0.2290431790943001,5.574722913284423,5.1649163754882235,0.7336319922548699
5,33,162,0.12698424949957007,0.219659149184823,5.451922298282572,5.093777812647247,0.7290839053962754
5,34,161,0.13077701553658225,0.23413406733686126,5.693108731783924,4.58813146424682,0.7288053702886768
5,35,160,0.12986302392546387,0.2248191673947793,5.555341034513436,5.205341946103633,0.731117536448792
5,36,159,0.13109511881115032,0.23380441367809304,5.223809058810952,4.356355348248078,0.7157238207346668
5,37,158,0.1321231737007669,0.24294313882438895,5.364950176115425,5.002408333768835,0.7231427991162952
5,38,157,0.1283369314091999,0.23843013823233566,5.5457275332191305,4.7387896991706775,0.7709028573986674
5,39,156,0.13067879488084713,0.22686289042840346,5.616527182491807,4.907036081169973,0.739046828783916
5,40,155,0.13303377064840483,0.24132910558837553,5.368597497792938,4.727192717253758,0.738385743318702
5,41,154,0.12571107602477932,0.2227069513428377,5.638893501386004,4.63482326224747,0.7371797295955212
5,42,153,0.1283430555489826,0.22977416685052832,5.306946522859976,4.5848439459436925,0.7481045455617129
5,43,152,0.1387090585318957,0.2424741372043438,6.134213885446114,5.390162835097622,0.7276606639021367
5,44,151,0.13194696367191522,0.2294499226836098,5.490016251445391,5.053960847929309,0.7516899274263301
5,45,150,0.13471202827296738,0.22974335581120656,4.912147932865322,4.615214924836899,0.7138117353875756
5,46,149,0.1320234448861245,0.23418154441982253,5.801587752097825,4.94235070335705,0.7086429147966462
5,47,148,0.1340997952339793,0.23131688630712072,5.920297761600942,5.414770076870818,0.736169924401068
5,48,147,0.13401546295687375,0.24002176452006008,5.590150206671747,5.665217889798152,0.7660566854258442
5,49,146,0.1318809589361922,0.23628512296932053,5.339463826811334,5.166300012092277,0.746570329908889
5,50,145,0.12840917916957434,0.23241997453375615,5.173535721363772,4.362451025266898,0.7487793548487275
5,51,144,0.13198102421123664,0.23396889049085162,5.269919064843554,4.4915902487396036,0.7548515361955144
5,52,143,0.12866548160750094,0.24153921070346981,5.62720158093093,5.076470228088731,0.7119733398587753
5,53,142,0.135196644062004,0.23104276213392552,5.077775618187757,4.365591774191313,0.7354401096668988
5,54,141,0.1289748640287694,0.2408824458611923,5.588507036183309,5.381881245820687,0.7184189107258215
5,55,140,0.13114048803633482,0.24593970124450193,5.095531691486171,4.321852178360828,0.7218780477218188
5,56,139,0.13259779948861564,0.22492338269110948,5.357407604133515,4.782998308660386,0.7193485813072527
5,57,138,0.13612588373608772,0.23169720043803183,5.640016219381248,5.179060850783912,0.7376023251283357
5,58,137,0.13226372409352383,0.23440995070313767,5.512261537661003,5.006975662846899,0.7462291216587105
5,59,136,0.13477980289951833,0.2497599566673132,5.376883510003189,5.068242439441939,0.7104147851413185
5,60,135,0.13541020521308622,0.25084390087572206,5.8565384881230464,5.566162822543589,0.7461443818604683
5,61,134,0.12964005623981553,0.23770856791193118,4.8834364594254165,4.5288180772599915,0.7530340022705855
5,62,133,0.13476944437602162,0.23326010944295983,4.838983016340714,4.224914305609674,0.7285581854433144
5,63,132,0.13260773048497712,0.24419703943494303,5.1945862075550515,4.458197834042442,0.7353290934810363
5,64,131,0.13469233468892913,0.238483767896275,5.4905427912537625,4.8744018517813545,0.7350642767180147
5,65,130,0.13393548859807536,0.25371463660316895,5.9731822284576115,5.063125375169814,0.7472623381630259
5,66,129,0.13388579798715244,0.2424237205312221,5.070741524034569,4.45735429527703,0.7359006325465234
5,67,128,0.1331065196357383,0.24703063313866264,5.271440995805711,5.426737817768144,0.7409855608522891
5,68,127,0.13076978471077347,0.24782449135344997,5.747496217341512,6.4302324093455505,0.7317230612764175
5,69,126,0.13654881160238772,0.2484378416401513,5.130194541886629,4.284985013414985,0.7343804420518621
5,70,125,0.13706242950194233,0.24127980784700157,5.253315798595698,4.668551417454206,0.7349183079432552
5,71,124,0.13719368626846898,0.23524058103032655,5.620032648505531,4.764803418180429,0.7276752019127023
5,72,123,0.1385797427650794,0.24434404540652938,5.437797350051612,4.440134261218142,0.7166563291694193
5,73,122,0.13501356270266665,0.2420334603960067,5.169873834148586,4.7684337845210685,0.7394120119617333
5,74,121,0.13515845209932115,0.2394898587099253,5.260206280021574,4.90821294660595,0.7207893919852255
5,75,120,0.13475734350398808,0.23687499142399748,5.743656434061729,4.880936767354836,0.7522258215022987
5,76,119,0.13217689963091386,0.2423344411141406,5.038357353258121,4.683878735677168,0.706903895905371
5,77,118,0.13483665177312246,0.25072182729172704,5.138692230712438,3.9908659400630415,0.7325446016437946
5,78,117,0.13712547732510197,0.23836448051834,5.0842473736503715,4.480964194979518,0.7191203084754593
5,79,116,0.14742078776218237,0.2545922659343424,5.052725035894815,4.34759727457688,0.6606604803624283
5,80,115,0.1494949623427944,0.2640851892581425,5.252871857445395,4.194128323203865,0.6882440489160755
5,81,114,0.1473609048148957,0.2611313314738595,5.349278798810737,4.58459144547952,0.6718964987909958
5,82,113,0.13995099535586283,0.2536683668998057,5.707097487075405,4.682001185825744,0.6743120687851065
5,83,112,0.14370529183619743,0.2654694819733124,5.360674562821917,4.2247698773633005,0.6632143340128496
5,84,111,0.14728294463354494,0.2542514971162235,5.05167729778574,4.332233990254924,0.6944692507547693
5,85,110,0.14400617391705733,0.2538178689663411,5.147800946049221,4.451057311368341,0.6806102632915131
5,86,109,0.1525634799314753,0.26463212539304687,5.364306478640236,4.395213917054481,0.658296551800974
5,87,108,0.1514138950691468,0.26453047974914684,5.547106973114719,5.996752472278915,0.6744887857107323
5,88,107,0.14603009405275452,0.2674489632732306,5.236088656460796,4.90813803965117,0.6562681151261806
5,89,106,0.14448024956634006,0.2446968622452901,5.368128670482719,4.401984522719106,0.6769513299546703
5,90,105,0.15592175481546622,0.2606197249194028,5.224578262827572,4.671923791005848,0.6777949167276832
5,91,104,0.14915755985992038,0.2659786614624279,5.194946538711055,4.689076502462561,0.6719195262817399
5,92,103,0.15395610007766042,0.258565814807652,5.2416850854922306,4.421973738907686,0.6390730232537754
5,93,102,0.15185796458562636,0.2582154464643969,5.4975460770342455,4.928491920538333,0.6611257594063339
5,94,101,0.1452417354482996,0.24814014683800137,5.331266565929596,5.49487967999217,0.6717117472415275
5,95,100,0.1486920838287246,0.2577321152413714,5.054430494391005,4.175226198988217,0.6760246575024131
5,96,99,0.1502753392633567,0.2535918841094998,4.7666761273931595,4.0091425567291905,0.665249269436444
5,97,98,0.15085442033508845,0.261074641179636,5.490079336954785,4.670155338064444,0.6635600077694935
5,98,97,0.1492901250283535,0.2674412593631728,5.312444561302756,4.671161826745899,0.6727218637125285
5,99,96,0.14532802158575656,0.2579858204059812,5.915246984113775,5.702608584975954,0.6837532161955774
5,100,95,0.15352822195060256,0.26861846781442306,5.441219116281106,4.518290263158923,0.6579813522099185
5,101,94,0.1535956401222502,0.26106050845838846,5.156164659731964,4.598673581942777,0.6658238439328911
5,102,93,0.15736491646751824,0.2739599434373883,5.743226421622898,5.768451555772126,0.6536039310535201
5,103,92,0.15041878660640137,0.26257863883523863,5.139935000367542,4.135957964038562,0.660681539327656
5,104,91,0.1536148963127673,0.26573869865373934,5.322585968121854,4.956567870595739,0.6369899810323257
5,105,90,0.15208999432999804,0.2663762032891736,5.316005356458395,4.5327985183258654,0.652617618558242
5,106,89,0.15141849665746884,0.2535537884070611,5.034496176907425,4.549309133470765,0.6538487855904677
5,107,88,0.15791806750538304,0.2721595925062525,5.319478164957824,4.463760452300904,0.6679165599612115
5,108,87,0.15095118488418158,0.2648876717014319,4.915835713398329,4.782918751599331,0.6548467882609127
5,109,86,0.1537492246548528,0.26583763200803845,5.13819657346899,4.286904941175741,0.6846200753847204
5,110,85,0.15560649952382213,0.26820811176085796,5.6430838355611215,5.267589405298734,0.6681966134026356
5,111,84,0.15497115374551562,0.26418612238118766,5.292014559910317,4.287116088618858,0.6724350987785231
5,112,83,0.15043153529439465,0.2665412012204869,5.129360784675454,4.722719681027515,0.6576735503677872
5,113,82,0.15183551451599986,0.26321453663230476,5.49996054863986,5.106646165104825,0.6604050244482513
5,114,81,0.15279868282846215,0.2820809920822281,5.190796317871527,4.122912577592119,0.6606240561512806
5,115,80,0.15061620414709617,0.2626837817139292,4.9716817441785945,4.211422610493256,0.6731959115976474
5,116,79,0.15168730074326037,0.26914546465259714,5.168547269165558,4.403870568434738,0.6796374585981507
5,117,78,0.1455355878247569,0.26064372361110055,5.839592732603535,5.121609277815087,0.6871976477268918
5,118,77,0.15189464696487773,0.27822085764746857,5.14396856804793,5.081137824557546,0.6374025284639232
5,119,76,0.15102125560559107,0.2765809058453745,5.268763908333135,4.294097029460262,0.6580437290112112
5,120,75,0.15365581233230796,0.2657462957255273,5.324029499048127,5.038820276822379,0.6562432304543078
5,121,74,0.1542069519205546,0.268029373167259,5.124336243927077,4.2032945250250595,0.6459603553509811
5,122,73,0.14850589515787158,0.27742062280342045,5.460947435216971,4.223186571025896,0.6789120065362477
5,123,72,0.1502447228421526,0.25851635360986286,5.1106994591210615,4.382698396308492,0.6497905033378412
5,124,71,0.15228920467817011,0.2710366466323784,5.172293736224333,4.553116347343392,0.650797803826113
5,125,70,0.15127422408409477,0.2714028885601317,5.312351644844828,4.522674082452995,0.6505353135246589
5,126,69,0.1498906499774176,0.2688890295480971,5.600237489865115,4.460490592493119,0.6613077398903217
5,127,68,0.1550093332378098,0.27614573467636716,5.7229264875772685,4.63879813981982,0.6759310846500145
5,128,67,0.1519217818331142,0.2757607978170589,5.128289761189388,4.710395471843029,0.6428575562380797
5,129,66,0.15344442087351665,0.2722392851753566,5.441280366782139,5.132502594563161,0.6419914276845029
5,130,65,0.15763431949944948,0.2825522445381443,5.454027934462099,5.246805936139993,0.655628897786813
5,131,64,0.15326152480033026,0.25913579419519,5.506606983903716,4.588016218282066,0.6833358600420901
5,132,63,0.15571187272991477,0.2718972255740851,5.453924105311259,5.006061055380814,0.6521471546079716
5,133,62,0.15899242585273296,0.25663242632999506,4.691364208798987,4.005252609989488,0.6758985155463106
5,134,61,0.15882576741372506,0.2565897340041684,5.466937873108074,4.402545033458307,0.6688548495128815
5,135,60,0.15905640103442056,0.24598425464303594,5.270540809760213,4.790200186224856,0.6770981341202725
5,136,59,0.15956157468675425,0.27183701854894177,5.169391816803225,5.048208166146277,0.6572091384810885
5,137,58,0.15974584850544837,0.27129522570497966,5.431222568361946,4.454898527749639,0.6407972728950879
5,138,57,0.1567144458993574,0.263891935120667,5.203433012320728,4.807277962610008,0.6593991688490988
5,139,56,0.1555398961074889,0.2602500560443642,5.489896257302873,5.069940605115409,0.6331375435101518
5,140,55,0.15627880718422693,0.2601942144989555,5.1642790037351975,4.619168209114686,0.6804751032571841
5,141,54,0.1573347394484068,0.262793265064073,5.454837405252617,4.648671486573055,0.6461434861694046
5,142,53,0.15855136912120957,0.2632480109069953,5.35345028407915,4.2334458264775305,0.6585435222898774
5,143,52,0.16285402948737063,0.2778564089312896,5.3461930637521995,5.3444506188736565,0.6483891256434708
5,144,51,0.16517333916527882,0.2717837255764488,5.769966311599348,5.394544866146288,0.6470826723908696
5,145,50,0.1567087942712822,0.2779926222494817,4.911859264016848,3.812510245327637,0.633205887583176
5,146,49,0.16543004712829737,0.2700991328381639,5.351699167089665,4.593924151157147,0.6648058105550293
5,147,48,0.16001934048842859,0.27296064857021096,5.7625271590060745,5.672175370642633,0.6321161478080999
5,148,47,0.16126167535108338,0.2769096716838761,5.101736398211781,4.078925767589877,0.6454922178207113
5,149,46,0.1609254167075279,0.2722371587066266,5.076490705640088,4.956026531403917,0.652370343521556
5,150,45,0.15893214730467126,0.26427986680983806,5.234707092305019,4.394666457454054,0.6714511242276149
5,151,44,0.16184181438132283,0.2752399256148941,5.817864141194894,5.4120382013144965,0.638404373793022
5,152,43,0.16243548543238723,0.2700192340232652,4.864933316013963,4.055471727647617,0.6641609866306863
5,153,42,0.15871997258322354,0.26838777215453613,4.993038610009693,4.184915562126932,0.6247751498904162
5,154,41,0.15839756911100972,0.27135539988173196,5.324457700671545,4.879232884930989,0.675289739750002
5,155,40,0.16050275501762237,0.281639295522539,5.799841221598538,5.729928619164629,0.6491494471326476
5,156,39,0.159267992969039,0.28098776838301825,5.555376642405209,4.821254109533292,0.6517018847393145
5,157,38,0.16605175531375785,0.2986688875215428,5.3736916682690286,4.925999383619784,0.6053194925699041
5,158,37,0.17605833935614265,0.3027710473463568,5.178211304498721,4.089972335856866,0.5836436198777807
5,159,36,0.17071849196062033,0.2905692500625813,4.694574705945522,4.400573877169178,0.61412347151179
5,160,35,0.1681609809661976,0.2826961760254925,4.7843768750756785,4.034526738099718,0.6116934455641397
5,161,34,0.17884259957412768,0.30236180642316324,5.164610013956965,4.658527218600291,0.5579739714255688
5,162,33,0.176339421400115,0.2925808836478081,5.3193566019704965,4.333927423303309,0.6199968208309723
5,163,32,0.18986457422827305,0.31169994585327415,5.203049360709607,5.09743470756321,0.5702145687982871
5,164,31,0.17480710049507558,0.29685837257763875,4.782367830107409,4.727260891597111,0.5703825140549985
5,165,30,0.18476286946663975,0.295802185291184,5.267335771873178,4.952129250739429,0.5867622260009198
5,166,29,0.17861672783510824,0.3222741913970868,4.7260433478259385,4.188063572543767,0.5545505809047012
5,167,28,0.1835664985278089,0.3195485506773697,5.459022477214157,5.448966408561573,0.5746929211565893
5,168,27,0.16825149625190816,0.28731240883139686,5.172272118310749,4.750672655246672,0.5885197474876847
5,169,26,0.18354736173345074,0.31288800367502434,4.530713220852114,3.761960753773998,0.546733117603504
5,170,25,0.17573191236318275,0.31674195634520824,4.5779549957416545,4.432614496694754,0.5572009599054195
5,171,24,0.1742609525566627,0.3043798322554791,4.963821660202804,4.240189181098893,0.5870173301910309
5,172,23,0.18328214323062506,0.2993855180153453,4.845237140700558,4.568823758968973,0.6051381819394734
5,173,22,0.17555326715368416,0.29890010403681,4.695070483374373,4.336369387770533,0.6006078714454094
5,174,21,0.17580643835286283,0.29221930550858516,4.660780991704943,4.240360334076774,0.596396891055033
5,175,20,0.18485778345458745,0.3003344131262122,4.621653283470687,3.9535933445483677,0.57606473531458
5,176,19,0.17665472859301026,0.29667815204363474,4.830687557402262,4.612650568203048,0.5932487187528678
5,177,18,0.18803468817610586,0.3082484181758702,5.486991913226403,4.361577475227988,0.5669833823073216
5,178,17,0.1878804511696034,0.29334063291364676,5.313795947926671,4.963710160608118,0.5633170262288916
5,179,16,0.1842075765901321,0.2940099787032782,5.100982270675127,4.452743702359526,0.5888773565869342
5,180,15,0.18603992768743935,0.30640011443616066,5.077356079544542,4.697841971116265,0.5791762430480971
5,181,14,0.1678709389630278,0.2856380440658552,5.233323220156486,4.779031074976078,0.6144973354845759
5,182,13,0.1822791350134994,0.3143525577437362,5.111300141953652,4.067926981561168,0.5924270930544984
5,183,12,0.17312723018236664,0.296348860495767,4.78847005660837,3.785225534959285,0.615050401175428
5,184,11,0.18941343583661266,0.29609287007972235,4.820264418534668,4.169105725925103,0.5959303527433295
5,185,10,0.1793358925606718,0.3107906848894705,5.133780597178652,4.385237740672225,0.5989202081848688
5,186,9,0.18674295206090977,0.3183770574563566,5.696452984765583,5.092039994986403,0.5612236145501448
5,187,8,0.18829332912678476,0.3063496846037754,4.817100270721124,4.283957539802356,0.5468268348223804
5,188,7,0.186725363261541,0.30876937251344094,5.1010039769893964,4.4447442156319505,0.5642510143222264
5,189,6,0.19487219152129778,0.323719334741379,5.328193518968289,4.943114972569801,0.5749705910065885
5,190,5,0.1774876754515205,0.29635435078048633,5.269027713647329,4.485625484220496,0.5945474106376073
5,191,4,0.18126397833566998,0.29773008759733544,5.002102402343505,4.760626216247122,0.5558992578898257
5,192,3,0.1872045129577545,0.29250135778992015,5.067322798173601,4.5137442198267745,0.5712538436917076
5,193,2,0.18543460596160444,0.2955226650239068,4.80424449821907,4.306159257728013,0.603877039282668
5,194,1,0.17575276714627294,0.2789290263202966,4.803863653188391,4.088535812341076,0.6028748522866243
5,195,0,0.1810403164244962,0.28886796617395083,4.908955985131664,4.459292496795618,0.6227929719600274
6,1,173,0.13584071381671387,0.21685187861579783,5.917657849542214,4.597194368557183,0.7371466861159166
6,2,172,0.13578900540058977,0.2157508884621029,5.679513676049817,4.862557132080137,0.7507392191969754
6,3,171,0.13340851896045547,0.20802685888668526,5.258393091842952,4.373653538045434,0.7646444432599723
6,4,170,0.13565296304924981,0.20945592952420794,5.547788220862216,5.197048900657015,0.7452358673182655
6,5,169,0.13836542426779816,0.21461269609794598,5.2581968563787935,4.311240269795232,0.7290016129867884
6,6,168,0.13680786546371468,0.21208461590304267,6.150049465283704,5.802404143840023,0.75420271366545
6,7,167,0.13249349898429894,0.2073399296244568,5.310351659327112,4.575520122740579,0.7526114738254768
6,8,166,0.13556139865107392,0.21348202481121395,5.64215082071642,5.088135979647699,0.749027489160093
6,9,165,0.13652308517227388,0.21520351463301035,5.327102909447065,5.097606218703176,0.7348566079476639
6,10,164,0.13779551269120016,0.21418833436244838,5.830796117119371,6.424706217182775,0.743027457804449
6,11,163,0.13308609641325006,0.20667014549839582,5.558702116747472,4.685949326220128,0.7625691724382059
6,12,162,0.13925365624912792,0.22045943596358536,5.534989010067035,4.99501327136669,0.7390484494867285
6,13,161,0.1313615086882726,0.21201730322939774,5.34362747681957,4.6121226826639035,0.7542256325618285
6,14,160,0.13702188182331018,0.2199750916343414,5.887893032251352,5.283119980607993,0.7461158912712749
6,15,159,0.13308094069936266,0.21189233850255826,5.875565482615102,4.953582224061444,0.7396032350678752
6,16,158,0.1348163278575176,0.2108888403807862,5.248751665571099,5.21261702073392,0.7522354037570995
6,17,157,0.13423650936715534,0.21168985970023757,5.24092324375103,4.608813686976597,0.7334736994435667
6,18,156,0.13701176348544447,0.21789439087988777,5.369464707376437,5.26740159736033,0.7602977356318688
6,19,155,0.14466323889281324,0.22606917637288151,5.343786332893918,4.369720230300721,0.7292326757564139
6,20,154,0.14307471201916386,0.22396609820758973,6.900928295454779,6.457539497178727,0.7230696658512407
6,21,153,0.13590602763941304,0.21795927808222895,5.132231049460313,4.734303393394689,0.7469688847998989
6,22,152,0.1360588311855579,0.2150704452570779,5.427126332903647,4.764167407613264,0.7440954456687547
6,23,151,0.1409949209245574,0.22674867825360923,5.715320440308664,5.3489923966727755,0.7503251673483853
6,24,150,0.13633581717911405,0.21825530198817877,5.336697124085793,4.992035254648726,0.7195292489208002
6,25,149,0.1375558724075121,0.21830100316520887,5.318566064807349,4.457323647635118,0.7359478010863318
6,26,148,0.13362893162107353,0.21270114633103812,5.747762532045107,4.739557394024121,0.7486131316528318
6,27,147,0.14081506616280404,0.2214794737658479,5.421662082091187,4.603558372849433,0.7412731649844105
6,28,146,0.14329866524429602,0.226281055397172,5.1205451170513925,5.096958146956542,0.7120804386171551
6,29,145,0.13717537302147637,0.2157574457041763,5.006520587286355,4.399426023967199,0.7397907311658805
6,30,144,0.13551047528698756,0.21121389462342513,5.524654841786134,4.6156923744133715,0.7374023909721724
6,31,143,0.1385655923368528,0.21479444505584083,5.476113751069372,4.290700042208291,0.7419465621502822
6,32,142,0.13691167848997607,0.21511164227351243,5.960752305632904,4.945620552629601,0.7518185165476996
6,33,141,0.14499731103243574,0.2293770512751824,5.517706793724331,4.6881779643318975,0.7388059647280127
6,34,140,0.14347989617839366,0.2278667639093871,5.743462028414093,5.171103074425968,0.7302602930650575
6,35,139,0.14115712888266746,0.22424204881863632,5.238758894559433,4.54686940170038,0.7503122283960814
6,36,138,0.14129817114610765,0.219075851289895,5.568691450595498,5.063227778976772,0.7285667830340775
6,37,137,0.14131647086626037,0.22304287887783927,5.565554599870705,4.872423120189372,0.7497931534154917
6,38,136,0.13676474047503903,0.21681504288580983,5.8143399848803625,4.735965455941084,0.7221759905503816
6,39,135,0.1454033310676564,0.23300515325189075,5.665266521865807,4.5303977283165136,0.7358051192337566
6,40,134,0.1385260418944299,0.22477694143839755,5.352983961933656,5.205124808668836,0.7358021178059875
6,41,133,0.13620040683812035,0.2197395238221863,5.638496212356225,4.746469377602756,0.7369932035685517
6,42,132,0.13634425834659672,0.22216390223764326,5.5300527647636315,4.962665897024551,0.7324467621176957
6,43,131,0.14118440566284518,0.22533502412554826,5.593356059770149,4.762158322942497,0.7257999147548444
6,44,130,0.14311777282121757,0.22628681951104526,5.474614388415439,5.685317103049664,0.7364818639923655
6,45,129,0.13939734344263555,0.2200695901477526,5.173637291788777,5.1016005647674945,0.721396508630286
6,46,128,0.13721289536427647,0.2151027445637571,5.4585027015583,5.0863094371477,0.7446755167533323
6,47,127,0.14584870803851718,0.23051415819781196,5.084985500662093,5.08199030680704,0.7071259169186859
6,48,126,0.13916450577798997,0.2233957840564472,5.32704251759714,5.127644338856145,0.7257130907165568
6,49,125,0.13695224282178625,0.2165141778046382,5.271273214840768,4.366386923811595,0.7247186041635038
6,50,124,0.14346452538325977,0.22216228280347183,5.446830225044657,4.492332831973123,0.7231000665210946
6,51,123,0.1467518060739317,0.22394619485592832,5.331644820057439,4.210264679672866,0.7191665910203087
6,52,122,0.14543844216057214,0.21952022620458816,5.397306453835584,4.7009353589285485,0.7361312363954873
6,53,121,0.14439404182580673,0.219543281216014,5.273219677566814,4.817766778477014,0.702639400136318
6,54,120,0.1442845836432034,0.22206519156127946,5.612806341048559,4.537278370338408,0.7189064316311103
6,55,119,0.15005810589445887,0.22661707114985988,5.805585894097644,5.50421860233561,0.7198309799477719
6,56,118,0.14791799385840496,0.22408804022927306,5.783272761348815,5.845428619183427,0.7433048251912224
6,57,117,0.13993540533318716,0.21446831970897542,5.005098714362507,4.626566932240467,0.7341525851476336
6,58,116,0.1436628034494446,0.2194465399031897,5.590862702728711,4.985281099192484,0.7157119144764381
6,59,115,0.1479369117939855,0.2250240081253198,5.902941600864301,4.484173544719982,0.7052172789485733
6,60,114,0.1443110101304915,0.22418979218545493,5.720519214587391,5.079374033807062,0.740322281221034
6,61,113,0.14807880518933583,0.22877134109771594,4.879561115397909,4.295853996064019,0.7200983441599719
6,62,112,0.1454937298020755,0.22729282260945063,5.3043049933057915,4.5086494660937815,0.7415982126393181
6,63,111,0.1424367924851833,0.23066060580670988,5.033226722855655,4.6895818750127845,0.7311814346493408
6,64,110,0.14341423240641954,0.23262476685932854,5.43925624388398,4.267686976663391,0.7221824962998493
6,65,109,0.145420650359187,0.22936947363524737,5.703477861270425,4.771937043882241,0.729176758437888
6,66,108,0.14708244700887643,0.22699698860357367,4.843423663514872,4.181429979692144,0.7252828498545757
6,67,107,0.14282936980556243,0.2231355154616059,5.409760393304258,4.617495857729265,0.7336516972942886
6,68,106,0.1494507497858967,0.23466821465587157,5.367849228355384,4.507119430452804,0.7282425303448289
6,69,105,0.13953806766257357,0.22148084145675975,5.533427204566709,4.348249647764207,0.7296233121720749
6,70,104,0.16134591393815123,0.25460308117144237,5.002073596964406,4.356162206537065,0.658906713397903
6,71,103,0.16113316341614095,0.2574923244260297,5.3370896105096755,4.5027427725398645,0.6541947268111689
6,72,102,0.15590949408971264,0.2486637040304221,5.763657271292061,4.650011453186199,0.6695711432447442
6,73,101,0.15741338504961674,0.24738288941621667,5.35824313083865,5.039263800933099,0.6650208905967808
6,74,100,0.15822198487327996,0.24551337940048862,5.082241731177145,4.375376601280936,0.6700733273092985
6,75,99,0.15693655504117324,0.24925293771149937,5.076232637971902,4.092497710796923,0.6738494013387415
6,76,98,0.15771516285942475,0.25168804686113455,5.144563946518336,4.818363137736164,0.6544667416533448
6,77,97,0.15681814460490107,0.2506334441950276,5.041953460610001,4.063264235708798,0.6919950932104636
6,78,96,0.16322189204201826,0.25999789732396406,5.089141596353526,4.39718653063347,0.6718869835935498
6,79,95,0.1546716411769508,0.24473789135450605,5.41121554810599,4.823150940833397,0.6785659498128236
6,80,94,0.15660814650424096,0.24759471071409597,5.245695941057804,4.141948163885704,0.6760678728100831
6,81,93,0.15471902246099334,0.24662978674975247,5.49076882463014,5.065726903746564,0.685799478165978
6,82,92,0.15758338277904105,0.25364795106379695,4.988523265140159,4.743286351852092,0.672264301065279
6,83,91,0.15670894874380592,0.24802876510866795,5.43913513395778,4.9397721591145825,0.68033006630476
6,84,90,0.15545186972598882,0.2465456993845739,5.105106111148071,4.606580444007243,0.6793104562441101
6,85,89,0.16234335997432625,0.25882356563254005,5.700283788487443,4.359231762267257,0.6758999999446428
6,86,88,0.15648904246495388,0.2560626448103286,4.864436986775733,4.1928450124582195,0.6534409782207244
6,87,87,0.1553466442097108,0.25727808098800076,5.450862275383254,4.808556496807564,0.6819314949080791
6,88,86,0.16023823736436885,0.2603151730245026,4.978744467679636,3.9439664371255017,0.6481405499276598
6,89,85,0.1571342398439506,0.2555265996038555,4.976966355862874,4.409259101064087,0.6641482982937642
6,90,84,0.16102860135305397,0.2626293182583378,5.18554089803615,4.328937287633629,0.673215203974619
6,91,83,0.15846679493709648,0.25709717621480277,5.290211455640655,4.335683482832456,0.6604449976473584
6,92,82,0.1595830605662545,0.25713986322093335,5.282685004508546,4.358753274060705,0.6663044809148551
6,93,81,0.1577733198394516,0.26010382801954784,5.395896796251899,4.928184866115012,0.671657244786964
6,94,80,0.15178461199223722,0.2530376131660986,5.393808043078456,5.907482420743611,0.651378613984734
6,95,79,0.1538772487468836,0.255748803377237,5.171005876742219,4.76622774076723,0.6601584301054739
6,96,78,0.15745773883585787,0.25827078941953807,5.464947439033552,4.801805839454026,0.6527987013239231
6,97,77,0.15560338259268366,0.2545788047991218,5.494389166725339,5.25232808027877,0.6688901709176391
6,98,76,0.1554613801389624,0.25692073344243455,5.694035989274447,4.877054987191894,0.6724971052698567
6,99,75,0.16065933827482354,0.2666669984883734,5.4227220792300965,5.159682003455343,0.6466752560488713
6,100,74,0.1591765893045493,0.26470737124448895,4.860150501228681,3.9510591216932913,0.6649943680483253
6,101,73,0.15776889408789782,0.2641300904267835,5.51842872223507,5.199993931935518,0.6521737170023925
6,102,72,0.1619781033265189,0.2726568340254991,5.063921903862006,4.788890985674606,0.6500706403776879
6,103,71,0.1508899652202323,0.2583960936754398,5.128768153607233,4.689643220397652,0.6670239640901336
6,104,70,0.1561872774904347,0.2682220655457149,5.131880922680625,5.130992653316896,0.6394272240685843
6,105,69,0.15789691206917,0.26957368368675916,5.177682059023361,4.821696079679247,0.6413741466588909
6,106,68,0.15518325662409305,0.2642269035747924,5.31329843044051,5.506595423897249,0.6577233556534271
6,107,67,0.15571906642145877,0.26678255311959953,5.458680130763101,5.076807571449765,0.6481111819219908
6,108,66,0.1635046630730117,0.27357490864493017,5.385217337994279,5.317149549361177,0.663664122941967
6,109,65,0.15892969223777353,0.264089799073506,5.478968302281762,5.0579395982268975,0.644681681890525
6,110,64,0.1650780896959757,0.2733008227130835,4.868369470888252,4.577600712756831,0.6511482059610915
6,111,63,0.15542269368273096,0.2563554511014121,5.250599674160814,3.9730105996555265,0.6855196448486555
6,112,62,0.15957794399672065,0.2678237499466975,5.193731054942871,4.49143515183795,0.6763078244904551
6,113,61,0.15785845910650093,0.25822790012645774,5.347588569185016,4.821288043361378,0.6718104673455209
6,114,60,0.1597302704975763,0.26688979110895766,5.983154872063022,6.4657627617537035,0.667175312695766
6,115,59,0.15807556266931366,0.2650642575578691,5.6758649172597195,6.028941603796124,0.6503541108242611
6,116,58,0.15963043414408093,0.2620900537755469,5.893910201401081,5.220687943924951,0.6572854877711753
6,117,57,0.1630221892005657,0.2644637466523155,5.7762780770268005,5.108339046432912,0.6472763759683959
6,118,56,0.16012052664372303,0.2599590093641429,5.107526571559565,4.7306664460832435,0.6604344191211806
6,119,55,0.1581331440662639,0.25242660547727597,5.729326216854537,5.510726910534506,0.664601928187107
6,120,54,0.1614643855012312,0.25220369103594936,5.784395328457908,4.813163354544648,0.6636291034915764
6,121,53,0.16557445401370874,0.25852292296878354,5.758355050365721,5.5109416850732185,0.6865061486012802
6,122,52,0.1712767713154834,0.2684793955872581,5.327987631884877,5.066626640536106,0.6399438897749349
6,123,51,0.1648356112329457,0.25287320735302443,5.325109600310094,4.604571995391397,0.7008485629575398
6,124,50,0.16544043202079098,0.25623849228276346,5.508936876344055,4.358211039003544,0.6473826244218293
6,125,49,0.1710799288129353,0.2668650645894782,5.491520111873733,4.69379058616863,0.64950713129757
6,126,48,0.16347221414198854,0.24907753773184688,5.1106520050237885,4.066803672158126,0.6704474320264935
6,127,47,0.16543407839043217,0.25343937005090506,4.99099991088374,4.770548479180226,0.6699687822755074
6,128,46,0.1731470071799968,0.26196588252030484,4.954123199186849,4.158769144407831,0.6404017358010008
6,129,45,0.1665222309860792,0.2517729132784351,5.206449225062579,5.118137893757658,0.6518503560148008
6,130,44,0.16735580885789822,0.2588670247312655,5.534658065734998,5.230707614972968,0.6427959411262301
6,131,43,0.16994251169595304,0.2619816934104217,4.8110482112414505,4.505283077085835,0.6358627019099594
6,132,42,0.1662002943623003,0.25416575678810643,5.258870933326797,4.791605265191629,0.6373638135698725
6,133,41,0.17217550604294987,0.25999848290188304,5.337494800648267,4.301729927352564,0.6484240372108239
6,134,40,0.17350211357691706,0.2588595500998915,5.418317324493913,5.132824619067542,0.660575580480665
6,135,39,0.16849955688318743,0.24840577340139508,5.004533812939976,4.344108190560542,0.6254319798402019
6,136,38,0.17140820380359312,0.25556186699258376,5.155292027406227,4.614747359667988,0.6576829534412657
6,137,37,0.16602286752788872,0.24200667767904263,5.720668012793279,5.327297768492634,0.67005296358231
6,138,36,0.17283104816386594,0.2573303071106799,4.708460950770856,4.003237146026262,0.6384798850033127
6,139,35,0.17653967915737026,0.26088323347093756,5.454191589502049,4.832642113341839,0.6424415233591498
6,140,34,0.185570799585328,0.27306913777997344,5.286399048949216,5.647097129569121,0.6079084068651267
6,141,33,0.1883880410498391,0.2758299980167757,5.150402853630901,4.509664818824888,0.6051931286748199
6,142,32,0.1839422554004897,0.2751116942172276,4.942508144404417,4.401497915596198,0.6062959138133678
6,143,31,0.17840827922947364,0.2646792139423566,4.937991145400045,4.706830237480895,0.6183000299844804
6,144,30,0.18817680188784963,0.2724664848555102,5.300431758178467,5.099551685021286,0.6047541056785346
6,145,29,0.19190953995074148,0.2845133653524648,5.490969093374954,4.443537175209732,0.5881346985413857
6,146,28,0.1867287826027937,0.2768423600631692,5.392032886732137,4.497431700054147,0.6176080661126248
6,147,27,0.18126662392814816,0.2726656289623307,4.872775366567715,3.975226840233482,0.610023849701477
6,148,26,0.18010601516005895,0.2699608851525151,5.107776587208379,4.442397291980348,0.595794969871129
6,149,25,0.19115869219546572,0.2916432933885844,5.234923568999071,4.563621284948143,0.5696013985005141
6,150,24,0.1902770021803202,0.2929697834524237,5.1408055557434515,4.312268706352845,0.5649819305872722
6,151,23,0.18408663252843213,0.29063775854842583,4.984191176413393,4.576302713472638,0.5861363181305108
6,152,22,0.18430326374964776,0.28755467244754046,5.118456747466874,4.56268009061379,0.625066448962399
6,153,21,0.19507343154337276,0.3056948223574343,5.575348432110722,5.117155831200887,0.5608965793792722
6,154,20,0.18827844452394468,0.2949147123877283,5.1912462037156395,4.784010982786662,0.5981186137252654
6,155,19,0.18111836541037352,0.2850952582869498,5.198075746563591,5.113305304760176,0.6050119223810319
6,156,18,0.18243579238602758,0.2886136890012112,5.5509176234800375,5.192249269050304,0.5928782712396956
6,157,17,0.18954159824551225,0.3007726912172015,5.020768910508111,4.25597231810336,0.5870627086263961
6,158,16,0.1835966495412502,0.2898968030344041,5.412244478936573,4.744790453134196,0.6231916486120122
6,159,15,0.18945302991594976,0.30213946484284604,5.367167641562805,4.7166922353312035,0.5748202554593606
6,160,14,0.1909527047423597,0.309459344762173,4.575630148669684,3.879893286114605,0.5752542873998382
6,161,13,0.18949023317230856,0.3029933580616683,5.025047231202899,4.187524460890288,0.5672638815826438
6,162,12,0.1911873339384131,0.30361688755241295,5.216681954358407,4.539685213901227,0.5896104433889121
6,163,11,0.18599828990235237,0.2937502548410153,4.6888650471134925,4.309903423034251,0.5945330273026663
6,164,10,0.1844009225608365,0.2906451732093179,4.760067022143451,4.316454244519764,0.5949932563693862
6,165,9,0.1791202944910202,0.2829150045823937,4.874916081919871,4.3515545726672356,0.6420311399922376
6,166,8,0.19769682203793248,0.31554002498917294,5.022400554464392,4.237050533008964,0.5467085706517106
6,167,7,0.1802529343905606,0.2888491350984518,4.699738804191018,4.03742346823932,0.5835978352134682
6,168,6,0.1858324459169569,0.29634759357398155,4.9811699680249895,4.28740185120094,0.5819751662341702
6,169,5,0.17997447376740172,0.28448973364426344,5.19486549864787,4.670216662728793,0.6223093026249584
6,170,4,0.1809964666258193,0.28924310100474526,4.859403505028702,4.073977403817258,0.6025742722921289
6,171,3,0.192459120259974,0.30711420879408696,5.277643032796107,4.75663807686076,0.5831397082976945
6,172,2,0.18926936192140745,0.3096935952014686,4.906428683302224,4.2316436729279365,0.5867894038727445
6,173,1,0.19066133572398467,0.3178002890678523,5.156257725761824,4.745939331084272,0.5576523856556206
6,174,0,0.19452772355849043,0.3267692477801916,5.044647638666657,4.2869737550130145,0.576252363202533
8,1,157,0.13330183148972188,0.20950704195929662,5.266761938820059,4.549109333538977,0.7511690678649647
8,2,156,0.14079950867953248,0.22261819573597816,5.406433048240384,4.861489987704861,0.7281362427670759
8,3,155,0.13470272074757897,0.21652150338158477,5.152404211308884,4.076064396671856,0.7198623577963256
8,4,154,0.14005770421291722,0.2097603423651167,5.691609760661658,4.72329115856887,0.7643563147689365
8,5,153,0.14086580132282467,0.202010386525311,5.046228767045514,4.447632218885811,0.7586913260679581
8,6,152,0.13731087037222992,0.21337184892109276,5.806349080154048,4.9101014723265175,0.7344552257625113
8,7,151,0.14369041789224526,0.21219738235635208,5.337554926118851,4.358875627157592,0.7366671260513533
8,8,150,0.13097831107482763,0.20133763677507746,5.449234173174929,4.995068846825577,0.7578512280488198
8,9,149,0.14131682820331415,0.2104037838025401,5.071904707629148,4.210674966341122,0.7365774954714936
8,10,148,0.1488759641344607,0.2095363762128561,5.5415153268041095,4.606471914904621,0.71531519412588
8,11,147,0.13719603579160342,0.2102157862720124,5.614178172507357,4.7916711243524235,0.7421862916934456
8,12,146,0.14141576150914173,0.21512569993790595,5.873064885591502,4.771931104201095,0.7509066564171515
8,13,145,0.13636075917497295,0.205343486656657,5.784813702126143,4.795798105264391,0.7627634612136108
8,14,144,0.1342030338192079,0.21043272891612846,5.906474324954755,5.216747388252955,0.7781235241150486
8,15,143,0.14673466998040346,0.22062514626009164,5.238244586647742,4.652970180326722,0.7424225821457174
8,16,142,0.13730058457987498,0.21066701453662703,5.444381097654157,4.1750924556602325,0.737904029614439
8,17,141,0.13920718456987605,0.21256913145235581,5.589099973765123,5.057776641177571,0.7529250253227285
8,18,140,0.14108409938792565,0.211403499091683,5.317219553619058,4.875247458809486,0.7416397834270454
8,19,139,0.1431775422925169,0.21264617365231384,5.4870824603371755,4.632474826993048,0.7172685989424539
8,20,138,0.1475699368481454,0.2090670177283154,5.709414816739752,5.03779780007925,0.7386013575893073
8,21,137,0.14051478626861333,0.21503513159555737,5.897786928828076,4.240295438718567,0.7302407845788201
8,22,136,0.137967109170112,0.21437110906666348,5.701061197121897,4.500383525497923,0.7319886361874226
8,23,135,0.13821738044800697,0.21026043139608006,5.779331671174654,5.479415365120297,0.7559726775010082
8,24,134,0.13501903669526957,0.20338731805400037,5.857211264692012,5.453196762350156,0.7524741488696779
8,25,133,0.14037083353412166,0.21311103310938373,5.9277298490985295,5.974458449030045,0.7564287253916393
8,26,132,0.1433028416090024,0.21706078060501627,5.4490677637672755,5.4273298089039885,0.7271384484263642
8,27,131,0.13728736280956497,0.22111278792714617,5.515038479119163,4.746917681188228,0.7362473839938893
8,28,130,0.1452592357800344,0.21720770454177682,5.225782513513643,4.318579619873952,0.7340136538773474
8,29,129,0.1443014648718336,0.22109473995844728,5.62615663804606,5.076163047926283,0.7249488583371294
8,30,128,0.14063407349289087,0.2261667276640968,5.546628120204211,4.427418231389696,0.7297760972222888
8,31,127,0.13783126040351976,0.21024680571005228,5.683978486324081,6.032055929070286,0.7447154420513954
8,32,126,0.13564414374244793,0.2023295585982406,5.398177137599465,4.658725281745991,0.7508469479825598
8,33,125,0.13737531160266175,0.2131558688561431,5.365040357287073,4.8571388183724755,0.7344956383451541
8,34,124,0.13613472275387212,0.22013633851068373,5.405243806421634,5.311420529618831,0.7377625841669775
8,35,123,0.13833324532721544,0.22546801327067278,5.411265947455647,5.075394783298592,0.7380276541825557
8,36,122,0.14827651758485588,0.2328014708179617,5.359552504032626,4.693311381804142,0.7017317992057808
8,37,121,0.14337857809956317,0.22368419243721158,6.325924225362689,6.175167905647245,0.7252125252101089
8,38,120,0.13435551927047182,0.21751495601538579,5.111864305544756,4.814524743133757,0.7317131534582956
8,39,119,0.13142211678772636,0.2184467337421775,5.051967548383485,4.184660483556813,0.7463834792176642
8,40,118,0.13995972692929845,0.22760800770719683,5.710357210862956,5.660405778860489,0.7420943719197842
8,41,117,0.14192094799639346,0.22848721574407563,5.630238275897595,4.760898137809484,0.708234744281132
8,42,116,0.1342255632553894,0.21703629507518157,5.027232045068805,4.1145483652430554,0.7293029809358578
8,43,115,0.14023356871365036,0.23903833263484756,5.651215920390115,4.6053027522086545,0.7427700970190927
8,44,114,0.14122127345942015,0.2212379440635076,5.513196021542456,5.1314601977638,0.7256015548767015
8,45,113,0.14324014394630794,0.21631254020682758,5.499445782393268,4.728175410143248,0.7264200900146429
8,46,112,0.14727965014112313,0.21906355666799443,5.361220784591579,4.674374076366965,0.7430909396005688
8,47,111,0.14313978885230408,0.21758538330948526,5.057552230346078,4.499230587282776,0.7271064905620159
8,48,110,0.14839788399948914,0.2181465114492591,5.531580809467954,5.212693013153767,0.7331267517293882
8,49,109,0.1424521767244596,0.21646361776019282,4.810550047968846,3.9697388147048143,0.7216032815158021
8,50,108,0.14529869252771946,0.22625944477273086,5.832020852766737,4.927360451952183,0.7247671934511172
8,51,107,0.14002400338093152,0.2319184496918196,5.797463227604426,5.739415417661673,0.7277145016141776
8,52,106,0.14517693346451047,0.2156465366903201,5.523705754605464,4.506802819836963,0.7266563706184955
8,53,105,0.142320256184127,0.2242597497953097,5.5610878408860165,4.88953900388766,0.7277847434718824
8,54,104,0.13737347876546008,0.20886858488667256,5.4605509882862275,5.027611094066854,0.7220503520519822
8,55,103,0.14589739325852447,0.22151838591177828,5.248996560556855,4.5183779861051,0.743392214357556
8,56,102,0.1466530133329982,0.21698661891253385,5.624663919047993,4.827488083233512,0.725706685114291
8,57,101,0.14694567043662543,0.22035960090458165,5.89026804128269,5.281156051341258,0.7529980154830755
8,58,100,0.14569474027867485,0.2301366663493857,5.901913130284805,4.933862723431943,0.746111212389876
8,59,99,0.1475594597656969,0.22986313935313715,5.048892133995254,4.282591896624449,0.7263827932369789
8,60,98,0.1476500776708423,0.22895876432046952,5.292902040649677,4.4836994266831915,0.7213303731220564
8,61,97,0.14804187450568723,0.2284734631568122,5.124163254493949,4.250205296910855,0.6843874703658935
8,62,96,0.1438135258368161,0.22369417959305024,5.511182833870452,4.6246522678118875,0.7237713429461795
8,63,95,0.1496075550110921,0.22359986052641498,5.329659232354483,4.262914359844534,0.7365577178966589
8,64,94,0.15144488452508637,0.24627582887094332,5.078521766016401,4.712779725071673,0.6523239533805968
8,65,93,0.15426015924764686,0.2582431669398594,6.074465104767727,5.054820144177477,0.6730534295270864
8,66,92,0.15141879053294416,0.24777634433477355,4.991087565563251,4.296967341071517,0.6856228516365881
8,67,91,0.16352591401506242,0.24485399697904053,5.3678983602973425,4.530655719690211,0.6620273456153594
8,68,90,0.16169442197011444,0.24545387488934287,4.962543463775445,4.072735905498223,0.6605673551831694
8,69,89,0.15119406137361738,0.25079449128320536,5.620053459908007,4.827224280711141,0.7003589758698168
8,70,88,0.1630629892475386,0.24300241452699667,5.247849770950624,4.33650359194024,0.6681574045187068
8,71,87,0.15143473756247855,0.24631515023332454,5.209619812532923,5.378291480303818,0.6959248562756849
8,72,86,0.15426253508379845,0.2512167767772248,5.606668682937247,4.831375314747308,0.6652659342055667
8,73,85,0.1631366947641606,0.23572647072652989,5.061215356188205,4.146417158745793,0.6748101558569449
8,74,84,0.16415435183844124,0.2363438345382597,5.322915744647636,4.582958364667493,0.6586260089850992
8,75,83,0.15647812870297992,0.23813863173587935,5.757897040353251,5.172569984220758,0.6709788727080578
8,76,82,0.1486573459527284,0.24285589868003038,5.237762616830272,4.967678929831171,0.6637935346665533
8,77,81,0.16304319878936485,0.24429909884994278,5.288351281638787,4.811404105377995,0.665977182659445
8,78,80,0.15042947082538596,0.23527514029862867,5.611114296179902,5.117579365884583,0.6766489023055807
8,79,79,0.16178793472127553,0.254625512944493,5.336151399696534,4.567825890696667,0.6676067994189318
8,80,78,0.15866329955446293,0.2571209243521531,5.126152344554267,4.6505183655916955,0.6688571214985527
8,81,77,0.1594000777293563,0.24589656575889565,5.41439346091054,4.8283657161658855,0.6528480571487032
8,82,76,0.1596084328720306,0.24715262192498172,5.620450645534945,4.942061785007764,0.6679460356463488
8,83,75,0.15615475499279477,0.23855300990814507,5.4556465381231725,5.56460130336515,0.6717683889280593
8,84,74,0.15859625693328525,0.24166422568192694,4.995561333745577,4.236996063319354,0.6691487426214008
8,85,73,0.1613006438122748,0.2532907576828328,5.280743267577593,4.515918669616963,0.6652231202865098
8,86,72,0.15030084913125474,0.2517766487016633,5.701172349779426,5.596353695885201,0.6516246099042464
8,87,71,0.16055999665346438,0.2486415856069898,5.628128293029088,5.1462404158669095,0.6527181648026632
8,88,70,0.15984980095661921,0.2521126619388436,5.383606366758612,4.726547463978045,0.6660381343473285
8,89,69,0.16460406785665474,0.24516148399060914,5.855946766097691,5.213295402032411,0.6547821871985041
8,90,68,0.16363776955298423,0.2474915665746455,5.140864459497859,4.5505643287659545,0.6753214822999144
8,91,67,0.15980820921469938,0.2488364087433089,4.9077522358223185,4.47429310218561,0.6623478772104969
8,92,66,0.1589888243098973,0.2501556712018955,5.2965600087848905,4.411235028860376,0.6849159361023653
8,93,65,0.15543424898981673,0.23916778350888362,5.1681100067097585,4.118470072028513,0.6631567834567479
8,94,64,0.1595945475271545,0.25145159483625096,5.8366062051748,6.095524055939488,0.6824092011335166
8,95,63,0.155381215309864,0.24494866536860874,4.978769001455148,4.69603595468198,0.6700077703189609
8,96,62,0.16152716863334943,0.24958266009977254,5.277222203101045,4.746979909233189,0.6632618243130385
8,97,61,0.1566928115102904,0.2374913632929368,5.091376693902609,4.718620220227171,0.6738810495806434
8,98,60,0.1612103642365415,0.25451353285194595,5.29666341608779,4.737190572041595,0.6402674703712309
8,99,59,0.1654834476776211,0.24726702413383927,5.279685753481349,4.805876052025224,0.68170076966929
8,100,58,0.16176683508230114,0.2521153474276375,5.659993840971891,4.873971346184492,0.6724157995208937
8,101,57,0.16394823530525718,0.25496281652905906,5.639014938066502,5.110016943550699,0.6741824912159988
8,102,56,0.16173106709358465,0.239265078403251,5.081011130978597,4.282299363155837,0.6703400347302999
8,103,55,0.15494640353376915,0.2605796809158496,5.3369611824448695,4.494443551858146,0.6576839046417765
8,104,54,0.1577098930645105,0.2726121393141235,5.53657938315068,4.859919961048048,0.6531662335978088
8,105,53,0.15280107904643078,0.2607704943169595,5.35574045485259,5.45863523092719,0.6644345540391434
8,106,52,0.16297602103512063,0.2639405750101583,5.4293183047320674,4.949296708880074,0.6643229889188704
8,107,51,0.1553312559002098,0.24816226600825547,5.551019258129228,4.857250899943869,0.6652028731060213
8,108,50,0.16373734728464037,0.2618842066915202,4.975774214050876,4.2821697281307065,0.6530798354336771
8,109,49,0.1608088947784959,0.2555315209309198,4.9002925720178485,4.638991104075497,0.6595332376915349
8,110,48,0.16256628126329728,0.24252209597974106,5.335131677511377,5.950082657014404,0.6594703675869812
8,111,47,0.16485520659938488,0.2500746757842406,5.346040843594231,4.508149994208473,0.6533229264146965
8,112,46,0.16173635412114212,0.26528104681544773,5.228744920747998,4.395452344950405,0.636947935428535
8,113,45,0.16178549659587,0.24040632723866595,4.763898253438397,4.7113854633651275,0.6566461284245221
8,114,44,0.16471205457337842,0.2598189972611266,5.403576105609737,4.809771634739955,0.6667795266323473
8,115,43,0.16817617024823164,0.2622879804557515,5.52198780067048,4.669703485259948,0.6497511909499745
8,116,42,0.17453589859934976,0.24297819188837877,5.5030199211309565,4.816854918329498,0.6678320047717557
8,117,41,0.1657689879331873,0.24889036381790453,4.954784582013552,4.025930757983598,0.6346486339483144
8,118,40,0.1664234253284403,0.25535765882678274,4.954743903642417,4.249469189920153,0.6617424066782529
8,119,39,0.1655988204361781,0.25098027838613546,5.895768692904687,5.089679902221337,0.6495151669084122
8,120,38,0.17236992537223975,0.25828063295006715,5.041528229191524,4.333879726267024,0.6524223510940383
8,121,37,0.16644639209981033,0.25036692088707413,4.922865841316726,4.441561357636255,0.6585814199047314
8,122,36,0.16433192729899038,0.2646619572196236,5.001610655929092,4.638308978881576,0.6374778590879698
8,123,35,0.16654230022754635,0.2628750332659178,5.043968461689381,4.178806969128511,0.6594463374608472
8,124,34,0.17256238518860897,0.25904890772299494,5.284499295730123,5.732424676098233,0.6486366294021018
8,125,33,0.16444115614882063,0.2613657623391413,5.041095350455885,4.874487363209333,0.6658332194844396
8,126,32,0.16585635441438726,0.2594823490987013,4.9086085888680895,4.8248622338090055,0.6617241680515701
8,127,31,0.17218531997701253,0.2871594229871929,4.843158916843767,4.211030019385755,0.5942591786378698
8,128,30,0.18089555067712398,0.27328579336040704,4.9195981495919,4.313478696664067,0.5936662510608818
8,129,29,0.19464671065909397,0.29636749254439176,5.697530291129971,4.959797654677461,0.5811649634290659
8,130,28,0.1885379817339534,0.3109794807891224,5.288142572681226,4.824406932509608,0.5483204063386135
8,131,27,0.18431567459695478,0.275771292033104,4.748541304729032,4.626009444583939,0.619657068172385
8,132,26,0.1845386492071446,0.2722036189102899,5.538509472142614,5.08576938883505,0.6144334607305063
8,133,25,0.18152691699786633,0.28011181752712255,4.848355027890095,4.1679728758256,0.5951952232517254
8,134,24,0.18220564612842402,0.293645861181249,5.1210858827193295,4.501199448258394,0.5969873060692925
8,135,23,0.18595042423677555,0.3049193887882711,5.006309016782607,4.816479204405868,0.5779911572756504
8,136,22,0.17966062475189137,0.2848103902189527,4.916720071760906,4.58555414601429,0.585849660347207
8,137,21,0.1714469027364745,0.28856108582337914,5.493445280763301,5.987799348085631,0.6102357258544095
8,138,20,0.18643999659465946,0.27853466632314033,4.919565418518531,4.560401511137932,0.5911449417501777
8,139,19,0.19430092902563612,0.2880007250988214,5.0807606685255,4.530830256918413,0.5923239456501991
8,140,18,0.17568105119798466,0.2926878753974494,4.587016537276577,4.081221256616334,0.5903818483641124
8,141,17,0.1742867378496258,0.2797749169692486,5.952288508745875,4.992780740890967,0.6187503924792095
8,142,16,0.19051111010903035,0.28695638483787345,4.757300697149018,4.471867946523016,0.5888501104056949
8,143,15,0.19205841787896585,0.28730143033447614,5.250953794302094,4.876537693466846,0.5669606085090141
8,144,14,0.18771044660750077,0.2962699519283407,4.490576016399016,4.133792502861488,0.585199391751809
8,145,13,0.18486877363004864,0.295311110854225,4.969530674374912,4.637484654617783,0.5893322655001928
8,146,12,0.16906516258065057,0.27200056335322736,5.149784335432438,4.6291404585540255,0.6215005473049362
8,147,11,0.17834016647532508,0.27182600513657706,4.898271780450033,3.9685144062240156,0.6066864836439464
8,148,10,0.1819232179925441,0.30283788732351175,5.100274428343429,4.403768889103842,0.5669112755768949
8,149,9,0.18545786934919356,0.2936505340052841,5.030000973537522,4.762538797738719,0.5946889074245049
8,150,8,0.19255455037655905,0.297633152287513,5.274328854311264,4.960726204536014,0.5705480481930779
8,151,7,0.18493382855775797,0.2856426474300111,5.138963311192755,5.106153699820253,0.5911585820444746
8,152,6,0.18280925961424097,0.2952575009237906,4.900970086920275,4.140983463518588,0.5785194957594831
8,153,5,0.1889255047683811,0.30058646562300173,4.628312797711546,4.110024826320883,0.5549789577351937
8,154,4,0.19001914300450462,0.29443030621786864,5.016202298453855,4.5400867625271,0.5567995570244796
8,155,3,0.1920814977370964,0.29788990958885814,5.0409584614388905,4.391168251619054,0.5709306547681897
8,156,2,0.1794700590712624,0.284473940040008,5.093754540581899,4.522097031562413,0.6078238590465451
8,157,1,0.1875383956716188,0.28532732449774606,5.3921340002803575,4.694717597050682,0.5938339389091287
8,158,0,0.19483550812348205,0.29753296337600177,5.081115077894248,4.254240727963629,0.5841107486993478
9,1,286,0.13124775146000198,0.2077582003096994,5.437907924662662,4.182630868728288,0.7487645787165799
9,2,285,0.1369109797815952,0.21551573539604174,5.555723606131166,5.3672278957598865,0.7595034500966891
9,3,284,0.12773322417112057,0.20313304720513684,5.257067433752374,4.883745605388059,0.7683436923257695
9,4,283,0.12826166057004304,0.20276908513259295,5.047137316102997,4.071529509683608,0.7620084969638762
9,5,282,0.135424361880107,0.2120329726314494,5.082673187650753,4.551433760297494,0.7313691014876468
9,6,281,0.134858035433433,0.20908195633210944,5.36088911331741,4.5387577009868565,0.7646729676710938
9,7,280,0.13617910576466585,0.2145614152638183,5.588004439394313,5.055573634058463,0.7344500086173312
9,8,279,0.13840075133115826,0.21729968941824646,4.943300401718485,4.276441756600997,0.7269514474627141
9,9,278,0.1372195079472271,0.21208461567003362,5.7213147900842225,4.7405582555935615,0.747727104772331
9,10,277,0.14176631474971602,0.22015503907993964,5.128238043083076,4.467531860054431,0.7292037703871406
9,11,276,0.13865469370361735,0.2122747928519157,5.658479033209956,4.629220294373824,0.7350305445389741
9,12,275,0.13756125675452768,0.21050355374791666,5.374042264742981,5.025847626840859,0.7302442148925107
9,13,274,0.13309412856113106,0.20372367059527494,5.203690254205055,4.874210094693875,0.7702051926749287
9,14,273,0.14058471586767649,0.21407480777003735,5.815739601079303,5.311827350207202,0.7548852998650495
9,15,272,0.14082774762954806,0.21541522812508854,5.773433874604854,4.666988402267593,0.7234112508842584
9,16,271,0.13401296267788268,0.21029783271875316,5.706458752592763,4.994787590926783,0.7537648412521648
9,17,270,0.13407324630239556,0.21081982115985812,5.812258992796069,5.0141533673829395,0.7568516837122102
9,18,269,0.1336508436212096,0.21014100189896825,5.507922296603153,4.723777224553961,0.7624679811118469
9,19,268,0.13896338115523002,0.21657275126489064,5.763276203180084,4.592919492010482,0.7533646904395275
9,20,267,0.13385605086253685,0.20825391150764966,5.22996567615969,4.577264215997212,0.7347704478426057
9,21,266,0.1358262343589313,0.211942482423251,5.764147005367742,4.591306378120292,0.7636514691248494
9,22,265,0.1370569132962557,0.21835625811193274,6.779266751016533,5.746899595761718,0.7316668804257082
9,23,264,0.13371166051124408,0.2125451730136139,5.389658295706345,4.365162306850177,0.7327401267638258
9,24,263,0.13891765782820253,0.22323561658582536,5.337772011503066,4.219022178389601,0.7500522628831335
9,25,262,0.13370441455657092,0.2139478597188142,5.283465941949158,4.610954972882564,0.741821925986488
9,26,261,0.1375109076414969,0.21650431267604878,5.323576254901727,5.15981857547681,0.7510650779875119
9,27,260,0.1368511557867232,0.2121468892089705,5.054557475883594,4.45297378039747,0.7424151103211674
9,28,259,0.14361637332222008,0.2240987961697039,6.082985967696931,4.954032432780695,0.7634346744216731
9,29,258,0.1370248431597973,0.21532505972831106,6.132984335846025,5.487399325375285,0.7267844116468958
9,30,257,0.14271364424048522,0.2240713846135928,5.381942626324102,4.719241855769335,0.7004593512669628
9,31,256,0.1366097943695895,0.2165356288416521,5.433674334188309,4.1172578073646315,0.7228291011270702
9,32,255,0.13910063791888683,0.21777555500054413,5.056630997793137,4.504875836512887,0.7263026343366792
9,33,254,0.13872672404115013,0.21790729574640819,5.396326107290895,4.344496635370378,0.7567333103686827
9,34,253,0.13669101010965262,0.2185969510326927,5.156603347086932,4.668452826155525,0.7343858727797343
9,35,252,0.1393704390291809,0.21941244281541136,5.253389855754662,4.610250623566353,0.7230910484856242
9,36,251,0.14044249895103655,0.21999315348513876,5.783547007693899,4.850139772585121,0.7356074739124261
9,37,250,0.1336628140822628,0.21308321666607735,5.378694009973273,4.903659623332979,0.7301742243024001
9,38,249,0.13657613662500234,0.2182295557929206,6.090619599129598,4.996326785371861,0.7627853340215666
9,39,248,0.13945554805209268,0.21964160433136345,5.65308741647067,5.2183824148157845,0.7338320075831144
9,40,247,0.14677090760239664,0.2303011799988866,5.5898702737045625,5.081445924416822,0.7469162627474
9,41,246,0.1385744386726271,0.21862914827901744,5.186103713898667,5.229031301135477,0.7212898902886312
9,42,245,0.13739695201702667,0.21548761352267612,5.499299655595825,4.697280806690556,0.7436581720085451
9,43,244,0.1357600669278615,0.21300980356455365,5.489441846461484,5.16973248703954,0.7303093130708579
9,44,243,0.14146987003168945,0.2227191836613002,5.023722026330823,4.390564451226486,0.7322636693244664
9,45,242,0.1363602744194141,0.2141082934890612,5.4955914999257836,4.6662640243816735,0.7478852084491938
9,46,241,0.13734370443221772,0.21448417008205534,5.707662055149559,5.279333646581308,0.7531320808046055
9,47,240,0.13924619367113808,0.2200449325929738,5.569898322453046,5.121793377441622,0.7477185400004607
9,48,239,0.1365920005173047,0.2115567555224147,5.906337565745039,5.442611407160346,0.7560673868689222
9,49,238,0.13942609476044762,0.2147116451396486,5.346045131661651,5.269466060032011,0.7200690230764777
9,50,237,0.14070102542348256,0.21651384153411882,5.039176149666266,4.23611525527958,0.7424503023009287
9,51,236,0.14234871441931254,0.2180700488419778,5.426609009661516,5.425644020248551,0.7133374360115745
9,52,235,0.14544600744302447,0.2228195778480842,5.684934911906176,5.594724776147659,0.7099167446894329
9,53,234,0.14245649150292414,0.2215828620537511,6.190996505259488,5.568991432413267,0.754788419932152
9,54,233,0.14144814856060053,0.22464171437991584,5.27876892019203,4.560531298967947,0.7486521688708078
9,55,232,0.13617612341489208,0.2175775533388587,4.989868637590166,4.450596947811388,0.7513628662707854
9,56,231,0.14115317585970735,0.2272329711257747,5.797010780333111,5.311358816292057,0.7181501480527277
9,57,230,0.14125254881106747,0.22473480426710268,5.031526588672858,4.285559035219606,0.7151773636022722
9,58,229,0.14316054890007346,0.2287215751192438,5.211262165086504,4.4667662865337,0.7020363128439907
9,59,228,0.13960008408101895,0.21663468830207905,5.753330703375313,5.409852497411536,0.7404615155191011
9,60,227,0.14469948850604997,0.2251360860991253,5.856165114673484,4.77740372578038,0.7199708169504624
9,61,226,0.14568452340259846,0.22354045501683398,5.948674705124423,4.756739336130657,0.7469710273069613
9,62,225,0.14254969532319037,0.21999701767674537,5.762322778333903,5.598179070140812,0.7390660988707719
9,63,224,0.14028192213441132,0.21626164857016936,5.5726382377435435,4.581336188866135,0.7475065667443416
9,64,223,0.1523480368172406,0.23157965024110747,5.567537596144919,4.353011409985933,0.7312479405076137
9,65,222,0.14203457530261263,0.22180666502318644,5.540184387125301,5.400178097721259,0.7120492283285628
9,66,221,0.1454889782279999,0.22272915097438883,5.323382207143725,4.286487169167018,0.7049345704143878
9,67,220,0.14702446057029933,0.22320895067530164,4.9702689240128155,4.526491005254748,0.7107949380402124
9,68,219,0.14557914377310072,0.22379698319835006,6.3567318558607955,6.9298924908510395,0.7258510046499846
9,69,218,0.1455455012363044,0.22366270961074988,5.418775842743009,4.341910478668218,0.72239196603733
9,70,217,0.14950199849301707,0.22795887316172472,5.342012309008827,4.84591987641565,0.7226491019181834
9,71,216,0.1443618001016511,0.21864912083421986,5.6838769518705945,6.10507813447689,0.7445334562693413
9,72,215,0.14768286794577581,0.22606107517835955,5.476455857626492,4.729032197982667,0.721786538234638
9,73,214,0.14390239667638485,0.22439651425314136,5.706174589679456,5.094545671183515,0.7330168013817354
9,74,213,0.1490152169002751,0.23583118482308016,4.929755043104285,3.847585695729664,0.7268012948479093
9,75,212,0.14059321286423634,0.2237027044154927,5.430152649134713,5.315926741050251,0.7266346420992766
9,76,211,0.14619948296875535,0.22976127173001998,5.603918771904678,5.581887161275597,0.726066628953608
9,77,210,0.14382568967928408,0.22441536316734198,5.982003084173643,4.84556170518155,0.7321969448943253
9,78,209,0.1380405141846436,0.2184642496179026,6.033621480608952,5.200838673477836,0.7167770821028518
9,79,208,0.1433589695914517,0.22727360462465135,5.412611518651655,4.816743188171376,0.7320013558223135
9,80,207,0.14051273369775022,0.2218715685332963,5.0509176163492695,4.591862742990134,0.7322987196176128
9,81,206,0.14688831781936892,0.22729650255428038,5.413421527646529,4.67799875246572,0.7113473372286696
9,82,205,0.1428501712311774,0.22496235997463448,5.2874704651849775,4.622196892931348,0.7059169998159955
9,83,204,0.14832293240348315,0.23287833254987772,5.5833483376905875,4.6209611125639345,0.7279794714972333
9,84,203,0.1484160694524346,0.2316581086877075,5.185520777499201,4.1924050215443,0.7428696134983073
9,85,202,0.14931326906243458,0.23549321023808206,5.8463376064054575,5.224152163220382,0.7265184922459751
9,86,201,0.14296892157256766,0.22533074948044565,5.262995251468463,4.886898146672483,0.725262567661568
9,87,200,0.14149732934612946,0.22325240759049628,5.5161428240296955,4.7385262956266825,0.7378897635843852
9,88,199,0.15194516230559915,0.23780257098370622,5.304563056346881,4.296293775866449,0.7134911647693275
9,89,198,0.1437874443123298,0.22553079675732193,5.332856294097326,5.578042127652879,0.7040119304360114
9,90,197,0.14355154566886502,0.22778301769681097,5.38559401880703,5.0467323446163945,0.7305069658514328
9,91,196,0.14795856076844938,0.24000762401255116,5.882001715952056,5.412966471573859,0.7288454263665282
9,92,195,0.146084828180295,0.2391418725235408,5.5335294407096765,4.7826429104910995,0.7279106833942758
9,93,194,0.1454087418123283,0.2340930019755366,5.740799430129897,5.262032957980286,0.7212563482107041
9,94,193,0.1423471672742153,0.2294190453972263,5.558429488308182,4.803976914588851,0.7120902383654243
9,95,192,0.1422942710700199,0.22861759023336123,5.371237686931407,4.699430280473681,0.7308114013824667
9,96,191,0.14229155097838167,0.2321424040132815,5.205820176421132,4.755325715172787,0.7242180746217995
9,97,190,0.14307916894261252,0.23309275119986927,5.786375019587544,5.203874497816251,0.7334548862636789
9,98,189,0.14387191379111228,0.23370092360416914,5.785345061134242,4.605752254120167,0.7049526381724968
9,99,188,0.14286420308416053,0.23353265710016485,4.985894148182762,4.494116886718958,0.7207727764654892
9,100,187,0.14547580929629786,0.23727303365755364,5.378684996437009,4.675029986766668,0.7154583826388234
9,101,186,0.14210126885624152,0.23343663638495396,5.346703465146626,4.234176644574676,0.7030022771433914
9,102,185,0.14163492412831474,0.2278598494279151,4.991035174426719,4.306158802793303,0.7291121844810284
9,103,184,0.153032636967256,0.21911407423808832,5.715415028467325,4.820485342243531,0.7263353452210883
9,104,183,0.1489330238472377,0.21588536111489479,5.278757987663482,4.6918280007689175,0.719675895206288
9,105,182,0.15025547763882682,0.21834390108339147,5.253420865928674,4.978020296618381,0.7520470902951967
9,106,181,0.15144355506793894,0.21892459850195145,5.125091093150065,4.738681654825186,0.7234029558575359
9,107,180,0.1520178507520175,0.2159817227665312,5.268634251161687,5.074363728168681,0.7188889247922987
9,108,179,0.15129202054939286,0.21845915105420233,5.3410603684343885,4.474893833908126,0.7526194139624817
9,109,178,0.15348302524264615,0.2205616382698877,5.787635715667193,4.920183457982537,0.727773305000726
9,110,177,0.1550548967748809,0.22429855773090066,5.165940331345396,4.296412436400555,0.710174818202107
9,111,176,0.153315590929918,0.2209747779267874,5.429649973695106,4.59852573239826,0.7325695109699137
9,112,175,0.1503152477826891,0.21871876996278694,5.366307594778336,4.967693741408178,0.7270437669152662
9,113,174,0.1534610284524372,0.2242748067715652,5.4481690502632585,5.310552974356524,0.7405316338397628
9,114,173,0.15279132734902345,0.22485434370853466,5.450062583462606,4.526115254558093,0.7374073327701413
9,115,172,0.16387888824508723,0.24083750698788356,5.315526241701923,5.141346438797938,0.7114410080620325
9,116,171,0.1631545345753873,0.24227573023551224,5.034280730843303,4.390204017233289,0.6523487600765733
9,117,170,0.1641202930514801,0.2456011243859579,5.579146988243323,4.87629953984937,0.6922070706718907
9,118,169,0.16764591232051967,0.24842543693059813,5.072178128509308,4.827869648441357,0.6585001716713743
9,119,168,0.16391331944896675,0.243312229813768,5.525954042661947,4.979803374355079,0.6747515330440054
9,120,167,0.16579890780474243,0.249130709739156,4.846834029733733,4.174673152237509,0.6591532806377883
9,121,166,0.16432064416659817,0.24119684725793628,5.450039781221037,5.566221385220489,0.664930922880019
9,122,165,0.1628033994476463,0.24254878208624786,5.519046995054264,4.792508271091321,0.6738398677068187
9,123,164,0.16044078731479133,0.2397168588062949,4.974687440848401,4.15637660991203,0.6723071880757888
9,124,163,0.16647540800660304,0.24771111205304192,5.816835059546481,5.967277371662132,0.6767774529045444
9,125,162,0.1598848348932795,0.23938776805379677,4.807952738178596,4.168340499228547,0.6672741249466513
9,126,161,0.1626163861843996,0.2465100120399869,5.282199539491044,4.975603067387848,0.6409360225617994
9,127,160,0.16114247447087257,0.24511222040320788,5.66545269830494,4.9093674122912185,0.6771148401168687
9,128,159,0.15699692032817422,0.23815088589146244,4.803599801812965,4.536840509903309,0.6697398092050235
9,129,158,0.16886478392316123,0.25464035344403174,5.082970086861401,4.819430114377119,0.6763278564000461
9,130,157,0.16711664975661142,0.24965570846976146,5.386132765623026,4.60534478288661,0.6477666492874349
9,131,156,0.15921937012444845,0.24098213649489117,5.5991213620660645,5.202928814338163,0.6779276414960191
9,132,155,0.1666222987091591,0.24834236292067355,5.2914633760177,5.109420876869121,0.6591625875579594
9,133,154,0.16670819630376268,0.24857156579932435,5.979392488887475,5.076122105283667,0.6780271395836508
9,134,153,0.16334180271527726,0.2420086928261239,5.528285962173011,5.03985472734162,0.6753305655552156
9,135,152,0.1752014762779235,0.2583590204416359,5.077947323884041,4.447412848994304,0.6467837017013293
9,136,151,0.16572383479862732,0.24528649251336876,5.557765402487347,5.729154769579526,0.6690521312537726
9,137,150,0.173579583455986,0.2535563672661447,5.6898293226840675,5.362341437517729,0.641151128257741
9,138,149,0.1728919694308418,0.24759264252855553,5.122984151334778,4.4330732061346625,0.6486255913458412
9,139,148,0.1716792307577229,0.2441877314305989,4.840063303487977,4.054678334297054,0.635260328642239
9,140,147,0.173470910790919,0.23973741529625442,5.203661842541544,4.711274679416252,0.6502045348287536
9,141,146,0.17571400765244005,0.24563276143588658,5.204872839413538,4.472925750869725,0.6701985578554106
9,142,145,0.17704042408033904,0.2463467135151849,5.168237866023878,5.364118801733829,0.6502486079389611
9,143,144,0.171391256954037,0.24070447194013395,5.54248668744268,5.417517722732879,0.6785636240945414
9,144,143,0.17508479768693877,0.2486059590960008,5.2634228779227925,4.377623710672311,0.6567774935093533
9,145,142,0.17428866727582512,0.24451618254846952,5.318836305744343,4.2691011191827855,0.6468580796646491
9,146,141,0.17134737805919298,0.23988641364310256,5.294762850888635,4.547749863527715,0.6987748222881915
9,147,140,0.17450951623270972,0.2434080868365657,5.054747271055508,4.46680088481948,0.6763787374333977
9,148,139,0.17343864318820323,0.24226222996343186,5.494610779942244,5.4440987747945915,0.6653431562420863
9,149,138,0.18067564361485963,0.25277968816315055,5.311790242997638,4.584844096380629,0.6674659011784788
9,150,137,0.18218974803684634,0.25706763547629874,5.543159277652162,4.503784128373859,0.6618656270740111
9,151,136,0.18545116691876157,0.2591355199694334,5.70613249306849,5.275286193912282,0.6398334089294031
9,152,135,0.17384731089156927,0.2424030878847058,5.206140118347863,4.431447279831262,0.6511112158130355
9,153,134,0.1734692090752413,0.24060491377303933,5.177993135162085,4.549894667006748,0.6586054040091489
9,154,133,0.17442030305846074,0.24641595945072117,5.428028311379155,4.612821128998401,0.6533239509353355
9,155,132,0.1750288980112239,0.2436455618544644,5.318303696106666,4.3850634052994755,0.6542210261209428
9,156,131,0.1755802683190408,0.24684477883476993,5.422495865988861,5.439952040860231,0.6487827349899529
9,157,130,0.1766189817974663,0.24696764108943728,5.486868084935605,5.27655358825205,0.6564861815833865
9,158,129,0.1833605372358453,0.2582903290437805,5.1806642292748695,4.73258995097092,0.6331694863248315
9,159,128,0.17602974117698175,0.24588259719116132,5.3335764482613985,4.716351518241779,0.6718323324268285
9,160,127,0.17828250400448617,0.24934107605815506,5.3071270911805275,5.047690860179214,0.6594409461637329
9,161,126,0.17793184793662853,0.25121272844192716,5.0044552635757285,4.859424794943986,0.6387522352292713
9,162,125,0.16828399077054573,0.24044916664343033,5.15717428923028,5.048440886183839,0.6531997395963552
9,163,124,0.17865198679962094,0.2528490417870268,5.288204613735445,4.558487088060066,0.6591152956042864
9,164,123,0.17580361981916703,0.2505780787531791,5.353244180539802,4.551213379467067,0.6324594723856689
9,165,122,0.17248371733126822,0.24877989831886646,4.834894808322256,4.220257868791955,0.6434946673361491
9,166,121,0.1778048926248299,0.25309160954907056,4.8710609531745135,4.338386144760123,0.677242565015088
9,167,120,0.17367172322456992,0.24718511304755106,5.350963749569773,4.968744556368433,0.6328132533727004
9,168,119,0.17515886955498966,0.2524842708520598,5.057887083361325,4.423426465120706,0.6476562615286063
9,169,118,0.17388665964832814,0.24902839137978863,5.166617604390364,4.377386972948504,0.6661458922795983
9,170,117,0.17701255639171654,0.25557930851555916,5.951563064402553,4.965086315680185,0.6700496048715606
9,171,116,0.17576299134668,0.25218024155667734,5.224033358317207,4.492072732062315,0.661362947610627
9,172,115,0.1698069205174035,0.24591797541472388,5.0993712878042885,5.025640513078713,0.677253154309555
9,173,114,0.18101839453028262,0.26262575844230146,5.205417587486895,4.477561330898212,0.6419615859290102
9,174,113,0.17485921440650662,0.254162575173329,5.251716953860791,4.157306681237789,0.6703419969641079
9,175,112,0.17667541438377876,0.25638014850592905,5.312633101886183,4.763962954295559,0.6424807306842434
9,176,111,0.17361363936950616,0.25314199245327157,5.255708315872838,4.796524948545765,0.6803428317026773
9,177,110,0.17251376527010406,0.2556479059671914,5.536204227658069,4.472166841721658,0.6612332896339554
9,178,109,0.17778190204637265,0.2569223065505785,5.095517864187103,4.951259635619966,0.6563182972202791
9,179,108,0.1777776713733446,0.2618901945185714,5.4117076273870595,4.600046912344085,0.6380302931498969
9,180,107,0.1769215595175593,0.2593102140670523,5.5417389966873,5.330787302134245,0.6496189595367228
9,181,106,0.17501839127044652,0.26311944905419277,4.91014216235401,4.3467388662175255,0.6281109204831125
9,182,105,0.17955595777384,0.26589841433455375,5.2443095808020885,5.090409106676096,0.6475476531968616
9,183,104,0.17153586803936358,0.2526368732663216,5.614717672740227,5.1570053152892905,0.6763037165145986
9,184,103,0.18008730849187743,0.26292412610022475,5.742055808578934,5.166759727516097,0.6618291113531274
9,185,102,0.17548010983647275,0.2562137046794828,5.418959573580529,4.710431846670103,0.6479285388892657
9,186,101,0.18020983877143834,0.26472253697665193,5.3884589477104985,5.47600319784145,0.6418856084060944
9,187,100,0.18195327234925798,0.26582385242995377,5.175303141839999,4.893640592556902,0.6328004190086686
9,188,99,0.17791058360740372,0.25866355606004793,4.955605082583528,4.516829035212563,0.6499087847141864
9,189,98,0.1763263748713621,0.254596651391994,4.692991902252958,4.385696225193338,0.6552604250684338
9,190,97,0.17667632435326677,0.2570532152779442,5.43395129237533,4.435545837713811,0.6747409304452918
9,191,96,0.1797845303559729,0.26240285052990114,5.054622879725534,3.9056247471082464,0.650367268475318
9,192,95,0.17827476242169749,0.2588590878411654,5.955881614014633,5.162848174547577,0.668442571728328
9,193,94,0.18062267011320646,0.25784331185077025,5.386482872164958,4.801843693276883,0.6419922850069755
9,194,93,0.17797619576616044,0.25834937790727913,4.734727591201331,3.819754517599067,0.6519890871229579
9,195,92,0.17525405402902125,0.25957500418199414,5.012816570377312,4.508175085240346,0.6616008637789019
9,196,91,0.17619448295898818,0.261430771797861,5.238770297253506,4.582223832371217,0.6580276898541878
9,197,90,0.1794577235253616,0.2683649850351249,5.516884663895727,4.989470933987555,0.6519618393711255
9,198,89,0.18196276273879902,0.264962143842519,4.554179373725878,3.854931587228614,0.6324032833992573
9,199,88,0.1830950569514645,0.26714406184484696,5.093735346953161,4.579477849312567,0.6329926825340191
9,200,87,0.17840673710476965,0.2621518217070199,5.3745374627696965,4.818878265620946,0.6461593668471067
9,201,86,0.1820856420018317,0.2692531480990212,5.444175169914032,5.373456222260783,0.6096312115381256
9,202,85,0.17704122998715333,0.2594663680122762,5.6125748713623596,4.619280467544502,0.6649216276263945
9,203,84,0.18207735633004243,0.26303299127430746,5.560986132811013,4.503155608976753,0.6470768038018272
9,204,83,0.1835567384462246,0.26318384765889413,4.886000533326408,4.290218763576873,0.6233499730970158
9,205,82,0.18377848647164666,0.2630737496288546,5.356695437740866,4.504568747591455,0.6480835582049403
9,206,81,0.1839018955843467,0.2588930461010344,6.121835785397524,5.986679552508642,0.6510820079469944
9,207,80,0.18633880792197427,0.2625614864116747,5.471067882760872,4.731373145534086,0.6471544838702268
9,208,79,0.17305985538249122,0.24109484750218596,4.921364676714353,4.397807977046667,0.6619061626275413
9,209,78,0.18935111147271502,0.263300012987101,4.808152311246784,4.250165134582801,0.6122693813219807
9,210,77,0.19042675210099194,0.26482287837572627,5.380486782303365,4.376852227919822,0.6251682712747088
9,211,76,0.1845010646167125,0.2563125728241353,5.861611544895526,4.745977292846973,0.6387278069617768
9,212,75,0.18661793795676457,0.2616237562209312,5.21056665674044,4.68543282322808,0.6510028328109302
9,213,74,0.18476516146171437,0.2572934585547521,5.288809145006355,4.400259561964329,0.6685400479426331
9,214,73,0.1886845495065518,0.2639146372041696,5.379785353663789,5.164285010736123,0.6329037480143658
9,215,72,0.19467480991772915,0.27476003078534966,5.689933952318763,4.959361075653795,0.6215987767836147
9,216,71,0.18465879536831162,0.2581513570841802,5.172911699137749,4.605106575186399,0.6378058612289925
9,217,70,0.18260446023292096,0.25404249998646283,5.294366654770918,4.774818040195329,0.6430738492240875
9,218,69,0.19335463513159296,0.2727473408650277,5.2153160339845215,4.942979580814572,0.639796980757852
9,219,68,0.18856704161440174,0.2689727160896916,4.707174632560581,4.350821051090674,0.6342262511326394
9,220,67,0.18337892259585223,0.2644537703142411,5.502023797132015,4.581054620854014,0.6687395424588609
9,221,66,0.18671352400510147,0.26990867768589877,4.814175730564577,4.86309732409594,0.639497849301168
9,222,65,0.18070579113416646,0.25731196578041354,5.2588517614968,4.83813448688698,0.6627102333377806
9,223,64,0.17926485486184204,0.26195991514213723,4.963467869068687,4.871745069459804,0.6478461094750726
9,224,63,0.1780175563716884,0.2623434693166407,5.419087646320009,5.301727503558729,0.6628351230458999
9,225,62,0.17954609243873332,0.2647143892142728,5.072440640993419,4.288693780301011,0.6407240103885473
9,226,61,0.19363083245070753,0.28096509055307806,5.250097497350609,4.043080004715597,0.6230095414966933
9,227,60,0.18856922840162088,0.2749553591186325,5.14540370761253,4.691190515287094,0.6587399617721563
9,228,59,0.18505377200402556,0.26590390699108185,4.6428359098321526,4.174033629828331,0.6309760840261281
9,229,58,0.1870358090869326,0.2711448151356329,5.226502600402354,4.342697627887017,0.6430886699425754
9,230,57,0.20243226303842368,0.2943667923872128,4.830444825268641,4.144214155168241,0.5940520268298133
9,231,56,0.20978325191318117,0.30119307311943805,4.632752201997311,3.9215467947440295,0.538082306468086
9,232,55,0.20589456371330236,0.29336292963167426,5.076869157538603,4.796249399008409,0.5871345785193085
9,233,54,0.1998807665285513,0.28541030521083127,5.358411855104446,4.98577273141197,0.6127029247457537
9,234,53,0.20736841803175088,0.30023293645880844,5.235555954288355,4.718552324953173,0.5792531485414539
9,235,52,0.20542794261637498,0.29158376022786947,4.950819599505213,4.432513923532199,0.592836416540518
9,236,51,0.20236372159389485,0.2893595249618848,4.705414240082369,4.496517211102918,0.5998247786809574
9,237,50,0.1963252748498731,0.2786274321681931,4.748097134897074,3.9459048075268686,0.6168654241985629
9,238,49,0.2061005652848911,0.2881782329117193,5.400101287449102,4.710333519488574,0.5781710956853559
9,239,48,0.2109148270672773,0.2935653970652913,5.143416000047541,4.272424839675747,0.5527350160287201
9,240,47,0.20648393340257387,0.28626999983882634,5.025678642400637,4.503522138777101,0.5865670226794202
9,241,46,0.19573933104285057,0.27355189033149685,5.156888058837413,4.501925622081409,0.6112430196826596
9,242,45,0.20549562663955107,0.2962662767648316,4.768087472100937,4.228883470707619,0.573143744063591
9,243,44,0.1998193869671483,0.2927558738982313,5.1550483083447345,4.646163473471481,0.5924884682207472
9,244,43,0.21127664014191316,0.31721338028950546,5.273893602155172,4.80681754495293,0.5681533591193271
9,245,42,0.19759547115157727,0.2931880232731761,5.025100966731447,4.875452120030889,0.6060646130628103
9,246,41,0.19691947146359617,0.2894283373642704,4.568714813556681,4.275350437196905,0.5980207666716675
9,247,40,0.20096543580874074,0.2993673592144603,5.684531567944172,4.826368855217339,0.5920240095027157
9,248,39,0.21660330550505583,0.3153735421046027,4.689991432749892,4.189464903086639,0.5397139781218998
9,249,38,0.2071697789651327,0.29768031101684783,5.241087937258009,4.623115110166889,0.5963521262978668
9,250,37,0.20563237203873735,0.2933594546041571,4.854318679017114,5.34259371403667,0.5892579101750752
9,251,36,0.19720326598256754,0.28566914074098754,5.479027227636825,4.606996074723955,0.6148983057837767
9,252,35,0.2062975693818057,0.29784485856826953,5.171313678188708,4.2596058931757925,0.5821807439062433
9,253,34,0.20141422850827093,0.291085819708983,4.966918058441286,4.538797475143953,0.5714333195238679
9,254,33,0.20204200171627257,0.2932114911428427,4.979573560258331,4.5309135404848995,0.6047412193638937
9,255,32,0.20784998771338348,0.30166207587869825,5.125278466736214,5.181941914293667,0.5886334208845317
9,256,31,0.21188402428018235,0.3061427805459811,5.663417658509582,5.467749590400683,0.5648224194090257
9,257,30,0.2166065990063708,0.30863804898520075,4.731230054613009,4.5203907660116105,0.55533383947503
9,258,29,0.20240343476204192,0.2862198709940865,5.091284302344063,4.10039908709764,0.615532615007376
9,259,28,0.20772812554164918,0.29419762479034717,4.820621348305372,4.401499704623219,0.584983162611365
9,260,27,0.21988156685786853,0.3115427383933743,4.969908445028231,4.381203767664899,0.5728929104848781
9,261,26,0.21952473869346034,0.3118880320622512,4.459868272918719,3.9519814269700206,0.5437228559355527
9,262,25,0.21817552684279706,0.30903010634501454,5.142079813211192,4.664913948901352,0.5576871574488932
9,263,24,0.20822973168077166,0.2947165330072624,5.036263636199653,4.2509214414813705,0.5765520536337612
9,264,23,0.20859779357890518,0.29161770010274435,4.904204139824307,4.245707454708924,0.5822767758565393
9,265,22,0.21212674168445117,0.29531500806538785,5.291010936630689,4.68519722490105,0.5967118874104839
9,266,21,0.21940746971936964,0.3041736029687104,4.917960237543969,4.7080566693145505,0.5613118859422003
9,267,20,0.21931120501916618,0.2983890952609897,5.115441546414183,4.314169098891415,0.5877120031864007
9,268,19,0.22118269321953707,0.3068571321336187,4.873036491722331,4.357871790131423,0.5645619196566367
9,269,18,0.2055913135635095,0.29038313003633404,5.0705671084790405,4.3476926057699075,0.6068543816550948
9,270,17,0.2067631960907786,0.2899198326115251,5.007418002804062,4.992427139341661,0.5799081764166066
9,271,16,0.21005021835823506,0.2963052863133779,5.284993796407408,4.479657866899276,0.5853734886110792
9,272,15,0.2138057196354187,0.30235795673087584,4.8437324568608275,5.030389007061348,0.5783837343010686
9,273,14,0.20937733089446547,0.2950163214203171,5.262115062339971,5.070160875643773,0.5928212407624143
9,274,13,0.20653652802930925,0.2917209228346237,5.34565956910305,4.937014984610985,0.5778621224741829
9,275,12,0.20779710126337594,0.29225220715009753,4.974336660586076,4.0997319023621825,0.5874259047380982
9,276,11,0.21704076986082455,0.31297868563639647,5.37538216300234,4.7229312510504045,0.5597472289201765
9,277,10,0.21638360465305115,0.30786461059383097,4.976688685315654,4.376282627329497,0.5769207710710851
9,278,9,0.21090897417515675,0.2979499722561133,4.940671517550359,4.3615805678750785,0.6032414667543108
9,279,8,0.21469173852674012,0.3003506024414128,5.125996987420117,4.424532514823088,0.5797096304444839
9,280,7,0.21397202992932118,0.3009861878928266,5.243108200370385,4.515220947072045,0.5835160836631322
9,281,6,0.22460768560592745,0.3151010773144082,4.5879700130119865,4.0171477116683105,0.558939143966609
9,282,5,0.2299326325416179,0.3172821002868008,5.444727349246527,4.758836672294607,0.561474671902214
9,283,4,0.20941913189541686,0.29272893245212006,4.823019258550644,4.279169328182561,0.5889825417345268
9,284,3,0.22074982192931455,0.31255962509306756,4.437759898063506,4.039165657232722,0.5570997163012853
9,285,2,0.20986204614880574,0.2950688264430412,4.901576780195385,4.538611273026293,0.5925908422428281
9,286,1,0.20927077393620835,0.29797871369886586,5.088747621633042,4.3543510630640965,0.5978483558714582
9,287,0,0.213153616195652,0.30638844490439165,5.060149893551918,4.630585581323904,0.5820550816163151
10,1,282,0.14672259763965026,0.1990165912745469,5.298906040237433,4.899418683684743,0.7547790438213468
10,2,281,0.14525857960568955,0.19951502783656475,5.65278143677801,5.369644780062685,0.7610979333045823
10,3,280,0.1387536024712256,0.19440266916388205,5.6345874490469345,4.730350697040256,0.7372296158603917
10,4,279,0.143524471508773,0.20304505554329147,5.063072913802196,4.005873988957935,0.7541228477037139
10,5,278,0.1442132440809865,0.20284655817322927,5.517397174404831,4.792635163382471,0.7492565052211183
10,6,277,0.14834361763801435,0.19254455693055628,5.449393515851617,5.136483503165273,0.7551050514501445
10,7,276,0.1428866170376815,0.21518980793024547,6.119269036527595,5.1249848748124665,0.7265894493821832
10,8,275,0.1447241054580842,0.19543996656017504,5.8590142310787225,5.748444456456307,0.7610163542433207
10,9,274,0.1508699094556684,0.1986877329357547,5.83894769318403,5.230874854524182,0.7410090774603895
10,10,273,0.14501484154252542,0.19939858378048025,5.576540827966406,5.3636239580824405,0.7208333489777371
10,11,272,0.1468805544345994,0.2043235549027483,6.116486626204765,5.4390230834912785,0.7290744525733148
10,12,271,0.14378540164423315,0.20135003897987735,5.601094429697958,4.452851085225237,0.7502992624279955
10,13,270,0.1446395601996311,0.20606487210585878,5.609773074936422,5.537406584232023,0.7610465658063615
10,14,269,0.14132870965446526,0.2085433644732855,5.625671007607993,4.838605428973298,0.7388949345715317
10,15,268,0.14435655687927854,0.19935983173573354,6.0446833465333345,6.20041747571871,0.7421177995822039
10,16,267,0.14001683696166584,0.19809494553311538,5.540006141234511,5.2821433291279805,0.7664637768131679
10,17,266,0.1396705196751251,0.20077442869001103,5.325561322957415,5.7926539485326165,0.7331750249151362
10,18,265,0.13711092110751005,0.20465560494804275,5.348222320191787,5.134821842854655,0.7422261196818439
10,19,264,0.14037821664064098,0.20387734028682203,5.725467511141096,5.213447983559614,0.7539854824625252
10,20,263,0.14871648646514316,0.208142137887332,5.810037942187111,5.944283931474486,0.7439867023077356
10,21,262,0.14715099328827363,0.21369198171747275,5.15840324908808,4.355018357595207,0.741518090697815
10,22,261,0.15517993413874823,0.21077223620308358,5.400678909078149,4.652869575337562,0.7182013641296806
10,23,260,0.14254864458376235,0.2089969552075685,5.360846135697198,5.054221485698855,0.7295669546207364
10,24,259,0.1423840438347442,0.20754284827329916,5.044692489909378,4.15845634501341,0.7072411169041011
10,25,258,0.14681967051907233,0.20862741333631935,5.697551961487185,5.16752787380947,0.7177581203145098
10,26,257,0.14128305244274694,0.20598744784314751,5.623534571718649,4.99230351247777,0.7601997903543609
10,27,256,0.14621814717387757,0.20507039596859497,5.919329116464164,4.934207893317452,0.7537319260414168
10,28,255,0.14801349626653645,0.21179463064174603,5.648872918591934,5.2389017281924435,0.7210181624623515
10,29,254,0.14677133098771675,0.20297315301972985,5.338328038779391,4.428048934102538,0.72990365566884
10,30,253,0.15346684549507247,0.20622161533597805,5.167261888610792,4.790873221545908,0.7416451847135204
10,31,252,0.15435492883820243,0.2027756087874566,5.2528639533214845,4.340068060130147,0.7420849573176443
10,32,251,0.14933633909216953,0.20981543919424278,5.615136935557729,4.814881884434136,0.7344500280734593
10,33,250,0.1468849272064272,0.20429067431942902,5.195455026131517,4.4254378289997485,0.7414997743695925
10,34,249,0.13904426994460992,0.20106029642937823,4.909639436024567,4.357749013322423,0.7389891704824231
10,35,248,0.15239223042548453,0.20792764119824175,5.454009201728498,4.579579512276335,0.731492261703467
10,36,247,0.1441421505386467,0.21434490889282987,5.415064206356302,4.741814636212911,0.7377649849082527
10,37,246,0.14538271408343859,0.21199829182644972,5.49658386566283,5.037720701541705,0.7066485729260258
10,38,245,0.143452192496754,0.21699274384739328,5.265783144162214,4.189646075962548,0.7226422415207213
10,39,244,0.14274363654024447,0.21599388835211833,5.698397446095081,4.899164518617634,0.739502263343191
10,40,243,0.1448669731570814,0.21878369386601693,5.823375360859903,6.023506373002063,0.7123638073642921
10,41,242,0.14373072422856148,0.20780476069183237,5.5045531935258545,4.549579432522386,0.7416533248445153
10,42,241,0.14339287490937205,0.2150662318511501,5.218060856377718,4.994638991884983,0.7250975338122173
10,43,240,0.14452368450757552,0.21212047416043697,5.785614829528099,5.106046547155058,0.7295640189566635
10,44,239,0.14676331349579144,0.20161952511466233,5.60226324143594,4.553461790005514,0.7533401496532356
10,45,238,0.15219530007270904,0.2104001015743014,5.157762613872472,4.508950007118916,0.7346286207006383
10,46,237,0.15089670005235928,0.21385573842848918,4.814561149317187,4.581326526718121,0.7116317879506248
10,47,236,0.1567057925104128,0.2122900471214123,5.476544496266447,4.617775999291673,0.7282729261798978
10,48,235,0.1422430498563676,0.2168282326115718,5.650984896824906,4.91830911570592,0.7460372226501047
10,49,234,0.15517705790315145,0.21228344908921898,5.263259942087647,4.848293802061776,0.745402312814477
10,50,233,0.1425609915951999,0.2138960555556455,5.685598562852736,5.688791460159493,0.7297543170165808
10,51,232,0.15912021463828546,0.21224826955214032,5.1060025964239655,4.081324301143469,0.7015704788432763
10,52,231,0.14907299053157042,0.2122090906597918,5.89281092207654,4.792178298305191,0.7367328717459157
10,53,230,0.15333530603774648,0.21658395523338472,5.759433943671336,5.4919554422987735,0.735341079402127
10,54,229,0.1561954495235633,0.21652238510836816,4.840749889920045,4.843866263967796,0.7270114640516275
10,55,228,0.16213909430918216,0.2208646658805035,5.280399870803377,4.492378906357539,0.7185664037904351
10,56,227,0.15778414470370491,0.20870293413163163,5.285597436594292,4.532530300099519,0.7268653990112217
10,57,226,0.15216461133196843,0.20715730576085384,5.766089400635368,5.2582102970182145,0.7424045382596643
10,58,225,0.1610689061540217,0.21700847886612148,5.781555311092397,4.797828674082024,0.7170686599103807
10,59,224,0.15395719745250303,0.21651138663617087,5.502360955548376,4.396820063339485,0.70364804869284
10,60,223,0.15414845755968068,0.2157198642199557,5.605225870951459,5.078225832912008,0.6939203504868976
10,61,222,0.15056785810259943,0.20542857492905445,5.001039826703656,4.623135250706391,0.7376702092008693
10,62,221,0.15450913443763684,0.21689834868417918,5.41437660614682,4.86223516241847,0.7323187452702208
10,63,220,0.16686748897503284,0.21375819174390362,5.519434760500612,4.687677573339777,0.7453712624130733
10,64,219,0.1585146405158235,0.2127225513623316,4.820754608878865,4.404767883466731,0.7022194510360661
10,65,218,0.15314893376051195,0.22497235890389003,5.09265000614423,4.591916266753153,0.7065690841666546
10,66,217,0.1524575151068423,0.2084765250115784,5.263006465284093,4.635929341184497,0.7557576421960659
10,67,216,0.15733175576180503,0.21443591331524392,5.114567840191342,4.180461070233105,0.7163151553733006
10,68,215,0.15316980861633298,0.2230680412977724,5.711273866161839,5.341780473303899,0.7347484779358001
10,69,214,0.15734084220430705,0.22081150327236246,5.593943079291833,4.519037100915705,0.7326973452339347
10,70,213,0.1548202333541444,0.21758339679341843,5.520702129745333,5.978580089134995,0.7018561502848505
10,71,212,0.15868403309018486,0.21957689843778458,5.18856288957052,4.279438838456659,0.7052864005976455
10,72,211,0.15816986133772032,0.22924441718390098,5.801049145573,4.680962783118779,0.6995644083618665
10,73,210,0.16357845271632068,0.2233221668495208,5.235611280631016,4.793105327852122,0.7244934414303497
10,74,209,0.15215066026873483,0.22366328056186924,5.215592432592415,4.781601143538828,0.7234404889300208
10,75,208,0.15903449068014747,0.22109468421558257,5.206671923544631,4.161624939049599,0.7084277691847916
10,76,207,0.1619893676439436,0.2221165651503715,5.481128052065813,4.500818605024614,0.6960598718320758
10,77,206,0.16383223278519082,0.21011042409485103,5.6561251326484205,4.964674296789343,0.7188388150090322
10,78,205,0.1541747766778463,0.22050626340877066,5.38261989670227,4.885499540227863,0.7079952326895892
10,79,204,0.15477057364984764,0.21307823311138963,5.260866993986532,4.676134792957747,0.7244856233284418
10,80,203,0.16211157718839486,0.21864120641387189,5.259305203152598,4.243920010044683,0.7418473600893384
10,81,202,0.16322646637653213,0.23040030154671612,5.686546556783261,4.543181774104735,0.7014143773247223
10,82,201,0.15406708922724086,0.22420319526562862,5.676508176579218,4.277564714186552,0.7265757398454661
10,83,200,0.16522039689099893,0.21721897462885584,5.309948330763726,4.567595574927841,0.6956819719350031
10,84,199,0.16580399385762068,0.2189111662154772,5.8872676802809085,5.3555536934127055,0.7347304555142835
10,85,198,0.1682716543794617,0.22061272754195238,5.0229749474289,4.7991109439709545,0.7187048099342609
10,86,197,0.15972093553755565,0.2134667011496524,4.994320303697015,4.4184965754739345,0.731605417302864
10,87,196,0.1652785536833721,0.21617188070992246,5.79457008286176,5.456725434789717,0.7195974837730266
10,88,195,0.17049028830571875,0.22877361976532656,5.412596033430146,4.447997723191056,0.7118171548170832
10,89,194,0.15869458485427607,0.22681590532827955,5.35991404872349,5.202564919730138,0.7139552617298032
10,90,193,0.16763226684833782,0.22180835182349257,5.856017074387633,5.143650550043663,0.713429883028915
10,91,192,0.15939138953959084,0.22801766213464908,5.178767663179047,4.704379271288593,0.7102449866545415
10,92,191,0.15702459383269873,0.22167708036974945,5.451139589397705,4.7786393815877695,0.7002200120013193
10,93,190,0.1625448442398725,0.21398253426035926,5.501250413904435,4.685535722587831,0.7139806299956886
10,94,189,0.16504699453526542,0.22096869796351773,4.988797977708727,4.69974112923735,0.7315175800468078
10,95,188,0.15963478789173194,0.22306496882717358,5.240294286946638,4.723016139463343,0.7006255718329969
10,96,187,0.1563105782545673,0.2319669523596322,5.221423504040728,4.91079541131641,0.7316170634564257
10,97,186,0.1632296704352748,0.2224207519513298,5.389771646116984,4.656745064287418,0.7240925998361554
10,98,185,0.16201123562739222,0.2340628945727993,5.90848364625253,5.536566746087419,0.7198391213995838
10,99,184,0.16074106895856777,0.2233418139225527,5.654592175296871,5.784142167981111,0.7292851895406197
10,100,183,0.16508648642238483,0.22663729339000258,5.083386832351708,5.019385748515791,0.726671420594286
10,101,182,0.16223031291917298,0.2165383545986817,5.603196518490435,6.098877127662855,0.7186010837121005
10,102,181,0.16126421663190915,0.23108800352242415,5.0308743606360835,4.536789122115208,0.7231070961971995
10,103,180,0.1597850571832427,0.22778726436558677,5.499481358910377,5.208403390724405,0.7275043084144197
10,104,179,0.16116487472213803,0.22213694814835,5.192164951028083,4.390004719299368,0.7417181854145916
10,105,178,0.15972503287507203,0.22960162712033283,5.910016417757129,4.528649172073078,0.7261634792378506
10,106,177,0.16522831386327425,0.2266321890717971,5.196549909664068,4.4704406138239,0.7202461732580704
10,107,176,0.16868221861032495,0.22833769017037042,5.6824460514734,5.068197358308243,0.7240363195051482
10,108,175,0.17586124191566804,0.2406128470236064,6.1063585851121145,4.991878565604343,0.6956753490966063
10,109,174,0.168654143511183,0.22527775411818154,5.292251862845671,4.431989240398985,0.7118796709610979
10,110,173,0.16753514452923024,0.22565688991692884,5.473814864714134,4.577150007097103,0.7082029413046674
10,111,172,0.16964373917182593,0.22831748926967313,5.611330827188624,5.473583641327672,0.7054370877259564
10,112,171,0.16129087490777977,0.225336501006353,5.3440029925829355,5.590502628320904,0.7060942013416416
10,113,170,0.16934392880883475,0.2388682788291301,5.558725232761279,4.6625285690188685,0.6934784672286252
10,114,169,0.18975288667955678,0.2545917249063949,5.423353479867464,4.4456528620436835,0.6456455727311128
10,115,168,0.1779881190706203,0.24409059768465782,4.826484165528781,4.403886293369065,0.6475842992043988
10,116,167,0.1828177486189334,0.2483744301325378,5.379896157890659,4.881205903588819,0.6751786279212043
10,117,166,0.18497212706664834,0.2446414055987753,5.32079010640533,4.466553313288092,0.6502415202749857
10,118,165,0.18949879678883128,0.2426809001357213,5.444101312697649,4.7907777406918015,0.6638993991466087
10,119,164,0.17858475417072903,0.24655918635968058,5.052144284260423,4.232897021514559,0.6675513355904578
10,120,163,0.18809435981903072,0.25325081913615594,5.152214751625552,4.49639542326888,0.6592558096541288
10,121,162,0.19107814337057902,0.2571565208487735,5.313680942588904,4.517820992287161,0.6270726521338237
10,122,161,0.18646970458242862,0.255637473598825,5.298101516410289,5.160125432169834,0.6345492585028406
10,123,160,0.17986715586905036,0.24217629583412847,5.099950147895829,4.750581853529586,0.6922087858479126
10,124,159,0.18286804976238555,0.24487920183084444,5.815727937676918,6.034570378365114,0.6724092532503988
10,125,158,0.1833851051098902,0.24943802570327278,5.5638936048260526,5.068019731387804,0.6632357081292684
10,126,157,0.17982724218870488,0.24832266359259786,5.065216041183399,4.390691781583313,0.660252717356865
10,127,156,0.17414423463542375,0.24951209398946203,5.072324357829033,4.288218519079387,0.6735468017218658
10,128,155,0.1867386099507755,0.26066806217377436,5.3429675000340975,4.429282601967104,0.6580405246672985
10,129,154,0.18122641992633998,0.26393119745881843,5.663407586986597,5.22448917371849,0.6563987574322476
10,130,153,0.1842761214869685,0.2572360406600138,5.122481974427018,4.27840997480177,0.6592599551744401
10,131,152,0.18948186734091502,0.2623583604521877,5.394271442933884,4.699907869081334,0.6439452303882942
10,132,151,0.18807539134077925,0.2543918836958352,5.176536050898498,4.416674110799295,0.6458034393776023
10,133,150,0.1758488031180514,0.25936054375701656,4.747593275237694,4.163411191224711,0.6509741807841253
10,134,149,0.17721514478473932,0.2588040098591976,5.79958664164686,6.46214695239838,0.6627243293564936
10,135,148,0.19361387543739805,0.27105192117196714,5.241221551145186,4.795000681925928,0.6312511837383321
10,136,147,0.18466534626958345,0.255586024402511,5.525374882079946,4.594661355634303,0.6254212770462781
10,137,146,0.1920575669658475,0.26276092869469214,5.144889913447097,4.735287527643194,0.653796300113145
10,138,145,0.1931708375456266,0.2512268972340135,5.449836469857562,5.5760824322427665,0.6226395755119766
10,139,144,0.19112818088682504,0.26492366128550443,5.281023974043044,4.560845507881334,0.646294445857569
10,140,143,0.18328371362267903,0.2504518034432529,5.243395617603811,4.657607053230031,0.6670198970239963
10,141,142,0.18299039243666596,0.2540548316421796,5.339046180012083,4.892357810388775,0.6542465505582972
10,142,141,0.1855834950753273,0.2563513160766022,5.596330069651012,4.258133276028326,0.6448835944998896
10,143,140,0.18391992359350762,0.25785573347750423,5.289976622395931,4.631582763027981,0.6630499890821295
10,144,139,0.18447159368422192,0.2762330301649537,5.185992264594924,4.881331543816873,0.6216715367008554
10,145,138,0.18897648737643916,0.2551114613332088,5.144228699849432,4.807710855476393,0.6462358887997242
10,146,137,0.17794408724259306,0.2622127243025462,5.123794857342574,4.728825016050619,0.6559851373357031
10,147,136,0.18859982693051058,0.2650252592204775,5.194403728638498,4.160281087928412,0.644214552762302
10,148,135,0.17621652997970688,0.2669057388029164,5.126949791278086,4.373060385147801,0.6630865118636758
10,149,134,0.19080486947115452,0.2722034509085275,5.241993449322503,4.327816900841565,0.6438302357977004
10,150,133,0.18430366695707376,0.2608873893627441,5.130566153232151,4.334565050366229,0.6636999832352024
10,151,132,0.19258825553314957,0.2648072754499319,5.48833872436353,5.068892217608721,0.6314533482302832
10,152,131,0.1873476468919514,0.2730938719256761,5.6671879836737205,5.133222727565267,0.6567204978899752
10,153,130,0.17881423093779594,0.26485636841488736,4.868657959286302,4.088332811096794,0.6659076774604071
10,154,129,0.18660395157487192,0.26300034283476537,5.618471537537182,4.360090169430417,0.6361747148957091
10,155,128,0.18435010673698207,0.26694310479315464,5.3620904910510925,4.30268792464138,0.6576669761117931
10,156,127,0.1840746306140117,0.2667377134016574,4.903542301108146,3.883037449980816,0.6547490474591217
10,157,126,0.19304264828720522,0.2701495164548505,5.138984781529428,4.144363969363337,0.6268558568733207
10,158,125,0.18587589941842253,0.2669985266816171,5.851135560294049,4.902642208635107,0.6552104462411036
10,159,124,0.18492707300779698,0.2682754558133095,5.774431423685678,5.074231993165258,0.6430984281603431
10,160,123,0.1912741935735956,0.2655066455342916,5.37391821310316,5.001913919529638,0.6412697297571502
10,161,122,0.1893487138158641,0.25766999161072984,5.016934852314121,4.07785952913772,0.6636599631824377
10,162,121,0.1888964441468533,0.2662041694917567,6.170937620419108,6.230183943162828,0.6677658157768617
10,163,120,0.19359194949085648,0.2575458291501292,5.1805671537541835,4.460338560054826,0.666118044841201
10,164,119,0.1906722629607318,0.2639108687385588,5.046334360251011,5.040504934529399,0.6256852749689137
10,165,118,0.1940689558259116,0.27655131947720996,5.588035564887161,4.439530213639833,0.6056723372221603
10,166,117,0.18936904068505436,0.26911624764662023,5.515815923359036,4.696407636946553,0.6485315937335443
10,167,116,0.18693228763943207,0.26441258597338196,4.946439999094353,4.283179596619613,0.6563535337377576
10,168,115,0.18703856901782207,0.2648830628871997,5.033802257130274,4.421816150370236,0.6409414181334349
10,169,114,0.18862357948264105,0.2650005724166278,5.396908814508441,5.056392089389474,0.6660938530758208
10,170,113,0.18922731965566367,0.26381705938081,5.264356456294074,4.485298784998685,0.644887912051156
10,171,112,0.1923277280937662,0.27180979276001116,5.559875034404154,5.183339652849874,0.6273347090103126
10,172,111,0.1853839620846306,0.2687209540755599,4.834884219478566,4.681497302113827,0.6610100049573625
10,173,110,0.18682394019418222,0.272572157067025,5.403010614776023,4.481206232646454,0.6409593870952442
10,174,109,0.1902036542618872,0.2661041795086408,5.091318033226833,4.318356179041976,0.6501237169433971
10,175,108,0.1950340388317726,0.2656674592264156,5.989753035948018,5.7631553913480715,0.6449792248038261
10,176,107,0.1936149552762061,0.27469682155361475,5.18236625978269,4.588775398773551,0.6271119377476186
10,177,106,0.1859223917664837,0.2684501024077053,5.069949149688749,4.225156789648065,0.6606321998992347
10,178,105,0.18824258355004198,0.26240909518843847,5.527661564777741,5.046600524228525,0.651159676576238
10,179,104,0.18548597935780256,0.2715195708594742,5.067747189958201,5.475783590258577,0.6578262773648066
10,180,103,0.1945713519369416,0.27491769805610894,5.430088051849408,4.765324533446044,0.6409103242155367
10,181,102,0.18913427633241825,0.259858519349663,5.078045666491134,4.4897534445209235,0.6537838883414194
10,182,101,0.19138221750699808,0.2654857236468892,5.338268119536028,4.401427236974858,0.6428452246298714
10,183,100,0.19157973259467195,0.2664507727088443,5.174631313355116,4.818744004059983,0.6647305214311755
10,184,99,0.19616591703695418,0.2696270090192827,5.112233276208039,4.282226349006185,0.6473334036054071
10,185,98,0.2043220597124294,0.2653794251863511,4.589570631018496,4.248740929452209,0.6071950259499735
10,186,97,0.2021132218978916,0.2702568895319648,5.3787331050768525,4.420346677575573,0.6072459482026472
10,187,96,0.21153452361274586,0.2704861449458473,4.765301723908225,3.881003969051358,0.606812975423283
10,188,95,0.2092128263195996,0.2704313162328771,4.99389297364209,4.462654198068805,0.6420169692448042
10,189,94,0.19350403635260804,0.2664761990828931,4.97920213646678,4.256697015191623,0.6413612446203099
10,190,93,0.19761719253620275,0.2881148901832456,5.898789064032254,5.213219645941526,0.6348423781083901
10,191,92,0.19859567974563072,0.2819661498170813,5.129103894744407,4.354191229991626,0.6504978512887661
10,192,91,0.19282596365629193,0.25836219792794907,4.813617336549697,4.293724772434103,0.6639593716775791
10,193,90,0.1991877457998195,0.26976511389156327,5.2768003580866605,4.447503356109398,0.6443179260272589
10,194,89,0.20697823695503634,0.2668784253614556,5.3045684133956446,4.56633810292433,0.638035528343676
10,195,88,0.20069286735123992,0.2648983986309347,5.044263358406855,4.632949055595211,0.6474182820859301
10,196,87,0.19245789225271556,0.2681333759830562,5.0998535164993815,4.434000557878196,0.6500613585428392
10,197,86,0.19088411728361152,0.26223187881852295,4.885496058645828,4.059829385632191,0.6331736797439766
10,198,85,0.2058210174328713,0.2660450352500859,5.407733101558713,4.950507000108876,0.6535480759705671
10,199,84,0.19726474060797788,0.278457606266766,5.087997141018367,4.736217329320183,0.6242691454281392
10,200,83,0.20173848243271605,0.2714095132043115,4.556089603032345,4.168886048433402,0.6228023072402484
10,201,82,0.20777532759870895,0.28212570042711094,5.982849218443672,5.480976987353734,0.6202728882646968
10,202,81,0.1981981531596053,0.26917400622248144,5.67374579542486,4.984008772508136,0.6306279100055742
10,203,80,0.1988617533681633,0.26759414367341466,5.140229635189175,5.34470675188111,0.6531302158564228
10,204,79,0.19434085233581505,0.27657642815409184,5.287701183138004,4.510270418989729,0.6155761794121105
10,205,78,0.2003564474369169,0.2812671825629452,5.526878197297831,4.326807137362945,0.6486011224648425
10,206,77,0.20329775940688893,0.2767050727453672,5.3024843896669545,4.590030071130198,0.6448226376791151
10,207,76,0.20786194283783063,0.28272798918669806,4.9264246167841685,4.24999417389623,0.6351335156485021
10,208,75,0.20207342284632937,0.2794373413717539,6.0454838848033035,4.733218328738376,0.6504427768578999
10,209,74,0.20233773049374928,0.2926042203605921,5.627952976485051,4.5653834793207775,0.6506449562707051
10,210,73,0.20344649579745722,0.29553270216115224,5.54238921726853,4.843700042005339,0.6098337987108661
10,211,72,0.20262263484664406,0.28243648319848136,5.68518861619751,5.007977694282551,0.6244015822240113
10,212,71,0.20403863558011237,0.2971896331572544,5.374612856976511,4.536604811926896,0.6293457821604651
10,213,70,0.20085057173233886,0.2990932200786321,5.512500948843772,5.697859257456908,0.6385388814677746
10,214,69,0.19685950764280152,0.27286348399843474,5.284291151769981,4.731546426133124,0.6757748432667144
10,215,68,0.20070381625985542,0.2775992382308732,4.843396630689613,4.251911299134753,0.621256133302483
10,216,67,0.2036671213859446,0.28437986702681345,5.077150102965485,4.737213904043934,0.628164526391243
10,217,66,0.2049265247787771,0.27156795165933156,5.292889340755172,4.783371601063297,0.6375823654415812
10,218,65,0.188709412448072,0.2659140408823551,5.319871869790058,4.779819977455816,0.6521062688981581
10,219,64,0.20091873256541723,0.2759076578424914,5.52047077827954,4.659145628139928,0.648487429072849
10,220,63,0.20994501850424907,0.28443746296501665,5.245062086832995,5.446255589806374,0.6392120739972871
10,221,62,0.1989128235598119,0.2903208627330663,5.1500692875619665,4.584546911041644,0.6250430113361334
10,222,61,0.19274874976551748,0.2815394883063027,5.391089210831112,4.364150311869364,0.6506250684293935
10,223,60,0.20626857776351717,0.28036902048959195,4.988004778319013,4.092062955931313,0.6171676270663956
10,224,59,0.20726070895383322,0.29318793141998417,5.332498045896536,6.161315475323975,0.6316152853191186
10,225,58,0.20284513848673483,0.2973183463669627,5.3765928402934,4.3616519494803345,0.6505216519798341
10,226,57,0.19301533010096242,0.2779389608522161,5.690850834208293,5.331708163040542,0.6551560274447994
10,227,56,0.22456477606297642,0.33096888749663195,5.250728478366408,3.930578117973822,0.5763881333701472
10,228,55,0.220084266727214,0.31443237242834926,4.9060975102481175,4.192745318747053,0.5732852322257644
10,229,54,0.2223526399912121,0.31016996966551186,5.201163874489042,5.045749655351079,0.577815572625931
10,230,53,0.2152317159728537,0.2996659298862753,5.335251881797371,4.671920702789461,0.597413671921114
10,231,52,0.23003172252832774,0.3210271138806895,4.734207950089072,4.194494544808396,0.5581044365375041
10,232,51,0.238547583378273,0.33673085605953157,4.9973612881686815,4.4615200812659905,0.5475295659079161
10,233,50,0.22193822354110307,0.32464646436070843,4.317915073068079,3.593197461993406,0.5473790193921313
10,234,49,0.2158212385546308,0.2981010542366907,5.244328759614254,5.020624330536923,0.6043564253421068
10,235,48,0.2423998297646124,0.33953493653282074,5.24117741317758,4.633999670484531,0.542056339482833
10,236,47,0.21537020207233748,0.2989736607889941,5.308913264588948,4.730002724506677,0.6034238954141269
10,237,46,0.23407643880480933,0.3286323550834471,5.130247477697927,4.76743251937281,0.5490106708075828
10,238,45,0.22877172462155496,0.31073696734062894,4.718938117780993,3.8874235696450783,0.5541221065064006
10,239,44,0.22784867342243145,0.3174015151014762,5.368644908638631,4.369911158478023,0.5710263830019513
10,240,43,0.21274111727364559,0.29421675948017223,4.795682653624228,4.215367202519186,0.5886204984694321
10,241,42,0.23305950439529982,0.30935551280487017,4.769863889475003,3.9356463006615074,0.5812070398318245
10,242,41,0.22876135344646542,0.2928283447531005,4.890938858464207,4.807962861338547,0.588893828002034
10,243,40,0.21580073965263802,0.290570968310265,5.155746080734001,4.48839369710619,0.6203274822565402
10,244,39,0.2348199456490599,0.31128025653219216,4.888598343290363,4.66857314335433,0.5748029736345389
10,245,38,0.22570291651193053,0.31704476059385484,4.605021551888404,4.238662811063893,0.5835291490134231
10,246,37,0.22043513653718017,0.30730576495375916,4.94247228043465,4.624727045111349,0.5938802072208452
10,247,36,0.22574902174894787,0.3159761858785941,5.11921798736476,4.169423364211318,0.5745623993837642
10,248,35,0.23267930046205337,0.33109566814859515,4.776650145428231,4.3318340133826485,0.5517293099220987
10,249,34,0.23549130980995076,0.339565033441521,4.844481444879439,4.485062181802691,0.5604891319929859
10,250,33,0.2336710616104122,0.3178316310390986,4.768841716901173,4.704336020303852,0.5734947983359096
10,251,32,0.21979123194205777,0.29139658244333394,5.318675209661775,4.820795035383627,0.5864664314825173
10,252,31,0.23708981429168835,0.3244945847524967,5.6496848613242605,4.74190958343746,0.5539972007946954
10,253,30,0.25319096178819706,0.34723697824222893,5.035205778151657,4.217997230055434,0.5386580541550248
10,254,29,0.2397920675005721,0.31895665205705626,4.867194964632916,3.859831263517174,0.5707167165236203
10,255,28,0.23062474148955323,0.3123713279085156,4.906297485857863,4.308355473590566,0.5911195405868906
10,256,27,0.23047306270610934,0.30505255697937494,4.982575255085132,4.26032312728399,0.614184573425983
10,257,26,0.220174827452659,0.3007569698504396,4.928890543875302,4.874332491986951,0.5945482043635832
10,258,25,0.24520825782048827,0.3254887846231043,4.980869275649663,4.076565545429193,0.5521545783912021
10,259,24,0.23489954401016752,0.3385341327429288,4.677496461547044,4.63086387222101,0.5356814165903828
10,260,23,0.24135351214342077,0.3348988178448883,4.747489507665941,4.226784206788819,0.5602026742311889
10,261,22,0.2281020195772519,0.3084570846116919,4.8995589612627075,4.737874334352212,0.5670288252797179
10,262,21,0.23185009122919092,0.31237964537271207,5.369945488640241,5.407100861511627,0.5654280716237874
10,263,20,0.23316285041567192,0.32240740940814966,4.3709428453045565,4.097578525801105,0.5654801117742607
10,264,19,0.2443398822182016,0.35834012031705925,5.396449375488379,5.723716750625412,0.5334256101197695
10,265,18,0.233119053274168,0.34779642574547764,5.28279553191061,4.594097685272299,0.5700364134117566
10,266,17,0.2501966376797284,0.33664483871481354,5.021982330002323,4.045256271107823,0.5209585283929019
10,267,16,0.22302337285618612,0.31143597352271785,5.692148346962027,5.783425919035349,0.5997682505894274
10,268,15,0.23669595969486062,0.34065479722918185,4.9489119800000205,4.4197137016597505,0.5523516193866718
10,269,14,0.23699174873406148,0.3180216543891026,4.615072868850435,4.445206062412218,0.5467323681975771
10,270,13,0.22514103201595115,0.3034058478102591,5.031518732758838,5.342120723193783,0.5915073492983864
10,271,12,0.24461592490709305,0.33383994317576354,5.565356731046993,4.765452042840859,0.5463776804453798
10,272,11,0.22868514340709922,0.3048317744023926,5.011920208964396,4.700102499515033,0.5999503152338744
10,273,10,0.24331637321317154,0.3280502556182521,4.802519581537141,4.464948736296394,0.5623246228680117
10,274,9,0.23880345743225,0.3236734658388485,4.745393395375001,3.8055178785164903,0.5627552322629474
10,275,8,0.2305382786516941,0.325806147789408,4.828456327912321,4.173356678588026,0.5714181832460419
10,276,7,0.23746158263970277,0.3159061310057141,5.118079840236984,4.165899315103227,0.5817472022411608
10,277,6,0.24022265696918338,0.32195783743093853,4.990172070425007,4.977824845545989,0.5724473881489325
10,278,5,0.2460503243804108,0.3335781089356639,5.1837816907273195,4.77711455216883,0.5524831945302213
10,279,4,0.23816740280135743,0.3201534480049683,5.019030937921523,4.378406248066025,0.5689421059329913
10,280,3,0.2428756819831541,0.33930466709908663,5.308600284064912,4.6906542894825485,0.5446988972751454
10,281,2,0.24685817498737642,0.33017202326865414,5.118960969569038,5.009079592410023,0.5687766567872892
10,282,1,0.2539630026291125,0.33912063791355007,4.990214151653015,4.658226565327754,0.5560851619419375
10,283,0,0.2306443172846433,0.3110362225501947,4.829741420383839,4.0229709265929054,0.6010819007211606
11,1,355,0.13286373825835598,0.20829131239421386,5.603177644067289,4.562602680334705,0.7681933886405834
11,2,354,0.13462765026271362,0.21306737466871523,6.521026293306111,7.132412696526122,0.7447995681428708
11,3,353,0.13520227819608382,0.21182442943531357,5.812717121818542,5.377407762116603,0.7401447367931536
11,4,352,0.13903771498435546,0.21856673013995928,5.851134499639446,4.798337229318144,0.764796246878551
11,5,351,0.13184071985623483,0.20491427864664252,5.3675914506393605,4.744183110799303,0.7604955582163762
11,6,350,0.13730799562161716,0.2174610083945324,5.69398819893161,4.700420717963651,0.7386214622846846
11,7,349,0.1361306029232854,0.21291239542695892,5.425618139809342,4.418542534491498,0.7433041326210285
11,8,348,0.1403161373462887,0.21527591046486733,5.742490455641569,4.758081396113681,0.7305461412719099
11,9,347,0.13966907130659742,0.2148814578884764,5.466431732581894,4.381971032105822,0.7461376139611516
11,10,346,0.1367742626683154,0.2082139329806269,5.154637130802207,4.411960324413278,0.7349335995271049
11,11,345,0.14025576726079586,0.21577134454147678,5.796085476667694,4.9869879171379194,0.7537315160538823
11,12,344,0.1324207615878128,0.20400535483621524,5.580965431413779,5.943097770735324,0.7580786543636859
11,13,343,0.14074274146785282,0.21290197018428544,5.967503703298839,4.832430590751735,0.7505879007525932
11,14,342,0.1377918772053118,0.20960279475813443,5.497477462751412,5.6423564854328765,0.7595913121517486
11,15,341,0.1377825740071073,0.2107381697530123,5.1225872977686056,4.3199107122214615,0.7210169378853152
11,16,340,0.14114919737496107,0.2162701957653399,5.619775097496099,4.684749581790031,0.7233180980967779
11,17,339,0.1385438750762859,0.21357655613157508,5.516182479652273,4.588396358749719,0.7229978540718199
11,18,338,0.1384108872954071,0.21185260075395795,5.433919199997959,5.160753112384428,0.748067689396967
11,19,337,0.14065893031432414,0.2181495444781928,5.177212586406254,4.6462184816749375,0.7291067434364372
11,20,336,0.14314269084764114,0.22938573067466347,5.68235081238854,4.682129641446255,0.7545356114568736
11,21,335,0.13841053854441507,0.22214966256334007,4.900841203191295,4.766911684648836,0.7065975154193788
11,22,334,0.13576366773192838,0.21539250510365016,5.913129906099401,5.353893021702078,0.7652967706656333
11,23,333,0.1374569145458432,0.2177056437674193,5.335561935834525,5.623458689565478,0.7353134346319448
11,24,332,0.13922222882640345,0.21379734216368693,5.552777967885045,5.154005754054538,0.7365924950666765
11,25,331,0.14410422613463036,0.22069780199541142,5.4552376050913205,4.535781711161259,0.7346193425498044
11,26,330,0.13787713775373478,0.20939068781828074,5.334988821631825,4.85445626369293,0.7426964786624077
11,27,329,0.14224724825284066,0.21453003829999368,5.111011452895811,4.0461816918898075,0.7348718913836668
11,28,328,0.13479515703228215,0.20672287874694587,5.134219453907145,4.119614796953684,0.7473732376260823
11,29,327,0.13678684181775302,0.20963377989063184,5.231066524432439,4.726733301500883,0.745194150897386
11,30,326,0.14380482978222014,0.21789241859103228,5.658453408595069,4.741596235334418,0.7376999965360057
11,31,325,0.1441929940695562,0.22127283691751762,5.910144938015305,5.138901474180325,0.7351228573236048
11,32,324,0.1429461863808249,0.21837220885896894,5.514501971677407,4.879965399071818,0.740524508575595
11,33,323,0.14052174226856598,0.21170079557939914,6.12379167726911,5.91941738704772,0.72864399768594
11,34,322,0.14446218765022992,0.21945769403541432,5.138408814323076,4.170410068443103,0.7570308976305401
11,35,321,0.1412905827385273,0.21468659952485125,5.940842310891854,5.674155996809038,0.7373668959671159
11,36,320,0.1447145438522487,0.220828464072086,6.3192030557848895,5.660216043614699,0.7357252176227908
11,37,319,0.14071675269322223,0.21264491935527716,5.310108739335767,5.252014401624628,0.7367237897885354
11,38,318,0.13937380576513395,0.21140419580104017,5.052333318221683,4.723357271666586,0.7596086518795827
11,39,317,0.14554583083497774,0.22197580580862203,5.903223589274427,5.285966171082216,0.7313964030485897
11,40,316,0.14203149797015582,0.21866320181276216,5.624582657318855,4.6621493386321955,0.73485084697901
11,41,315,0.1416247577477338,0.22181610917174316,5.977488684467808,5.184976044962703,0.7474033603266566
11,42,314,0.1452622947498286,0.22547973735694643,6.030641214174141,5.450932508593042,0.718393163552904
11,43,313,0.13394185094114627,0.21397457502499767,4.725359440976383,4.331609854955437,0.7437495331867844
11,44,312,0.14187987362096346,0.22492338533174755,4.865634885567889,4.707688648045018,0.7115734243059627
11,45,311,0.13871155852827977,0.21732659180112807,5.405625704281223,4.285413052486497,0.735811168457578
11,46,310,0.14012395790390236,0.22063837429943528,4.925921551370788,4.255501668238745,0.7171599743528001
11,47,309,0.14316683465887306,0.22475111059401692,5.876440040139897,4.587726153761444,0.7431467268239667
11,48,308,0.13931716848602946,0.2228067994389026,5.825065239102112,5.114069003876508,0.7481725261948147
11,49,307,0.14082754833070926,0.21845514535339935,5.29939334247728,4.436156970772441,0.7427653467834263
11,50,306,0.13949948059043674,0.21869190814537967,5.637018748547813,4.636482970252807,0.7602096154870531
11,51,305,0.14018690421474686,0.21986002039567473,6.115910825405627,5.291343256015612,0.7428993329370398
11,52,304,0.1404655179220295,0.2182970843570716,5.781744714973989,4.971753391420967,0.7324463519920767
11,53,303,0.14661433421227188,0.227080529925468,5.621232462941959,4.809785091401001,0.7123738927671367
11,54,302,0.1401637933492379,0.2161795950039736,5.483752921170693,5.226327808452384,0.7464265461113873
11,55,301,0.14586085089204598,0.2258515728946021,5.229078505974672,4.618811274386994,0.7189800092916941
11,56,300,0.14241583939700703,0.2212843517409145,5.523967329916964,5.303448475607525,0.7391625665366767
11,57,299,0.14199404559603535,0.22148438417435984,5.6456727948916186,4.846827848404163,0.7473346675885871
11,58,298,0.13996459786270943,0.2193273831654712,5.0351956401306275,4.207492018277188,0.7329253331836321
11,59,297,0.1405600079303072,0.22205446159510533,5.219579621419965,4.4092249078201995,0.7014057161949099
11,60,296,0.14057917101004777,0.22089425528048715,5.614827727436909,4.594990357956238,0.7229922578751905
11,61,295,0.13793295286832447,0.21739427764396163,5.301603262457027,4.4793093805750726,0.7663093902129067
11,62,294,0.14218031659494482,0.22244557891959463,5.590308433798441,5.253218836906037,0.7202011022880044
11,63,293,0.14483503889621352,0.22417951529861802,5.115254418451254,4.534763072536693,0.735840572367631
11,64,292,0.13932040826409298,0.21543367113009293,5.409595945827904,4.725370024927857,0.7260086278104732
11,65,291,0.14942799048935237,0.23458740900195826,5.954010795615892,5.032653702393498,0.729501535238933
11,66,290,0.14498160359301673,0.228055376887601,5.770512772907566,4.7984452721375135,0.7344043856297943
11,67,289,0.14231529808186985,0.23028229043755263,5.304372399865461,4.871181437745858,0.7310935122942275
11,68,288,0.14140629627698903,0.2300586007845622,5.719016713130047,5.031469120595675,0.7370569770886
11,69,287,0.1406081027077369,0.22574045045415247,5.236249174259988,4.354960114281685,0.7249538777745561
11,70,286,0.14081965513534672,0.22470107062397987,5.358768408119321,4.972027852205838,0.6974104313209614
11,71,285,0.14664356437873907,0.23171090413858755,5.4520972882786705,4.468203143581339,0.7535881829059756
11,72,284,0.14321357622978548,0.2278219333793574,5.480482248442083,4.903681229618275,0.7599453566428233
11,73,283,0.14307629760536633,0.2241744911630903,5.0552936469080505,4.469689452875669,0.7486517002177147
11,74,282,0.14337340631139933,0.22559152256341472,5.595539091594402,4.660908663309414,0.7348148648078426
11,75,281,0.14555461515279058,0.2306008571194677,4.817835391763686,4.342583957686366,0.7164018845389737
11,76,280,0.1423087917630195,0.22510380570777447,4.962893793376912,4.132517565522288,0.7291525435295518
11,77,279,0.14507182799169416,0.23002848076184843,6.380995939446899,5.162116586839238,0.7443325706048521
11,78,278,0.1498747193739814,0.23926849216855134,5.311229460007985,5.100780272518409,0.7259600342183856
11,79,277,0.1472716598710509,0.23576935330555907,5.902987318206936,4.892724763780196,0.7143710140999856
11,80,276,0.14590111093024322,0.23263233222174245,5.9337559015478245,6.142868615511717,0.7302669026526989
11,81,275,0.14565776783936107,0.22951522812516378,5.4943140183113,4.653680658734049,0.744273243984087
11,82,274,0.14939476082835298,0.2323254105782804,5.44985796929015,4.669042171960473,0.691654349563981
11,83,273,0.14443038628652288,0.2226134405967894,5.544268316139774,4.972887320493721,0.7399870265063725
11,84,272,0.15517186962711363,0.23644922656524595,5.2005076567800135,4.239829613644356,0.705901439721914
11,85,271,0.1508573814041623,0.22964926223637386,5.143201321775957,4.374591577317305,0.7273129785335878
11,86,270,0.14590698460301482,0.22286962087997061,6.132933102623561,5.34390961333405,0.721541319217805
11,87,269,0.14907367124342663,0.2315349996849155,5.506603537714998,4.685818838190148,0.7201649743160875
11,88,268,0.14968561798468477,0.22764688936576036,5.904816500738377,4.74056500317267,0.7094849241136723
11,89,267,0.15389663235488354,0.2302861460167756,5.998706815516723,4.752583442014167,0.7235662140732276
11,90,266,0.15559572635619331,0.23300447831517024,5.236711126180198,4.371882631234353,0.7339108918661729
11,91,265,0.15625544285108314,0.23783311408357372,5.317719101692115,4.67748676191385,0.6775584807041163
11,92,264,0.14977021977150093,0.2263308266830164,5.393449787798275,4.728800075360245,0.7182998502110047
11,93,263,0.14947314106780057,0.2297311560009302,5.338226578520917,4.80774215908821,0.7412486904190592
11,94,262,0.14936428690306475,0.22800924960824973,5.512068987956379,5.151326372594469,0.7215278283977106
11,95,261,0.15546706346055164,0.2365870340282628,5.427421243236028,4.669557005641615,0.7251727067417176
11,96,260,0.15091885977587857,0.23234059970329538,5.568336451651591,4.41423758010522,0.7329733272789267
11,97,259,0.15022793536521398,0.23082366932499832,5.5033759477053374,4.968178781156988,0.7296192982020686
11,98,258,0.14743801805615328,0.22848823061964016,5.049548849777967,4.486532577983034,0.749146310428166
11,99,257,0.15257628246981175,0.24045894776111415,5.591005032637977,5.815324334384388,0.697374689396292
11,100,256,0.1521597492608499,0.2335793660843945,5.143855708897771,4.471673455840136,0.7413380187886018
11,101,255,0.15087766161601282,0.23469413783263,6.030720703193178,5.043299312067449,0.7063212361921519
11,102,254,0.1531020721346041,0.23967363202992673,5.486304798731052,4.655620239106803,0.7031167722678233
11,103,253,0.14827009658859824,0.23293653633545466,5.537427787148954,5.032133059411972,0.74607204012957
11,104,252,0.14839377766055184,0.23306571331606096,5.1145861103066235,4.510185847813803,0.73469529624354
11,105,251,0.14844033892917888,0.2305483250083368,5.582659166788057,5.349374528571634,0.7310043787420464
11,106,250,0.1449290667194972,0.2275186923020342,6.036399389583286,5.5112584937312015,0.7413414080959786
11,107,249,0.1531579741381109,0.24075944035842703,5.611986654855677,4.823976490433625,0.7284675949329483
11,108,248,0.15995705283877049,0.2463318739452791,5.664378464257208,4.638606174759658,0.7068845033229142
11,109,247,0.15101827029474502,0.23046530023073405,5.632985035052519,4.533654200841434,0.7477656504947611
11,110,246,0.15174933547021568,0.23533992563624273,5.569870183500168,4.989424722191997,0.7316857427517002
11,111,245,0.14984402266104302,0.2331329096506444,5.565689092838941,4.695247601567805,0.7469538595072273
11,112,244,0.1554589360044027,0.24187393180267586,5.3835908768521055,4.240205170581963,0.7480995368298308
11,113,243,0.1568491343194292,0.22154209614035691,5.319389040322313,4.713817884470957,0.7367267653622295
11,114,242,0.1655733198820109,0.23158769796030282,5.525876231440245,4.694742458097699,0.7098967604343
11,115,241,0.15919320674380114,0.22452928271675227,5.081181579785441,4.7543501708168545,0.7057390375729045
11,116,240,0.16103480655651592,0.22180313090712073,5.080315880161506,4.328680934133748,0.7344454331573094
11,117,239,0.16599001325248938,0.23142343251058867,5.5262537408714065,4.478994163642868,0.6954504632273588
11,118,238,0.15895447310804564,0.2271244453686846,5.5556200445188155,4.528944057791191,0.7294750338715333
11,119,237,0.1619603174962057,0.22939110134742524,5.176433395376948,4.242794258632675,0.7119220242039093
11,120,236,0.1602803123062277,0.22925823055251185,5.131759780916851,4.710286200656046,0.7041051451359421
11,121,235,0.16510914650338995,0.23374298523637146,5.211280690780136,4.566015852661661,0.6971302337709566
11,122,234,0.1617448461598451,0.22612623959440795,5.62760988142275,4.6647420157296615,0.7304867142986887
11,123,233,0.16086201199532413,0.22429929936741008,5.47588258271775,4.5291665322756405,0.7128662184923193
11,124,232,0.15786841853263608,0.21884932552601954,5.128529316594264,4.416134482113326,0.728051404294759
11,125,231,0.16404909058999614,0.2335658262496395,5.947001027152882,5.522214774062275,0.6944503719271312
11,126,230,0.1658261985454668,0.23141629329402968,5.0250967732937015,4.987745751842446,0.72327366395083
11,127,229,0.16292450382711207,0.2255348564555712,5.966490292395726,5.219875992291775,0.705432311709992
11,128,228,0.15986594798759668,0.22339459385805438,5.4040652425728215,4.74292891898775,0.7232385384907183
11,129,227,0.17061406918701524,0.23916773843395847,5.391532612190266,5.949878622751579,0.6996149964989257
11,130,226,0.170151994148437,0.24002757549398845,5.527331309319727,4.693882506744674,0.6894079407500928
11,131,225,0.16350854747951518,0.22751936032501427,5.6430691980048096,4.3096382258159975,0.7188621763533678
11,132,224,0.16319840354059695,0.23634012872014465,5.157929053675472,4.258160045528235,0.718849099472136
11,133,223,0.16400309411198105,0.23794804698062208,5.363428575199061,4.576940041564509,0.7108708089981006
11,134,222,0.16155187713046756,0.2368553101180413,5.477381572318366,4.781111219321272,0.7242495063894311
11,135,221,0.163190562703689,0.24136505244261258,5.363105162385194,4.594522888652713,0.688611873344224
11,136,220,0.16214628981642287,0.24246349114287322,5.169505020965218,4.8555349331530175,0.722144306273503
11,137,219,0.1595063401740909,0.2397836058456696,5.146989836703498,4.40711333704115,0.7267064035471634
11,138,218,0.16181666888073418,0.24328508871770513,5.7347326621713,4.9628895469767205,0.7219240759096099
11,139,217,0.15785615434609787,0.23430375729621306,5.04246960406606,4.670210061682438,0.7078283143387382
11,140,216,0.16279945836651546,0.24961081636135854,6.14512134366127,5.4439481905023595,0.7142626737553952
11,141,215,0.15735351429644134,0.24115242524085892,5.0605944078750795,4.572781439365156,0.7031736670099654
11,142,214,0.16462606257563472,0.25130439169550445,5.620708367032733,4.538114899988748,0.696057676470176
11,143,213,0.16776327885216263,0.250293337484224,5.1057598408660585,4.788480768156786,0.6490542497620281
11,144,212,0.1752370874433268,0.25932497641899904,5.186555763321522,5.195976954853611,0.6684294757871986
11,145,211,0.18090685463714856,0.26629331803144585,5.084977085208534,4.63347040852592,0.6593901990955804
11,146,210,0.17520516288800322,0.25545839295711503,5.032717444358328,4.44729746453279,0.6590320726875063
11,147,209,0.1792862008749792,0.2639169340545242,5.720314142494891,5.393519297233097,0.6536500481999378
11,148,208,0.17401071871087762,0.25120828720763877,5.797132982542883,5.288883923079648,0.6494362354139805
11,149,207,0.18026493523185913,0.26276570747399935,5.082735134739751,4.243124275389365,0.6542190048143837
11,150,206,0.1887679273445104,0.26628082639546136,5.418544850270708,6.2909571801003805,0.6245793241642503
11,151,205,0.17935141713109046,0.2529023689993424,5.220357130746828,4.651925691958277,0.6662564237536616
11,152,204,0.18036534986575659,0.257297041210748,5.090753557496639,4.251315902711342,0.6570664724414338
11,153,203,0.18021320509428496,0.25526237962615256,5.527627693766943,4.27410763848491,0.6673323279850836
11,154,202,0.17634391968630003,0.25036753867839406,5.167299635444232,4.843921153400423,0.6325783763556181
11,155,201,0.18345581303773867,0.25587237545115155,5.397767229617246,4.699192705980586,0.6730199185214827
11,156,200,0.18210495551054476,0.25354831643962783,4.8344761330933395,3.7727156387347125,0.6436179469432853
11,157,199,0.19041002817174324,0.26134981777821875,4.894707820421371,4.417176486416037,0.6294968117954072
11,158,198,0.1887218907794504,0.2630381691946612,5.436073298542588,4.397202938982991,0.6439009451613639
11,159,197,0.18992151246356093,0.2650625072768439,5.981434402932829,6.106592113028416,0.6316366833047949
11,160,196,0.18600864439946585,0.26363482154189216,5.224441131341998,4.541280286770422,0.631688676758493
11,161,195,0.18505543411164796,0.26967404923917454,5.057661449449364,4.439158823468892,0.6417724011659042
11,162,194,0.1846071301564965,0.2724568735770225,4.9617296627498,5.0480133340749775,0.6499140711742111
11,163,193,0.18519008333391965,0.27141001008153526,5.8784738637567635,6.170874852667866,0.653765884584032
11,164,192,0.1792286536521464,0.2638766057876796,5.3299086186809275,4.969034171584659,0.6474223387469554
11,165,191,0.18302626504972738,0.270624510446359,5.238651792829543,4.611337141318797,0.6643045003238351
11,166,190,0.17876882228491883,0.2630752637125315,5.3494434920586205,4.594136494082924,0.649618921401005
11,167,189,0.1806306256779904,0.2600435009077916,5.721568313519537,4.703143835397677,0.6435549390698194
11,168,188,0.18706199366986578,0.2683185848504485,5.266958677159813,4.600180926761213,0.6336301245865493
11,169,187,0.18642928553044252,0.27037922588304225,5.519337811239525,5.113177497726958,0.662891539788148
11,170,186,0.18291779790779367,0.2604952315026562,4.659268252199633,4.216535548532689,0.6516017084594369
11,171,185,0.18170288764794576,0.26349627100689743,5.297037416364152,4.711368928816177,0.6724812822203031
11,172,184,0.18280361434088335,0.2657389312749758,4.78138691575462,4.4543433054484805,0.6568098383831618
11,173,183,0.18431407609290468,0.2667309282058963,4.96387075886312,4.404879362072158,0.6509590018536016
11,174,182,0.18660108206748738,0.26884173901842173,5.559734929229782,6.201262004976328,0.6495766591776739
11,175,181,0.17399140472333868,0.2505657352286669,4.8310913728369735,4.110748524576473,0.6806279007607221
11,176,180,0.1876771721268739,0.26460355325130974,5.044762537020274,4.701405483257566,0.6419562546412622
11,177,179,0.19237057277005373,0.27450086798095114,5.453905016480474,5.564437330818599,0.6455450492451587
11,178,178,0.18483411400047006,0.2671018320607504,5.082260995370734,4.588421875342251,0.6561082455071825
11,179,177,0.19289246464298251,0.276995720125552,5.087759896779213,5.222257554830872,0.6234391118474499
11,180,176,0.17622565846535884,0.2560966367566979,4.814164375812065,4.130595453113428,0.6576756024456317
11,181,175,0.18539144930807208,0.2718718478021051,5.0423846475109935,4.819562950894819,0.6654819296100488
11,182,174,0.18554746711598924,0.27141988840444314,4.756359078531112,4.175696250147561,0.6254030481082242
11,183,173,0.18510819590944882,0.2710341349863662,5.498982903752188,4.5514492449857995,0.6279804919503763
11,184,172,0.19288283927415412,0.2768207912955543,5.838764496606192,4.81440169808666,0.6448151106840531
11,185,171,0.18907929583932073,0.27180369512294095,5.147323376497919,4.1912940561012615,0.6299647068954336
11,186,170,0.1873185756390816,0.27018211565508576,5.268605907695454,4.535199892428667,0.6519481705708342
11,187,169,0.19056845523046104,0.2710899415613475,5.181100108405694,4.4675905201869455,0.6266007247308183
11,188,168,0.18862280002035095,0.26298826385369084,5.343595907826918,4.81714316221761,0.6630053031967794
11,189,167,0.18908380104119754,0.26465407630495696,4.910504405194915,4.386898479583805,0.6215663247750394
11,190,166,0.19201926962551194,0.2717101769371948,5.10188545218869,4.706593639506012,0.6324938264167415
11,191,165,0.19244360878891054,0.2732464757002434,4.969149375778075,4.164841929937981,0.6237994444659823
11,192,164,0.19435510127296723,0.275432899565516,4.953432327782569,4.024827560583585,0.6442770807792328
11,193,163,0.1932845673236783,0.2771553702626653,6.041140995289716,5.666627443232075,0.6327658131875098
11,194,162,0.19235013985448418,0.27684932600332063,5.1296203461570595,4.2532296032545265,0.6235664324155802
11,195,161,0.18875480604933478,0.27372885003970693,5.699885444326448,5.053995941643157,0.6526694843381471
11,196,160,0.19091368802880818,0.2793478289453767,5.688063164582282,5.1844683179265685,0.6420247146185379
11,197,159,0.191200746973238,0.2843976001009776,5.194603886096839,4.156830210583075,0.6419663998686326
11,198,158,0.18972303079269698,0.2807904139416122,5.727558957345668,5.037240358915568,0.635739783934839
11,199,157,0.1929667284312347,0.27762865591095504,4.92312683237262,4.65928471229532,0.6082279234414169
11,200,156,0.1827107193917496,0.26039705492349147,4.892459796986184,4.459077288302433,0.6788718720017475
11,201,155,0.2063901808082671,0.2966687342201661,5.574438995100919,5.314929436084868,0.6265731175618833
11,202,154,0.18624376039904844,0.2729348336406375,4.844371892678252,3.9814616035557253,0.6502990941043872
11,203,153,0.1968148539692375,0.2817443914857063,5.23418875841328,5.055138521893064,0.6282924096259892
11,204,152,0.19657715144787527,0.28474289908368966,5.528348066437603,5.082852875685134,0.6293066656137751
11,205,151,0.19511466270831096,0.27923033748316267,4.980645261782117,4.498077996198245,0.6181013605554755
11,206,150,0.19725272401359673,0.28331597353639904,5.0552110354045405,4.116901815234848,0.6111068789295532
11,207,149,0.18877837191671967,0.2681968753853065,5.050926158771729,4.221962713423806,0.6409549969110556
11,208,148,0.19639056229256155,0.2809506018331578,5.0349669984934495,4.247544695635268,0.6308029611769571
11,209,147,0.19225639405277228,0.2770277333873679,5.177830431751535,4.487015610792332,0.6453976563754389
11,210,146,0.19471746484536423,0.27985151248069606,4.7647274539626405,4.498140375479183,0.6330191204084374
11,211,145,0.18713204772087266,0.27548390345985674,4.979169882809548,4.146822235459176,0.6567180982752129
11,212,144,0.2038925709913157,0.295794427141426,5.336278090420585,4.977771113232836,0.6334731438791235
11,213,143,0.1966902305513786,0.28437338590386885,5.515883490350005,4.599538923886932,0.6574209610435081
11,214,142,0.19163028633873763,0.27636595485573384,5.130725613561388,4.601703388024606,0.6380300527293195
11,215,141,0.19473997794405815,0.28320396099617534,5.05243777067269,4.639419398562943,0.6139192571166119
11,216,140,0.19584856538949838,0.2867647455964688,5.22625159353133,4.729622692955276,0.6484539679507445
11,217,139,0.19907366875684168,0.29212215819679455,5.252013007745502,4.8029956224886945,0.6263196989303997
11,218,138,0.2004880089701335,0.29386207744486187,5.447106486056713,4.468419335132203,0.642163861818461
11,219,137,0.18941189675231984,0.27927492537489945,5.337251037180907,4.517448804910718,0.6423672035169704
11,220,136,0.20197496612223,0.3014746235957661,5.542892322340437,4.890690024216442,0.6154813900557937
11,221,135,0.19700487676211526,0.28975742195780296,5.199325838514008,4.567439484825595,0.6374487332076006
11,222,134,0.197823883045274,0.2905318748042099,6.190003782640811,6.061517191659037,0.6647375990343546
11,223,133,0.19702919079342024,0.29124032614801804,5.806273819936468,4.749042301663316,0.647601954943177
11,224,132,0.19893009380689203,0.29622595840264426,5.3010900888866255,4.5730340028174625,0.6328262315076031
11,225,131,0.19347509023579654,0.28526001723178407,4.788459154278933,4.1463796425772195,0.6312207129176306
11,226,130,0.19346084994356308,0.2839472036367414,5.408608888356802,5.103759494142878,0.6457699474410857
11,227,129,0.20136257375309047,0.29374409476070196,5.445134267159544,4.756164863470048,0.6315064853546366
11,228,128,0.20094447270740318,0.29319541799592164,5.001281229587714,4.626034845060915,0.6295010252309767
11,229,127,0.20235844911054052,0.29250053213400873,5.5464034699814375,4.628821012178177,0.6330555270326423
11,230,126,0.19408807706800094,0.28173041397376986,4.753502876215816,4.384327031984761,0.6265312437825707
11,231,125,0.19558975240356635,0.28115644558519826,5.535137363773217,4.830863141901778,0.6295802740611723
11,232,124,0.20513025183549788,0.2926373712098971,5.529978289873762,5.487200710633975,0.6459275264673824
11,233,123,0.19951345833641645,0.28200191490953774,5.594508947094883,5.535637723754976,0.6429273608939551
11,234,122,0.2083410537581096,0.2888853244326797,5.749465235435801,4.833740130260641,0.6376799507604524
11,235,121,0.19554004682384366,0.2685291168349536,5.220800031852196,4.304259304523633,0.6552665320195583
11,236,120,0.20536333037685783,0.28745731084289194,5.2924434940804055,4.934729187403907,0.6331553174662374
11,237,119,0.2058782055764512,0.29055007359186164,5.1882761218020335,3.929255329810589,0.6296687858324675
11,238,118,0.19680375050331758,0.27621895934276763,5.166980211650459,4.118160093052119,0.6625131422725113
11,239,117,0.1979296702662225,0.2827151566268573,5.133611743572102,4.923546120974601,0.6278807983467233
11,240,116,0.1922827056169214,0.28634989175890574,5.2495772955769535,5.068390045573335,0.6685136282139859
11,241,115,0.19688551091309373,0.2960827253669582,5.3317455435409835,4.966842874984225,0.6376645854641292
11,242,114,0.20602493576140488,0.30603322467721333,5.0939057959205485,4.5367754922711185,0.619545646015346
11,243,113,0.20043514044498706,0.2951655189351098,5.229148165368958,4.419132625492102,0.618319381011322
11,244,112,0.20878395652549162,0.3063413843513298,5.4990736740354516,4.727453953986672,0.6462695577000587
11,245,111,0.20740808296441499,0.2996743551476644,5.551185794119348,4.887518724230493,0.627151721496809
11,246,110,0.20057369552783352,0.29213416819118376,5.273791893259515,4.3193672516404025,0.6566773722619953
11,247,109,0.20992794727292585,0.30895311630523703,5.372076734528601,4.6424098835299175,0.6133548449558149
11,248,108,0.19498168031960897,0.28601009586333664,5.740642535142478,4.955795691748781,0.6351573897642961
11,249,107,0.19633447465159434,0.2866473996949925,5.275789616126337,4.538907103294533,0.6569435499817261
11,250,106,0.20760244095209301,0.3064637416825585,5.0132405030011835,4.271736971471862,0.6146200033990042
11,251,105,0.1981324687183078,0.29676516035565215,5.2900640572958615,4.389644680510325,0.6531989739665466
11,252,104,0.2093703732578815,0.3105098484731622,5.243129519538749,4.762810848767423,0.5942636050316658
11,253,103,0.1991845222857063,0.298671289839535,5.054472859967371,4.743570376854638,0.6421571672515517
11,254,102,0.20347390234283178,0.30874194862565957,5.56690259917069,4.610854835063208,0.6229876151704358
11,255,101,0.20250849167427545,0.3057149021081504,5.136901498880611,4.878127493965723,0.638484399630596
11,256,100,0.2022993052042973,0.3066955480611235,5.245177506822755,4.53459158048472,0.6190161181863406
11,257,99,0.20373299771343623,0.30528341757320065,5.567822905452907,5.039627704032781,0.6406398173969048
11,258,98,0.1990314291761773,0.301274224455156,4.913948397711092,4.789450759441774,0.6185126496526586
11,259,97,0.2026644674770966,0.3031777933367115,5.062686303016395,4.1011754824800315,0.6519873500563531
11,260,96,0.20036442531063006,0.3130013842174668,4.882859483140553,4.468004713631531,0.6312902832926456
11,261,95,0.19595593844486292,0.3012410709652962,5.0241172040835105,4.15845631940368,0.6349339799337724
11,262,94,0.1966282567963171,0.30534741202575133,4.9588472378598,5.1427687722729125,0.635640508990021
11,263,93,0.19717535280281287,0.3065170592191944,4.908692147218213,4.0057893060388565,0.6438556518007259
11,264,92,0.19999548189628516,0.3086369892615347,5.025733924920038,4.4994357053405,0.6354369711216071
11,265,91,0.21347451689242555,0.3225117444707683,5.692948660403742,5.14641186551742,0.6247844836840739
11,266,90,0.20690010411688048,0.3122927045908862,5.296857036380601,4.075228389174596,0.6260967883567743
11,267,89,0.20013064947741022,0.2994788706094233,4.7433033436856675,4.68888566858517,0.6219151240004881
11,268,88,0.19666654555750168,0.29178640044471627,5.092811133734322,4.31678872778854,0.6301266878784072
11,269,87,0.2121703807385291,0.3152363440324924,5.018950760454025,4.958140803833692,0.6226854439995743
11,270,86,0.19940287032495524,0.30582553114544847,4.961568280362011,4.319918360521607,0.6367409693375253
11,271,85,0.19978732022867943,0.3078763884897998,5.408703439409669,5.312233447734057,0.614811671523349
11,272,84,0.21064882395561915,0.3161731737398649,5.314331495651087,4.5735531585907205,0.6387854286648692
11,273,83,0.20973637164088363,0.31101866611660334,5.337435083422912,4.989656887308348,0.6192043822051871
11,274,82,0.20321650083462564,0.3022565785220567,5.5924359959445855,4.926314915234257,0.6469190360958712
11,275,81,0.20167466364219166,0.3024655611883139,5.035572827677939,5.0651484204094555,0.6315716890215659
11,276,80,0.21435691761543318,0.31923916077469555,5.27675236077612,5.195532550466016,0.613545228420055
11,277,79,0.2063828248834189,0.3078149677184206,5.229473209218517,4.407074388947817,0.6154000912705614
11,278,78,0.20660060143234085,0.3134991021709655,5.191468831838268,4.359391715040276,0.6326875572321463
11,279,77,0.20570052640043474,0.3096046512020205,5.1957014974270335,4.916378690078598,0.6213746283448957
11,280,76,0.20311481460030378,0.30191266152059626,5.278588784723318,4.642532123475794,0.641770271526684
11,281,75,0.20790679199882883,0.30774272606242487,4.97674024286885,4.714039445203525,0.626094550854129
11,282,74,0.2087570595563027,0.30870185235234043,4.93677518112027,3.9071535568770157,0.6304157097849874
11,283,73,0.20908759179360836,0.30699577285024787,5.215376201484235,4.698726362497916,0.6352424811206937
11,284,72,0.21203427233708905,0.3125602774656628,5.289169900391581,4.653346068073368,0.6287579213137428
11,285,71,0.21810206637282983,0.32717739816981994,5.323298796680009,4.903263595900786,0.5929324004741792
11,286,70,0.23659552364117992,0.3523376888013116,4.817720084440172,4.212585649487306,0.5527852631080763
11,287,69,0.2282492736432442,0.3381764578200387,4.77769602657055,4.418091139020483,0.5529986167502364
11,288,68,0.23726948801191788,0.35046736549068014,5.421117808603725,4.92711458088358,0.5596253928400091
11,289,67,0.24047327939774496,0.35557257666323194,5.299150571406054,4.76646424550601,0.5436562723063931
11,290,66,0.23968571097518154,0.34927578756090144,5.049886600260011,4.110738909462034,0.5444737773853265
11,291,65,0.2375733271905378,0.3456594978043924,4.754562260133529,3.9843847583608567,0.5675738254041305
11,292,64,0.2433762138162112,0.3533532935296533,4.906539736031139,4.357268161662772,0.5538805866241133
11,293,63,0.21981417473461365,0.32123774004886074,5.246171972223388,4.98610753830051,0.5935752652369045
11,294,62,0.23565089133978573,0.33979470284059377,5.215196623170414,4.896986574673301,0.571097486342908
11,295,61,0.227916319042408,0.32633928866622897,4.763795383613056,4.000015068389487,0.6001348734117944
11,296,60,0.23151771905806212,0.3285574651151386,4.597750183740731,4.62328347792459,0.5692962793945212
11,297,59,0.2326504017060806,0.32397610467313925,4.380655503370091,4.43633640600257,0.5541736811184536
11,298,58,0.2301264104501415,0.3156419699437314,5.196267673358159,5.1697171150621415,0.5986010444115363
11,299,57,0.23535482469503757,0.3282535033431519,4.867875456721617,4.689795021013637,0.5585463588333107
11,300,56,0.23094819824965596,0.3205274511637395,5.006868773745499,4.287854783020387,0.5789328340484441
11,301,55,0.24497649899054763,0.3360485701441,4.5638736333272565,4.0974354826770805,0.5560708934923033
11,302,54,0.2361261459565941,0.3289886149570579,5.2393529766129046,5.307434924334385,0.5987524250511103
11,303,53,0.24281238448522707,0.3415371894767351,4.7143544924683685,4.126467041018058,0.5483256805821359
11,304,52,0.24655439480189453,0.3545550561396332,5.3136009538677,5.079782877010642,0.5352788743001775
11,305,51,0.234320218247078,0.3458877417759467,4.718420038742961,4.246714134301507,0.5615146412548185
11,306,50,0.24236438099470864,0.3506345201631165,4.6992149287263025,4.435719269751343,0.5573031623871437
11,307,49,0.24276539548771905,0.351103435458974,4.6924497802766,4.181573582742552,0.5454260519300146
11,308,48,0.24948108919479806,0.36313693603518576,5.022735145588492,5.022149234429101,0.5309967594395981
11,309,47,0.2382001268631201,0.345992528937539,4.79939081211296,4.151627312582538,0.5510017020525994
11,310,46,0.21535817897217915,0.3237960573891803,4.838335393967129,4.122915513678261,0.5884432984189785
11,311,45,0.24412955041617096,0.3635483950101421,4.633225007610601,4.645553578473601,0.5508279014920595
11,312,44,0.2349127736424342,0.34945762819984827,4.758365460336311,4.004720225127285,0.5668870443660604
11,313,43,0.2438996351161954,0.36350915563164926,4.830627046262395,4.792853298803584,0.5519458013355434
11,314,42,0.2465340911028054,0.3651668159815867,5.022730777864904,4.508504598778796,0.5720496601053798
11,315,41,0.23718681351168605,0.35153130765346957,5.162485116863727,4.6669482902501045,0.5721496361717495
11,316,40,0.23563928031536918,0.34758867203240534,4.755327524382521,4.450052722492302,0.5503192977505373
11,317,39,0.24264061231793674,0.3633765064632763,5.363912526687217,5.125241269968713,0.5493914234257045
11,318,38,0.22085406792761372,0.33922866237426447,4.8136076790684115,4.264912849171738,0.6050689420582032
11,319,37,0.24028336596163935,0.3718655324953243,5.264353996567144,4.601675279533781,0.5653169303097285
11,320,36,0.22964636789378073,0.3551201347442819,4.8934884825411675,4.231888829187241,0.5707912282749745
11,321,35,0.2343366458706458,0.35679811673164974,5.098304233096949,5.67124946249191,0.5500709461458008
11,322,34,0.22164859807303255,0.34073769036482887,4.62652532929436,4.174337866482128,0.5848406166424961
11,323,33,0.2420315844524689,0.3730893256396695,4.933324989669777,4.0742741340350745,0.5403303274040588
11,324,32,0.23464250766750183,0.36070533533997634,5.6105841922126665,5.14382577229722,0.5873559960435175
11,325,31,0.22326003109688725,0.34109927678070306,5.2307820971154975,4.688813657197321,0.5913911842872919
11,326,30,0.244602981598863,0.3672917251657654,4.694397320797368,4.105136141380597,0.5409147088958889
11,327,29,0.2329576919772903,0.3505797785951812,5.1362696747854635,5.316955629751466,0.5598716732223135
11,328,28,0.23754587696037888,0.355894277980241,4.770188541657067,4.737050114591292,0.5576537303943023
11,329,27,0.23802238690008795,0.34943741854801297,4.698818476472281,4.369644839191612,0.5819571037182053
11,330,26,0.24851404827366977,0.3705861234760443,4.9579409977195965,4.447699364122265,0.5339473000472604
11,331,25,0.24405304436464828,0.35882652560991013,5.292109704052715,4.970654036972489,0.5633610485983358
11,332,24,0.23118464818083861,0.3434699901953893,4.968810719453231,4.317458402964859,0.5379624590935416
11,333,23,0.23107185857920054,0.3385529491795779,5.442976211494247,4.594632473739387,0.5891551939708723
11,334,22,0.25432314629528957,0.3793109247050073,5.0251480192672515,4.167570730604997,0.5297403163582912
11,335,21,0.25344502008649933,0.3795224385138873,4.789168382099657,4.637854996350039,0.5433486911803062
11,336,20,0.24450940763322512,0.36264317560633696,5.068707747317189,4.267535268307978,0.5644148390357966
11,337,19,0.23900118774012877,0.35314112592192065,5.058480376256558,4.672364201956467,0.5488696096919414
11,338,18,0.24049201170155576,0.3493798840435999,5.123739973549307,4.289459060242006,0.5723267403520245
11,339,17,0.24085131263484966,0.3466767688240488,5.2916239016674425,4.921057974626284,0.5617494934651343
11,340,16,0.23511362507890268,0.3392987221515416,4.8632214709882415,4.273806302181436,0.5659685758109362
11,341,15,0.25460958097937353,0.3654346766394406,4.998331468154794,5.238605856227486,0.5580386589079699
11,342,14,0.25565837481486203,0.36956981530003,4.965199083047971,4.641994132054361,0.531475532640438
11,343,13,0.26137498822905386,0.3826440841546896,5.111496840573997,4.846119826830588,0.5286667681208393
11,344,12,0.2551859253174238,0.37010033517207036,5.311431179797557,4.757195113797529,0.5512146452474678
11,345,11,0.2494102035080098,0.361023290314977,4.750388576647584,4.492297496995299,0.5299737034996418
11,346,10,0.2477257203445138,0.3557941440281939,5.153167992235829,4.848690024667932,0.5506317977123487
11,347,9,0.24677417091804182,0.35135652878475565,5.017113494809346,5.242901738417144,0.5663151145725256
11,348,8,0.2602048433003589,0.36707053291823005,4.635020208883736,4.822809052760377,0.5461297747551708
11,349,7,0.25067476842638603,0.3584650450704503,5.394178948690557,4.473440029742047,0.5504909252295037
11,350,6,0.258065762413607,0.36696938936622725,4.647139217764556,4.068061090242314,0.5396718300164818
11,351,5,0.26394873355232507,0.3806658309968842,5.437775472781613,4.270969692039188,0.5539275061164649
11,352,4,0.23404114045510976,0.3390353215554218,4.8192547738376845,4.730958225453455,0.5905175466278376
11,353,3,0.24414161254963843,0.3540156352095901,4.5868463402545565,4.525209580183501,0.5855133176533339
11,354,2,0.24250205045519277,0.35290808094164244,5.506443087808219,4.81965588385988,0.5729670015157609
11,355,1,0.25863916831254213,0.36901173821664507,5.15435722122146,4.312935974370736,0.5745367290705192
11,356,0,0.2591921067255584,0.36589291609352503,5.2272668179115405,4.7080950465032885,0.5626961159273997
12,1,59,0.13811320832262017,0.2008651949933126,5.424042271466542,4.747513352370981,0.7466152442559821
12,2,58,0.13894658725206163,0.19847851498690292,5.114489244400891,4.319481376766492,0.7475712964334486
12,3,57,0.14270463622420526,0.20682302180183812,5.400562333068217,4.563805218339979,0.7271162107601351
12,4,56,0.13634792218145064,0.19551285194060233,5.627257264711682,4.8419258090405,0.7421091352294942
12,5,55,0.13900546090731214,0.19909254615803246,5.560916788946008,5.018068072230365,0.742322787841128
12,6,54,0.14166424622803064,0.20263888365553182,5.394228804701264,5.081533324780719,0.7316926812048611
12,7,53,0.13572873222358395,0.1935623644323535,5.461675648090754,4.680962982843312,0.7581433899089934
12,8,52,0.13840039793019135,0.19602093375294619,6.571496258482796,5.352799526270363,0.7727343335740489
12,9,51,0.14786891721765813,0.20796355581926926,5.890397496101228,5.3313379166692005,0.7330047889401019
12,10,50,0.1483931145385455,0.20328917226055737,5.659698598910638,5.501482199944819,0.7415843140510218
12,11,49,0.14451316446001972,0.19542223470484077,5.564365573927058,4.982198388131461,0.7431342903489468
12,12,48,0.14927070086940236,0.20247664344880184,5.541396631228261,4.5656370153048185,0.7386316673764775
12,13,47,0.14976751252241674,0.20586209015769147,5.348158113173988,4.375011006334898,0.7356479492628442
12,14,46,0.14964982295969886,0.20726178140853,5.1165523014692855,4.153838450649077,0.7346418314261498
12,15,45,0.1487572771275666,0.2033799704008957,5.40954609854017,4.817780397916973,0.7317529847638389
12,16,44,0.14997170013405037,0.20569538535976592,5.692503541482898,4.702169002406275,0.7457944185892791
12,17,43,0.14456710859068983,0.20111730811036213,5.7392842338655825,5.738004118679636,0.7421911993963514
12,18,42,0.14527118836421457,0.2038645073427717,5.376199116517153,4.722727773295179,0.7307572158559719
12,19,41,0.1421110183303811,0.19743225080968907,5.089416604686251,4.654289501104938,0.7432946687509175
12,20,40,0.14610845266545372,0.20309970226741395,5.468392295254732,4.8771792110125975,0.7262918905458566
12,21,39,0.14918432952890187,0.21197931260943223,5.541257350740375,4.631529638178196,0.7268483301857211
12,22,38,0.14922159156614567,0.20856068376863957,5.7352260902716985,5.701162669465841,0.7340380050233601
12,23,37,0.14851553555423774,0.20737517915207698,5.36207460382126,4.698778496612128,0.7273549057791158
12,24,36,0.14752064941891585,0.20736054999550618,5.366342470233929,5.327215743764384,0.7381025361561876
12,25,35,0.1630040327611736,0.22691783710705957,4.881275081203638,3.8360096919432323,0.6669092931902045
12,26,34,0.16080572646645602,0.22381343719923721,5.048858549939103,4.531037156975557,0.6524756817021655
12,27,33,0.16313324942250412,0.2273996127443576,5.229750361893883,4.194165525790574,0.6709153991981751
12,28,32,0.16294231466448356,0.2254980147627334,5.226566012883723,5.152002620052509,0.6699133521265028
12,29,31,0.1661083993196382,0.23018511824955737,5.479968300964606,4.101216445608324,0.6809724470066038
12,30,30,0.16471294951668092,0.2316476951276085,5.506676747262354,4.720328945911252,0.6649520269064597
12,31,29,0.15790150082955634,0.22088249573656715,5.518050849403549,5.508916976930917,0.6816300876380847
12,32,28,0.17128171073311216,0.23638257345235483,5.040059081952149,4.829191986191108,0.634204423055358
12,33,27,0.1637216556765417,0.22536499082415504,5.010381818306957,4.511357493907689,0.6504960759330631
12,34,26,0.1631698378544049,0.2183530740716438,4.91684658977646,5.096462069765577,0.6891644380552832
12,35,25,0.16769314711400962,0.22742462942580713,5.158871407749855,4.257454136595954,0.6472155334008299
12,36,24,0.16354585218373482,0.22239116204186307,5.068348902452984,4.3855772519396155,0.6830815035472639
12,37,23,0.16538597555779333,0.2242178993235296,5.609057562489285,5.02920327364888,0.6761853064438892
12,38,22,0.16826615404465703,0.22190030649592973,5.351612633983635,4.262291556927646,0.6663611838509339
12,39,21,0.16700837274195265,0.22286583206452534,5.644080168893163,4.819556933700595,0.6793928037022877
12,40,20,0.17005843806078255,0.22641085829572352,5.042926191341119,4.689933405654096,0.6623161732630417
12,41,19,0.17302133749250465,0.22943352430455025,6.192600429788206,5.747690400848703,0.682033974002529
12,42,18,0.17205265365382819,0.22675831983999342,5.204356838869312,4.979045098387139,0.6123616396763661
12,43,17,0.1770430415481284,0.23505164998987374,5.285359978525359,4.7659036304933124,0.6429132592199718
12,44,16,0.16776710238755108,0.22566012256848308,5.245253588362694,4.48421019791448,0.6682483679109396
12,45,15,0.16594477026473306,0.22452953157523928,5.143795269816439,4.702951795131642,0.6508949762573515
12,46,14,0.16528088778661654,0.22488123426993484,4.803465962800907,4.222540302863195,0.6840367102208443
12,47,13,0.1753962486503742,0.236393761666171,5.175028139239226,4.010862823869327,0.667496006709548
12,48,12,0.1687126624551772,0.22843087540112983,5.2590888594400464,4.418048180836605,0.6602156618220126
12,49,11,0.17711638906450378,0.2407256374346408,4.946057583703835,4.287976942892004,0.6030469305423909
12,50,10,0.1916610905011266,0.25951590279123854,4.668296392865518,4.2195101530573655,0.5681271839951745
12,51,9,0.1854708329649731,0.2490647100365474,5.210795708831565,4.949762508718215,0.5967549758961076
12,52,8,0.19201820625928243,0.25545372792100157,4.93122956170467,4.101369161160805,0.5911875653844806
12,53,7,0.18495773137568014,0.24941379024907234,4.868936027020384,5.169130506766696,0.6143684455719763
12,54,6,0.18792370560172983,0.2525987230405194,4.834722740119542,4.855638681018604,0.5863887955460948
12,55,5,0.1885565806486937,0.25181874049650116,5.2789771327942265,5.442388850712672,0.5946280921639439
12,56,4,0.18837188259859028,0.2513848633262154,4.955569810260952,4.300483546432564,0.6082592706233495
12,57,3,0.19165325136957745,0.2566307430143248,5.325777217042917,4.6349056579581065,0.5746199612092678
12,58,2,0.18901183906333846,0.2574605786570686,4.655920609646568,4.193045672083661,0.5715111111448294
12,59,1,0.1782351313395235,0.24676760429530953,5.429603210710136,5.177757421642479,0.6120235120059878
12,60,0,0.17963056927378374,0.25167933595734665,4.753499181740821,3.98984280181688,0.607776431110074
13,1,130,0.1361795887844952,0.20096848801289963,5.846268996003128,5.055636995983138,0.7453253434390059
13,2,129,0.14440243689707719,0.2125978135779111,5.912493965721955,4.830580328383772,0.740016109457139
13,3,128,0.14197287428528552,0.21018206437639944,5.346249611767141,4.051675421932802,0.7580479117646808
13,4,127,0.13721060762028964,0.2023573543273609,5.402453560090175,4.840825557421703,0.7474900290722711
13,5,126,0.134696606959563,0.20026407727124873,5.393575667971102,5.000028953665647,0.7457349167068205
13,6,125,0.139107131640672,0.20738555446875492,6.23763050572999,5.656508850548245,0.7537808519121604
13,7,124,0.1369284470967132,0.20761735877542734,5.69814225260598,4.605900352126353,0.767935928547498
13,8,123,0.13931355340105964,0.2101094849920923,5.490184663682172,4.589502782467664,0.742350402188391
13,9,122,0.13288114405570237,0.19890243415463799,5.459726927241414,4.763118102478764,0.762794122934312
13,10,121,0.1380685614245153,0.2057874620451755,5.261540511935601,4.65779543778942,0.7328295670565443
13,11,120,0.14208244247013588,0.2067993185596468,5.451154842578347,4.824926507425515,0.7630005790506778
13,12,119,0.14037955941205688,0.20402625885589745,5.563977299164258,4.566718673070386,0.7568505506102976
13,13,118,0.14027422814024754,0.2066602368250072,6.080386252999736,5.938915144250557,0.7516493934351649
13,14,117,0.1382222855195064,0.2037193864022747,5.384456842083058,4.597598054338026,0.7484642020410778
13,15,116,0.13934227861968565,0.20570594084283284,5.180531537258664,4.73943687404609,0.7617277801734226
13,16,115,0.1404855233567265,0.21302640299905978,5.962613781309837,5.215597835152925,0.742784116051035
13,17,114,0.14017298534457917,0.2095496933070505,5.7439140931578265,4.67722114759919,0.7458624355600028
13,18,113,0.14216898229927347,0.2111506794496783,6.043617559517207,6.839311260397151,0.7301842533031585
13,19,112,0.14384587058843268,0.21406454605746486,5.67338634776644,4.4565180792843595,0.7211895856099276
13,20,111,0.1372424399203092,0.205621798163497,5.656882448645687,5.245741347646187,0.7457561553538161
13,21,110,0.14169225828173032,0.20805160316182544,5.459439351841779,4.4677313152257465,0.7442599385826623
13,22,109,0.14469079843692967,0.21312528563799824,5.522323197355666,5.24016259347581,0.7323126762683698
13,23,108,0.14275494503324362,0.2131201637926234,5.306981073457818,4.6338629525382435,0.727171532001762
13,24,107,0.13774985272927362,0.20941012443611132,5.247646103651649,5.441563754549799,0.751489112824264
13,25,106,0.14148411596347568,0.21212954131345382,5.613802929399683,5.487752463866284,0.7386623802663426
13,26,105,0.14700879931770544,0.22051078222159232,5.655442475148485,4.605780166692172,0.7555992267161438
13,27,104,0.15124548417546646,0.22669638539989298,5.709655667764649,4.871663951940154,0.7227205010519187
13,28,103,0.14479686862900967,0.21324771148459337,5.636311792585623,6.002568194713247,0.7240791735568114
13,29,102,0.1415513988750061,0.20610431788448588,5.247858953250604,4.036362566671751,0.7394558828521623
13,30,101,0.1457467086628263,0.2099397910084421,5.620318357109211,5.109252513541081,0.6967805852155553
13,31,100,0.14961950711409905,0.2154508687253907,6.363013730319315,5.9715548505134555,0.735935253284113
13,32,99,0.1430474988947058,0.2069101151746029,5.244283601612106,4.466163946983828,0.713939586480862
13,33,98,0.14818949848623453,0.2104609928469949,5.385336908471308,4.42170517549518,0.6828905026232448
13,34,97,0.15360260437813317,0.21906213099639937,6.177598843013156,4.917331467507092,0.7425751131263648
13,35,96,0.14052613600044,0.20350964303939445,6.070939796305861,5.3835386133012015,0.7580902250019564
13,36,95,0.1495118908364105,0.21589952116904856,5.462796399854723,5.135246631375015,0.7144212837165494
13,37,94,0.14753372565214964,0.2140513524611513,5.418575772574213,4.238594661228358,0.7269402306965795
13,38,93,0.14766307401252993,0.21470017910988637,5.2212319613899005,4.635527895619284,0.7219933771865743
13,39,92,0.1458515159737251,0.2117376295255441,5.505421232823364,4.522695123275026,0.7214571399113892
13,40,91,0.14505650560777703,0.21159647522018446,5.52928173401806,5.187406293250454,0.7306111983962621
13,41,90,0.14841001570885462,0.21935434335624274,5.59381640895041,5.281436796287332,0.7140677224271409
13,42,89,0.14906544571321156,0.2159667414634955,5.785095424420314,4.999479449129802,0.7249434506745165
13,43,88,0.1466817948255434,0.21508876694702903,5.5406456374271915,4.924093998539079,0.7474768491016108
13,44,87,0.1497488388192714,0.2204208670402335,6.132056096721003,5.44174780881575,0.7296062611977732
13,45,86,0.14822214373026166,0.21570602359630092,5.11719849306397,4.605542938104686,0.7237977424933065
13,46,85,0.14741121456703962,0.21430347347634748,5.413456658184779,4.771315605637966,0.722881128290914
13,47,84,0.14771272256110327,0.21833328809530325,5.367697001279666,4.402152052864598,0.7367033489061837
13,48,83,0.15395046560130496,0.22059247056514683,5.59616612270954,4.836390249915685,0.7152772714716905
13,49,82,0.15444320701899278,0.22181767279173092,5.3303025752663675,4.839763272733502,0.7138703740510409
13,50,81,0.15280792937498344,0.22249620279070115,5.319411543760527,4.8184677627309505,0.717716456122579
13,51,80,0.150333487483252,0.21718693141055317,5.575404314892756,4.856382494879595,0.7008618954246228
13,52,79,0.14792445090047263,0.21131934319650367,5.750331664114797,4.809053358669828,0.7122396444197518
13,53,78,0.16189500155345615,0.23162243502107177,5.149746608603314,4.650521869137168,0.6606810996062568
13,54,77,0.1606330292995516,0.23048120639624248,4.812254307582645,4.357922420839306,0.6512295063309497
13,55,76,0.1595439896185235,0.2317395208479961,5.370964522646359,4.637397594745988,0.6806479255537743
13,56,75,0.16520543156716586,0.24332104247316347,4.934385449379274,4.111895576735388,0.6586779275420176
13,57,74,0.15764727994632263,0.23483085356146677,4.838735531252473,4.282349371707968,0.6530867486099676
13,58,73,0.15454603581580775,0.2290780817628782,5.097370092733537,4.181331680211131,0.6856916286209432
13,59,72,0.16335386021713483,0.23788289793089384,5.064453195117342,4.294526538818514,0.6730415357593694
13,60,71,0.16571859760724725,0.23587713023090756,5.319343437675496,4.336569623420317,0.6663294758089576
13,61,70,0.1647645736043211,0.23585509683995046,5.324736844013408,4.646490142059535,0.6635371940016077
13,62,69,0.16694620544359692,0.24221967426798932,5.365861720550742,4.930847928937179,0.6579206817999208
13,63,68,0.16301861829450653,0.23619307270818818,5.474264353123372,4.620450063556341,0.6224956971179629
13,64,67,0.16073072702558144,0.23612693136487936,4.979030745936066,4.1261687850497655,0.6787796398384844
13,65,66,0.16104776010735591,0.2370700918239254,5.747511517470773,5.053762635707929,0.6842881401333039
13,66,65,0.162030973467284,0.24039353065332472,5.609114261752402,5.2268283792149415,0.671687723487692
13,67,64,0.168202321330966,0.2520061652644177,5.874708701470364,4.7953048696924325,0.6620185635821241
13,68,63,0.1662686197345736,0.2521282696873652,5.430405251694815,4.28951160778654,0.6597601622174586
13,69,62,0.16117306594699787,0.24273740485372663,5.422280818289401,4.595928926234138,0.6646743455820027
13,70,61,0.16649659862240798,0.24686563480695653,4.779596973048466,3.655541518481283,0.6424934682554214
13,71,60,0.15927291825284884,0.24017311879047432,5.059090826494877,5.145708476124138,0.684161455910485
13,72,59,0.1659907227372128,0.24584293755252443,5.501508145648063,4.795495896274135,0.6802631449959397
13,73,58,0.16641473897738898,0.241637525574767,4.911163333019581,4.790844662416496,0.6583135325639609
13,74,57,0.17112584621221844,0.2464948907281707,5.244893272531422,5.138496017125086,0.6475173393317716
13,75,56,0.15884820971173094,0.2307116945671232,5.187774664831219,4.513387298106763,0.6652783076014451
13,76,55,0.16718344771478585,0.243652663584082,4.890285428117107,4.226775810745532,0.6573625397632741
13,77,54,0.1661867312166145,0.2441581338460334,5.752726937239322,5.23917551236436,0.6740116471480168
13,78,53,0.1680547638861045,0.25056897075358286,5.1135190635248655,4.355679253834387,0.6401155892733539
13,79,52,0.1715054737007439,0.2523508989663436,4.924703955451855,4.1740991278071125,0.6480410516889182
13,80,51,0.16620352198474164,0.24823730996627164,5.721017191102229,4.492680952939521,0.6723463548214385
13,81,50,0.16380593841036112,0.24876987235130396,5.653483847804309,4.779876265376087,0.6639986292067123
13,82,49,0.16554577362065737,0.2560770073886249,5.363945036156855,4.583162052870806,0.6619700251039142
13,83,48,0.16152878318965744,0.24788199256268503,5.118219833818486,4.773271100662164,0.6627368046736453
13,84,47,0.16899469318084212,0.25399509748036186,4.975755793784188,4.422401997019062,0.6411534959378056
13,85,46,0.16345456916423065,0.2489870042651403,5.596225226776685,4.877613927651556,0.6664869144585904
13,86,45,0.16310814317195294,0.25095837944425037,5.045913943941452,4.796886245431213,0.6594017769019043
13,87,44,0.16355986017886315,0.24819843482118104,5.727852374744991,4.60988239341621,0.6814158359019206
13,88,43,0.16314236287342862,0.24956633999727124,5.130383070094851,4.73151469838655,0.6702788185673176
13,89,42,0.1680915119229103,0.2590048191470035,5.263082635087692,4.295718452354787,0.6448480959681021
13,90,41,0.16534152645580508,0.2504923157002272,5.90101211771924,4.692766622247958,0.6548715292572054
13,91,40,0.16551361227202624,0.2473486595547714,5.123790422992981,4.260921825865186,0.6384689147580226
13,92,39,0.16469419752979633,0.2519545533229488,5.568486086963447,4.688489467715736,0.6709656930614898
13,93,38,0.1657572719724813,0.25464442085590216,5.120762129986051,4.8474429733709545,0.6564239885497838
13,94,37,0.16964319652309132,0.26021176644444255,5.2048469837622875,4.657931210219544,0.6365189893147315
13,95,36,0.1627347829408276,0.25284482304909434,5.5246280714494524,4.413271602462463,0.6666135942215894
13,96,35,0.17551068212157395,0.26506271948668125,5.837323665759582,5.244889303413951,0.6313673860998283
13,97,34,0.16621693170105598,0.24797530968706552,5.553770839746231,5.077182563568255,0.6696576888581905
13,98,33,0.16544525642236796,0.24833076587859398,5.402059201132309,5.316836678868195,0.6573087751528995
13,99,32,0.181680491436737,0.24530978322396466,5.431292137996264,4.362183772078177,0.6422864194838112
13,100,31,0.17976663564934744,0.24571007527823516,5.916707372410944,4.830809387689005,0.6504719324925357
13,101,30,0.1754108619047229,0.24106296676468128,5.476816765913897,4.553456587544797,0.651254387395096
13,102,29,0.18696660302206403,0.25302684279452464,5.5328912106043875,4.824965184696134,0.6406376191603855
13,103,28,0.18098973952727015,0.24493001607451456,5.981079267946049,6.522350645431813,0.6582322237945243
13,104,27,0.18039345110598853,0.24016307555000607,5.207264642933961,4.355748452933559,0.6890698930383707
13,105,26,0.19052476355074469,0.2513958703307677,5.354857392407638,5.399755810073383,0.6113132234239401
13,106,25,0.19123587610285026,0.25092982856469914,5.145917582275785,4.371898960836576,0.6194125464299852
13,107,24,0.1983534472754833,0.2602265806604356,4.706229704940615,4.0395458016771615,0.5996034125882043
13,108,23,0.19433284593957043,0.25635679151862767,5.203162026268356,4.844500976673905,0.6016579312207616
13,109,22,0.19795127775195379,0.2591364282100049,5.014843378188376,4.019733509649733,0.6194684234674687
13,110,21,0.19779173059962066,0.2540336121438159,4.8196920159002925,4.023418359999213,0.6135106374690884
13,111,20,0.21444271795240935,0.27425704687147207,4.874783187409939,4.604546836400126,0.563494165890503
13,112,19,0.20817463915739418,0.2644408797218011,5.148699120710839,4.104766098240193,0.6128298480069893
13,113,18,0.20933713339799204,0.26904081434437205,4.5664771817877945,4.56250547722349,0.5698594023992696
13,114,17,0.19774973397603182,0.25322756984327577,4.823913192813497,4.690054646685778,0.6101399864188073
13,115,16,0.19916402408832068,0.257171311672044,5.100832791114211,4.608947480069043,0.5944854042366247
13,116,15,0.20695261831115383,0.26789648319989096,4.770750526422431,4.771991991215133,0.5783574449204235
13,117,14,0.21202612271332597,0.27523276745015285,4.9712998657984,4.288062872960156,0.5885439277677789
13,118,13,0.21251048889300092,0.2761785817354885,5.049303780329147,4.561711577759162,0.5818906311359894
13,119,12,0.2066842732954555,0.27065605910441104,4.944182004298288,4.415171860323558,0.5730670571797459
13,120,11,0.20877734595212966,0.2751268208406195,4.6034003675286845,4.005202396248302,0.5718453068779705
13,121,10,0.19724744998029703,0.2616903280960329,5.14766606865313,5.045820864242966,0.6056014601714811
13,122,9,0.2021113840446809,0.26488393606613414,5.323870596177526,4.634447328333916,0.5845940307568244
13,123,8,0.21174913484540087,0.27566469731367266,4.878579268323136,4.139453207231599,0.5618539439602601
13,124,7,0.20827556508169148,0.27049027662252584,5.12604647917041,5.464694645685735,0.5955125277922677
13,125,6,0.22384124066870137,0.28637601652010714,4.567579667517071,4.133564259314501,0.5542775595411262
13,126,5,0.20812429678707525,0.2640081275382616,5.16184598853195,4.3580375115156835,0.5978471587118607
13,127,4,0.2146297350944004,0.2773485699012287,5.175890480031981,4.570139673169755,0.5765511289486456
13,128,3,0.20639179952541017,0.2703172419928777,4.960067743597973,4.142900497216388,0.5909951799115072
13,129,2,0.21452299603573619,0.28237520873704813,4.651228538589944,4.243448605498032,0.5604730095988459
13,130,1,0.2057764272965826,0.27399880050275527,5.471993199296659,4.442868962558612,0.5983571792484476
13,131,0,0.20695793636130488,0.27540171491422055,4.873846243837975,4.463939856021068,0.5887811152285629
15,1,175,0.1383892082382375,0.21580634032705764,5.6921440492701105,4.6954262350237235,0.735909446216963
15,2,174,0.13400135898195056,0.2120347609773852,5.647559044419781,5.174922424488851,0.7314208360064467
15,3,173,0.13393396314136227,0.2078287632980107,5.509919809851057,5.641684839456647,0.7375963960833902
15,4,172,0.12953383576891306,0.21738640024107977,5.210528897410027,4.278796624547116,0.7593754357980306
15,5,171,0.13706846742417875,0.21491559572033794,5.1571664609894015,4.61610655779675,0.7636703176186332
15,6,170,0.13690182311139634,0.21185090312650484,5.480556008324132,4.859276258246248,0.7276775481161303
15,7,169,0.13499328737480315,0.20702549814225046,5.602109679706455,5.2344588858798335,0.7595321290613912
15,8,168,0.1363688081719497,0.20599298053522738,6.164370576142209,5.929383941459165,0.7482002511752555
15,9,167,0.13302062134857318,0.2125512852985179,5.0847341955328815,4.5191984293437555,0.7281463592058964
15,10,166,0.1394910737178374,0.2119980367852748,5.5444641598642885,5.627810879920702,0.7685435237382572
15,11,165,0.13769672681075823,0.21851441588617662,5.6035931697990495,4.490091200316583,0.7479862425015346
15,12,164,0.1349129626495793,0.21343122021633928,5.272151072304099,4.6627743457178275,0.7386479741651036
15,13,163,0.13422523955480783,0.21126168697897776,5.793438413106854,5.060323912522546,0.750937924245162
15,14,162,0.13462737997105406,0.2039633440630635,5.179443341688262,4.434954944704365,0.737450324162069
15,15,161,0.1379512425830301,0.20869032542038604,5.608348751716676,5.6187417682038445,0.7550426182059878
15,16,160,0.13763298268612753,0.2054792852169728,5.667676982275424,5.105856353871333,0.7361172672898673
15,17,159,0.1427814500949644,0.21578759336300926,5.464116014402844,4.797570551205335,0.7575805410438783
15,18,158,0.13975592433434633,0.21441592011904542,5.730500824658536,5.351423789831735,0.7613774165108282
15,19,157,0.1410198696044251,0.21165474936995937,5.799475654878394,5.22132951437847,0.7218203459220993
15,20,156,0.13424801887335827,0.20573200505238742,5.403481925926206,5.030798315106009,0.7496611657371262
15,21,155,0.13434092251612167,0.21311912566935673,5.869561526572363,5.667118540150591,0.7641189141820931
15,22,154,0.13710668217951352,0.21471453423447057,5.4030764997156915,5.2012868161617085,0.7360283604370754
15,23,153,0.13605576377626713,0.2144979146480516,5.292942061138058,4.353792061614323,0.7408511185971323
15,24,152,0.1370753190349653,0.21222580594859702,5.534828281283206,5.852633758107286,0.7389527876543869
15,25,151,0.13814342430717966,0.2155498676094337,5.0893763050302,4.444480775759203,0.7341016234596947
15,26,150,0.13799310487659686,0.21161691722523202,5.918796054877713,5.242341318900066,0.7382180082141145
15,27,149,0.13695481984797206,0.213136880485404,5.455190502574716,5.305728829166299,0.7495624881154165
15,28,148,0.1403159445639079,0.21914759977124718,5.485694731743361,4.751214734373292,0.7455150821962917
15,29,147,0.13475890826250309,0.2131869345023565,4.713698233494971,4.292477231926753,0.7415770598468024
15,30,146,0.13956830031711306,0.21911851170960728,5.305294649188136,4.540365356559318,0.7526199562272202
15,31,145,0.14132895653008137,0.227082199253175,5.181890923681817,5.1632630474291625,0.7191815629136646
15,32,144,0.136224128741795,0.22382353422171314,5.341225929641574,4.423065513579834,0.7604200009302081
15,33,143,0.14276892659314203,0.2145156689075136,5.427929211292949,4.506582388690883,0.7581276547047798
15,34,142,0.13871279209515974,0.2166181062172428,5.529736100931637,4.997756675930296,0.7467304277289079
15,35,141,0.1333286808052802,0.21045669039894147,5.369780982012879,4.678015007121515,0.7282038670917903
15,36,140,0.13480882194404534,0.21617428720738482,4.996131954931021,4.247660809978085,0.7509471059307047
15,37,139,0.14245200388450258,0.219036875641689,5.496330375463787,4.942436392746617,0.7213672049736299
15,38,138,0.1365725556804382,0.2210239201178252,5.108582827311125,4.381882708224198,0.7348208924334808
15,39,137,0.13546734075892358,0.21104800535243265,5.621291562681742,5.214098348929907,0.7537288572246083
15,40,136,0.14383531741620845,0.21941986421583579,5.24187004847504,4.445825510078774,0.7306374240710811
15,41,135,0.1351480839671117,0.21427117710185298,5.317262358359647,4.889925193262273,0.7436466706502024
15,42,134,0.12810702228190743,0.2053578106016267,5.230371583124379,4.0743154711932865,0.7199463132527661
15,43,133,0.13538558771214518,0.21877032616765654,5.5619052998838665,5.245657822522062,0.7538106259482554
15,44,132,0.13567351409765832,0.22568570558315384,6.0946518862607055,5.932449754318028,0.7474526324087922
15,45,131,0.13932937297970222,0.23087968886450816,5.702240574300452,4.617446615479894,0.7321368591821344
15,46,130,0.13580562583245595,0.2159143382419439,5.596225265057976,5.860143793194582,0.7347384422073636
15,47,129,0.13685542647578477,0.22605061117908992,5.070506470664895,4.3404769654827025,0.7244113142252198
15,48,128,0.13338114960787045,0.20846189711262053,5.233875793360464,4.958465578573914,0.7261765691558526
15,49,127,0.1405854476118821,0.20601492430708435,5.688753838592028,5.428949715487097,0.7473096560962277
15,50,126,0.1368958360137183,0.20862336826339137,5.019163864337939,4.53505047664875,0.763530308961296
15,51,125,0.14268551108395944,0.21989172751488184,5.810967869028353,4.39420861999055,0.7342462947607861
15,52,124,0.1367408634042627,0.21359692594033883,5.285188328254932,4.562149324891886,0.7580905572930717
15,53,123,0.1418496132398742,0.22166063327039995,5.270164499765657,4.763429735361929,0.7130967058074492
15,54,122,0.14019599490491247,0.21572579692345117,5.0584197579916665,4.66616350618038,0.7308248637938695
15,55,121,0.14482611341253368,0.22559187156272556,5.944992876850353,5.165044665992354,0.7372324926227636
15,56,120,0.14380721367330815,0.215127651537826,5.426361235861203,4.648495800389891,0.7342371803865114
15,57,119,0.1444528973375319,0.2198223261962127,5.310656801647472,4.532818232967174,0.7147994022326504
15,58,118,0.1503835852124215,0.2356429408033454,5.972453546945099,5.234853285940991,0.7145979649813607
15,59,117,0.13517013756329685,0.21193836436711683,4.856374099141302,4.641449209310088,0.7363862464733858
15,60,116,0.13810219672561258,0.21813575660183032,5.440815344424274,4.4151369704784535,0.7237295883207392
15,61,115,0.13719070818924492,0.21987533197562323,5.3772175519466225,4.1793842072702505,0.7299511330081428
15,62,114,0.1397795909921139,0.22585605936602995,5.509538496840795,4.9203785754266365,0.744895644458044
15,63,113,0.14465943882276686,0.21919471211947428,5.523313293739674,5.108997123751714,0.7216955802693913
15,64,112,0.13803296180396452,0.2103659297971888,5.619180754255229,5.636699622586812,0.7425716486029162
15,65,111,0.14778923063821425,0.22185908818085673,5.427250383646806,4.956738742192199,0.7326282269788608
15,66,110,0.13928169293103995,0.2191813489564122,5.525074937594862,4.62547438738514,0.7604452620436724
15,67,109,0.14051543616681422,0.21816831571670364,5.790428085108196,5.401376817220909,0.7336626377335074
15,68,108,0.14167810618980994,0.22864358217626,4.991218079823393,4.327395939327776,0.7023217450340176
15,69,107,0.1448658972869695,0.21393830631660946,5.587958363744638,5.583552848282413,0.7214738834419878
15,70,106,0.14097668594030902,0.21540621406592636,5.723388677923145,5.0354724924619365,0.718459317187445
15,71,105,0.1525210035302657,0.23109070386613206,5.173610337703809,4.637556092511965,0.6588412414031422
15,72,104,0.15681028251684717,0.2317597092164747,5.615221658444513,5.296012525477801,0.6506492037083313
15,73,103,0.15542328964302704,0.24223920943530752,5.248007130284281,4.4762118854894,0.655938864443028
15,74,102,0.15394459812685907,0.23904763954617206,5.3711264054545165,4.899683263806706,0.6696383302699679
15,75,101,0.15015648302132953,0.23457374725395974,5.283655423561183,4.432307130354234,0.6751885349853015
15,76,100,0.1571624691341672,0.2371849616120666,4.929338770468229,4.767848468035184,0.6615708198445618
15,77,99,0.15894616107216375,0.2392620297241556,5.049288080716338,4.367232082352295,0.6554821850947834
15,78,98,0.15180760065527954,0.2318011474235322,4.850314987241617,4.248552394256004,0.6809087654773702
15,79,97,0.15504816257275855,0.2357336557088331,5.318536319345463,4.337346738196973,0.6735249394169491
15,80,96,0.15937051825034068,0.2441352721292718,5.38954629073627,5.090227346894514,0.6702577323438227
15,81,95,0.16590252523973967,0.24081787407739558,5.323417770021188,4.782936656521764,0.6574199228683844
15,82,94,0.15590029000842895,0.23668059706676292,5.920503477216972,5.785970594187361,0.6723442336480172
15,83,93,0.15059421230388995,0.23099531535916437,5.22063374519551,4.509900909482188,0.6874675700466397
15,84,92,0.14919960227293239,0.23466366898568275,5.45565749612696,4.788198549944605,0.6810846071754314
15,85,91,0.15405825225109798,0.23307097234453605,5.1377100713994555,4.339121566626364,0.6741629106058522
15,86,90,0.16350198147842157,0.2376199149081763,5.417342552527874,4.90636326389098,0.6829373924585886
15,87,89,0.15898895828179244,0.23545645850718588,5.026137166601184,4.424340103879556,0.6432905132993222
15,88,88,0.15118978997471266,0.2326731986243476,4.909780470195953,3.8772367324890906,0.6839804724164643
15,89,87,0.15606976754418062,0.25262463250361183,5.295817921780431,4.549829186981065,0.6881606253112742
15,90,86,0.15581551964046736,0.24507624046681645,5.183052457305343,4.992467183002724,0.6771870050063791
15,91,85,0.1560634096631569,0.238876340443415,5.147494319072372,4.261116787377938,0.6710084066365976
15,92,84,0.15406207132610772,0.24060789407666264,6.274328160110224,6.10832490348357,0.6687973799800982
15,93,83,0.1561620574772242,0.23664131071612202,5.867138315453315,5.426346874565905,0.6658798722432213
15,94,82,0.1546967743478761,0.24527830157178812,5.384936501335501,4.772859092668093,0.6693077526338823
15,95,81,0.15925440650118378,0.24306368339290704,5.4498596290301045,4.226886661393597,0.6876991371045785
15,96,80,0.16472183088999284,0.24530473755773025,5.232895287644432,4.59079695190528,0.6692110897536302
15,97,79,0.15590835609726753,0.24465921909400135,5.029105453205897,4.855612205898539,0.6674199027255554
15,98,78,0.14725769160269903,0.23709961725753861,4.532713759384654,4.197089687051766,0.6683662477969663
15,99,77,0.16016638854922144,0.2366874591472276,5.095713439365887,4.219838077087505,0.6657558213138739
15,100,76,0.15549678490903074,0.24081066620897948,4.9949759364442405,4.519200834593369,0.6656005764495377
15,101,75,0.15584125132427448,0.2363724294168804,5.774358887067455,5.163242480172018,0.6800757511280281
15,102,74,0.16404784237585937,0.25103245228188015,5.128645526391944,4.0556160666892564,0.6469965481235694
15,103,73,0.15420329075309547,0.24067573883650195,5.389338369929534,4.4551379038288665,0.6854161928176745
15,104,72,0.1529895984638259,0.24015466886188705,5.316401138539282,4.706494625056048,0.663309323395076
15,105,71,0.16022504830577028,0.24284009264933604,4.975958287133127,4.222216502285789,0.6690398135661774
15,106,70,0.15469693163338183,0.23758874724117227,5.059752768450091,4.065928752689733,0.6658912327051035
15,107,69,0.16515662156961264,0.24360589856757806,5.326949264429378,4.504393955761061,0.6541782022497682
15,108,68,0.15875950982997614,0.23737180264774124,5.29286204117965,4.487773540597746,0.659423576866727
15,109,67,0.16469053459311947,0.247800277393689,5.315510313167733,4.644695489264607,0.6610823477663417
15,110,66,0.16675530774824748,0.24139827873253075,5.0259400810531165,4.644363950031329,0.659544513107901
15,111,65,0.1638489305687,0.24028960143412484,5.418977976646867,4.984193382797551,0.6511093808517537
15,112,64,0.16268858232489403,0.2308428387091165,5.1234274130390585,4.5181729310233845,0.6712015968553982
15,113,63,0.16480365959999413,0.24441064767041326,5.269500485136075,4.418839857025806,0.6683852129074537
15,114,62,0.15293724851453472,0.22883044023003413,5.130636372957091,4.833005296122129,0.6604269513611639
15,115,61,0.1613318740731417,0.2456802696093144,5.003299983784318,4.49486506866346,0.6762972102678612
15,116,60,0.16413355700911697,0.25306468517266395,5.502294496932486,4.470692574724007,0.6250034837235966
15,117,59,0.15571152922245338,0.23298391632552207,5.463483891617303,4.5571467390209115,0.6710534907010584
15,118,58,0.1579185248402397,0.23798043442032668,5.34477982233504,5.01766134148131,0.6794624170316299
15,119,57,0.15936815006970131,0.23760182392979864,5.3113064917577315,4.423210286074095,0.6610404317973031
15,120,56,0.16560366636499377,0.24340533756162058,4.947518095428455,4.501360352514708,0.6693422126809402
15,121,55,0.16220718667707665,0.24252969901283944,5.730260474009001,4.94854085756275,0.6747376847248087
15,122,54,0.16305105621425484,0.238386677633592,5.236556970654842,4.541889569005656,0.649347306502798
15,123,53,0.15927560918104985,0.24049971561044461,5.120002802925253,4.428205478985204,0.6501815099247141
15,124,52,0.16314503894722607,0.24616169848523856,4.904917590708725,4.235137507964333,0.6634765872072097
15,125,51,0.1599134314072733,0.24980799837660855,5.315642599902283,4.433239976672304,0.6846975383488569
15,126,50,0.15934538261025852,0.2438099950749983,5.33648018724119,4.586210665533079,0.6608735782232135
15,127,49,0.1602710634938013,0.24687987792592328,5.171399467428481,4.198859747451526,0.6521248148240656
15,128,48,0.15943878943722997,0.24338261223299615,4.861252134434863,4.202545892406688,0.6428435998335431
15,129,47,0.1596206813463299,0.2450313463954084,5.522699862819641,4.752795807147463,0.6528321099265174
15,130,46,0.1601167860334531,0.2391191282971252,5.14224011948059,4.273286302255812,0.6602620689553399
15,131,45,0.16648016991060377,0.24860074169330862,5.656345349636169,4.694948578688787,0.6635945226590665
15,132,44,0.15998861024246494,0.23346170233381353,5.1557415806332365,4.159299873140674,0.6702558371317707
15,133,43,0.16021970351952647,0.24462052934092104,5.250535206120116,4.322715814218217,0.6507877385334212
15,134,42,0.1627906857342893,0.2492887143276622,5.424963887317125,5.36949003054902,0.6511235055628162
15,135,41,0.16452523693280233,0.25032787071209966,5.5760600804875375,5.370098391863576,0.658127481517875
15,136,40,0.16622822709652504,0.24573533453080773,5.109153117435854,4.510883252380849,0.6338422780639348
15,137,39,0.16809483143551843,0.2465841963570285,4.880623584863423,3.970958691628254,0.6373486664435142
15,138,38,0.15973788445297943,0.24337215613034582,5.420159284004132,4.684370684694649,0.6729597141479757
15,139,37,0.16028382569718225,0.23809382004852486,5.308260972359626,4.24850856433989,0.6793618259802369
15,140,36,0.1649167948511395,0.2483159764599265,5.174095723917774,5.3614487260919,0.6434312831897394
15,141,35,0.17697692328379888,0.26835875192438213,5.338527076403153,4.341564129099057,0.5733702329245363
15,142,34,0.18384425551213143,0.26577022215888996,5.120101933243719,4.529021539628374,0.6040639239318878
15,143,33,0.17928865488722057,0.2647685340177101,4.814436298008566,4.429743727689469,0.6021068622228646
15,144,32,0.17598036405174258,0.2569965149157542,4.849703841103985,4.249668916579766,0.6014879987634171
15,145,31,0.17718981541383494,0.2486025283849025,5.3445861211494705,4.86305710624047,0.6328443018764006
15,146,30,0.17903279552196522,0.25649368657350047,4.900996999240225,4.706043353666988,0.6003837338602331
15,147,29,0.18387863652262648,0.28060899012402746,4.756632937242983,4.647141261633196,0.5845873881657007
15,148,28,0.1846221549374764,0.27298507569720115,4.869655155423827,4.3139848659873925,0.5975442517758612
15,149,27,0.1836851203998269,0.257812038368976,4.6057160896710485,4.1165016289282095,0.6139803340021774
15,150,26,0.18594049837509838,0.273618660663582,5.196015764691648,5.5014230818491505,0.5801652479979919
15,151,25,0.18624307236900203,0.27185707994955044,4.753761776144154,4.327029922921643,0.5891165273341574
15,152,24,0.1949503340260717,0.27738864696654164,5.202762447554727,5.001672231147222,0.5679518556927534
15,153,23,0.18194283821840723,0.2570364368833765,4.973072136479725,4.766830061330703,0.6202162062855209
15,154,22,0.1793192925210225,0.2560577924134712,5.341438372602748,4.53394915149893,0.6038097561152328
15,155,21,0.18511168802800948,0.2703144595367235,4.746146243957748,3.9197265023139476,0.5853930041431791
15,156,20,0.190757590838224,0.2664671097832967,5.211938619492939,4.622408631667044,0.593472357026912
15,157,19,0.18908822088698155,0.276749024099373,5.56846393624336,4.503737647838929,0.6090385982972792
15,158,18,0.18963904584048955,0.27010565546075505,4.931919856417808,4.702080665835586,0.5744297107855559
15,159,17,0.17546690264670461,0.2536820724870415,5.1542071823788,4.049746717279415,0.641555669565799
15,160,16,0.19399664926992763,0.2854580134507586,4.6196417507583964,4.231226066915196,0.5724313083319671
15,161,15,0.18559880061466705,0.2719433791965617,5.197542526569745,4.696869619393552,0.6134038875126826
15,162,14,0.17642071398209586,0.26659748816293527,5.343423388957751,4.746812827898552,0.6093191539051054
15,163,13,0.17074953860359565,0.25307933783340464,4.984494455710859,4.138614191678127,0.6253376853602877
15,164,12,0.17611645345560528,0.260162851482305,4.810899952177939,4.447038139256527,0.6251274785910426
15,165,11,0.18592944019489382,0.2664338930371896,4.581949128298426,4.440451993108507,0.5997153226542121
15,166,10,0.1797579166932846,0.25113756177690416,5.082936129828874,4.439717203569445,0.6404610816751022
15,167,9,0.19386967099492694,0.2792129815958063,5.16604374540001,4.492478945864927,0.5866763226655911
15,168,8,0.18462144589301055,0.265436728664728,5.717722834991113,5.503048235265427,0.6217255101529212
15,169,7,0.18909095336553902,0.2654391897226856,4.987281656846975,3.951036893297915,0.59939695704556
15,170,6,0.18901901082717293,0.26601288643654464,4.942629623995888,4.3225160731167325,0.5791477057721933
15,171,5,0.18665327845280108,0.2707647703189969,4.689421575750885,4.341711604767681,0.5835969667722274
15,172,4,0.19596430277279422,0.27020703925092115,5.3248548258764465,4.8897504997064525,0.5911230872272906
15,173,3,0.18082905049427817,0.25670711794645945,5.06246191214623,4.411365507034842,0.6159182373290837
15,174,2,0.19243533764725654,0.26584133983489,4.740575349111632,4.311485204132728,0.5994777647358793
15,175,1,0.1914146769010712,0.27461576058627657,4.923311981630508,4.4407189964613,0.5951568938699927
15,176,0,0.1827844278525364,0.26277643114595484,5.105378189888224,4.20802727071411,0.6040870317940441
16,1,96,0.12732116325855328,0.2112496617797786,5.419939068449745,5.2599239348623765,0.7580733407370522
16,2,95,0.1342244886745961,0.2189624790962571,5.476106514104864,4.813292609226456,0.7641657756352309
16,3,94,0.1289352135029129,0.21007383549627678,4.8515677142511136,4.256167837961011,0.7646796067041376
16,4,93,0.1384341882290437,0.21608191690441375,5.561172830382423,4.716454065627736,0.7422479379925544
16,5,92,0.13731633844392907,0.21893597493775943,5.698903058024543,5.237084970260352,0.7395593819654642
16,6,91,0.1340662342565813,0.21387745319821239,5.627617862247389,4.889046255747971,0.7427925462853319
16,7,90,0.13772720061741536,0.22296656262008221,5.563029632144767,4.594886684104607,0.7125304457880569
16,8,89,0.13862421868027142,0.22000077516572383,5.476461262456205,4.93454156930049,0.7576556295743185
16,9,88,0.13491490357231964,0.21911907979833445,5.697683607246008,5.3941488511296765,0.7364992092379806
16,10,87,0.13705768472030735,0.21200651754417854,5.254367057499981,5.181527445242572,0.7238142746203104
16,11,86,0.1338728024779987,0.21285934307101284,5.35282444178704,4.983412716121577,0.7540972556227487
16,12,85,0.13611013818426837,0.21887240588510812,6.290990977198021,6.504626406240811,0.7405798230829261
16,13,84,0.13640068964254756,0.20943351931746315,5.566135762566626,4.753967447337367,0.7473686519644568
16,14,83,0.13669870611032578,0.2070990487492434,5.666499196345433,5.324836633204721,0.7493324515718252
16,15,82,0.13661173196845872,0.21809757170897076,5.459751498756178,4.439895135776656,0.7403267870024359
16,16,81,0.13686055882471587,0.21750328394026366,5.34067559885758,5.120009507726349,0.7362096873767203
16,17,80,0.1341778553226969,0.20632474242212046,5.194375439485178,4.334544106193709,0.7469754020207756
16,18,79,0.1456105034618145,0.22241556802698567,5.958829927283514,4.766950628244646,0.7624633312560003
16,19,78,0.14020122057029274,0.22044740542799818,6.128938747600049,5.896399088130056,0.7378941806458392
16,20,77,0.1385031668562942,0.22217807959820776,5.711143941917452,5.50028880826482,0.7280438640465001
16,21,76,0.13642815019271906,0.20964817647273784,5.100936021400124,5.390653066957564,0.7629822727640816
16,22,75,0.13669244231782637,0.20637649228899563,5.564233931453578,4.419418230140474,0.7409550590454766
16,23,74,0.14161504515340081,0.20532625327801882,5.916246089684745,5.068946534587801,0.7523432210526553
16,24,73,0.1402519464268959,0.2072506045502292,5.00504023339498,4.306152362808272,0.7530115064563526
16,25,72,0.13951072243406715,0.2085445588484804,5.070235574566743,4.443676129039457,0.7475406118426323
16,26,71,0.1401326090258882,0.22007898763966238,5.194622513791122,4.7125322928793345,0.7302847278438004
16,27,70,0.14183531530615803,0.220547602573667,5.384670335048373,5.015250178590625,0.7334563399604713
16,28,69,0.14006103018128474,0.21053992038287042,4.971884092701723,4.170502838517984,0.7105151795952359
16,29,68,0.1337528322730215,0.21031929166981747,5.287530677718866,4.813364993177392,0.7506537910828303
16,30,67,0.13887726492932287,0.21828012781039455,5.074519535559169,4.470059533873847,0.7130850678408481
16,31,66,0.13881533475799493,0.21742126640621334,5.889764737529527,4.8339633053183295,0.7271334929387538
16,32,65,0.1390861682654871,0.21075434443001795,4.98685223936641,4.099528708362043,0.7518286080211998
16,33,64,0.143290571127123,0.21266154070109933,5.0178153360801545,4.14207597615227,0.7338688104990083
16,34,63,0.14204247286170635,0.21182955006212997,5.069832482892069,4.472016767758219,0.742850268808011
16,35,62,0.1481379040438402,0.2143268141963055,5.548317789236615,5.3437650083910375,0.7396954394450026
16,36,61,0.14507410959697192,0.2171355676532845,6.008852481929967,5.424176923267978,0.7369323812662123
16,37,60,0.14315620412785574,0.2196668264463142,5.106633663321762,4.689126785876474,0.7230318193357397
16,38,59,0.14208872697312663,0.22139995878616148,5.723868676521555,4.907003855088778,0.7432121439468132
16,39,58,0.1601449271884152,0.2313669666605955,5.298817968433662,4.7544214892039,0.674569509472672
16,40,57,0.15696615104852846,0.23552941883608275,5.702749787756231,5.08628855557306,0.6855204931992527
16,41,56,0.15657582828544933,0.22910435706665194,5.253347048504313,4.542595626187859,0.6483630759774363
16,42,55,0.1491296470976258,0.22965604870312875,5.006501844106591,4.331813253185844,0.6891013897653299
16,43,54,0.1526038308025513,0.23907430125186505,5.061733464391992,4.113886257040528,0.6804797092306423
16,44,53,0.15512233371200196,0.23792740873491824,5.978843844809441,5.31816392046414,0.6761283301733103
16,45,52,0.1498050870784067,0.23670129720191893,5.513679978238201,5.0523351585932135,0.6775882239033837
16,46,51,0.15400172422934538,0.24272956139078725,4.967063728276718,4.708214711314251,0.6661701481735793
16,47,50,0.15106021492062185,0.2364685519727858,5.459086824294047,4.710744365268533,0.6742911279598418
16,48,49,0.15394387018770925,0.22988860443397882,5.406230112517691,4.84253913219476,0.7085233430213219
16,49,48,0.15106560744659617,0.2386259642862105,5.516347131747619,4.584332375798883,0.6959058885509467
16,50,47,0.15769383072747542,0.24043686555788776,5.705191380537868,5.305748335519016,0.6557442797855219
16,51,46,0.15929558154351567,0.24136205453626025,5.409172944038639,5.536416366092455,0.6632618618648976
16,52,45,0.16295562845435063,0.23779970028200711,5.741054696385046,5.39501893226821,0.6667287157644919
16,53,44,0.1618304591970741,0.2400185653550589,6.521179760147634,6.733350592457401,0.669418461628835
16,54,43,0.1647457196984636,0.2501129511047594,5.2068775029615395,4.607602877746737,0.6523067826579699
16,55,42,0.15651024755142914,0.2440632171666062,5.817059244741913,5.27168709625301,0.6783656124989342
16,56,41,0.15912333231699252,0.2279683367199978,5.598004603001016,4.699789826524177,0.6666464798258
16,57,40,0.15911750316118692,0.23845670811639885,5.616628597353723,4.6257587043493675,0.6789612986599685
16,58,39,0.16751713669480575,0.2382245369194736,4.994537265654664,4.338841248967349,0.6372104373205865
16,59,38,0.16843018802167084,0.2469995770154054,5.6613271781430825,5.385218631393029,0.7038622927096767
16,60,37,0.1666157535478952,0.23631751003929835,5.55523796429371,4.644603283047711,0.6489951833364421
16,61,36,0.1537045991128579,0.22860638243943887,4.8860742691257,4.088360597302099,0.6867899562624621
16,62,35,0.16059914105239703,0.23636988340081988,4.9941811291001414,4.899767601622684,0.6426945440562132
16,63,34,0.1599495198314728,0.24171242912520663,4.844386045323318,4.167971910634945,0.640487858998974
16,64,33,0.16428299607138389,0.23246135606990603,5.212693270450066,4.859534143375543,0.6624911311905403
16,65,32,0.1622160742017849,0.24907196829484674,5.620685790126296,5.685093611343563,0.6524851932855041
16,66,31,0.1615034658590488,0.24337007271819827,5.507223790305094,4.92561968018005,0.6366526882868592
16,67,30,0.16593906631601402,0.24896259793082967,5.242808455991987,4.678295399313065,0.6629588177371255
16,68,29,0.16699716998404504,0.23822838639049526,5.473243172113606,5.17370841220537,0.6285296718891555
16,69,28,0.16238519555038203,0.23607200981740195,5.482628723571554,4.822511420041106,0.6799650025786058
16,70,27,0.16583780058121977,0.23649976698425046,4.994099265227498,4.2736593664314775,0.6623019314461991
16,71,26,0.16156162179489603,0.23881432457841015,5.568169404581042,5.080343656954651,0.673028540296555
16,72,25,0.16253507987868915,0.2332963704731671,5.0128352706,4.648595676014496,0.658588094703106
16,73,24,0.15746493510071,0.23534197567224213,5.415723150537993,4.937797106080221,0.6574842430635579
16,74,23,0.1667760101170145,0.23781903001265958,4.928750430192629,4.964436965674303,0.6853672283117791
16,75,22,0.16792943883238448,0.2365271394196479,5.638924578543462,4.83333563593715,0.6635783070230237
16,76,21,0.17381660890785477,0.24253883681053376,5.465828630564566,4.272488214632105,0.6359083043325348
16,77,20,0.17113792787033127,0.2517246934177537,5.163278456104369,4.913707298137573,0.6452451659853419
16,78,19,0.18377475966393864,0.26628282394300706,4.9932580777705535,4.605769058443586,0.5899501348889095
16,79,18,0.18181907779417375,0.26125520044573936,4.625548063206361,4.06825721089122,0.6053680782889966
16,80,17,0.17302644930667258,0.24796282667859024,4.8867860993069385,4.7788683276805966,0.6468598101696451
16,81,16,0.17418213913346395,0.24708171197906606,5.247799335322242,4.58866155679615,0.6514646149791644
16,82,15,0.18048784875401402,0.2632636825887029,5.66656023038663,5.254393654328357,0.6015472787716128
16,83,14,0.18632637802514151,0.26066184631197375,5.107394120565395,4.268919539262046,0.609260856381536
16,84,13,0.18941329355440045,0.2650858313396806,5.530533373625742,5.526842514217003,0.5960383499367496
16,85,12,0.18395075696185548,0.25201782214109275,5.553515611653426,5.067804524884009,0.6257587711094251
16,86,11,0.18100540122975423,0.2529466309575196,5.037013457098244,4.00270858361657,0.6096788266935405
16,87,10,0.18916545610302898,0.26601847044952776,5.520456508249318,5.018209384870144,0.5853984118872578
16,88,9,0.1847324514371583,0.2566382914119796,5.4963708381368175,5.031922322517781,0.5910884629794761
16,89,8,0.18561866906132451,0.2688776530547156,5.35851202944215,5.011424906687826,0.6065087362221944
16,90,7,0.19324370002790028,0.2633758472023848,5.205109676712372,4.274829358399904,0.6084053018247114
16,91,6,0.1815841683129742,0.24373376845192765,4.766763788732675,4.567313986231657,0.6109631438188278
16,92,5,0.19491834912164188,0.26947227931363044,4.608475847660585,4.0052055847518195,0.5647636320108262
16,93,4,0.20122504228684768,0.2742242949493387,5.216592893265158,4.400290489340807,0.5710094063634776
16,94,3,0.18474252739487002,0.25364366532496585,5.444485851132906,4.605702814428497,0.6207092064433386
16,95,2,0.183185111578203,0.26600156397796426,4.714274725227536,4.050905446129785,0.5917781097586682
16,96,1,0.1780801741826409,0.26311323682568627,5.235747815926987,4.752642391567285,0.6035452600004524
16,97,0,0.18903254999621275,0.26797890141121766,5.246309156673544,4.893420119073938,0.5976711776236376
17,1,139,0.1280246655644879,0.21335860126064154,5.609113303874391,4.662853265232389,0.7464154090331034
17,2,138,0.1369015747574106,0.2289765567568635,5.500119724831412,4.912568190881495,0.7362921940984292
17,3,137,0.12922032858179483,0.21977877171133534,5.1925340318548034,4.254981114603614,0.7521356254353951
17,4,136,0.12906571874364023,0.22056673529603685,5.454652222930136,5.163601413870524,0.7390138558693474
17,5,135,0.1318434008123129,0.22352722012589588,5.367120863705866,4.3216187715479695,0.7460581349053483
17,6,134,0.13096223476471636,0.2234782190188043,5.879517591827853,5.052759094256019,0.7565455493349925
17,7,133,0.12993014188399607,0.22196524938815912,5.3959850528644155,4.979740651431709,0.7650027055480525
17,8,132,0.13246638179845524,0.22673445320742022,5.265132036344661,4.362939447057202,0.7551962597639668
17,9,131,0.1278188490627011,0.21726352785475408,5.883800994766625,5.023722356025259,0.7420656954303405
17,10,130,0.1315315693852751,0.2202419670986187,5.766341574003826,5.14592910685375,0.7594424120281678
17,11,129,0.1301550881122472,0.21809484637353962,5.303853462906988,5.930198284988919,0.7288480368500767
17,12,128,0.12815117687896574,0.21309200064052025,5.526608441261539,4.420337480642944,0.7452640532379282
17,13,127,0.1311217067379713,0.22383062331492515,5.229442197405915,4.671549050526962,0.7447889985161057
17,14,126,0.13085582144924157,0.2254938511892309,5.207528903482699,4.394308822584418,0.7606320143660575
17,15,125,0.12887535137700615,0.21994220150879548,4.963253273939308,4.017670369219896,0.7733044226666173
17,16,124,0.13471511838205874,0.22863989875961005,5.277070987195543,4.516437727278528,0.7431840565247433
17,17,123,0.13134830802658315,0.22252697815594957,5.320459869557677,4.680267241086928,0.742569433468077
17,18,122,0.1328945638829294,0.22321455331029,5.4511045425344795,4.688125510370162,0.7392784698890826
17,19,121,0.13423765534049348,0.22386961693386426,5.0472460836116575,4.704186634860879,0.735281796083418
17,20,120,0.13648243172327945,0.22450528218350338,5.5253353683520565,4.783649306031455,0.7310634198211066
17,21,119,0.1375590332178183,0.21992000850446478,5.628056408158995,5.4172147268084165,0.7293055330214315
17,22,118,0.13635829569143465,0.224386465992138,5.167506272932325,4.767193020827522,0.741860735275464
17,23,117,0.13380372096736923,0.21670279109016838,5.780203787074429,5.087091291852474,0.7472831480911675
17,24,116,0.13592570457695233,0.21917037261955946,5.495859662363504,4.591016114046617,0.7353264113260769
17,25,115,0.1360499733924948,0.21847933380903134,5.7897553867368865,5.171863832773635,0.7395149671861907
17,26,114,0.13925671654746183,0.2241678658754505,5.104657745593261,4.600137830584342,0.7365289301780725
17,27,113,0.13819610701521237,0.21983856410698405,5.484223708519563,5.185907351807985,0.7137558897227865
17,28,112,0.13391759006781467,0.21151295636432765,5.525894496023055,4.535623549939202,0.7461008720212948
17,29,111,0.1341103677735541,0.21438083826450277,5.342398012623791,4.714847347976332,0.732096439020154
17,30,110,0.13903311209922614,0.22360744103673993,5.75445603203087,5.439064236252562,0.7502278950458162
17,31,109,0.1303528688213821,0.21443772568329147,5.054331073858744,4.364740672945322,0.7433306099487893
17,32,108,0.13534016491282322,0.223411999049391,5.6401752821412305,4.6791807237360965,0.7391579702757498
17,33,107,0.13650581213191518,0.22589494435906599,5.507624633092593,4.8061335501616504,0.7235037293467175
17,34,106,0.13511740435780767,0.22056249262562708,5.218979626967304,4.699049890199293,0.7089535726643597
17,35,105,0.14134287284818414,0.2271431205031443,5.904511690801117,4.9023618173937935,0.7138554006673409
17,36,104,0.1377696888099351,0.21957339044159035,6.1052020692802795,5.378621396702504,0.7207543301281523
17,37,103,0.136999841423847,0.2195704054572036,4.936471344402094,4.3216926482635625,0.7473026548796606
17,38,102,0.13626556639183895,0.21822052565615266,5.909520190997474,5.158241067455934,0.738879617500543
17,39,101,0.13853531525643317,0.21972917289169827,5.145671815594181,4.555450745866403,0.7355018908983224
17,40,100,0.1440562245502866,0.22905628228777242,4.980846841621917,4.0308905675310305,0.723925630888302
17,41,99,0.13957765334476532,0.22064294921253613,5.559938058427232,5.702151062909323,0.7362182903091723
17,42,98,0.1377889547544816,0.22258900503029772,5.388902896100702,4.229765856039153,0.7321305404423991
17,43,97,0.1410859294181954,0.230369775429927,5.260528841799491,4.9089970493762864,0.7065964793252677
17,44,96,0.1397241725844231,0.22461310037162305,5.32102811212218,4.23262741691053,0.7489570101998206
17,45,95,0.14351501509104153,0.22950109073393665,5.726190051207533,5.065815242410001,0.7355895098943015
17,46,94,0.13944623355988375,0.2233247990695007,5.929492021622712,4.769520728990536,0.7637623457123907
17,47,93,0.13832622462823843,0.22225370403558503,5.663597754080285,4.725667748882884,0.720449198610616
17,48,92,0.13422609369709065,0.21550280696201926,5.236988627605985,4.812805185330727,0.7438806505761595
17,49,91,0.13846281161523213,0.2185163298654143,5.316007067731466,5.2633764018712945,0.7131001319225976
17,50,90,0.14054604792515157,0.22143077275573256,5.214990775248294,4.892582804159371,0.7518807916313666
17,51,89,0.14164398045015913,0.2252606960566772,5.368862133035863,4.226237997970734,0.7223450295684697
17,52,88,0.13855811684778604,0.21933181111718275,5.297233941186581,4.487369264483201,0.7331089745328315
17,53,87,0.146755434140144,0.2299663619866324,5.406957989612599,4.373363383190387,0.7228572790956398
17,54,86,0.141808400232777,0.22267491659820438,5.319094061954087,4.164847511520646,0.7240211609930505
17,55,85,0.1445196122907749,0.22269321126312078,5.177878511193058,4.682401109227677,0.7367689506030997
17,56,84,0.13819352244035746,0.2211838647654375,5.721299480160628,5.703351429938017,0.736995148167334
17,57,83,0.1552065979604939,0.24770517308318596,5.54636899720644,5.5746517165680975,0.6775308508898823
17,58,82,0.15133088431493805,0.24580551453353483,5.240070275551549,4.6320266750714305,0.63095099372825
17,59,81,0.14942584736185086,0.24910230189852547,4.908173610218755,4.189378937456606,0.6816064104671968
17,60,80,0.15060070348224,0.2526364852647051,5.016632870644139,4.614474491084342,0.6788099474780053
17,61,79,0.15266544575240634,0.2488205579258503,5.155859074450662,4.652045339109092,0.6618398334458762
17,62,78,0.1528836534224545,0.2555551258827028,5.585005889550839,5.129468430243091,0.6847174661214694
17,63,77,0.1464712180584076,0.24547005711507366,5.517831084912339,5.2645249687475415,0.6880000887121094
17,64,76,0.1521620535328661,0.25215004967782145,5.179373322409097,4.665122699264974,0.6555248149569223
17,65,75,0.1511026257612241,0.2559000915911945,5.119518109665977,4.566719972790191,0.6640393515186928
17,66,74,0.1534003202227593,0.2630328719223829,5.335247292017236,4.737781365215868,0.6764888395151828
17,67,73,0.14932893898993288,0.2529888863988983,5.180304215171485,5.136353328737738,0.6693619592511412
17,68,72,0.15618377836874714,0.23900167536821632,5.400405212455819,4.4927820324463665,0.6573603828832323
17,69,71,0.16014803340882772,0.24138857809498654,5.523509836808966,4.686085102428711,0.6780705666433413
17,70,70,0.1635240820777254,0.2503644762437873,5.030344009275882,3.9504390855489855,0.6502240660900326
17,71,69,0.15560454704067184,0.23753884887262447,5.206115832060881,4.07242043735454,0.6344368800300965
17,72,68,0.15329446523626342,0.23645539676437996,5.195346228052625,4.544038741801375,0.678584792465517
17,73,67,0.15960323558305464,0.24134385625998836,6.091492448106658,5.919147222080327,0.6688882039580833
17,74,66,0.1593417757742695,0.23983682678098184,5.115799514136249,4.447546926179292,0.6872890413643546
17,75,65,0.1621585503458099,0.24545381982256834,4.961725145915917,4.383980774501151,0.6518641965927405
17,76,64,0.16264235777589808,0.24338810319179907,5.000240302717174,4.761571442277984,0.6529357611877303
17,77,63,0.16425780281317737,0.24731367448489708,5.404205413879695,4.72933331081388,0.6588363501788267
17,78,62,0.15873746702681688,0.2355182703275238,5.011264827250184,5.141275453779073,0.6599026273305658
17,79,61,0.16627135186358588,0.2441844200901926,5.270972151876022,4.549694460923058,0.6679638021986688
17,80,60,0.16605484578851457,0.24469875949773884,5.840221450179342,5.014593487915828,0.67777717496247
17,81,59,0.16995743120154258,0.25292492805064465,5.892114587926526,5.265103296422412,0.6520980384836873
17,82,58,0.16285624454564626,0.2420204027150004,5.909631916942304,5.134540288987756,0.681677567345153
17,83,57,0.16635607073550807,0.24217371743513827,5.05681046237857,4.146359170484318,0.669539226738299
17,84,56,0.16500684794092868,0.23682605804176168,5.0510775794405145,4.465561928189562,0.6779441262952051
17,85,55,0.17418237046657956,0.2425832852232688,5.1151998596902875,4.140348451701143,0.6583269154055613
17,86,54,0.16692109679519065,0.2339654569616378,5.546930126103591,5.230699525056907,0.6775329050344291
17,87,53,0.17584369167086097,0.2477805247340152,4.615780905287515,3.9247693160611745,0.6459771907294499
17,88,52,0.1652409082478411,0.23851326303087098,5.236071795413625,4.676095756821148,0.6678576481203911
17,89,51,0.1635223818185122,0.23388756459309973,5.269747481671143,4.800001914586412,0.6595647679734585
17,90,50,0.16472841438670388,0.23747966864649056,5.131833258234067,4.63264158357934,0.6348956653582423
17,91,49,0.16857904642330016,0.2430866476975247,5.505347045560109,4.657072107043962,0.6765360637109948
17,92,48,0.16890262158980418,0.24458179635887928,5.229788872504859,4.672772123541849,0.6448877318804137
17,93,47,0.1671608386030982,0.24161059711837593,5.122959386636115,4.210788635396148,0.686015949027179
17,94,46,0.16837702698142457,0.2459597848253025,5.606728835961233,4.805642463279491,0.6507713498427788
17,95,45,0.16886981447703978,0.24838058305505703,5.385527243477103,4.80977415678474,0.6414025607457038
17,96,44,0.17072748587056,0.24373464640828824,5.16053760822643,4.37979443734407,0.6577635817534142
17,97,43,0.17028933579795166,0.2471497596451511,5.126399923232734,4.154316534255181,0.6642076432954138
17,98,42,0.16911611663194337,0.24890928224271253,5.199802170248219,4.459801331991793,0.6548616022765235
17,99,41,0.17034193206183776,0.25167046888579747,5.165789863652391,4.963483194448942,0.6415344733666445
17,100,40,0.16814641467764982,0.24919622392261176,5.337641482064782,4.202979868627803,0.6641176338312951
17,101,39,0.17129578488302308,0.25335420733523295,5.337452260931775,4.591970433927558,0.6531800020234569
17,102,38,0.1706485570171383,0.2583898767545285,5.038139530106275,4.7142278229822105,0.6317854885644839
17,103,37,0.1703076747260072,0.25876780782150277,5.149369388799906,4.34605164409761,0.638468843102697
17,104,36,0.1635671137200488,0.2561809981779314,5.2276422335905925,4.474371893424608,0.6588995522450486
17,105,35,0.16691217750248583,0.2590754248454904,5.211140455495823,5.1945511450972495,0.6677340252308371
17,106,34,0.1681378402163537,0.2625273686141726,4.928013567013595,4.228377453615623,0.6410312064855005
17,107,33,0.16299931441400212,0.25551187201953995,5.2126848987058665,4.228962368529664,0.6655060337014002
17,108,32,0.17322155424092897,0.2673897314055429,5.107653292658274,4.268469811759872,0.6104198594899859
17,109,31,0.16373581246844407,0.2539629870210231,5.425486213641053,4.356915260466958,0.6617284921718662
17,110,30,0.17216942013426703,0.2644836694511557,5.518649366703061,5.162164114311995,0.6518974791272514
17,111,29,0.16476570539243177,0.2553827455964526,5.771397243602202,5.333059927269734,0.6630315919313079
17,112,28,0.16520575241905192,0.2524291169642557,5.196634760474834,4.511986110140305,0.6634599539969909
17,113,27,0.18701131192107887,0.28896263260177946,5.612677908099793,5.5029446537339,0.592226046460181
17,114,26,0.18391415010035833,0.2793804356243183,4.970584670924417,4.335060808269946,0.6121250067584424
17,115,25,0.1859806909496826,0.2801376703197514,4.948837124671819,4.041840197496689,0.5999038707140364
17,116,24,0.19441582017814274,0.288160557973002,4.995528297709324,4.533851085815784,0.6096905900298684
17,117,23,0.18943205514316347,0.27747107339544863,5.67953408478345,4.994360418811456,0.6173549219883412
17,118,22,0.1904529269807819,0.2788746385279426,5.209840839492485,4.506113882609782,0.60418873284924
17,119,21,0.17760635682834014,0.2643872497788181,4.984248754029441,4.398243496901806,0.6137223395917627
17,120,20,0.19206845880227752,0.2870530447876076,5.106910258949984,4.429217178012733,0.5980694755230472
17,121,19,0.1868995844171846,0.27571096743571316,5.007223777722304,4.913224746064102,0.6005033012172049
17,122,18,0.182836843082705,0.27176909216710554,5.002562055474385,4.219443066996748,0.6175414475205646
17,123,17,0.18275181776977834,0.2745333216290198,4.873263741479748,4.401644636736134,0.5885577488843791
17,124,16,0.18539339702041685,0.2810062769604432,5.3177001003676,4.406240422949335,0.6012930078452869
17,125,15,0.19663740710891411,0.2977906790687453,5.160352337921207,4.546589464583654,0.5652713566580104
17,126,14,0.18660270103682902,0.2793832724863989,5.534877347403416,4.500209833555836,0.6041493759539784
17,127,13,0.19599407488089832,0.2929709267173742,4.577059670315423,3.941351251033924,0.5669329327966137
17,128,12,0.19323119036833028,0.29153341156222223,5.169579546958754,4.360029087068947,0.5978142129892456
17,129,11,0.18195245891559728,0.27667058637832354,5.133890459012461,4.635243636382635,0.6098154951752623
17,130,10,0.18205331334990468,0.2722426464326567,5.283340961854006,4.300161521931664,0.6145050745003064
17,131,9,0.18776705463784676,0.28306896665887965,5.154004904734766,4.435150919828117,0.577413541318339
17,132,8,0.1858956696130141,0.27924910073495557,5.133217387369899,4.415254602236693,0.5985510884825529
17,133,7,0.19257229297610182,0.2876328204556565,5.380375967800133,5.058850470664478,0.5964455462716517
17,134,6,0.1935036151829874,0.2855001670423507,5.464459787013396,4.502634485368962,0.5969384129965767
17,135,5,0.18947709775089683,0.2793712439409507,5.71563061942649,5.347495282119779,0.625427622207913
17,136,4,0.18883240419020322,0.2718400719858443,5.196845313153563,4.507805774790739,0.6215761440566538
17,137,3,0.20255936750988085,0.298140830916328,5.316010186580597,5.05553378686687,0.5751155613698691
17,138,2,0.19505661299116056,0.292346690582714,5.1005332334136275,4.548209978259466,0.5918265446364026
17,139,1,0.19150419023081033,0.289405332044894,5.539564437275908,4.503789185217249,0.5990518813149694
17,140,0,0.19860425571575888,0.30051743438550244,4.653258191468481,4.251297105272821,0.5681295851462727
18,1,267,0.1422590391279548,0.20343601164074215,5.333960936566976,5.362421657872355,0.727203758000565
18,2,266,0.14188831689724568,0.202178069571861,5.305253273791363,4.141765345539414,0.7299905728891573
18,3,265,0.14149761720183443,0.2047592971789026,5.671339082704006,4.60600373300862,0.7197278873683292
18,4,264,0.13938555261984312,0.20078513277278304,4.928857752695991,4.8314966867027795,0.7384416327685834
18,5,263,0.1402044411904458,0.20173728443128044,5.634408241865355,4.554341352691102,0.7415437905511829
18,6,262,0.14608207203653975,0.21045187670035695,5.380552349130827,4.975345469755114,0.7344469696457769
18,7,261,0.14145189026811172,0.2079171061730412,5.427343592184711,4.32548389218947,0.7189013424719044
18,8,260,0.1411438065120841,0.20624279656816027,5.503823209552064,4.493827910976544,0.7272859564466841
18,9,259,0.14233995281041156,0.20618121803821637,5.46394203317401,5.309334865614418,0.7302425532454783
18,10,258,0.13929218628572107,0.20230807691788202,5.654423519985761,5.199714213361288,0.717884396484879
18,11,257,0.13681152900532453,0.19694783456978376,5.186561735350685,4.718018378039413,0.745431212543949
18,12,256,0.14526518212058867,0.20605506086993078,5.419447107842656,4.914173593167537,0.7305402534264788
18,13,255,0.140436019862437,0.19953006560788653,6.36336857449313,4.904747114369467,0.7497383241960177
18,14,254,0.13912180296031273,0.1999789607933375,5.497361976182204,4.32939185012804,0.7300835358878233
18,15,253,0.1402792622291256,0.2017807481196293,4.82691869336635,4.2217938555071415,0.725417776932762
18,16,252,0.14240090544123055,0.20465814301018337,5.371902636934271,4.102698356609099,0.7656928860427212
18,17,251,0.1452967535960362,0.2111233416497956,5.729915195290737,5.327342752079684,0.720662312026813
18,18,250,0.1416951638567732,0.2090237782309695,5.817381925639106,4.835052857061323,0.7329198250306835
18,19,249,0.14136126752011652,0.2079250488508908,5.110389121027705,4.422672616411288,0.7268223683821383
18,20,248,0.13903055571361453,0.20993777492432106,5.142644620991943,4.414345870289583,0.7417046448582911
18,21,247,0.14048108199642675,0.21030765993992706,5.552361359994755,5.051596900155718,0.7074737138593458
18,22,246,0.13972721216311287,0.2086233271199803,5.269088827317295,5.408975955363359,0.7374626985552878
18,23,245,0.13859362464144273,0.20949121134672452,5.3334875811425135,4.6638642485747885,0.7355226836877661
18,24,244,0.14031198768777256,0.21392813239657188,5.562778345251171,4.8673198199437575,0.7312262950763083
18,25,243,0.13678985880766165,0.21108256349208548,5.466327601266155,5.1678884120691775,0.7256457355356213
18,26,242,0.14071488241876917,0.21214896068408154,5.038698570719072,4.8503009656130995,0.739694725579521
18,27,241,0.13723443564776475,0.20979721463370454,5.251191168179289,5.043127261100286,0.7474929133306131
18,28,240,0.14155140337049613,0.21456404583552813,5.335667691018757,4.205070012050807,0.741056175219806
18,29,239,0.136168955957143,0.20708287855963187,5.51458386054866,5.200426279595541,0.7533733174047036
18,30,238,0.14302743197690815,0.21272765285742004,4.725431311453002,3.8406357859450138,0.7220514819941007
18,31,237,0.14666923894614903,0.21895560742549353,5.682211461896994,4.9476219341458245,0.7312918283547463
18,32,236,0.14229489512767832,0.2084658135563786,4.964527370783518,4.176719947940862,0.7315724728037142
18,33,235,0.14226014621603467,0.20983110954154097,5.884753278514786,5.4689358335827345,0.7377381098709171
18,34,234,0.1438715190392349,0.2092281877626712,5.667751182267759,4.364802051426834,0.7512139067991443
18,35,233,0.14511763564182625,0.21151578719601877,5.197796359948606,4.576863459853971,0.7295316703725833
18,36,232,0.14072833353774356,0.20669551546686513,5.700640174322135,4.831044774002397,0.7440599260799604
18,37,231,0.1412140337252644,0.20910276521694326,5.38729627918967,4.660157374306881,0.7156383677395364
18,38,230,0.1411787975303269,0.20859424024438936,5.471821978161444,5.054498114527523,0.7381054805132591
18,39,229,0.14321538601796238,0.20917109375202814,5.565892489219916,5.264509452082972,0.7616349888936539
18,40,228,0.1407609538571493,0.20484020174193737,4.919314066770124,4.127663885654456,0.7493330359644559
18,41,227,0.1424505038078365,0.20976115742156032,5.557983181525875,4.562719913044744,0.7519083833669874
18,42,226,0.1420381194865518,0.2108012457473269,5.635540102650531,4.821460513521117,0.7372783426729334
18,43,225,0.14241780041473015,0.21049174917680838,5.836125974570985,4.895007509506354,0.7398002524755369
18,44,224,0.13805883615161255,0.2048522620268733,5.522389711274096,4.705837147829444,0.7525538212923543
18,45,223,0.13762067408625162,0.20337685038926678,5.985382262179875,5.905496273059226,0.745681068312112
18,46,222,0.14086875921484412,0.20805162685469808,5.470455830797449,5.160861751062697,0.7660169146131055
18,47,221,0.1424011997377168,0.210019704418012,5.4376125834491384,5.042747494966766,0.737036434841653
18,48,220,0.1488921756510956,0.2159340317595421,4.93500550152276,4.6906036495414565,0.7250023734816241
18,49,219,0.14858438820344516,0.21628708537129884,5.029757844866928,4.128058764405506,0.7239184670406272
18,50,218,0.14560175089271699,0.21021583398671856,5.448763770961967,4.998990544166552,0.7504774869033491
18,51,217,0.1475600857391021,0.2122513094826626,6.085236872447602,5.072492410125927,0.7446473227297732
18,52,216,0.151425016164787,0.21447880659666269,5.68631247164964,4.806690109604536,0.7249645739785439
18,53,215,0.15083975936911373,0.21217508507168567,5.34623718171329,4.408071698464512,0.7362654713478932
18,54,214,0.1478125069357397,0.20535030460462791,6.018891393410728,4.773018224843358,0.7292523123271235
18,55,213,0.14526686778313624,0.20459256332913262,5.378878036587791,4.751932449277521,0.7139058594535882
18,56,212,0.14754463741493742,0.20833454943491272,5.042789109700063,4.93893270707188,0.7523315000569208
18,57,211,0.14685506957044892,0.21175855655142464,5.656492268245997,4.971420056761211,0.7581850402250332
18,58,210,0.14636313882182753,0.2123443412706693,5.235120711768581,4.763788024968769,0.7230866049181222
18,59,209,0.14860618074844206,0.21629503521524096,5.6171408293059635,5.051170656362456,0.7274424402198231
18,60,208,0.15269860584713746,0.21760652743742748,5.669171924633235,4.9092343473373825,0.7243941306535907
18,61,207,0.15048132242744908,0.21201336128406298,4.77256176461931,4.591230032805685,0.7159216091147245
18,62,206,0.1553985354978448,0.21844759102461692,5.008233331425222,4.823405586017048,0.726535786875831
18,63,205,0.14656710131804562,0.20886499218296087,5.307488095061438,4.867692588075896,0.7445664532309977
18,64,204,0.14979843409527277,0.21352469259025728,5.854889323056314,4.735507466133851,0.7497498127357103
18,65,203,0.148995401452377,0.21049728452523098,5.477860361798595,5.109335275426974,0.7151791240701364
18,66,202,0.15284248169367695,0.2157178431012118,5.001123955286806,4.33260959779639,0.7223569106056521
18,67,201,0.1428267722431712,0.2019186204303172,5.619927528504398,4.825534652051875,0.7397784601949212
18,68,200,0.149369464879859,0.21173950360923496,5.324459904340666,4.816720418613856,0.7194379659930263
18,69,199,0.1538413797558798,0.21776517551026867,5.138861824771981,4.553922538855097,0.7171938004381034
18,70,198,0.1511512391114273,0.2114686224951058,5.422715802870768,5.081577905807505,0.7342855209021122
18,71,197,0.15242812828574645,0.21483296558327866,6.259042230043268,5.283974050933465,0.7247638956580683
18,72,196,0.152442960120476,0.21339856991079464,5.653205846490969,5.023004690136779,0.7365268984318015
18,73,195,0.14939575609113248,0.21003166649373795,5.222197300694604,4.967894533918907,0.7245359937835073
18,74,194,0.1473036638868675,0.20460045239864957,5.203619896656299,4.536993843070496,0.7277101197671524
18,75,193,0.14884385879609502,0.2062437849814836,5.3486356405487925,4.46754956968864,0.7560373840813293
18,76,192,0.15443440670588593,0.2139547190787914,5.129678604627493,3.9612271293548,0.7066925446332079
18,77,191,0.15598595778718116,0.21669760434042884,5.484394677145943,5.080902984959291,0.7463752333109483
18,78,190,0.15278012749276132,0.21314004785405996,4.985762499987255,4.489221074149143,0.7255245369122493
18,79,189,0.1504076134925238,0.21484020304150678,6.048136008293524,5.19591956351882,0.7265304792849016
18,80,188,0.14547882355339256,0.21178763410055818,4.968847825871853,4.381692125142218,0.7239018837825235
18,81,187,0.14910916176285385,0.216551707301994,5.417925864660839,4.525205655804041,0.744941836186709
18,82,186,0.15635101097849785,0.22529683743495926,5.085557739525173,4.506275322925298,0.721996884005238
18,83,185,0.14409784944792217,0.20650856312673793,5.688815748695097,5.176260249519601,0.7332774246502142
18,84,184,0.1574937735894634,0.2214531212610602,4.946784697582479,4.6106350352454895,0.721768598830603
18,85,183,0.15410776313606653,0.21646814261011096,5.857670802883168,4.979569439532379,0.7338199562003894
18,86,182,0.15741005770643132,0.22768565681649286,5.491128884599611,4.928038172103151,0.7272010600901188
18,87,181,0.15135086475934847,0.21747319825403486,5.333582868488172,4.408082065037306,0.729704230978281
18,88,180,0.15183301941320024,0.21326876245428925,5.514223066036292,4.534779898611307,0.7378853313286046
18,89,179,0.15135904120650867,0.21265268572914722,5.570732132740541,4.945142111028849,0.7263919802340618
18,90,178,0.15802444239330102,0.22325222071923434,5.490110912041244,4.353962945544595,0.7287948101339987
18,91,177,0.15012914578832193,0.21383789615409743,5.314989331596808,5.021763790207844,0.7234479628925109
18,92,176,0.14816627836982965,0.21518783125930863,5.893444850768079,4.818032716826064,0.745292570721523
18,93,175,0.1590841317075783,0.23282181943253302,5.333373775199176,4.168010806635393,0.7084360979713993
18,94,174,0.15140724768042008,0.2295962268894386,5.505672998126593,4.794075537763607,0.7238374173858415
18,95,173,0.15089809882877886,0.22887848102580935,5.1365396536402885,4.379847442984364,0.720761186480827
18,96,172,0.14770348563988617,0.22094934421970813,5.254656000386429,4.3518374931837,0.7158190646220708
18,97,171,0.14748071752155467,0.22138792992956371,5.263773872793536,4.4899830425749006,0.7156499248738747
18,98,170,0.15200292680914282,0.23143487105381766,5.47016287857168,4.825925703466675,0.7290354833247302
18,99,169,0.1480496463174067,0.2254349413587406,5.557930761221968,4.544995225559994,0.7276187912167431
18,100,168,0.1456570410087519,0.22049137538000282,5.433881777586056,4.767394074261093,0.7283068114786321
18,101,167,0.14824732185599213,0.2216855578212556,5.347436136394503,5.030050349105033,0.7227408153797784
18,102,166,0.14811952458797945,0.2208333635583521,4.943975518812674,4.215149258019953,0.7230513465441089
18,103,165,0.15293018584406398,0.22578837045378278,5.498611593327654,4.383523676185392,0.7309420229148236
18,104,164,0.1443324314498563,0.21081290091908836,5.295731869215849,5.105253289567631,0.71303253885748
18,105,163,0.15317952319898903,0.22380341059982217,5.195038133037257,4.5950936905474835,0.7275779170120527
18,106,162,0.144866287388053,0.2138416555832451,5.15093084810737,4.648761445015014,0.7389195165916956
18,107,161,0.15509872257386484,0.22824002137615348,5.830618144324645,4.954252905951153,0.7259647426380029
18,108,160,0.16337440593339508,0.23985167149456618,4.9801780950225725,4.589911669587264,0.7024188231844795
18,109,159,0.1618133054149645,0.23863927829028359,5.95478796754968,5.464717033342348,0.6847478316073572
18,110,158,0.16568123200554127,0.24472673434881423,5.332760804848874,5.404623319298842,0.6622190997619005
18,111,157,0.16672494355011017,0.24805502445000197,5.115985225006361,4.213659560135001,0.6799794485133249
18,112,156,0.16245087535435,0.244024070490472,6.052389814150676,5.420062559303463,0.6473884416319934
18,113,155,0.16442537279579578,0.24628448945623785,5.532968916809465,4.672211286018277,0.6758684399273605
18,114,154,0.16103892071723938,0.24343784482678033,5.331454230085328,4.492588363770714,0.6665750197336792
18,115,153,0.16950035456765888,0.253644709104874,5.605712735165765,5.9998422501043,0.6658401900161351
18,116,152,0.16193600873496886,0.24051948421906555,5.167440428148929,4.707139527848963,0.6551478434321416
18,117,151,0.1671113945069644,0.2482632736448244,5.9126913674622354,5.405961720620658,0.6527888467246016
18,118,150,0.16466273844334134,0.24568267957294032,5.335960417994846,5.238454142704611,0.6682906463527057
18,119,149,0.16328581651745203,0.24386920941171153,5.118421502059108,4.310726563914724,0.6583052028740662
18,120,148,0.1695328852060635,0.2518852013089905,5.145095517706462,4.711178289257146,0.6495359941595352
18,121,147,0.16188327992206772,0.2387920502734074,5.198733791244226,4.72912025920268,0.6571495266909215
18,122,146,0.16402170434652333,0.2431731079737708,5.388667436151371,5.026284106155807,0.6702607721706474
18,123,145,0.17253194142521341,0.2538906219731531,5.815410009271426,4.686806395840016,0.6555139831069849
18,124,144,0.16101827506433425,0.23746062967018478,5.1001733791982655,4.708383380878668,0.6445526958800569
18,125,143,0.16594801817750646,0.24757194417197687,5.045752417730934,4.423123926987814,0.6450502618902724
18,126,142,0.1684777281667163,0.25060258123262996,5.206945933809898,4.732252216362845,0.6544828242337318
18,127,141,0.16293806837035693,0.245757659149443,5.449532333665195,4.627338008910563,0.6737248210108489
18,128,140,0.15893032132120793,0.2401226319808919,4.754525016305889,3.9451152419609294,0.6643315102358338
18,129,139,0.1629518790265795,0.24794145148579483,5.594403570494612,5.060767121360418,0.6542607429940094
18,130,138,0.1688270889956888,0.24835358430772222,5.190037600627562,4.39612837008286,0.6418401554180486
18,131,137,0.15924355804745244,0.23324570777853856,5.424398104892756,4.426459118267263,0.6903678489068749
18,132,136,0.16876023717390168,0.2447486324836233,5.47355636365666,4.957620532161864,0.6686927479916331
18,133,135,0.1659011975678404,0.23848172061736522,5.5779567348061905,4.685786216311738,0.6728682317274902
18,134,134,0.16668497239152613,0.24064126656861667,5.641562401451859,4.362298583171033,0.656145675963073
18,135,133,0.17226889388605063,0.25127087150822824,5.262172810248893,4.077369070002344,0.652260234308544
18,136,132,0.16338884463968886,0.23669615422258852,5.814495752630746,4.588180121935621,0.6768693557158978
18,137,131,0.17303304706742967,0.2520409042253941,5.096853281150621,3.919283435619355,0.6470340607224332
18,138,130,0.16478374940241786,0.23439439416331573,5.962768108837301,6.400796214029925,0.6702315782281485
18,139,129,0.16534605896424123,0.23706001512764568,5.263548463615065,4.895141754407052,0.6463293082500963
18,140,128,0.17031790790392617,0.2433268923183956,5.431281173699997,4.779498383266915,0.6823007177436382
18,141,127,0.16914094801188265,0.23977275561517555,5.798797873777501,5.907547243405165,0.6557190460758103
18,142,126,0.16652849994571997,0.2353515949715933,4.996458993146904,4.593537385977473,0.6637568842694687
18,143,125,0.1762993311355048,0.25278591411919077,5.313555437777662,4.260423990361935,0.6434517877698275
18,144,124,0.1701157217202063,0.24027182464480454,5.651814366279956,5.426782812022692,0.6721577997869104
18,145,123,0.17156777027168046,0.24527302452912664,5.119116466972848,4.645661928254716,0.638610384823422
18,146,122,0.1729908135929568,0.24331043942731398,5.307111258530736,4.225336045865193,0.6602514064000362
18,147,121,0.17094192950344786,0.2436063952694451,5.3397107652909614,4.521644716232732,0.6651443451623719
18,148,120,0.16537867399259684,0.23587919120334913,4.879018275784029,4.855862780994913,0.6517224279370464
18,149,119,0.1664406266346092,0.24116327636198995,5.57322042974317,4.516848646078238,0.6755026979737178
18,150,118,0.16693722881025497,0.24348837415771063,5.061590136915191,4.696676791102218,0.6611610710273181
18,151,117,0.17187607078088346,0.24877403982393534,5.103976881661856,4.655841886557267,0.670730438805521
18,152,116,0.17403945303693874,0.2517669244614145,5.317226210832008,4.866250641747757,0.6529034769137583
18,153,115,0.17154701587086155,0.246678687220575,4.936647978507141,4.251738966766906,0.6427741001182592
18,154,114,0.173698048362871,0.24859339338075312,5.1684898961451715,4.708995266760889,0.639729757646174
18,155,113,0.17861294501656558,0.25785043355370246,4.835785631268173,4.042444718598662,0.6387006614302527
18,156,112,0.16817996331977395,0.24010868332874585,5.104873290702697,5.0161577120394,0.6590899134257575
18,157,111,0.17007367343577098,0.2442329976872194,5.714365326807595,4.644240897601275,0.669052005259192
18,158,110,0.17047546496576046,0.24562812905469478,5.077039662106525,4.6832570272763085,0.6549898131891482
18,159,109,0.16751598142639756,0.24331286591695872,5.370503341345568,4.7004476037553795,0.6766440995086844
18,160,108,0.17591412169737305,0.25679588649373564,5.290151473688212,4.020054860938162,0.623966275273089
18,161,107,0.17815464920069884,0.2564664526666321,5.621380863743534,4.879017751505503,0.6359053928727468
18,162,106,0.17166044112544407,0.24454634680935614,5.3727411705885295,4.347728401874186,0.656593082063045
18,163,105,0.17346591680622275,0.24772341298804942,4.8756526092136765,4.353677570051933,0.6488633254278992
18,164,104,0.17780932648357756,0.2548726294694517,5.29611482260507,4.568611320107188,0.6549882490017601
18,165,103,0.1749253705654995,0.25045232098687004,5.5412338696526735,4.930959794956848,0.6746442856886068
18,166,102,0.16817920873057085,0.2424661570091704,5.637930127087491,5.232248752615283,0.680257938932206
18,167,101,0.1734699053779695,0.24837054868874214,5.939974109728365,4.5308250161477215,0.6784837319998213
18,168,100,0.1772378751319263,0.2502475855835681,4.942397898320588,4.306985110663453,0.6503790630366203
18,169,99,0.1718684350870721,0.2437254329319734,5.665137074794178,5.56578051584675,0.6623295626927641
18,170,98,0.17253994045955937,0.24642206104841552,5.418687530933944,4.482723329670439,0.6727639023300015
18,171,97,0.17776893346560724,0.25193284372169783,5.081452931474047,4.751524690905645,0.6288977661487997
18,172,96,0.16988114883730007,0.24183529749927068,5.5211956267073035,5.073458768880378,0.6484561011527595
18,173,95,0.17179891893703444,0.24194777491488126,5.381070108800241,5.246125028981179,0.639307693380994
18,174,94,0.1780093156513366,0.24857754013583908,4.538761921873496,3.9876251933822484,0.6286578161135062
18,175,93,0.17521106919484628,0.2453989442798829,5.385220317099345,4.620279667139753,0.6512659052398451
18,176,92,0.1763691611662623,0.2483328560550549,5.011787561356441,4.269707414644022,0.6565651936683626
18,177,91,0.16983952641459102,0.24394653710865155,5.828181871907113,4.991537348720036,0.6495533049705454
18,178,90,0.16887031654503937,0.24666976748007477,4.962964311228079,5.219367056091668,0.6486223210926967
18,179,89,0.1741598033518014,0.2564674813501762,5.3651846330814585,4.487122008304956,0.6663387070694986
18,180,88,0.16742074559738157,0.2505560431539268,5.015239670647989,4.366004520861258,0.6450230456197799
18,181,87,0.16460823087378074,0.24961986193035293,5.74610173976948,4.978967678458082,0.6814597596559112
18,182,86,0.17395087958903754,0.2641791356563463,5.25379257954961,4.835627799301138,0.6553474909060528
18,183,85,0.1730550723133083,0.25791220761197353,4.926910199753099,4.42593611203612,0.6509318473286906
18,184,84,0.17240172102122753,0.25722562306228164,5.660712114413818,4.892259914806602,0.6842002314872755
18,185,83,0.1734377085786423,0.25777406371150824,4.916882699860571,4.164725232954265,0.6558558227119574
18,186,82,0.17155291936802622,0.25212977471872905,4.95459589334631,4.078277636410595,0.644200412365151
18,187,81,0.1716639879867887,0.25307693537154935,5.05464604656156,4.664100544316762,0.6620825221395163
18,188,80,0.1743120265623642,0.2540853534290147,6.101374246610266,5.497923172343518,0.6679514548777651
18,189,79,0.17683613188255137,0.26069999749987255,5.989428471609031,5.181793458895406,0.6510583554142662
18,190,78,0.17064250338582754,0.25653471599159383,5.3323526124385,4.446620976815085,0.6498188076861688
18,191,77,0.16673221831545823,0.24904100785067407,4.71440251762254,4.675357067171748,0.6808525268174221
18,192,76,0.16473271830583067,0.24838110801570154,5.422494167590738,5.24968533895864,0.6656129895558498
18,193,75,0.17975881884053088,0.26533574093822426,5.247473551648499,4.603864007164368,0.6400815205585015
18,194,74,0.16810865775897327,0.25216514347414043,4.6929542863663265,4.443177873515463,0.6595032176935174
18,195,73,0.17444810153834978,0.2615041220567487,5.291127656522516,4.728087023297922,0.6368595025125642
18,196,72,0.1719619219926222,0.2608106399277491,5.165168266015844,4.681343814705544,0.6402174166316205
18,197,71,0.17184615615475518,0.26009672461839944,5.137069975041472,4.141995713589584,0.640000798795399
18,198,70,0.1724764943051364,0.25455961227295687,5.478670275503944,5.111039638781256,0.6508754378823242
18,199,69,0.17236245040434856,0.2560311495421345,5.299168083746253,4.41909502749835,0.6641188030265568
18,200,68,0.17529984450527475,0.26038776541111686,4.9933334056961645,4.183907510923116,0.6564898702989785
18,201,67,0.1788692978218885,0.26321742606690146,4.901499634752054,4.213481984935736,0.6452329966216671
18,202,66,0.17878453393567204,0.2543843023907279,5.339539830118765,4.715134853358793,0.659073801268534
18,203,65,0.17584736650469676,0.2515859664382653,4.979150466660876,4.356864825737352,0.6566973046337031
18,204,64,0.17771020338198162,0.2540800556332015,4.699592534854953,3.9517275564450163,0.6561130168928399
18,205,63,0.17468773147164077,0.25489649213915777,4.994661465777907,4.301291779018736,0.6490220754254509
18,206,62,0.18186129988764027,0.2647842891661208,5.359390231972734,4.851505715370372,0.6188497322526645
18,207,61,0.17532050682215453,0.2577462489626353,5.473810152152822,4.981726889288929,0.6504651621465578
18,208,60,0.17771474844793844,0.25521876648276437,5.066645312348157,4.350156260879999,0.6418533555149266
18,209,59,0.17661115601032126,0.25778763103822405,5.158376473588335,4.784736884504926,0.627737801898805
18,210,58,0.17817590495127794,0.2592263974565771,5.2408814081934745,4.36093971254163,0.6596413124125706
18,211,57,0.16736901602927948,0.24605814923712366,5.168864425960011,4.327273782660522,0.6676586809584824
18,212,56,0.17757224979287944,0.2629869568941847,4.845028233597671,4.406524280989199,0.6536158540210839
18,213,55,0.17170607992177364,0.25398004486613684,5.5572827964348,5.197000851392233,0.6585741926943024
18,214,54,0.1719047699498377,0.2522622437568857,5.473543359726106,4.534401063466236,0.6564995435048304
18,215,53,0.19624981353056506,0.28443469530958837,5.073933419190645,4.194622741968224,0.6027408963347398
18,216,52,0.18346926608001715,0.2660322072137912,5.165164741464295,4.838658400549544,0.5961773121451364
18,217,51,0.20526255720270206,0.2889189872198719,5.046334504948647,4.65558262803754,0.5432843757240802
18,218,50,0.19821119273094492,0.27344371383089755,5.836938749849519,5.736168361279238,0.5870850127829976
18,219,49,0.19465108407300186,0.2692233681664327,4.875844736886881,4.005858467886869,0.600064142393311
18,220,48,0.20454892864422844,0.28211500733402484,5.367757211044291,5.073333525218126,0.5843010122287782
18,221,47,0.21413190364649282,0.2993517882224808,5.029325101099406,4.178039192635822,0.5608230052438131
18,222,46,0.20251580794352445,0.2847579770507475,5.003923175834157,4.446039868429609,0.5728115995143546
18,223,45,0.202106941479817,0.28576820763757155,4.769001200344834,4.571587596363958,0.5746436856260326
18,224,44,0.1959618199392168,0.27735363126233153,4.83863044595123,4.0800976269404226,0.6022676339395238
18,225,43,0.1981174079504292,0.27924054316314767,5.062311465359157,4.2151269147774775,0.5841465304043169
18,226,42,0.2013265723378035,0.28281941379337533,4.9384426438924525,4.701661384092173,0.5801597419119411
18,227,41,0.19331200864041007,0.27327145329722696,5.601615428093013,4.750334781114054,0.5993823648918689
18,228,40,0.20334080706890767,0.28156861348839884,4.767395240110592,4.243161464320026,0.5752938258041951
18,229,39,0.20460827128491452,0.2804761808267576,5.191196516998117,4.483448448948242,0.5905335836631719
18,230,38,0.18817853591013425,0.26490101980994835,5.2862044237411165,4.921151495259598,0.630543513324221
18,231,37,0.19546736394684544,0.27701279002453016,5.140145650243053,4.313687947823816,0.5976161428750401
18,232,36,0.19457380373110242,0.2752105929672736,5.166832423953593,4.310190449291922,0.6021952506061816
18,233,35,0.20170451058156746,0.2885998847747281,4.962312482684726,4.594987422032491,0.5950000265310883
18,234,34,0.19923163667796057,0.2852794072989051,4.651855209190646,4.31415605047888,0.5580388798659042
18,235,33,0.2018607767565909,0.28692188251096495,4.9704409511444485,4.439502546621596,0.5766055413993558
18,236,32,0.19716124208430597,0.27810656656041405,4.948748667196305,4.733951238636755,0.6015750254578648
18,237,31,0.20321560939375713,0.29031981626297465,4.830549037762412,4.204381754406031,0.5562146372204767
18,238,30,0.19194219395937662,0.27549971671084816,5.085433805672977,4.171630008520625,0.6090622015009322
18,239,29,0.19734053539547058,0.2821387185184109,4.725071258724183,4.240187472393264,0.607749417437883
18,240,28,0.19766148546696952,0.2798160044612653,5.095970976981001,4.2025406469276145,0.5877164821107613
18,241,27,0.20264060504734727,0.2850363682312076,4.586058067477655,4.167532679539831,0.565919131654116
18,242,26,0.19385846212102628,0.2723506863956139,5.251459138848114,4.809085873166859,0.5913263404705743
18,243,25,0.19862344977119964,0.2744855952020428,5.068398801478837,4.689008043076027,0.6088189680808088
18,244,24,0.2000721852154915,0.2765066892001758,5.04077865783726,4.542236689297088,0.5762289184690411
18,245,23,0.21247371672440948,0.29328786035990717,4.993696265262407,4.63055125043981,0.5461952588325011
18,246,22,0.20097153951368807,0.28003427843307377,5.499125134675152,4.512158600298818,0.6088467579535072
18,247,21,0.19681073424796885,0.2758168401794524,5.127636186234694,4.774592713432164,0.5950229117390551
18,248,20,0.19626788438072781,0.277339076545777,4.767471458637656,4.358108483073068,0.5982065207319963
18,249,19,0.19468083742064188,0.27343959454309946,5.198669986387575,4.443482293466358,0.6008787483197817
18,250,18,0.19787275789989928,0.2841261364300912,5.106753209594769,5.3609993907947135,0.5826896314070433
18,251,17,0.2059618560037037,0.30162600256352146,5.372146851246174,5.331295705208518,0.5535067828544403
18,252,16,0.2001657994156086,0.296334642176899,4.7528844015081235,4.28305277970434,0.5729692761302729
18,253,15,0.19782258787089618,0.2936768578921497,4.918217883420923,4.382607572475038,0.583523086373491
18,254,14,0.2099798883328712,0.3120391443521536,4.711116189328625,4.326355086157976,0.5537993573532314
18,255,13,0.20514798347216226,0.30190443116771193,4.902964463475096,4.341252085809596,0.5665394631167039
18,256,12,0.1949332418636828,0.2876503223882647,5.2447474547834005,4.226301458294571,0.612158305689392
18,257,11,0.20267617697604165,0.29717408867458284,4.938333103405576,4.082050347578845,0.5551900617353798
18,258,10,0.1956607269194837,0.2852325233568977,4.977290228310023,4.463669520457555,0.5887969599373097
18,259,9,0.19936523772525472,0.28977464331981,5.385179401518124,4.71108498313714,0.5763926305792372
18,260,8,0.19816928525133312,0.2904428731106007,5.07262371073144,3.907497852305247,0.5843500652813801
18,261,7,0.20400087136525968,0.29810430547715827,4.819594863338382,5.677471870415685,0.5396511957795866
18,262,6,0.19754146005442413,0.29428550390416464,5.356875390249912,4.48286314519922,0.5779703977181242
18,263,5,0.195145404898621,0.28722024810026703,5.246537332916557,4.606858981999223,0.6020829405085205
18,264,4,0.196138589196607,0.291855741548766,5.362815079788584,4.537820886676342,0.6042117373584859
18,265,3,0.20794845919417534,0.3076537567646326,4.908682091100239,4.202834275010903,0.5641873346733166
18,266,2,0.20871779912485225,0.30663486328612877,5.282714624232888,4.641101631244252,0.5682113501292968
18,267,1,0.2066433477450707,0.3012139397681315,4.7805396693388555,4.498808767312479,0.5649540145400112
18,268,0,0.20967099854532092,0.30370648567059183,4.669666085742854,3.9216064435580313,0.5862017953168117
19,1,273,0.13275499474417074,0.21002960128788867,4.93552016718266,4.687090484025643,0.7392277600812873
19,2,272,0.1303382117615588,0.21832208703809775,4.898810243084318,4.152939822081751,0.7551736272383787
19,3,271,0.13384209837103286,0.2157338895373252,5.733209177663992,5.07888248411721,0.7366247096337771
19,4,270,0.1337757675201484,0.22331396376350568,6.0708623256685215,6.749208633300228,0.7239013491462098
19,5,269,0.1266311635243456,0.21629716935471488,5.235756704622368,4.999191752300514,0.7412644656009991
19,6,268,0.13430008121473924,0.2095202910039854,5.379516759840341,5.076791824555167,0.7637362502835499
19,7,267,0.13304726404781714,0.21822471390387277,5.503664615143427,5.436802391913907,0.7463876365839006
19,8,266,0.13138613452945588,0.20464027884983804,5.421642865045059,5.235723430447804,0.7405859136898097
19,9,265,0.1397021493718943,0.21916360637280535,5.445698454344267,4.643280943706271,0.771497285785322
19,10,264,0.13148995727239668,0.2127552426082472,5.448837003395154,4.3533248634088375,0.7195266092217556
19,11,263,0.14072390363284215,0.2190105574975977,5.873434650953357,5.0512975945018,0.7248494992059443
19,12,262,0.13201809732024386,0.21911584930115238,5.39021616256634,4.40263403138639,0.7791302502168073
19,13,261,0.13589585977892416,0.20799793138404699,5.295212085879143,4.4147866889832885,0.7394793941972385
19,14,260,0.13882063863244584,0.21314857835352724,5.5545012815441615,4.826401766699857,0.722386181011053
19,15,259,0.13082014122683583,0.2165250941623197,6.161393326944863,5.1617436281651985,0.7461828737981054
19,16,258,0.13781833133722537,0.2126457932421458,5.332763548386895,4.62352887115707,0.7453086599714612
19,17,257,0.13146325750039076,0.22084908320138474,5.589389136850137,4.968935290309056,0.7569093254338727
19,18,256,0.1412013225450373,0.21272856060394077,5.940316078190579,5.160112111894667,0.7348615615431381
19,19,255,0.13428929155089978,0.2136680625902596,5.205307627910326,4.303403967090423,0.7485946166859029
19,20,254,0.13145935585486757,0.21832522622196188,5.264255541719535,4.172754042443285,0.7440492602389657
19,21,253,0.138399602813919,0.2222043883225686,5.240345706702603,4.371206941785722,0.7364627757180684
19,22,252,0.13454027602818097,0.22692309340358152,5.216380744903267,4.94630341269198,0.7224140948612577
19,23,251,0.13582007770306528,0.23029257666665248,5.349905439484598,4.6115729436378,0.7306230680367843
19,24,250,0.13695966908090934,0.22719677189226295,5.573237053375375,4.553442473353389,0.7549138407022887
19,25,249,0.13828639156038222,0.21410046919251946,5.54393250335782,4.784418703037933,0.7536641345246021
19,26,248,0.13183813444859088,0.22405046264828565,5.0659953199361425,4.691947309520988,0.7449455192110483
19,27,247,0.14724769694620618,0.22021411918082517,5.085262426541897,4.49505601860262,0.7228705693077397
19,28,246,0.13981382206733547,0.2289870330472744,5.501657822598254,5.39132130766278,0.7209476812624429
19,29,245,0.1329847175872967,0.2243138206763757,5.5302076017945545,4.9162146871072405,0.7537179685863844
19,30,244,0.13645512978874497,0.21769778624249542,5.397963874432575,4.073107697631504,0.7537285756279852
19,31,243,0.1333297664514754,0.22395954324884665,5.176967451214205,4.686722283072255,0.7345913883570716
19,32,242,0.1347115513214297,0.2290273461276158,5.684796344136956,4.593900338886075,0.7315414312845004
19,33,241,0.13083835585204603,0.22495053380729635,5.452529265003816,4.983817784857757,0.7335929867216361
19,34,240,0.13458269717510074,0.22217976339672932,5.94712905833586,5.399339490501017,0.752821418435446
19,35,239,0.134529385495113,0.22781898383635202,6.377591222813181,5.691429223071862,0.7396648577855605
19,36,238,0.13703677605861564,0.22518196240433191,6.161423916335048,5.296281861216863,0.7542773413345862
19,37,237,0.14000972231020486,0.22443114862108185,6.088680648432042,5.7805396646297,0.7184376014846531
19,38,236,0.14143707981533724,0.22192384011175992,5.323331229050166,5.313810164742554,0.7366547608546136
19,39,235,0.134163217897809,0.21734430906512645,5.186533539143641,4.480498498024919,0.7329187791205295
19,40,234,0.1506918235729388,0.21252494662251636,5.252828022531764,4.410265840594196,0.7398533625292402
19,41,233,0.14038792099114078,0.2217884750569895,5.340925144416947,4.770499921988596,0.7336662073208697
19,42,232,0.14179831929905468,0.21867077545349123,5.586938062003945,5.13954923028191,0.731717138217941
19,43,231,0.13285198706502457,0.22437375575387164,5.447747484114817,4.947259642833563,0.7267220370250898
19,44,230,0.14383947426686108,0.22856158803907686,5.622650087974879,5.785496476891416,0.7548616289161407
19,45,229,0.14400966938141474,0.23117704329448935,5.308640599285264,5.419336764876929,0.7395244811204333
19,46,228,0.13446557291904515,0.21623868339882082,5.1770591024344075,4.173827188313347,0.7437525303686219
19,47,227,0.1429613674484483,0.21603748004146348,5.3976461367408595,4.491302068869844,0.729261946740292
19,48,226,0.13341031261642483,0.22353566092277255,5.693445567303835,4.777071034569722,0.7508825480661852
19,49,225,0.13696448852956244,0.22053038760120222,5.507522267562918,5.31929263567144,0.7509685064265796
19,50,224,0.13681521525754933,0.23727379199159318,5.33756319550309,5.0617510103266055,0.7459106466948642
19,51,223,0.1388527565645008,0.22703844099378886,5.509890993567936,4.2857676917288625,0.7234466770411156
19,52,222,0.1417657993694922,0.21917949469573156,5.648944233586558,5.602321083012205,0.7233448602927307
19,53,221,0.1409280829773381,0.23006097967412714,5.8973818463023076,5.144452247203318,0.7198427805739721
19,54,220,0.1314642847418579,0.23752794645591896,5.360967241939219,5.826044398030882,0.7281572798499474
19,55,219,0.14408305077309047,0.23637544571745828,5.35986564441392,4.615901189641935,0.7227061189947412
19,56,218,0.14081734872844218,0.21953775660942973,5.586124351995793,4.802770774577556,0.7311528336546966
19,57,217,0.14442593730305545,0.2245997445523113,5.326704397834837,4.159094052811805,0.7195532244224534
19,58,216,0.1422228801687576,0.22492805274110164,5.4784519473080415,4.697558038320548,0.7094077561827072
19,59,215,0.13764730194751154,0.21884545775345252,5.242105244783339,5.010391154522219,0.7366394849892802
19,60,214,0.14745264771195485,0.22904590317508605,5.4831435315164185,4.728826586036747,0.7184149189465084
19,61,213,0.1417652017353079,0.21889220054364786,5.292248223151892,4.854026196869306,0.7542540792938779
19,62,212,0.14085366011364495,0.22706804471387396,5.418914130870949,4.846292057310736,0.7218599556518983
19,63,211,0.14155310166819557,0.21922151069872692,5.342733142622802,5.194099627605272,0.7204848408412775
19,64,210,0.14960389784570557,0.22275325089578563,5.14550597203287,4.468127917785906,0.7119201648110552
19,65,209,0.14563252478313202,0.22711876730432856,5.630845282702124,4.8344875261740095,0.7331045965275487
19,66,208,0.1390886860448104,0.23454729017876655,5.817730704919455,4.779870192395894,0.7517703672276388
19,67,207,0.1446039259605505,0.23096041207456286,5.3118632633074885,5.090092860584428,0.7395914409402234
19,68,206,0.1475536974915163,0.23671971332411512,5.5833256562767835,4.493651740227794,0.725323159672197
19,69,205,0.14194155253739757,0.2299946488553966,5.6487398377140465,4.640820696314739,0.7455468070206691
19,70,204,0.14019393418244142,0.22051268844408764,5.354652177763525,5.731215542897363,0.7498388350078418
19,71,203,0.14221401302231126,0.24066446574936703,5.1194890008521305,4.2850505296054795,0.7157200160847115
19,72,202,0.14464411317888534,0.2377453577215233,5.484505609189984,4.394750446751329,0.7173065326889484
19,73,201,0.14237998592483495,0.23343427921084078,5.559902348763225,5.137138819964838,0.7332567419069119
19,74,200,0.14738725574655714,0.2340000475814455,5.452710072281869,4.26020568077776,0.708831903140903
19,75,199,0.14219724715254228,0.22485171390358927,5.718059515355556,5.830300928448979,0.7470179723795755
19,76,198,0.14492395539415723,0.24007045685841624,5.544015312679331,5.652657283466659,0.7353089445543796
19,77,197,0.1531973445095251,0.22266499083007782,5.0367387541480335,4.217326650070554,0.7090045545974737
19,78,196,0.14148435901629253,0.23073668748249368,5.056470191981286,4.287340804213301,0.74372916591246
19,79,195,0.1387612629197065,0.22051067604584035,5.80300115388728,5.3063196127484975,0.7466269220804311
19,80,194,0.14304768140811774,0.22474556364644704,5.598937500943062,4.786515864406711,0.7303726084183695
19,81,193,0.1436453132366758,0.21988526971431205,5.801617826543987,5.3930266818663934,0.743040813979219
19,82,192,0.154756470363795,0.2345467597573736,5.892361216754084,5.406251029782921,0.7037256074378782
19,83,191,0.14404571302438196,0.23504888992230277,5.54036427420629,4.729555094691692,0.7142071392517525
19,84,190,0.14502259996732927,0.2330506820569989,5.986336961541908,5.143615311312337,0.7475662757978729
19,85,189,0.14363830312854106,0.24230979442107337,5.681529524642258,5.077662033663668,0.7335020331039185
19,86,188,0.14134976125177473,0.22302723765465035,5.335991252876352,4.615256261868586,0.744034690369438
19,87,187,0.14818480078375262,0.24426901734461037,6.2300541095332225,5.5515682382921,0.7264845565726837
19,88,186,0.14309934350477138,0.23171215508461276,5.261538042948771,4.612305697780012,0.738014360800924
19,89,185,0.14005753015925484,0.24541261049540308,5.817493098860072,5.069447031105694,0.7283570527953701
19,90,184,0.1370324851053675,0.2417647564608052,5.471705856285265,4.696157872847251,0.7205341335186731
19,91,183,0.1421057417168207,0.23856588654523778,5.467997267090784,5.146656035156819,0.7346280897205565
19,92,182,0.15145018479699093,0.23493561803339844,5.322884359798947,4.688423614359886,0.7224216490459701
19,93,181,0.13966750861978325,0.23685161664372034,5.170416276973366,5.324828991991684,0.7483507377695892
19,94,180,0.14170409876859308,0.23356546217449653,5.200051227514068,4.862841414413192,0.7259367536346157
19,95,179,0.14246141091385997,0.24454976686477334,5.682216462760676,5.073325845030432,0.7267292963349722
19,96,178,0.14164985591214088,0.2379746346692556,5.089607605500838,4.6744566191275085,0.7211571876941612
19,97,177,0.14596742448878863,0.22691619045582317,5.039244365774209,4.524122260740174,0.7195456246496418
19,98,176,0.14741671165165918,0.24369807451562353,5.167924057239755,4.716618813724908,0.7431561992768195
19,99,175,0.14499053389922512,0.24791685268905794,5.274768238681272,5.2014723560607194,0.6916118643098159
19,100,174,0.14790750633930494,0.22868284346837545,5.786425115983835,4.80095222546717,0.7090156064315706
19,101,173,0.14819535200497844,0.23677705174964878,6.0903933804016805,5.096114510847697,0.7086447562962795
19,102,172,0.15022663254771,0.23816965104995508,5.265677816572984,4.751713149537226,0.705355265921257
19,103,171,0.15319757914825205,0.2343746499469064,5.059396946009704,5.034700287968779,0.7270496232235104
19,104,170,0.14569463896706858,0.2365798409390802,5.123756669307973,4.645941614020817,0.7142883575593377
19,105,169,0.14446943481574043,0.24594931029700004,5.75837243222135,4.606591311298202,0.7137950148957336
19,106,168,0.14467693585279076,0.23543428407718453,5.566363480523905,4.588006504724248,0.7028314455576173
19,107,167,0.1460299211089896,0.23636194228492413,4.978132103648844,4.53997988285841,0.7093548280208235
19,108,166,0.14573046068246215,0.23788408137112443,4.933409579079104,4.147315403146414,0.7310330026059283
19,109,165,0.14838622579230495,0.23408054612125972,5.11230152937362,4.185953461461829,0.7154038024743894
19,110,164,0.15579085090896028,0.26126419942117984,5.563549486765589,5.033241183108219,0.6424810904641536
19,111,163,0.16165642198053806,0.26479134131207066,5.328493676485346,5.205820190263293,0.6284973171792796
19,112,162,0.1553194716162112,0.25289432033714065,5.506758922116068,4.4966188328233905,0.6796328191278609
19,113,161,0.1532367085821709,0.26873312867037324,5.729898447023718,5.304435250465608,0.6884219443118412
19,114,160,0.15303200226043842,0.26775099707131533,5.426436459831271,4.453595261032247,0.6756077679387308
19,115,159,0.16146487418820626,0.2496403388014647,5.264121751428978,5.144881632972467,0.658900911831519
19,116,158,0.16488786560494226,0.2531941380021314,5.291859175585744,4.370762447287359,0.6507310918889812
19,117,157,0.15971354814923963,0.2556277668887606,5.177744890926842,4.367149575963497,0.661383898890414
19,118,156,0.1604066996495683,0.26425576282574453,5.5131546081863245,4.785031457927403,0.6877416868970851
19,119,155,0.15919365316677045,0.26550824955228214,5.201335444353743,5.150556775357785,0.6629336730052107
19,120,154,0.163003177862036,0.24887164623095961,5.721099790801007,4.563713183451511,0.6673483336215736
19,121,153,0.16305414751413677,0.2571396581021462,5.741884436966506,5.023663904264211,0.6940747105881894
19,122,152,0.1625381953120445,0.24738037237804295,4.952363635540624,4.5503915343698855,0.6478958387737611
19,123,151,0.1591658792605412,0.25770942017573845,5.118377757453216,4.58097570427116,0.659014912090619
19,124,150,0.16211424420831622,0.2589117647369011,5.9585838519475685,6.304426755451724,0.6691805023520057
19,125,149,0.16554670204763997,0.27082861772700617,5.22610074763123,4.584765411625375,0.654521973382905
19,126,148,0.16397486902686692,0.2552069032312248,5.202762401055845,4.307551583038128,0.6638640039754823
19,127,147,0.15909664481334843,0.25417962575468966,4.959790822222843,4.4071362254458295,0.6899423759728137
19,128,146,0.16132292164395323,0.25803017250135357,5.691245653026966,4.515159722577767,0.6859235493907738
19,129,145,0.15268219627530116,0.24469920272102927,4.494147678745559,4.06728055618364,0.6678181190894582
19,130,144,0.16823300618935805,0.26879314307461916,5.395206279773193,4.779702586817927,0.6443007638592847
19,131,143,0.1683240863364955,0.2622036933707196,5.970816540337475,6.146130901127074,0.6482358355046798
19,132,142,0.1643267752782624,0.2615375588220863,5.386783286106674,4.61904743755384,0.6690702937906887
19,133,141,0.15973128881908297,0.24622452843586776,5.083878258965137,4.738791224740697,0.6731116803607686
19,134,140,0.16214669379507668,0.26201379403900377,5.549561263405733,5.513471966035061,0.6435274135666758
19,135,139,0.16731685201552762,0.25707455652312505,5.620827607695878,4.787239553920554,0.6632731443715337
19,136,138,0.16101528377106022,0.27080612982271646,5.504413930215518,5.306062081487427,0.6841443302780609
19,137,137,0.1611283859693962,0.2561450291977244,5.219448136179213,5.452407528585446,0.6506313259097299
19,138,136,0.15924784286965785,0.2543661587686002,5.6632742928407644,4.496671447308989,0.6917289538338067
19,139,135,0.16485976039817635,0.25654839414884084,5.279410203273631,4.706293183869308,0.6650853861251611
19,140,134,0.17215964770268552,0.25262423355665015,5.218127406419138,4.760521928638804,0.6591457339946891
19,141,133,0.16573034915895427,0.2510098805710042,5.04600153320593,4.013777350110874,0.6559918546103465
19,142,132,0.165611969953872,0.28119494990584415,5.398675816426838,4.873384829986718,0.6536179233309845
19,143,131,0.16468338756109158,0.2660972249246008,5.350994149839947,4.719471666959686,0.6682964244002977
19,144,130,0.16710848288870275,0.27460907588153644,5.679351631792136,4.655975649230788,0.639729641933696
19,145,129,0.168949505349553,0.2615534986354943,5.175055855121013,4.391368171040271,0.6569112307813957
19,146,128,0.1625790523604703,0.2582678657762065,4.961289019678869,4.433483971857792,0.6273427646572362
19,147,127,0.16328674795721082,0.26394371016527957,5.018234117972252,4.5324009016285896,0.6480879979728902
19,148,126,0.16683492452176465,0.27889783402988744,5.522096296427123,5.6043399485460075,0.6389309187541901
19,149,125,0.16531658900259572,0.26518079822387874,5.183324483817886,4.200496974649622,0.6342150965008668
19,150,124,0.1743442644527121,0.26994904194851255,5.548872206901946,4.83705819184285,0.6293877335587893
19,151,123,0.17568104625374065,0.28599287927047723,5.351152092139034,4.52983725201876,0.6627622623286736
19,152,122,0.1608630347835241,0.25905761330439164,4.962479793229075,4.068158533329456,0.6716159096413069
19,153,121,0.1717291254098821,0.2634232097521835,5.318763961990759,5.570049766055104,0.6631339515139346
19,154,120,0.16894960160473063,0.25844165001670133,5.020766695688945,4.345217751771588,0.6613527476045308
19,155,119,0.16587998500300838,0.25597977794844184,5.438472402029926,5.052939380082516,0.658323075566072
19,156,118,0.1726673524958098,0.2642558076109293,5.564387056923971,5.175634760342988,0.6399757465828461
19,157,117,0.1698180470503903,0.2855441834124751,6.472200138887158,6.276060767138977,0.6481769163156761
19,158,116,0.16910126575978812,0.2668950047412913,5.385154469566781,4.87037228981458,0.6619046772599269
19,159,115,0.16558877975226186,0.26897242656241643,5.798627376662008,5.326705063201279,0.6499243873938529
19,160,114,0.16553207391644567,0.2689981592267486,5.263709581450194,4.74975256178862,0.6478031313726662
19,161,113,0.16929451340993268,0.28791554386232376,5.666211818939982,5.013966498495785,0.6393091347046144
19,162,112,0.168247062128213,0.2879608283748323,4.958399139328641,4.50750691764161,0.6440226910340837
19,163,111,0.15871419662581335,0.27046857854633466,5.336778147037677,5.053661383991129,0.6716054870567868
19,164,110,0.17081338177123953,0.2819248321008501,5.546149088812089,4.6487295385691025,0.6559550874085845
19,165,109,0.15940425473497968,0.27175865639895563,5.303171329552796,4.39331007473639,0.6656413968188615
19,166,108,0.1660185321835378,0.2746551213487747,5.498060133543666,5.018100916977063,0.6380750000829291
19,167,107,0.16465444028458673,0.27460562595645843,6.010167516311158,5.831671079643015,0.6288612199159894
19,168,106,0.1647453162511879,0.271468332471164,5.419201679798709,4.327099993164197,0.6615400330555559
19,169,105,0.16931704368210204,0.2702950515069017,4.978081444529183,4.880305736693473,0.6647623020118278
19,170,104,0.1657323405024806,0.2801969909925351,5.272384762093523,4.420725248699079,0.6323428943213683
19,171,103,0.16693252944623804,0.28219347066680245,4.810216787028295,4.150110828559236,0.6391108075488744
19,172,102,0.16808914794458926,0.26424892926803617,5.055731883463422,3.927594071754768,0.6649293885121865
19,173,101,0.17795757034420795,0.2881940555436645,5.875713032341521,5.153990622152668,0.654636784385951
19,174,100,0.17281036184439663,0.28081721512544033,5.31927333337891,5.083166510791752,0.654774413689711
19,175,99,0.17487386978696792,0.2815161918635271,5.274956716801402,4.152073214076676,0.6443945934481905
19,176,98,0.15748649578884236,0.27494045158643543,5.38333253388355,4.909798195492258,0.6748223359381011
19,177,97,0.16964068235555488,0.27277516267355545,5.256499528436294,4.360696178678476,0.6457012407501391
19,178,96,0.1782385004595095,0.2711480676689438,5.089767118606123,4.798332836427239,0.6644752525647123
19,179,95,0.16698948822559617,0.2620079251995828,5.517385824963731,4.594944539212411,0.6307390574612814
19,180,94,0.1804690116484748,0.26080210726128866,5.1566070802819555,4.65722614823675,0.6346957089078117
19,181,93,0.17852551761918298,0.2773512648432031,5.1986142272548115,4.249767005350225,0.6296982776980213
19,182,92,0.17473181689672462,0.28915633420038805,4.88733370776715,4.028467811368315,0.6279159327787314
19,183,91,0.16415981110004527,0.27922984355531333,5.192990257178223,4.6606552682373925,0.6594275220523846
19,184,90,0.16686116181824917,0.2711092705468139,5.3927991709476,4.778797816465516,0.6494369049139632
19,185,89,0.17642723064864455,0.2846289512978254,5.362022367156026,4.720821143690906,0.6350187196409106
19,186,88,0.17261902721762393,0.2758258392656664,5.496745274499624,4.648552022829004,0.6543061595622889
19,187,87,0.16480015343002363,0.28350645489689585,5.84918219021432,6.092899323581114,0.6644561457082567
19,188,86,0.16379171237561282,0.25910661495308446,5.272336436878314,5.209083004822303,0.6623659281171324
19,189,85,0.17442950739258106,0.29051995385181517,5.574851207630861,5.165568895736235,0.6591653588408339
19,190,84,0.17358356762745616,0.28536433424368546,5.512738965625019,4.644971057253781,0.6367972876262293
19,191,83,0.1713423934239399,0.27868810304659297,4.968920011191146,4.5821566857634455,0.6463609454918957
19,192,82,0.17747235812350645,0.2890373343326227,5.452525920611567,4.725033937173383,0.6264979718397606
19,193,81,0.17330333555067995,0.28249971574305593,5.643315053021208,4.700604490503765,0.6647455494397501
19,194,80,0.1782814536379523,0.2773342949549193,5.12547802671018,4.7115820279315,0.6431467400527866
19,195,79,0.1669687165271955,0.28007101154053243,5.689795944698936,4.587719465667174,0.6871896850534172
19,196,78,0.1744393526865088,0.2916203180527745,5.248595676684982,4.304616631432857,0.6462393089302684
19,197,77,0.16712654334307944,0.2719206638597883,4.896253411707572,4.8603175457920855,0.6327423113825028
19,198,76,0.1726234526718056,0.27536286891902656,4.792114864583952,4.496965206276723,0.6531639680742438
19,199,75,0.17121581334975813,0.27470778617355956,4.921300036308747,4.330724743560106,0.6510201559302017
19,200,74,0.17114552305446673,0.27881428680615794,4.994228713626301,4.585221432042266,0.6321269457208436
19,201,73,0.16966571569707456,0.2816550509076011,5.6331093621209725,4.969158674029166,0.6496283499908603
19,202,72,0.1733445493375614,0.2743878692276479,4.806197394677925,4.513718622257241,0.6404600442662957
19,203,71,0.17661840272912355,0.2863597692991275,5.97365032673123,5.714275541537418,0.652778112991524
19,204,70,0.1749105637736873,0.27907837372435845,5.294939207907051,4.322837884801745,0.6417960180653982
19,205,69,0.17499063079054913,0.2844524610150204,5.3424005357276805,4.180306632123457,0.6356705135758147
19,206,68,0.1723621384661646,0.27284062578775875,5.191209686755234,4.86155199599049,0.6534242961606073
19,207,67,0.17178019221722232,0.28815835201139156,5.200669087992769,4.573809490755556,0.6841369574692552
19,208,66,0.1791912396408549,0.27860887706585385,5.0498009257001115,4.482402104716631,0.6284994377753268
19,209,65,0.17869845882579993,0.28437870527846326,4.68874790998301,4.472918854465079,0.6429860530003997
19,210,64,0.17842734132321722,0.2860802661805355,5.102806086125177,4.526768853665416,0.641134603808652
19,211,63,0.17591847397240715,0.2988544327519322,5.272560249726425,5.038276453383491,0.6249506099913096
19,212,62,0.1802398389596962,0.29293984197574746,5.574554019520052,4.679430289179225,0.6477172513643451
19,213,61,0.18130860109882824,0.29079844969746504,5.241868001219103,4.204459760768975,0.6166913419141125
19,214,60,0.18000518390345424,0.29075686004062695,5.035905857261956,4.999995411833013,0.6385037956091181
19,215,59,0.17836991241122988,0.2664629990364117,4.934413820836362,4.451024340791157,0.6654385224512215
19,216,58,0.1823890905868838,0.2829828461003548,4.80753587422101,4.095836616434729,0.6321138199866164
19,217,57,0.17497361790785035,0.26722354113853564,4.964454738604336,4.832103455172793,0.6520578320917187
19,218,56,0.17755434450831528,0.2867300290123162,5.507536622605658,5.373792358663862,0.6502377368490446
19,219,55,0.17499043693029112,0.27275510569990413,5.5339776398816705,4.614911287662861,0.63761842920061
19,220,54,0.19479261321372782,0.3294619739084942,4.634604293621687,3.827972220156679,0.5571986367523586
19,221,53,0.19550004278275818,0.3018201173593847,4.553373285844991,3.899626557565147,0.5992620238380997
19,222,52,0.1863446467539784,0.2869498517931158,4.908041024266243,4.398636898819652,0.6252001683465693
19,223,51,0.20327101594033473,0.32092393857732443,5.07211370932938,4.288939299119415,0.582479091037558
19,224,50,0.18866731511441787,0.2963323084178559,4.857428734492329,4.177068378738427,0.5925710811250388
19,225,49,0.1986081742634011,0.3081577762965229,5.161441047553144,5.1302196388577785,0.5998094713730003
19,226,48,0.1975690475853702,0.31657299470532374,5.632122014753493,6.357784171470678,0.5739405766587188
19,227,47,0.19980894210412622,0.3092743745295578,4.934452641870771,4.262738997727385,0.5628002246550141
19,228,46,0.19199615205533846,0.31566108656601083,5.145324212766227,4.302905290136267,0.603120157213343
19,229,45,0.2001299870859489,0.309180842050262,4.73989097399819,4.85534991386932,0.5802786510906276
19,230,44,0.1925987353459092,0.31275110273765,5.131474574859913,4.445574841809088,0.5803610791317199
19,231,43,0.19531038302806245,0.30590871811062514,5.323392126475043,4.741822769203111,0.5808441827633382
19,232,42,0.20086558278671834,0.3243173210034049,4.854743157615032,4.613149648839767,0.5684860763860482
19,233,41,0.19934846935999576,0.28917208894155627,4.7976670664099865,3.7466239163091757,0.600954482096346
19,234,40,0.20052328212568823,0.3075399502174381,4.971507415607387,4.286021215494475,0.5778142134757017
19,235,39,0.20418683305301094,0.3084343675836169,5.1843755595829935,4.252497857152426,0.5797722385544285
19,236,38,0.1999791579864718,0.30346083856936384,4.780105550419878,4.013496083282173,0.5615114646982751
19,237,37,0.19094788288353282,0.2897244387898419,5.263626556326535,5.921743409319213,0.6308691740956757
19,238,36,0.2018296616461559,0.3030885225084483,5.151371815881472,4.386537863726435,0.6138361356065819
19,239,35,0.20354908730217122,0.30356095055041155,5.114451548586547,5.107821350588359,0.5626498784933756
19,240,34,0.20621102235333863,0.30347816774536307,5.4442341586793095,4.699567068585485,0.5709847032117539
19,241,33,0.2048400362548565,0.29942559018022874,4.61479308823067,3.924462874172064,0.5819937625700266
19,242,32,0.20040821558433156,0.3044948941000064,4.911339481783891,4.090065569607718,0.5865473230581124
19,243,31,0.19311892579293663,0.2955556503791593,4.983633546309234,4.3823237158732145,0.615297365646372
19,244,30,0.20140161433117434,0.29342385844819135,4.655433607838425,4.319910480260787,0.5839841778283709
19,245,29,0.1984402027875903,0.33366428289827654,5.751354299758843,6.350036915293522,0.6040602092525514
19,246,28,0.19893989488211544,0.3029665159927946,5.494133671391182,4.633144458462809,0.5792520679082505
19,247,27,0.21780130095650801,0.33022715772220057,5.058786428238577,4.807794709717318,0.5431267590621058
19,248,26,0.19639154444321427,0.32211300221213857,5.127974024725873,4.415324212300035,0.5751188131608672
19,249,25,0.20747793694201552,0.3131242709039668,5.062723079991394,4.0520701894608,0.5834474680681304
19,250,24,0.20360438203210365,0.3320724508995566,5.060332717738136,4.158472447166032,0.5465677557637321
19,251,23,0.2145952622002178,0.3292927331427493,5.382561075680701,4.534485597418291,0.5461132569350609
19,252,22,0.19979972890807435,0.310434269224865,4.647663720253631,3.8919414813344835,0.6022093068980142
19,253,21,0.20583043269908807,0.319791899012134,4.745349724627687,4.306711993456594,0.554134264545314
19,254,20,0.19757059308550526,0.31337321655172967,5.544652850892481,6.188652931733807,0.587251606667108
19,255,19,0.20592065146111224,0.3145057459339507,4.927925231320259,4.648514573244322,0.5799506122969499
19,256,18,0.20019532228554246,0.30931369316363094,5.164370688340771,4.27850271077624,0.5968666267618155
19,257,17,0.21456801987774057,0.3091425038506353,5.128496988721954,4.072133824106939,0.5667844259097021
19,258,16,0.20435271946088376,0.300542160983642,4.7758288271164036,4.398630423627143,0.5759591748752488
19,259,15,0.19564366256089355,0.33172362271583605,5.193137572432304,5.1239892958729,0.5707286965861794
19,260,14,0.19860663649498791,0.3102755437265524,5.053379640687461,4.855716141492963,0.5798504649998067
19,261,13,0.2033813764760925,0.3133813548588747,4.652211326990788,4.047308770670575,0.5820846598368816
19,262,12,0.1911219526503581,0.3071816037079928,4.880313105322655,4.838823835298536,0.6215745411510083
19,263,11,0.20382991649197688,0.3042174222081934,4.661770236946873,4.34014979492183,0.6128327537663585
19,264,10,0.19083345684000874,0.30797678472146073,4.825451035547633,4.309308813301905,0.6135110183797928
19,265,9,0.2152618143439269,0.3210892349997241,4.691918090365764,4.096064439168126,0.5577872521241043
19,266,8,0.19803289659329967,0.3065444964317217,5.032869490845837,4.644240975690599,0.6157660916723577
19,267,7,0.19781405740430966,0.31677244261351983,5.331635765327758,5.260503444706776,0.5742709531887388
19,268,6,0.1977372857518606,0.31351279275901706,5.564834274275677,4.898340535928485,0.5820199760357672
19,269,5,0.20683242153908948,0.31956088017707324,4.668639035400247,4.122718951830355,0.5740535786009655
19,270,4,0.19361621909360166,0.3284845659713648,5.0044232256902745,4.968041899051343,0.5691871877913313
19,271,3,0.22146219624594482,0.3392753950564624,5.000648741278654,4.683308045834171,0.5342612921398426
19,272,2,0.20388863814106842,0.3102670399985835,6.917680224846367,7.531438095265514,0.61229360097762
19,273,1,0.20156463672257807,0.30990379448970284,5.097470962576175,5.286672624410571,0.5952616128154241
19,274,0,0.19577358726229843,0.3169267099615259,4.604489830808199,4.225365154818226,0.5815560905884652
20,1,119,0.12959847943155667,0.20201376552255235,6.024092507484414,5.175915261720995,0.7656410209658412
20,2,118,0.13398953774064304,0.2135689312741233,5.191898677625012,4.31595810642694,0.748766330627276
20,3,117,0.13531541530756677,0.21527969172460173,5.652283173381383,5.061341035446092,0.7204613867627717
20,4,116,0.134822927410085,0.2102847515880049,5.239597568981553,4.515348845252126,0.7755242245088725
20,5,115,0.13694458594547246,0.21282574571085985,5.8011676118901025,5.346622321262731,0.7344715030868485
20,6,114,0.13728346317544196,0.21251641049817785,5.441343797888398,4.168603195557552,0.7516240080680371
20,7,113,0.13703688346668091,0.2063656384699282,5.595929009141372,4.731956559753308,0.7373999421059575
20,8,112,0.14098873232085185,0.21306519225584997,5.638571945357854,4.836587562836449,0.7522940708318143
20,9,111,0.14038567191615323,0.21044042419486358,5.499694206230955,4.48521588772217,0.7249632808286037
20,10,110,0.14014754417915246,0.20965423585427087,5.811912446700899,5.351492243344959,0.7576798216870839
20,11,109,0.1361982885199153,0.20395794995138222,6.324814634660633,5.437427802920217,0.7613775075360443
20,12,108,0.14481886175272318,0.22249142618708595,5.465561690515558,5.0515312105614045,0.729957525543843
20,13,107,0.13596368179739612,0.20785842703038113,5.497785104746707,4.783823762790431,0.7497261101352088
20,14,106,0.13930542746095348,0.21674487711971913,5.5450944847090895,4.683681958600561,0.7545230439548959
20,15,105,0.1297737887918348,0.20896638211560487,5.9879088992251095,5.338045996930852,0.7428132955327555
20,16,104,0.13833165746359774,0.22516352544057344,5.755468605688799,4.442204647413739,0.7291466995227193
20,17,103,0.13032292915132554,0.21131201501418173,5.466741250882272,4.39507393995824,0.752078093893322
20,18,102,0.13648588440061324,0.22305988117599146,5.551071614283956,4.696570766011322,0.7162896273206979
20,19,101,0.131480799879992,0.21512163075805402,5.343929142886643,4.328488521214784,0.7494450739387254
20,20,100,0.1363511404517948,0.22329690599082452,5.481300084145232,4.652249101154109,0.7529618825076796
20,21,99,0.13482731055487857,0.21634952532164028,5.652413554023088,4.725595230247436,0.7478173093620916
20,22,98,0.13481830693632046,0.2131751757101119,5.676969193295755,4.558834295679008,0.7407262390806318
20,23,97,0.13976260039906327,0.22146370716949185,5.766110405037192,5.443728079053007,0.724101949166331
20,24,96,0.1401615205352452,0.2165921979725333,5.269857378512697,4.38028603190276,0.7327109574754899
20,25,95,0.13727833716687382,0.20934468061466932,5.193734311118884,4.165407128772946,0.7419307235361793
20,26,94,0.1430416258180003,0.21883490634870403,5.384159250568141,4.772555445832313,0.7134694467013164
20,27,93,0.14361684246712392,0.22310654033688485,5.812501387970723,4.380633023932665,0.7364985477013396
20,28,92,0.1413624527959763,0.21981679942382693,6.129832213081578,5.689738600400062,0.7557172262937478
20,29,91,0.14217483368247216,0.2221542343390613,5.391690606171729,4.916564353341886,0.7328455023835584
20,30,90,0.14917054109825695,0.23063891545469298,5.517732203644046,4.815343200401889,0.7296522323851369
20,31,89,0.1424227554456199,0.2183117223566494,5.380833588822197,4.100515766890288,0.7247975580460846
20,32,88,0.14039541162306998,0.21472899393403835,5.527382369877346,4.441347970134155,0.7022319883682087
20,33,87,0.14175252658374954,0.21604340385551724,5.153995047456959,4.746010567769741,0.7251271529341092
20,34,86,0.1441625863159994,0.22151399997203572,5.4078186260739045,5.1021641864574585,0.7348456495984491
20,35,85,0.1415642773159247,0.21391342126322876,6.087688827948687,5.186034068404431,0.7355773142255246
20,36,84,0.14204986328392075,0.2150628799681203,5.386193566217595,4.313718755819698,0.7361679837801097
20,37,83,0.14587262347354124,0.22391513589272286,5.225855170756764,4.620060818903479,0.7189900107494778
20,38,82,0.1361807612100579,0.21155633406638769,5.2908111148847485,5.0662783963899365,0.7374723941613435
20,39,81,0.13954227499588714,0.21865415280851652,5.771302860483725,4.5506850645588495,0.7394411574055455
20,40,80,0.14330060065111927,0.22502611890194293,5.142631001323408,4.14304098739064,0.7296824149092024
20,41,79,0.14621931925763346,0.22749145169907228,5.423899672572133,4.857994451763047,0.7379366860837782
20,42,78,0.1401281544499952,0.21744094645742448,5.01963591236319,4.246578871883275,0.7335103122286302
20,43,77,0.1454623475560359,0.22482462155601718,5.03303183074598,4.8175140164537025,0.7201547812931415
20,44,76,0.1445286563127464,0.22617542288920606,5.085797999701946,4.827840465627919,0.7273519354075854
20,45,75,0.14813404315460482,0.23096966448777428,5.96207145823727,4.88175434525013,0.7235778353290135
20,46,74,0.13897193368523997,0.21697543967937133,5.447084679726009,4.75075642964687,0.7338221261662476
20,47,73,0.1447530577593467,0.22717782941695933,6.18670159153077,5.547429612342479,0.727854353969895
20,48,72,0.14910498523914337,0.2339775950580757,5.815360896294708,5.1195635274340034,0.7299965689614296
20,49,71,0.15843718287048894,0.24603933916238896,5.435462419948572,5.20652892423192,0.6328321146585731
20,50,70,0.15490743550646754,0.2373224035612919,5.55811387396691,5.104110407593179,0.674219133585461
20,51,69,0.15482186898434505,0.23701551566867682,4.9887038831987205,4.310164963002056,0.6890820341991648
20,52,68,0.15804355620101596,0.24231314190719827,5.99759178489628,6.10534685531494,0.6939199557709371
20,53,67,0.1580772368212457,0.24384988133281688,5.542456128729643,4.489110611017491,0.6844295822816495
20,54,66,0.15476936544725836,0.23751199142058654,5.303765094219656,4.203602738597522,0.6815062228395419
20,55,65,0.1516954709766221,0.23889042497431143,5.858116518377059,4.6877716082896415,0.6925283713354712
20,56,64,0.15056595627376465,0.2388442214676498,5.547170084351232,5.156696603412702,0.6735899712063848
20,57,63,0.1539650014124057,0.24669048198445812,5.479644962416571,4.845863592959475,0.6749288945736179
20,58,62,0.15608351524800512,0.25166102270876234,5.284825250706561,4.233104116014613,0.6408131144318077
20,59,61,0.1537979863898794,0.24004099178612312,5.551789680172648,4.541883405359326,0.6711706263714992
20,60,60,0.1550105751199095,0.24355899864150757,5.158595835648528,4.364079092226913,0.6702722795745402
20,61,59,0.1520361828020019,0.2392197687662986,5.264787604833978,4.398199336305573,0.6896310015028576
20,62,58,0.15532004496832968,0.24156682081615824,5.6417116726440675,5.571539719854402,0.7004729539075898
20,63,57,0.15660395357941484,0.24294564877659214,5.072608971419175,5.064886245865146,0.6792641830876487
20,64,56,0.15907975658704762,0.24428126107385387,5.701037688600232,5.1191244622072825,0.6823332880001989
20,65,55,0.16253312608868437,0.24348546928087206,5.67046850731973,4.948446448557728,0.6939141510356572
20,66,54,0.16175287925601528,0.23950230832566163,5.3814818004598255,5.028591656187776,0.6417114187059979
20,67,53,0.16055805906906936,0.23933763841647368,5.48966800266548,4.777901752688604,0.6773573609142689
20,68,52,0.16224979968588651,0.24901651444308856,4.698998761950035,4.625690860133722,0.6466314089096867
20,69,51,0.16044505694566516,0.2510218490235329,5.346146997620299,4.730964820211645,0.6775341937383795
20,70,50,0.16281822489894593,0.2527999354280632,5.127686308586981,4.257389756408551,0.6719685203364443
20,71,49,0.15915266641380416,0.24631600604672896,5.212173352678995,4.584949741352304,0.6406660563850681
20,72,48,0.16315747632395372,0.24705506300857738,5.22016135940069,4.700119065087928,0.6805949563577021
20,73,47,0.1614147288886673,0.250031076008715,5.395904155911158,4.29815034473339,0.6429057944731876
20,74,46,0.15401760237847328,0.24112353727693456,4.800794864949784,4.081615966882744,0.6531562394169315
20,75,45,0.15955215685799465,0.25539423252246923,5.40806135410493,4.95567720104311,0.6544950175133606
20,76,44,0.16064047673435033,0.256822332376297,5.49546245461659,4.785821759236517,0.6653595155054396
20,77,43,0.15689114388682915,0.251136156862545,5.306960391786175,5.0553688868873286,0.6619571688337503
20,78,42,0.15752014262730551,0.25276045277333875,5.079901039372155,4.5656524368762295,0.6533797280087545
20,79,41,0.159536177708494,0.2578394204594138,5.545574492770147,4.657223709448238,0.649878311893686
20,80,40,0.15767178067639587,0.2558334299605872,5.2479927235891335,4.201923237944646,0.6613047339382552
20,81,39,0.15351803714342502,0.25124554242926045,5.6114916297822734,4.539060874973622,0.6963052482282667
20,82,38,0.1547777033353703,0.24691562382463997,4.991197116529041,4.1700363389272646,0.6702449935465281
20,83,37,0.16171522884096326,0.2566917338741042,6.014942032444928,5.589222166763643,0.6558092432589361
20,84,36,0.15705393025581454,0.24686745175799962,5.221740850535314,4.436933269187353,0.6621529648724389
20,85,35,0.16137847113916778,0.25293422932155885,5.393937006197764,5.412253499369888,0.6380686304230642
20,86,34,0.15962831078934853,0.25492434932293534,5.48440458767098,4.780571862557952,0.6693972191425532
20,87,33,0.16000897476077316,0.25534042299160287,5.513415607838548,5.180466195709798,0.6639536422766483
20,88,32,0.1588125918263732,0.2526422106687236,5.133374959332981,5.201426173804492,0.6744485027175067
20,89,31,0.1615390455083974,0.2527667207176145,5.43489276792778,5.050817742293039,0.6716058625493502
20,90,30,0.1654956357688019,0.25922140325020254,4.926657191178491,4.337950898005449,0.6423104452435692
20,91,29,0.16317303539854067,0.2561514829313668,5.163981145873592,4.048771599898364,0.6632701314654817
20,92,28,0.15723638202914011,0.244604802824799,5.24704428393371,4.707950505575176,0.6697725479527977
20,93,27,0.16797243951738972,0.2598185333124463,5.343752575113181,5.739724671934795,0.642866966771466
20,94,26,0.15963019731680497,0.24682019568081134,5.074280262459982,4.9641694502927844,0.6653222355150323
20,95,25,0.1776762628912586,0.24624017746656815,5.570424086873763,4.961216060755558,0.65604176157593
20,96,24,0.17934467299697326,0.24594990267194466,5.3831832294839455,5.467022955564794,0.6474842044494767
20,97,23,0.197618197811616,0.27125710163293093,5.0532773796930694,4.220318792888976,0.5736691561476307
20,98,22,0.1997322564750343,0.27668904485951884,5.055908227154827,4.1338977474024015,0.5614692108465761
20,99,21,0.19947600467641954,0.2774271988555996,5.337149126907141,5.2263382228568025,0.5908522034569691
20,100,20,0.18565311007350785,0.263848720835635,4.979103937921023,4.167347968563319,0.5942530080820826
20,101,19,0.1834790954054548,0.25623355534089753,5.702457561118429,6.057894475945866,0.6034615120360253
20,102,18,0.1917746527356342,0.27073882568022467,4.990870004752722,4.3858680771780945,0.5920252715959272
20,103,17,0.18388437248821346,0.25746278477176704,5.231760943780145,5.1789112715974035,0.6107318310786762
20,104,16,0.19345607048676672,0.26882261301279053,5.207935247124707,4.26275861422906,0.6103254289455818
20,105,15,0.19691732650407737,0.27697904856063316,5.251341400270938,4.209943960021374,0.5774908419754664
20,106,14,0.19314496662179056,0.2751995230792368,5.107618712287159,4.484337687286586,0.5954285249839147
20,107,13,0.18602956383800484,0.2659985300378735,5.118911302051664,4.235951656743246,0.6199882675685661
20,108,12,0.19037607167448817,0.27361752013626045,4.718177818596656,3.8377377589924793,0.6031243491516716
20,109,11,0.18316135851164558,0.2620612881173341,4.97719923717743,4.3968048814034235,0.5937771554145431
20,110,10,0.1903737151546866,0.2769412084192075,4.993390470739687,4.440116342812198,0.588651341097418
20,111,9,0.18588864979750855,0.26166250435929433,4.84010946641673,4.620453163208344,0.6005741249245776
20,112,8,0.1919498839761349,0.2736090665798943,4.613034641386681,4.0566328152079505,0.5915657633947722
20,113,7,0.1992367132427795,0.28438118088243,5.143366483721831,4.557411395908995,0.5846589438606062
20,114,6,0.18482421245891542,0.2658501153031094,4.898538731562267,4.55564872994925,0.6162284828231333
20,115,5,0.19291903448633152,0.2793755914208745,4.798058257645732,4.672629128239974,0.5685329893211152
20,116,4,0.19749949188266175,0.2878737375914714,4.898612736803704,4.161293253224625,0.5598144378326465
20,117,3,0.1857605766905013,0.26884723080023204,4.957529992202389,4.324839596599298,0.613586770147609
20,118,2,0.18638249760507888,0.2766476114548428,4.932461354667703,3.979846115252874,0.611925756205938
20,119,1,0.1940186746614324,0.2842308761662342,5.045403949815572,4.183864890016123,0.577089054982686
20,120,0,0.19357567090523328,0.2819855674493558,5.481566885477948,5.088887835392767,0.591881042486966
21,1,119,0.1411012807380444,0.2124946360303152,5.491523448171978,4.505358862307098,0.7726804724120336
21,2,118,0.13260634473255029,0.21355271352431113,5.610100069315598,4.479506839652832,0.7173993794955602
21,3,117,0.13491620517355588,0.21095059253683293,5.461794708731612,4.495502513107719,0.7353558340175598
21,4,116,0.13063549201526917,0.20785823254023306,5.706987005531053,6.249573278804201,0.7266449749905115
21,5,115,0.13409145639885162,0.20868382926995332,4.9939114949976195,4.327211585180296,0.7417805251853319
21,6,114,0.13417203269675781,0.20633766029947928,5.858295996615649,5.462478165725473,0.7551075861462806
21,7,113,0.13503366169366532,0.21825624492464307,5.600558253822544,4.454716460261276,0.7587306322393849
21,8,112,0.1305893159697905,0.2083903682807255,5.266419174558952,4.611496186835487,0.7594707588699903
21,9,111,0.13568710989791594,0.21089671639185423,5.5420885235092605,4.267708993447116,0.7260234651493855
21,10,110,0.13503482399388728,0.22500100032634504,5.625703842803777,5.539395164407149,0.7313036800111736
21,11,109,0.12685045221163263,0.2088257399329446,5.404914785708808,5.196288056299495,0.7625087399366547
21,12,108,0.13790358630508107,0.22839698291300617,6.005100816621235,4.90051119113992,0.7428310103522789
21,13,107,0.13341983620549833,0.2183263918505623,5.2331249105146105,4.75608193199597,0.7399630422397979
21,14,106,0.13504962251158134,0.2248837781430449,5.356397682557468,4.903986660808998,0.7241624908722936
21,15,105,0.13737968661058378,0.22351068062360974,5.75746781334855,4.600948373945916,0.7251761447485582
21,16,104,0.1346075297041616,0.2169043158030481,5.256329531235189,4.044702387877055,0.7499527678241772
21,17,103,0.14188806259619804,0.21051294292621575,5.65089728899253,4.928483122345724,0.7320006793050001
21,18,102,0.1380182343205263,0.21656449569866798,5.109512823490582,4.177757947648218,0.7317088513077635
21,19,101,0.13690261699639417,0.21014480878206437,5.4934287198369205,5.039464391530996,0.7402964397559462
21,20,100,0.1454594950966771,0.22208671536985825,5.3426854448394945,4.232285224694759,0.7312062920349417
21,21,99,0.13400143106936727,0.20933803889335229,4.93752432138437,4.252855425679157,0.7356903751827298
21,22,98,0.13929430327364287,0.21463539397227568,5.45645293880456,5.45264776542135,0.7636145985539188
21,23,97,0.13188382819413427,0.2060764174030826,5.753630903620264,4.7374518801605445,0.7704577533339219
21,24,96,0.13662010784638734,0.209840059838491,5.085078758732735,4.221441789835325,0.7228522270699039
21,25,95,0.13314081770835495,0.2100041119399388,5.5888752404967175,5.309579458831329,0.7360736635502598
21,26,94,0.13229436363825936,0.21114964009852147,5.4405442412618115,4.487131983958494,0.7243874840033588
21,27,93,0.135412580965864,0.2074189782624009,5.782393901120744,4.820787619351855,0.7434832406179337
21,28,92,0.140761806189202,0.21442962827986264,5.339986256480316,4.453690360982205,0.7433791702512121
21,29,91,0.13847798449218454,0.2156954455927887,5.349921432931268,4.589914704100362,0.7452721870432342
21,30,90,0.13494844930417682,0.21431245334939034,5.2279447204537455,4.753443461829066,0.7315247606057238
21,31,89,0.13530038511927375,0.21784061907349722,6.079409382626899,5.572755203336927,0.7450325421833455
21,32,88,0.13883760590482408,0.21798595147185218,5.706180721806122,5.2588734260944445,0.7327302119103548
21,33,87,0.14205641855387724,0.21514486796890303,6.325128346339934,6.4746886600941265,0.7743524467167835
21,34,86,0.14153866406534032,0.21798697782124513,5.747863322288691,5.157790299296897,0.7344234772530058
21,35,85,0.14083693354099075,0.2147610359480189,5.484058482477987,4.674182375505612,0.7400435790513428
21,36,84,0.14103741905033657,0.22237528519691052,5.434823208153437,4.491591205816719,0.7250430020017353
21,37,83,0.13980977800133984,0.22966073208058976,5.555201579761334,4.886551604916791,0.7272971973274802
21,38,82,0.1388709550553435,0.2268024757418129,5.499832287274516,4.654294253320237,0.713390188372913
21,39,81,0.1384678652969052,0.22567997195060918,5.812456496478129,6.269012511727944,0.7419028878971288
21,40,80,0.13657865532005686,0.2204943354025457,5.722287093283823,5.325301790088749,0.7235077919581663
21,41,79,0.13933469566983464,0.2297164804618645,5.666369667217876,4.640054587944302,0.7211384308005501
21,42,78,0.13858004541537736,0.23095271782090362,5.26432516034079,4.115696468485644,0.727252201640759
21,43,77,0.14370869094492394,0.2333845074376643,5.819314844119505,4.833976795567839,0.7193878895560721
21,44,76,0.13766767414088985,0.22070682666568403,5.284058553609632,4.601160998122434,0.7344501725239905
21,45,75,0.13546085491761997,0.2208605738290289,5.404927183202115,4.690543546810869,0.728484206020803
21,46,74,0.13763871343836737,0.21829909693727925,5.240564164421485,4.9203327816177005,0.7408572096467494
21,47,73,0.1400641117293604,0.21596358165533813,5.061270693309721,4.362780596747559,0.74854456785171
21,48,72,0.13540687769135684,0.21976249305890685,5.345735828210292,4.454554495065773,0.7550598168512893
21,49,71,0.15063424430971806,0.2316113397123082,4.7996532923817625,4.133920217205662,0.67229714605171
21,50,70,0.1488013856429283,0.22578582393640584,5.168422036527251,4.22225441384159,0.6872473325230556
21,51,69,0.1540965018167087,0.23953609288320044,5.827078491879259,5.252829134471113,0.6506034580828125
21,52,68,0.15343340021715904,0.23806475765154314,5.022965186169012,4.385060060708398,0.667241326834168
21,53,67,0.1521925776601046,0.23759697678364683,5.30805175511672,4.546297705495271,0.6581490797961178
21,54,66,0.1540431372248906,0.23420279194766555,5.716940403286708,4.343804185261897,0.6864767243692551
21,55,65,0.1485585788758354,0.24100144678772253,5.945769480416525,5.279712873401185,0.6539202462137895
21,56,64,0.15041235682698711,0.24915213315289472,4.955204769001045,4.315984011814515,0.6517920472787047
21,57,63,0.15357459881923446,0.23910941958336782,5.111759783223996,4.314397263144599,0.6614718714688701
21,58,62,0.15231309049926817,0.23998614950419025,5.3759294490308935,4.640317463111224,0.6945956420570777
21,59,61,0.1517712022049339,0.23261023033269027,5.171273376698823,4.4825547983409315,0.66580207067014
21,60,60,0.1521470824930408,0.2434748981458668,5.230597960728085,4.747551932888947,0.6765301681500204
21,61,59,0.14996356970885238,0.23422598967131378,5.260850726062586,5.251957143994462,0.6503265622831699
21,62,58,0.1542540248320644,0.23999530697520177,4.747579513477952,4.199014642554866,0.6716464053892054
21,63,57,0.15119692867515624,0.24537896087424635,5.5168493229857605,5.045835143235067,0.6618487049885613
21,64,56,0.1517185834790426,0.2354654849593268,5.133705382776369,4.677582812421632,0.6631126918228275
21,65,55,0.15211841876887275,0.238437141631539,5.290816776277021,4.295308437036101,0.6786766188626306
21,66,54,0.15012372331457868,0.24065787659898363,5.0817946360986745,4.787902710032973,0.6635733693034248
21,67,53,0.15860262178822485,0.23702208681120138,5.3866754175961225,4.658790205719167,0.6564264876892842
21,68,52,0.15234095799138203,0.2334967696089293,5.584600672765211,4.763887706880873,0.6575072825333915
21,69,51,0.15087736626140333,0.24674696187006276,5.341572260375674,4.967080659491511,0.6888982021974667
21,70,50,0.15799222152177606,0.23850548885553624,4.486980520425352,4.187467110625884,0.6643121444992102
21,71,49,0.15763654696619106,0.24121797298428027,4.964165006764279,4.604897220281815,0.6600889598138558
21,72,48,0.1526696836654327,0.23444147820336164,5.182147050746051,4.642964258567208,0.6836234228915485
21,73,47,0.1532738464605799,0.2464621167242996,6.0988371660595835,5.40824630756807,0.6751456101936704
21,74,46,0.16131124101657038,0.24042394492355196,5.37071236949612,4.96573968687128,0.6816929401731993
21,75,45,0.16266994982947192,0.2542078118855102,5.14738426978504,4.325856524465316,0.6523723104582874
21,76,44,0.1629082341906627,0.2378867177898675,5.4933292713547495,4.846766264876994,0.6658081851525645
21,77,43,0.16168524380105123,0.24035934963411593,5.738998058631284,4.940499686493493,0.6406402023683784
21,78,42,0.16249276748710484,0.24878760465961422,5.244639198018859,4.535640890073657,0.6580458582502534
21,79,41,0.14949348410199553,0.23280487247266254,4.912529813113896,5.279110999784246,0.6752470971231459
21,80,40,0.1585898243919529,0.24217129887568264,5.231685882660746,4.482056341698521,0.6707691229510039
21,81,39,0.15700327341788792,0.2445534801108149,5.521264954534523,5.244299722240048,0.6866764799532464
21,82,38,0.16510606933656996,0.2484005965938573,5.242911472142268,4.003573152198426,0.6423449506850029
21,83,37,0.16264584179933683,0.24719332361235113,5.248083578326859,4.600267508878822,0.6657484855504207
21,84,36,0.16331412808950788,0.24543674352297276,5.8191289643960875,5.591273526414985,0.6735461302151987
21,85,35,0.1624892299322431,0.24836199223664346,5.599754959360528,4.517774562709129,0.6675874507969471
21,86,34,0.15741449662401985,0.24647005210142764,5.333642811906431,5.038850678486963,0.6633834201470242
21,87,33,0.15261894647518903,0.2371581189062127,5.019316900610002,4.19350845836994,0.6538333124599615
21,88,32,0.15729556671302672,0.24401099329268944,5.182038492973067,4.814847663429491,0.6624875421199994
21,89,31,0.15998211761595887,0.25148590984941294,4.967024340334943,4.2356411450846965,0.6506585659704552
21,90,30,0.1591885767998969,0.24543435110893447,4.741428338452793,4.597185173612957,0.6578036692184424
21,91,29,0.16414923825248007,0.2394413530612218,5.0838789697438305,4.315695173268164,0.6824563600953775
21,92,28,0.16012939241736743,0.23688789863770998,5.579223967244351,4.868375006631444,0.6835600733751783
21,93,27,0.16131088565033666,0.24432093443075545,5.218309904900485,4.441321052278355,0.6720069603990161
21,94,26,0.16074913097485904,0.2430653820344267,5.222856054608103,4.424149465304976,0.6538010866113828
21,95,25,0.16580747807393856,0.24586233479305541,5.726556453979655,4.922192102265921,0.6588612329271087
21,96,24,0.15645594277358688,0.24921739847099314,5.425680928559313,4.6538076545857985,0.6400888992719646
21,97,23,0.17498494710592122,0.26211579940884444,5.347786445008477,4.73700267767791,0.601478330558275
21,98,22,0.17013095292685668,0.2622749218004424,4.956794063062038,4.549204286058661,0.6128939893145934
21,99,21,0.17799473359194531,0.26747455916471635,4.951630785993721,4.470475073905059,0.5962107576002711
21,100,20,0.17344074456443445,0.2643990771422496,5.076638175211155,4.883496714986158,0.5984853813297858
21,101,19,0.17163486812345088,0.25674383826176567,5.035579997773244,5.014020909091192,0.5999583378726533
21,102,18,0.1849023843977406,0.2663318338388818,4.70520702461558,4.289671215213027,0.5883799622825414
21,103,17,0.1779388335832824,0.2630597728427831,4.9945695258920955,4.216186147246325,0.6111430961129942
21,104,16,0.17719241372778657,0.2605082186599063,5.804661404935153,4.864217035090525,0.6332257930522333
21,105,15,0.17513177649466677,0.26935287444949496,5.344638344934115,4.742032423271272,0.6171683953887964
21,106,14,0.17416192594146865,0.26210628224585275,5.33684332749182,4.904501096729866,0.6263950685765403
21,107,13,0.18464736178188126,0.2781728247476885,4.876486751193699,4.663338836685774,0.5831911662658217
21,108,12,0.17553022265716134,0.2662430146089723,5.035205810824571,4.447011451396116,0.5966744090245854
21,109,11,0.19053733417111277,0.2785141463124792,4.984376711520653,4.088558802510896,0.5780689648075408
21,110,10,0.17555146748282874,0.262543493088319,4.894925050890375,4.040080975907679,0.5975070891517024
21,111,9,0.18471299843905675,0.27081980221657703,4.861208487379761,4.034267855425966,0.5813487610729421
21,112,8,0.18235262737942398,0.27488691812956245,5.633099731750848,4.965702157458937,0.6015322418050935
21,113,7,0.18229270193431818,0.2715127222882348,4.872618586114739,4.73560777447913,0.6006215414313562
21,114,6,0.17282995041967175,0.2694262965800526,5.755848930951968,4.978591078623987,0.6094225835490958
21,115,5,0.18314398232219445,0.26035882480333783,5.268766468218091,5.153162777710468,0.5978873995389004
21,116,4,0.18867817149313595,0.2945408164224621,5.151758414861361,4.187132432483393,0.57686282381212
21,117,3,0.18987308985220955,0.2762235709769647,5.221176713804827,4.428372266703742,0.5664162991095798
21,118,2,0.17857982452693918,0.27095170819065456,5.1489434228721676,5.124280890038411,0.5871567358828864
21,119,1,0.1818139423958959,0.26201109984955784,4.939135287952243,4.123881382524307,0.6077710397949105
21,120,0,0.18448433874487175,0.26103685771911556,5.2247297015061935,4.700088845221608,0.6047768847620336
22,1,205,0.13140439149044145,0.2208018866197061,5.387828821927864,4.365854369678719,0.7355861541945042
22,2,204,0.13618094651623847,0.21923723961202157,5.07164433941243,4.892558732773425,0.7681365383314948
22,3,203,0.13132036632013835,0.21684140213484832,5.450820219186806,4.828849375289723,0.7138579220648551
22,4,202,0.13174497765441104,0.21798660682517523,5.750271372761522,4.968333245335064,0.7264031301477792
22,5,201,0.13483514560161464,0.2183378095788659,5.451771497070542,4.848922100798144,0.7458558838624862
22,6,200,0.12822608089443702,0.21281313916024414,5.560527235928791,4.3261216032778025,0.7372318165312708
22,7,199,0.12938514866919104,0.21443703124271973,5.8975416016705395,5.670675598629199,0.7551710692723794
22,8,198,0.13708503633690436,0.22467917813192406,5.876356245452684,5.5606865283474,0.7283403850958124
22,9,197,0.1354219466112923,0.22069389109601295,5.622157618010129,4.808330477745011,0.7558558950927348
22,10,196,0.13130676921902645,0.2105040316576343,5.445766224667112,4.6339938304755846,0.7618532022637229
22,11,195,0.1303570813730773,0.21531505409406093,5.354760950347744,4.346053227924409,0.7536223094174752
22,12,194,0.13084623203542597,0.2115855068820284,5.651988398749316,4.925944580629833,0.7426319385432368
22,13,193,0.1317382268935972,0.21352508992577712,5.963641316140348,5.015457013346304,0.7565598950779518
22,14,192,0.12943534303722368,0.2148967110211722,5.779245826674006,4.709515411218469,0.7594712006381407
22,15,191,0.13541449827204688,0.21716781952442404,5.286190168298077,4.828257887012013,0.7304397613864243
22,16,190,0.12905489932791409,0.20847883148841084,5.135681312447412,5.05321024937501,0.7674321254407347
22,17,189,0.13328071114116194,0.22761766636251762,6.378499745996164,5.511420967282138,0.7464846132905635
22,18,188,0.1351537186641803,0.21933928821981186,5.991971502522201,5.042162582725043,0.7188990557378179
22,19,187,0.13680870967357406,0.2251120605096767,6.088290130317958,6.034357057026725,0.7601287167263301
22,20,186,0.1356814666435765,0.216449822349646,5.7728161388413115,4.799915970744502,0.7265972096874722
22,21,185,0.13632232147646245,0.2204265728414543,5.4688208267901794,4.962212359137163,0.7438479618903641
22,22,184,0.13745559428211188,0.21344203513317378,5.569003361095603,4.791521804144932,0.744376222043908
22,23,183,0.1383556115032722,0.21978709761041385,6.047381485169753,5.094611314985503,0.7551393964478227
22,24,182,0.1369587005015871,0.21611438176370343,5.716889694954409,4.559049627549029,0.7396572673117255
22,25,181,0.1372906957584043,0.21047112713520294,5.772725999505404,5.832537737310589,0.7246894148072042
22,26,180,0.13066486060335603,0.20832261643451144,5.095649890985275,4.6328784677802695,0.7427272187251549
22,27,179,0.14232003000788448,0.22279306047942934,5.47117967457993,4.85741538296128,0.7159186347471844
22,28,178,0.13596593450868277,0.21381158777785544,5.250629693439427,4.2700046457441685,0.7466924431484998
22,29,177,0.14464009516660886,0.2274328326774664,4.894877164641019,4.503518166951032,0.7197436238775974
22,30,176,0.1383838439031105,0.22345108369434122,5.6944812072908295,5.155923762435305,0.726487720266144
22,31,175,0.13970593053994643,0.2180637536209121,5.661645875716726,5.534433256050591,0.7182002975034747
22,32,174,0.13265499209928078,0.20990732993552383,5.2510374968828835,4.387723314989641,0.7638895996307161
22,33,173,0.13827554378662638,0.20954069872567876,5.505134385660281,4.919670711050114,0.7648475964718896
22,34,172,0.1386398014312912,0.21462237990678112,5.662951482458123,4.884132268116674,0.7194396656020506
22,35,171,0.14328170200221513,0.22753752885355238,5.618150524611346,4.532837789646517,0.7397229414489861
22,36,170,0.13929707129422733,0.21692497203079686,5.617626496097994,5.174319250882962,0.7364949758497807
22,37,169,0.14067610920712198,0.22351383808322775,5.324971282512395,4.535166752722643,0.7177923718186879
22,38,168,0.1387625891308881,0.2161431147354276,5.512448701386006,4.480827378494827,0.7485720638512343
22,39,167,0.14108446670419064,0.21838574927708432,5.344715136842476,5.325875971086885,0.7311771909718114
22,40,166,0.1421349835328841,0.2176072368060366,5.594185028693432,5.205249143256003,0.7544478543477634
22,41,165,0.13895667408678997,0.20677214334272176,5.342459695501004,4.8509829201145624,0.7195446617245852
22,42,164,0.14467261077213217,0.2118592645602772,5.111997206858762,4.334489625579916,0.720719840573973
22,43,163,0.14390280859777724,0.21913563933490895,5.671678221488795,6.490822612467664,0.7285820447406739
22,44,162,0.13695574526798154,0.21217338428928706,5.042623848378905,4.932584325595427,0.7193098020661454
22,45,161,0.14243314805549578,0.2136220694781041,5.590824376576902,5.433035201831215,0.6977364301186146
22,46,160,0.14848254677589998,0.22435656921985095,5.708128979894154,5.194245207890812,0.7178262851519288
22,47,159,0.14708969135499614,0.21782921858834914,5.213395556156186,4.409650312100253,0.7263766734145667
22,48,158,0.14747074536497365,0.22223331463782775,5.161131390183652,4.017712475540062,0.7190944347433964
22,49,157,0.14828864025864263,0.22293408556284822,5.499200304147464,5.080091854874424,0.7285974578204943
22,50,156,0.13697364673878282,0.2103727025741072,5.358933588972446,4.542408655422055,0.7204680463000508
22,51,155,0.1486098725928944,0.2270938359672184,5.573285702077415,4.6329672922613465,0.7101398292632137
22,52,154,0.13767407655596633,0.21686233515351538,5.184476297459077,4.670207192699484,0.7304018266317824
22,53,153,0.14499868489838372,0.23390714582797803,5.457240657632706,5.103443789462487,0.7138315894907689
22,54,152,0.14941638886552364,0.22083284796742053,5.700245048908345,4.3430341399776795,0.7198877944016728
22,55,151,0.14965208529582136,0.21619773377154933,5.2473192022984545,4.605582151332184,0.7152988860702659
22,56,150,0.14008000167310367,0.2196245183327638,5.395857225451644,4.705916697942542,0.7483711291371071
22,57,149,0.14489291977790875,0.22072518402537084,5.583525317253185,4.358174989157057,0.7216509844280055
22,58,148,0.14418392685539955,0.22500377381271464,5.51857125300668,5.1846057747317715,0.7430127235123626
22,59,147,0.13972642995879272,0.23109627382722395,5.559143259997217,4.6791981172411905,0.7375844278445193
22,60,146,0.1400107179129858,0.22360716792433766,5.523970067975412,4.471171646776224,0.7292047455832757
22,61,145,0.14393732332313786,0.22360617264237906,5.261443264250777,4.79907074043723,0.7146505439867257
22,62,144,0.14417260282070685,0.2233889091991932,5.6922500248008685,4.928566650077452,0.7423565277941643
22,63,143,0.14196873757265852,0.22183153409512008,5.491742790488345,4.96458039641951,0.7334202712742839
22,64,142,0.14387802068572308,0.22440486919156175,5.627457308344262,4.862008581704166,0.7185734869736334
22,65,141,0.14829682056146062,0.22428483712573716,5.759501313212347,5.930948971458434,0.715511560963283
22,66,140,0.1408797470687854,0.22340853743181546,4.997779392853994,4.2740558691620985,0.737766624640745
22,67,139,0.15107859130941392,0.22364290443262125,5.712116443602449,5.337839845367827,0.7072155315415514
22,68,138,0.14444236714309083,0.213268865297117,5.568629069240778,5.140332185063457,0.7523805807011952
22,69,137,0.14755031079238493,0.23040403673095605,5.401452936436198,4.823727339835781,0.7465802047328957
22,70,136,0.1511645672242078,0.22718865069881303,6.0603134772153515,5.416194453153876,0.719011468526363
22,71,135,0.15266352934016386,0.21976539715461302,5.454544494913938,4.72050595716629,0.7234098901213298
22,72,134,0.14506165165440205,0.22074156996304078,5.754712618224577,4.62502488248879,0.719977077678715
22,73,133,0.14939030202320672,0.21761638124666327,5.833268322295604,5.315242698272688,0.7158934919255057
22,74,132,0.14477411693456754,0.22232958424353078,5.423489046108668,4.530664141530107,0.7317393853994048
22,75,131,0.141314909784982,0.22956728726841,5.32073597014992,4.819728589106617,0.7370648847451404
22,76,130,0.14659779072487755,0.2297356525240832,5.306452046387331,5.412838508124446,0.7165953047229799
22,77,129,0.1409320785885889,0.21225735564327994,5.491884019582722,5.125591998185639,0.7352440955710045
22,78,128,0.1465646498857487,0.23476281881754751,5.666031077733209,4.956176780965947,0.7395752177542786
22,79,127,0.15292391964485863,0.2259436184841235,5.886542351851232,5.551673949235005,0.7254195711603514
22,80,126,0.14847564198003949,0.2303263229800276,5.431991274517751,5.027094438233135,0.7192658500245919
22,81,125,0.14682848177175556,0.2404887140100071,5.2136502555965265,5.250779048923558,0.7032802115279112
22,82,124,0.14657900832528864,0.23173561048312677,5.7983396948740875,5.304214985297191,0.7317552927303267
22,83,123,0.15947819379901965,0.2419180298506017,5.35131433828175,4.838231426225338,0.6598147632493132
22,84,122,0.15896651269307954,0.2392929710156651,5.233892026521459,4.492113511200333,0.6627266497249511
22,85,121,0.1602173751785037,0.24213984575554517,5.391737533887927,4.402843680308483,0.6793819880935916
22,86,120,0.15861536252084704,0.23788628439328333,5.558248856082295,5.293323241459057,0.6759816479784189
22,87,119,0.16157947997435662,0.24908970416107953,5.409317333049175,4.686651773142324,0.6640144250423375
22,88,118,0.15884463154488027,0.24966366527846084,4.7898722807337855,4.12691259113626,0.6625497769668303
22,89,117,0.15405927721003926,0.24252736264624603,5.189260103744942,4.4307137368240195,0.6832508365859762
22,90,116,0.1611331462128029,0.2500604345479042,5.230202582390933,4.146743534700721,0.6515552646987258
22,91,115,0.16197308666310323,0.25361649115682167,5.611407934502878,5.219868376909098,0.6483548476785538
22,92,114,0.15946181017048205,0.24525366222735942,5.233207020756549,4.957971581815443,0.6601255295661663
22,93,113,0.1543074583895347,0.24674282190661612,4.904099243156491,4.4404495481598225,0.6665600272412714
22,94,112,0.16001213124640845,0.25527068850504864,5.101460890196429,4.478798330743093,0.6710358640866418
22,95,111,0.1559518417190916,0.2506857628757825,5.037910517826068,3.7822508966352753,0.6720618457644978
22,96,110,0.16423926517106197,0.2568139671263508,5.181362756633369,4.453244443138742,0.6366671067938305
22,97,109,0.16800145216581355,0.2560146065743606,5.665113910229138,4.941137439816927,0.6483045914057063
22,98,108,0.15739585520639712,0.24154255278977893,5.399758295870016,4.9476921190157,0.6529385534048733
22,99,107,0.16657716322635674,0.253613113020467,5.636545733718551,4.664494130373898,0.6590711565580312
22,100,106,0.15829245134292622,0.24887166822152232,5.113784437041809,4.648804309504341,0.6756868184619172
22,101,105,0.1583883555272435,0.24819707482284278,5.623761952605488,4.612308196968119,0.657468010562938
22,102,104,0.15897814417447526,0.24184473004711887,5.1086188446293175,4.24210697744862,0.6807907477042731
22,103,103,0.16142805594014173,0.24444556982208654,5.347731657432176,4.8584603449552795,0.6487580521104789
22,104,102,0.15727779751498966,0.24507651580454712,5.0727872810844765,4.849962088204025,0.6522408448648336
22,105,101,0.16115628271026106,0.2624778510296826,5.673915778703846,4.89567774919692,0.666579848296806
22,106,100,0.16736068987916425,0.25159203670449654,5.376651350167155,4.6835449052706,0.6853148453443654
22,107,99,0.1644559655449179,0.2535033181189177,5.437330492670217,4.928464028551545,0.6659536527287814
22,108,98,0.15883282218758163,0.254805103008617,4.886067129966422,4.455886928079658,0.6539196459912006
22,109,97,0.16597144578169384,0.24386780383455794,5.804429019389712,4.617457349141202,0.646539584898356
22,110,96,0.16756383581027773,0.24831810679653277,5.396603870705723,4.385818374972073,0.6640663653566712
22,111,95,0.16923101123359627,0.25513873983542573,5.488935343656031,4.799536533495287,0.6692732221401035
22,112,94,0.1603068612611484,0.24226299227135653,5.263423684453748,4.813049182928217,0.6661841325062985
22,113,93,0.16735745968134386,0.2497926525576781,5.048064516232271,4.568358334257198,0.6353580818567343
22,114,92,0.1645856374438092,0.2456546954755244,4.661231242870901,4.389895546125787,0.6529294558871663
22,115,91,0.16012139190379035,0.2447592489992371,5.6305275359305,4.844544859836011,0.672663986228821
22,116,90,0.1659049906530662,0.244928187037196,5.238801458441584,4.749019864638127,0.6530519714244215
22,117,89,0.1669612531823048,0.25994145804020735,5.046830075266147,4.71057431916641,0.6688563245793043
22,118,88,0.16496271579949118,0.2352948225572228,4.8942333862242595,4.53531581327129,0.6823961572217176
22,119,87,0.16923662355703267,0.2536330489589396,5.372927830583748,5.297379461278867,0.649274045942936
22,120,86,0.16756795853259762,0.24366502925153233,5.444894869382811,5.163545436152255,0.6550321141822385
22,121,85,0.16103379008594448,0.24267351482048122,5.110627794166758,4.241188429441795,0.6549603725810988
22,122,84,0.16662834626068124,0.2537552691387443,5.625210989616114,5.57809283889595,0.667020753970437
22,123,83,0.16770764348750464,0.25285369533138463,5.769423249780312,5.1048829673832605,0.6843481052682389
22,124,82,0.17013841680327235,0.2551084691633213,5.96926177045227,5.128198884090697,0.6352281603853537
22,125,81,0.1615832566057996,0.2546385252342935,5.316715859717906,4.039650246234898,0.6758474635437444
22,126,80,0.16850715216859,0.25220599907727564,5.206706941120815,4.533074264522378,0.6328773836572886
22,127,79,0.16908176648524734,0.25270968617131134,5.415636620694512,4.843395176627821,0.6583947052306233
22,128,78,0.17070458705551803,0.24934072740357757,5.470005325348465,5.1619759968556576,0.661345272817891
22,129,77,0.17567004861226418,0.25204244409004584,6.157771761367343,5.68202597010963,0.6834015370809636
22,130,76,0.17177678219442674,0.24414805193461342,5.371688480132333,4.925260907622846,0.6650515718193821
22,131,75,0.16895639486585565,0.24597383155973299,5.103410052496004,4.712501006315118,0.659836179773663
22,132,74,0.16312505282243092,0.25754839405642427,5.010672476785565,4.515048581893002,0.6749047785619452
22,133,73,0.16950566182866425,0.2535889005295076,5.513439438546101,4.612253825772817,0.6535411956418495
22,134,72,0.17081122716768532,0.24537903043369608,4.957438040270901,4.518977856629817,0.6442808511897511
22,135,71,0.17463956219337182,0.2572694932878443,5.070877153463429,4.318256103137332,0.6732413903617879
22,136,70,0.17017139700398226,0.2447791119611743,5.53459796768654,4.728169562548979,0.6789434493919414
22,137,69,0.17131802480709016,0.24914589211767174,5.849945674096668,5.551214409594638,0.6518809050433769
22,138,68,0.1757170544981721,0.26145717397026064,4.708356644931644,4.1485910119935605,0.6424444930966309
22,139,67,0.1692110950249649,0.24319650863244616,5.204267240200698,4.514664624192483,0.6610760184460563
22,140,66,0.16285780505559483,0.245764011973076,5.147895276152006,4.655474072603732,0.6710445561260621
22,141,65,0.16854194941526515,0.24125975480742126,5.113351341216886,4.301751969077736,0.6619470074641434
22,142,64,0.16742010766578114,0.2426590513248693,5.340885481304188,4.863023713801912,0.6715657056024739
22,143,63,0.16775041870684942,0.244949889619891,4.840222896240426,5.014597417213311,0.6557454241501178
22,144,62,0.1793120456452915,0.25036287459152146,5.231925085542677,4.934533980976425,0.6382594998807055
22,145,61,0.17564387991684993,0.25092249812476924,5.486336554781565,5.186722785989268,0.6683001285025243
22,146,60,0.17732803769306799,0.2515518246454715,5.696202022482696,5.58185938583008,0.6664471040049709
22,147,59,0.18372302993344974,0.25649530494583345,4.742864781076848,4.205784311126271,0.6342621012622598
22,148,58,0.1734870919127971,0.2584395513717804,5.24558701583627,4.9968868190566695,0.6524572223947674
22,149,57,0.17501243208664008,0.2553394677989131,5.0173330619302305,4.1607970825922775,0.6585431566159864
22,150,56,0.1805872013892683,0.25864825348158693,5.68419882913707,4.8054831347494185,0.6567174746304797
22,151,55,0.18267051087484248,0.26003872261316174,5.495519493567482,4.9265735051495225,0.6417156212189042
22,152,54,0.17540955603431108,0.2515972317615373,5.591779153878452,5.096693090320208,0.6646828259721701
22,153,53,0.1664803976597563,0.24279609456889667,5.296607021112303,4.939645238952192,0.6786504681308295
22,154,52,0.17478858142296885,0.258632081813601,5.188998456997628,4.505259673210556,0.6624596492752064
22,155,51,0.18158215910119205,0.2654286420441955,4.767508544031134,4.656207340799171,0.634484731209094
22,156,50,0.16612775418496506,0.25500517316794086,5.047735042365433,4.567248925896019,0.6492204610414019
22,157,49,0.16833037008706792,0.2625645152518114,5.169965475193376,4.8946558409720256,0.6545471674142207
22,158,48,0.16713428572457692,0.2552706954265764,5.19346222149923,5.146265189373362,0.6785589534641329
22,159,47,0.16762049390671716,0.25108248942616995,4.963237457330115,4.221640301786645,0.6632079809913226
22,160,46,0.1716115764381792,0.2559654351722861,4.728117643767843,4.288137679659296,0.6587069943928542
22,161,45,0.1674624153939786,0.2550897121114845,4.801222289789605,4.072277860208129,0.6330359552458357
22,162,44,0.17652328990209437,0.2752410778619447,5.032779930316037,4.379650271836187,0.6388336264145622
22,163,43,0.1748297001359774,0.26813574731951245,5.1555264457037495,4.529495894757208,0.6654386243436186
22,164,42,0.173425206846229,0.2617425442713989,5.369162730472716,4.251715193876433,0.6467425606668601
22,165,41,0.18778803903889427,0.2831509792312418,5.128104721939352,4.486409322042648,0.589778572615159
22,166,40,0.18188328282544472,0.2753362168492117,5.233041157719542,4.384138602189354,0.6160295360814573
22,167,39,0.1862890499832538,0.2808276982384759,5.190355520505527,3.972698279251633,0.6009799010781133
22,168,38,0.18774414716900673,0.28806660524776134,4.5287910789449235,4.043337700605395,0.6015328162671213
22,169,37,0.19589531105166352,0.2991384599723342,5.022305922566217,4.29135119098755,0.5792411495934773
22,170,36,0.18369307727227968,0.29523014113470214,5.401681537213868,4.348852458262573,0.6104736914098894
22,171,35,0.19485812096173555,0.28796220215832385,5.001536119897089,4.933679446954037,0.5697993612879421
22,172,34,0.1926470112770284,0.2903885030894241,5.9227371549716175,5.264178348202894,0.5874110932775904
22,173,33,0.19816903063932279,0.3088720803030371,4.567256469339678,4.307560738574039,0.5484974552872737
22,174,32,0.18817922095815218,0.2787400231098534,5.196130837072868,4.617583281535842,0.6057694418268026
22,175,31,0.1892188228921024,0.2862658779668972,5.313785836239724,4.281422332299063,0.6034763365410616
22,176,30,0.19877587988924053,0.3025077852591138,5.056455567990693,4.208476624776095,0.5791814978684031
22,177,29,0.18342947928381,0.28509019699975635,5.352293288766988,5.158144493990075,0.6190701756966769
22,178,28,0.19911776252524063,0.304178600791142,5.104897265766784,5.013546305305576,0.5609432724404455
22,179,27,0.18710785989537398,0.28075866179747105,5.021113362754342,4.244188562659417,0.61285650802197
22,180,26,0.18899379040133638,0.3034331980091411,5.247559189759072,4.814967133969039,0.5700790706449523
22,181,25,0.20019209995127213,0.29793892544116307,4.938786611967655,4.192727066553518,0.5960545553493166
22,182,24,0.1969653585389347,0.29362161134053644,5.0402684887187945,4.305450181904897,0.5702273815157735
22,183,23,0.1935783295558319,0.2971498088928247,4.711349738176821,4.511250105523985,0.5715927627344999
22,184,22,0.1921159917459838,0.2901930798238881,5.495454683504682,5.000643106252383,0.6058171706373056
22,185,21,0.19541358142066872,0.28568926465600597,5.027253695219468,4.198837662513795,0.5956664535257442
22,186,20,0.20773590340368572,0.3101753787880188,5.040316382041862,4.676339953281116,0.5601698877883831
22,187,19,0.2081297810673028,0.2996430948171121,5.397018160253657,4.62757785491327,0.5682950653958786
22,188,18,0.1977599422950935,0.2912825651893096,5.047085333142535,4.237685839902601,0.5652787363115477
22,189,17,0.19363727206917417,0.281964729104091,5.058469379208443,4.819782950007316,0.5790465202809766
22,190,16,0.19440431369102393,0.28169229943186885,4.801423751670806,4.403826132841247,0.6096656611607185
22,191,15,0.1995584316050435,0.2879495312351387,4.818250032929315,4.169321289496588,0.5609400925323645
22,192,14,0.19770336816427977,0.2947449206244444,4.9599847795171215,4.10824877342779,0.5460051626803792
22,193,13,0.2035221344832517,0.29936657466706107,4.822216877624117,3.9720920577794345,0.5740682057997697
22,194,12,0.19187446809246933,0.2755719352141026,5.854619771601323,4.6235489567187695,0.6229766813993814
22,195,11,0.19272963604759188,0.2734825518237184,4.836925730259872,5.092300494095454,0.6014406502452543
22,196,10,0.19342931143301934,0.2797592135619577,5.236918589803058,4.674995259321398,0.5928709675952435
22,197,9,0.1944588878264185,0.29036685246411753,5.268306759901257,4.665757000004419,0.597618073258153
22,198,8,0.19121526887666715,0.27494741768979974,4.87939268977237,5.073565822952819,0.6009432114873828
22,199,7,0.19535243752160364,0.2828782248969291,4.846229664640359,4.1431993757429915,0.564878727713154
22,200,6,0.20639106441933466,0.31089539295585444,4.564515879685008,4.345269919217893,0.543108380648991
22,201,5,0.19581077484052659,0.28951715838988257,4.4128149599143,3.88236495072291,0.573680015723996
22,202,4,0.21761664061088518,0.31020280379753956,5.851642828166393,6.3703894979215745,0.5645382150439221
22,203,3,0.20086669068248494,0.297617970204831,5.4091284458495,5.0321431096956974,0.5619085546210915
22,204,2,0.20910753602714913,0.301726774026298,5.4246860159355155,5.313157003757895,0.5638080689363515
22,205,1,0.1942109147562325,0.28653783835216395,5.020814289217616,3.888529906013613,0.5729150157702659
22,206,0,0.21567028959371448,0.29727201515024176,5.0298182128916435,4.5175237722716695,0.5640212661894601
25,1,106,0.13372743250230615,0.2078956236442044,5.835579478703642,5.159566695246783,0.7632119262619994
25,2,105,0.13439933174375943,0.2130358834152172,5.810932214666253,4.701736355993774,0.757401406660709
25,3,104,0.1340922065399829,0.2087535172423273,5.524554016943511,4.571006913700132,0.768896612554466
25,4,103,0.1370656680478146,0.2144271885691393,5.673563674652993,5.2988673049854045,0.7292682082569515
25,5,102,0.13531202941739662,0.20936463830923227,5.402775547543978,4.4422771932002725,0.7513539492790967
25,6,101,0.13788406605497264,0.21093723191352898,5.037099175679598,4.443527954013879,0.7305413414040229
25,7,100,0.13601597442479352,0.20939677250967387,5.3464686042778915,4.892690207983362,0.7637473516792346
25,8,99,0.13726602959824727,0.21489170188049803,5.857111979023596,5.139286678562695,0.7430330588298436
25,9,98,0.13470926351333362,0.2116089726414287,5.433650944870755,4.83916258596168,0.7569567229847413
25,10,97,0.13823088306716147,0.21673956489352414,6.018980599335345,5.455803477762022,0.7399323359404034
25,11,96,0.143919394664337,0.21898910151200374,5.055965508243714,4.591629979802466,0.7383520933334589
25,12,95,0.14305800856988607,0.21586369727475302,5.55391399206167,4.510193932374929,0.7418121837084684
25,13,94,0.13698963325784372,0.20858061753619425,5.266303743354879,4.292573287077357,0.7398669114227852
25,14,93,0.13844875407845164,0.21403413655147144,5.831513913112802,5.221566619535429,0.7577443560920811
25,15,92,0.1390318837012146,0.2146656341918994,6.366779349357637,5.643554452638938,0.7583775035920606
25,16,91,0.13679737868897543,0.21192597154825651,5.381600888125295,4.659360131286236,0.7414214075159373
25,17,90,0.1388664872355153,0.21850476303083866,5.448058029977863,4.974632196738702,0.7341390149120839
25,18,89,0.13650344763478595,0.217304678900019,5.290967447428652,4.677467522217268,0.7413445567404335
25,19,88,0.13719932838664312,0.22162686741338636,5.702108251328397,6.140566809196873,0.7255306767428146
25,20,87,0.1399261184417993,0.22207808386297048,5.797098232331127,5.08740535161074,0.7425913953003981
25,21,86,0.1371104864072239,0.2204224952476165,5.347931379243292,5.2973578274773345,0.7218855020187055
25,22,85,0.14111491629587916,0.22256334679299797,6.104320527882823,5.391525328155676,0.7299720670315304
25,23,84,0.1357929577863996,0.21768534859156724,5.071279753198276,4.4878121108488145,0.749689930745159
25,24,83,0.13829593894618408,0.22412269198068066,5.445331560185824,5.126482223916717,0.7450803152103641
25,25,82,0.1314358054942981,0.21575187398025475,5.445950476897929,4.7344042262146875,0.7294539855522322
25,26,81,0.13699828530332916,0.22481106366134243,5.755981098896944,5.003534344586711,0.7560086161802005
25,27,80,0.13598869643116876,0.22081762141535163,5.585926902439535,4.69790847816369,0.7314517999720089
25,28,79,0.13924200824357985,0.22806895130545846,5.8483993245602015,4.948088123423766,0.7453110257214124
25,29,78,0.13675341324422632,0.22832823036517358,5.404749386509653,4.1920846167386125,0.740678145033613
25,30,77,0.13787869613803275,0.2285702663965412,5.868206550204241,5.12015848659404,0.7516852659565363
25,31,76,0.14081693791298128,0.23609387521091887,5.227735298766113,4.868183579970828,0.7193559463625939
25,32,75,0.13645325200761327,0.22567742815653963,5.503626070344003,4.669319145356745,0.7380232193895102
25,33,74,0.13940683750650418,0.23142390553806658,5.3147792574018675,4.329758269745649,0.7300992486396652
25,34,73,0.13346237504250297,0.2211242715230281,5.306998957490731,5.02519348647596,0.7291496428955433
25,35,72,0.1390583331915866,0.2361132067135178,5.125205308659419,4.553522571997589,0.7039838947243153
25,36,71,0.13579969237509953,0.2278672062145033,5.836768710231601,4.9947465723176006,0.7313042004436747
25,37,70,0.13775566034671302,0.2294024578605187,5.191667928115983,5.391049899331702,0.7311439313730888
25,38,69,0.13206617466469714,0.21791265087797046,5.076951680677883,4.537250446529093,0.7707696722696519
25,39,68,0.13717671509071364,0.22627589412582566,5.159695454888419,5.188777803916944,0.7180964613752664
25,40,67,0.13763057983598173,0.23037659852687492,5.263907403273864,4.572257344179767,0.7173162478556336
25,41,66,0.13703075524715028,0.22732177394356817,5.53507902996596,4.418947513065716,0.742438711648326
25,42,65,0.13361149070126685,0.22568950418640746,5.733852374363154,5.707578508015612,0.738239060155314
25,43,64,0.14510603177290177,0.23862882043597383,5.563289979477334,4.845103158574151,0.6811732995081115
25,44,63,0.14688676455721425,0.24078315551508445,5.4587833397116015,4.883602092782385,0.6771929220283668
25,45,62,0.14665545552624423,0.24326090663755673,5.396120180085223,4.721400261793129,0.7120482816565084
25,46,61,0.14948617492016758,0.2414317007581277,5.058571090002949,4.521070461677332,0.6687250096529754
25,47,60,0.1543283961218551,0.24997182053477487,5.479953511970791,4.253363032035482,0.6642257647388592
25,48,59,0.1527965716731325,0.24818484888966674,5.3459922805294,4.748748456645791,0.6485176852927611
25,49,58,0.1466093112687087,0.24079567377350752,4.977974633681731,4.4622104959005195,0.6873788273523421
25,50,57,0.15030323349364547,0.24789293838365245,5.598428161360755,5.271745780872721,0.6577276313553246
25,51,56,0.1490492365173387,0.25171383457800406,5.514478100037081,4.304700530774186,0.662839737996379
25,52,55,0.15076991192337957,0.2532293511299883,5.030480588944915,4.644185572289887,0.6592498142776546
25,53,54,0.14986359897794524,0.24746604887344303,5.268901526887269,4.241938419447162,0.6695682314574642
25,54,53,0.1472840285653568,0.23880820212844636,5.262767136581431,5.0714714527822595,0.6605250237489315
25,55,52,0.1529997064634222,0.2454566322706126,5.282626766468869,4.296745817376558,0.6647472039181708
25,56,51,0.14848200190097768,0.23579693441695354,5.057594105898749,4.626723079800156,0.6960821661242309
25,57,50,0.15724337097856556,0.2470218350358889,5.355644325897462,4.417057445987489,0.6823148727439439
25,58,49,0.15421780036586524,0.23690320552473904,5.254318103529339,4.188024638520736,0.6719253815530979
25,59,48,0.1536723035907706,0.23237372324003938,4.959971833544302,4.73625931567502,0.6655945284517276
25,60,47,0.1569616731900231,0.23567493675644471,5.19771084489234,4.34963922186182,0.6558990856821236
25,61,46,0.15902902385548467,0.24326138400791594,5.682802678797403,4.762708562553997,0.6679918970158558
25,62,45,0.1588490280370639,0.24312743282334615,5.196822175139361,4.272050047113221,0.6781474937631926
25,63,44,0.15698696476839827,0.2347356115583537,5.22226881004861,4.173131690940916,0.7065296746346286
25,64,43,0.16219649271177322,0.24004265685337556,5.210303968470754,4.9975921923459845,0.6668270445570207
25,65,42,0.1593540170614572,0.23606475194860385,5.357282095023433,4.399158187432596,0.6548735221867391
25,66,41,0.15286339872284296,0.22537149065872328,5.104300036094467,4.358938533482953,0.6691401170743608
25,67,40,0.16250649136371342,0.23864612474496624,5.471558485858203,5.556686263917529,0.6382489962436229
25,68,39,0.15895700275255195,0.23204682969167417,5.35031129445167,4.699227427418121,0.6722451483574736
25,69,38,0.16023095336283472,0.2412806217951748,5.528351523034948,5.3205853022954095,0.6643480545854155
25,70,37,0.16291314502861637,0.24641157918235743,5.344996786696209,5.255792413598651,0.636380216462067
25,71,36,0.1596614146635718,0.23976549716053314,5.413558287221348,4.203928130304209,0.667793208585544
25,72,35,0.14933504252910962,0.22953849424867376,5.32270941370583,4.597134266793368,0.6866347475278474
25,73,34,0.1601792000475962,0.2475349745656274,5.536600929554166,4.475763503452704,0.6483313170914113
25,74,33,0.15480336205225786,0.2464634112948258,5.787506990707205,4.8123871992621,0.6681137914895748
25,75,32,0.15824304037075745,0.24928382586303824,5.1859217104329955,4.205796060747749,0.6555693734231363
25,76,31,0.16438388473155396,0.2490886567763118,5.292708370831944,4.32752817379653,0.666751214780332
25,77,30,0.1583307323217686,0.23661702895082445,5.2242349560976775,4.956692858582344,0.6788617403957039
25,78,29,0.16171265455685815,0.2408448751450121,4.870038233410014,4.1805383924119,0.6540291692836956
25,79,28,0.16201269666527005,0.24066416313940148,5.212700109035964,4.441851342422303,0.6660200984901303
25,80,27,0.16229783179339882,0.24235857861606144,4.991948362016156,4.748999531316089,0.6616983317632441
25,81,26,0.16263790762302613,0.24265851695579418,5.281307053027915,4.654501435317745,0.6585651240987972
25,82,25,0.16706614829830768,0.24774505402161218,5.182168533855834,4.278142996606462,0.6897738431412141
25,83,24,0.1691237755366914,0.25300722412746735,5.4988307504366585,4.7320038833963505,0.6461554326125327
25,84,23,0.1699678783138527,0.2543082921577624,5.115262357543864,4.512679235700013,0.657011227889145
25,85,22,0.16795913930402692,0.24987372328585264,5.270736887681689,4.7818765657348985,0.6484748240786313
25,86,21,0.18454062883248673,0.27315216657861047,4.672892816468378,4.0367574248113325,0.5925935780823329
25,87,20,0.17302997746515977,0.2599665017913899,5.30976067585274,5.152192152701916,0.6097651532669783
25,88,19,0.17546397996837432,0.2668937437547887,5.214391710599331,4.187883188977423,0.6095396432978648
25,89,18,0.18332112862458064,0.2755709817477076,5.025877218432665,4.086578346194887,0.5921869689567357
25,90,17,0.17801281123274026,0.2675243325466829,4.934467482623984,4.309429676309488,0.5749383518080637
25,91,16,0.17316205672720772,0.2623189712194607,5.257441020709399,5.21057899484351,0.6316914425954461
25,92,15,0.17507365233587946,0.261508312004302,5.269819850378184,4.594788498112083,0.6169881249704328
25,93,14,0.18729031067098037,0.2829457980998013,5.622051493266316,5.1662113884268,0.5922569343008649
25,94,13,0.19011863276028348,0.2857312749280156,4.907714729328972,3.9803217979086822,0.5761704967758806
25,95,12,0.18074655336967338,0.2761833596686535,5.390089250929371,4.7956717540207565,0.5859918315005876
25,96,11,0.18191823987514805,0.2849485733603148,5.327783061834584,4.565833129149592,0.5684789810846225
25,97,10,0.17558913786207314,0.2825979525263938,5.068067072199393,5.440167623583511,0.5877538470774087
25,98,9,0.17426825436374768,0.2806953848075141,5.038513814525869,4.25707267318254,0.5894228626287594
25,99,8,0.18830839955213421,0.30250712327478874,5.244100876356985,4.598057972159419,0.5828639022628044
25,100,7,0.17726211003893844,0.2871535008999338,4.800527702836144,3.875531044661915,0.5937774513950133
25,101,6,0.17814578353625024,0.2906555443695913,5.022251992920485,4.556561508794561,0.5874942455698734
25,102,5,0.1682655082720092,0.2722085419352877,4.916605440531843,4.225787095923586,0.6063504343702864
25,103,4,0.1681624193945551,0.2741449500955267,5.153805450688036,4.567636391822798,0.5903786526710215
25,104,3,0.18291492983893992,0.29496529418428796,5.220499402724588,5.16382473860171,0.577749316664159
25,105,2,0.18746204293698748,0.29386896035611154,4.6594430113971,4.01587718355727,0.5721232106620916
25,106,1,0.17790787032574515,0.2815018725786187,5.407759118300406,4.661723344616413,0.5934732453564968
25,107,0,0.18018381705672645,0.2836305487473246,5.036739993746725,4.21270088600499,0.6065036508257542
26,1,324,0.14249839756517843,0.20508393099142794,5.377975187564038,4.603898839952812,0.7681564896456536
26,2,323,0.1454654639755211,0.20866937064032312,5.27461363842616,4.256234257115245,0.7529719809153861
26,3,322,0.1407269450813649,0.19932057738399636,5.511314152604825,4.494704526503325,0.747163638265084
26,4,321,0.1442669843330851,0.20861710659493557,5.338183596279173,5.0530427095165,0.7652944132601838
26,5,320,0.1403233768563219,0.2049887164846276,5.377709801299975,5.297010220646845,0.7539587051025404
26,6,319,0.14356091587688766,0.2044066772375083,5.41260261315649,4.471992737481917,0.7404925259368154
26,7,318,0.14280882873990228,0.20296559094800826,5.607792778710956,5.0864064612938185,0.7472967728985173
26,8,317,0.14064620433242048,0.19996708104083602,5.1302357092558015,4.209111098914459,0.7612380564238986
26,9,316,0.14532807807868375,0.20955456766485683,5.543644762344517,5.234071853184416,0.733504350561768
26,10,315,0.13890758402292977,0.2029297856759226,5.14111049922725,4.403379919936226,0.7335252028318445
26,11,314,0.14035512429293465,0.20496781977659415,5.359214004075509,4.562688743165639,0.7514676226808645
26,12,313,0.1419380499184734,0.20758418418517977,5.613793754716662,4.980811320278133,0.7460724479514635
26,13,312,0.13516923650167215,0.20035702055739057,5.391543669025033,5.454789516261524,0.7540646405060487
26,14,311,0.14171182629481055,0.2112119363404589,5.434565443419566,5.283269865448786,0.7291203716401177
26,15,310,0.14496367122860346,0.21459191684888893,5.271586628012865,4.47001684117175,0.7518862346252538
26,16,309,0.14175548595845486,0.21295806291419167,5.2984032623824024,4.140361583694961,0.7383872738697086
26,17,308,0.14275195639183652,0.2138912478520541,5.821371264923519,6.038508745208766,0.74029571512236
26,18,307,0.1392263616900733,0.2107495273947646,5.151426467095375,5.069503256811074,0.7480515115440031
26,19,306,0.143099880800815,0.21434388811091182,5.363153501479079,4.67814744400735,0.7459910766295456
26,20,305,0.1394456742562856,0.20817084556776708,5.024927169611271,4.196516509141618,0.7410018864772073
26,21,304,0.1446548327517126,0.21712458930701622,5.363837789922604,5.157550468606688,0.7247287014292899
26,22,303,0.1392642454262981,0.21352615880223808,5.203696466194479,4.743913204138402,0.7497674293149433
26,23,302,0.14305852880306344,0.2189627152303237,5.585063674760796,5.4650265507895135,0.7543738026387395
26,24,301,0.1379296054484064,0.21016896401994017,4.842116596866166,4.593131044925312,0.7347686576431114
26,25,300,0.14356711591603005,0.21385402725027997,5.46978204234316,5.129213729325103,0.7389662006403673
26,26,299,0.14206328406228821,0.21286507011288308,6.072528364507302,5.536094837244396,0.7614753613736215
26,27,298,0.14315191127025062,0.21928998788192097,5.620969449772987,4.349691291820545,0.7365285158999141
26,28,297,0.14041760299013206,0.21262105886566596,6.0165381489086975,6.271735560287407,0.7152833030920018
26,29,296,0.1432894394412154,0.2175956394686154,6.068771157674659,5.448277938740851,0.7219903315440873
26,30,295,0.14261340127710406,0.2148751920449944,5.591141867165965,4.7479535305656855,0.738460748333135
26,31,294,0.14602118069408826,0.21960214089212016,5.0968943113679,4.225853596919423,0.7295417338563049
26,32,293,0.14134936478353782,0.21023832883351312,5.664461360986888,4.951641315851839,0.7463486945938388
26,33,292,0.14573758179606397,0.21552636339756515,5.585381387001479,5.276438307895844,0.72530229192124
26,34,291,0.14943228800843186,0.21905181524560008,5.387763176679196,4.774951136627235,0.733915198966723
26,35,290,0.14650985395864483,0.21370390224943572,5.654186274642434,5.33777470039195,0.7369956220957311
26,36,289,0.14520598402520712,0.21528837835571835,5.214832244995939,4.480202024923952,0.7233172229793003
26,37,288,0.14218868422852793,0.21247756727252864,5.229814413673939,4.257285874663006,0.7461931516549395
26,38,287,0.14836778935349682,0.22042888769006277,5.396780859467002,4.561567683148111,0.7163400027660285
26,39,286,0.14271678802864365,0.21360445491461888,5.143805341054968,4.762703779870916,0.7582200687593215
26,40,285,0.1463971379865194,0.21762785221139538,6.067857095177647,5.223223848890857,0.7072114593620412
26,41,284,0.14162919262430299,0.2102983646009527,5.236258769974335,4.675912029423851,0.7413304665636644
26,42,283,0.1463725428106622,0.21839796431301584,5.4755511988485175,4.993197668900694,0.7231896879125506
26,43,282,0.14816420937778088,0.22023032417308014,6.196579677844911,5.30163019437432,0.7377510766319396
26,44,281,0.14848451770410456,0.21986932465952289,5.2726650268909445,4.760822789520941,0.7277780682327066
26,45,280,0.14839019230440634,0.2173454672336334,5.774274802509475,4.886283838568667,0.7351296055579566
26,46,279,0.14850238195789936,0.21466987112859628,5.27202487108685,4.628772242579192,0.7069101823180022
26,47,278,0.14274184289857866,0.20758927314434558,5.375412915948158,4.859360279200479,0.7399397340146968
26,48,277,0.14606431160784955,0.21318431302739632,5.5210152849953325,5.133069474096402,0.7421441103764078
26,49,276,0.15285933655277323,0.22168049171685536,5.8634147554760725,4.994600033255602,0.7232161295510089
26,50,275,0.15020148564222358,0.22112554725678374,5.575527170106184,4.321188979454555,0.739319784803636
26,51,274,0.14797014222507776,0.21772033355188594,5.16937979948972,4.605080552622813,0.7294532894471644
26,52,273,0.1517071540580819,0.22259448965943493,5.780560576883871,5.092826417111015,0.7805402021938901
26,53,272,0.15022005523028742,0.21939406682254964,5.506216300492705,4.2915678901059,0.7617516855674072
26,54,271,0.15632118446593601,0.22896272794715464,5.791884038711036,5.609511090585733,0.7454703545302556
26,55,270,0.15003606233635375,0.2169163568871392,5.543802709223279,4.679738406719327,0.7283874747450807
26,56,269,0.15459570241940304,0.21858894992520259,5.137537470061815,5.195258390568555,0.7206740424950592
26,57,268,0.15254273630574955,0.2149137785275247,5.522487341866434,5.10038542659146,0.720247670224147
26,58,267,0.14868766264637917,0.21467646812702826,5.558791684143989,5.030415685422228,0.7297253387264545
26,59,266,0.1500298553043367,0.22032394810685801,4.874934860531358,4.512720947176737,0.72305492323834
26,60,265,0.1526018742773504,0.22496880605702455,5.499696427224373,4.606734168102603,0.7067430419621972
26,61,264,0.15049702390862035,0.2161845225085593,5.18145271393467,4.918334891405431,0.7348368891294298
26,62,263,0.1591702648176074,0.22778972612392498,6.055197282479995,5.340164904396323,0.7138954515982632
26,63,262,0.1513563160336563,0.21904590819654923,5.234224906860497,5.093686232906596,0.7472400676576062
26,64,261,0.14920596687882257,0.21745294522950848,5.093331477538365,4.66084654641533,0.7199208412845385
26,65,260,0.1515926088328244,0.2243853074179635,5.179931693291165,4.742476481235455,0.7082844704653907
26,66,259,0.14991941542117823,0.22489036616485583,5.635167995844343,5.523216455455219,0.7466769047119565
26,67,258,0.15405822063097735,0.22915460230477688,5.309785197451986,4.940642140765312,0.732537779961389
26,68,257,0.15040239021782612,0.22167561748725897,5.672914543100904,5.005171796444595,0.7154317958363813
26,69,256,0.15069743154854287,0.2221147181123031,5.113153973456805,4.608107639895992,0.7249338698851829
26,70,255,0.14891228838717588,0.21723436003664504,5.29933789987804,4.9064110548753,0.73494948603564
26,71,254,0.1529606750990097,0.22212558755403802,4.858448815874683,4.20224453901361,0.7242720330893576
26,72,253,0.15086749971869848,0.22121456673568232,5.580203270047264,5.435970683984299,0.7337085960245323
26,73,252,0.15027331084544962,0.21957304116785845,5.367076374155022,4.5171714878330596,0.7267156945343852
26,74,251,0.15375543126655686,0.22317164848158944,5.3019027777176415,4.834579895583819,0.6919865194966826
26,75,250,0.153661412879894,0.224481921389306,5.442262714728399,4.709451921055259,0.7062304077362614
26,76,249,0.15853441892818648,0.23065967091794257,5.5088868143312,4.741835970834278,0.7190339416576513
26,77,248,0.1589517425433852,0.2270290825771895,5.16410635232648,4.357057052390905,0.7043559999362967
26,78,247,0.15343388024949547,0.2118842933335742,5.079677254457728,4.966348732093035,0.7158322926697868
26,79,246,0.16253310441784768,0.22583668274231983,4.991099150403473,4.915012471679992,0.7122637991005183
26,80,245,0.15341684538490627,0.21269898661994963,4.790216309753276,4.363681451895195,0.7158068846202903
26,81,244,0.16016737498406566,0.22705310418642932,5.851520051568508,4.768182159205142,0.7333558030178227
26,82,243,0.16080355702043442,0.2248547822968474,5.182605197087618,4.587479077253694,0.7191334220553857
26,83,242,0.15361150827195702,0.21768802741437876,5.193318202760488,4.2559740811433775,0.7168602642225086
26,84,241,0.15632022958923067,0.2227760609895648,5.712760237341273,6.319482687624533,0.7398870731520023
26,85,240,0.15631334593067306,0.2286836703539161,5.5886876655760975,4.723707983542652,0.7052344443841657
26,86,239,0.15556324118969103,0.23231211293780912,5.533177635583174,5.112873239050888,0.7116418722028581
26,87,238,0.15196995574353644,0.22409446133564387,5.173339294138469,4.132926411975667,0.7206601702817936
26,88,237,0.15504857060692787,0.22808058974143094,5.4679168318426425,4.5130322186973215,0.7305243194875851
26,89,236,0.15654432018475029,0.23057799265458534,5.467353270732787,4.166216755290089,0.6953006476552006
26,90,235,0.15512691979562185,0.2280809091822819,6.174770657164624,5.3324638251204375,0.7126113594483591
26,91,234,0.15553240180303135,0.2349431573756329,5.404405541961897,4.669160343414893,0.7061677207388387
26,92,233,0.1575645942838915,0.2325834756337983,5.49932751221723,4.675948665314685,0.7235193937914967
26,93,232,0.15926404380017614,0.23498537678358405,5.9206709722974304,5.5487050216120775,0.7155692627405974
26,94,231,0.15475148835932215,0.22753323967883154,5.103727889857645,4.135249342426435,0.7279642380778837
26,95,230,0.15342133278346481,0.22541059344166137,5.791573291629451,4.873579838402211,0.7245968501776884
26,96,229,0.1574628975736153,0.2297992429440025,5.431707691574894,5.13397858274043,0.7155633259768946
26,97,228,0.15832177131523792,0.23496278116209518,5.339896933140021,5.17850610438635,0.7068498097488939
26,98,227,0.15122053289236514,0.2240732922359689,5.385319107857114,4.836311480760322,0.7186828778576948
26,99,226,0.15073623481482964,0.22698168969232632,5.425114171285756,5.059206124516907,0.7343948919864011
26,100,225,0.15455235375067877,0.2291247648348126,6.0679542325325055,5.080830973383045,0.7203266038374592
26,101,224,0.15261049574545346,0.22433103298019313,5.254251277596529,4.4684419321295135,0.6981156117155044
26,102,223,0.15172340018847855,0.22463718523646994,5.148568315281781,4.164387177046699,0.7101944218197389
26,103,222,0.1613441960076581,0.23637970842483455,5.209727451783053,4.5892764709186835,0.7062711687876817
26,104,221,0.1544504356833702,0.22943293003763182,5.409341779553935,4.811671824233287,0.7249147111538382
26,105,220,0.1574461449002116,0.23264653693999246,5.477528895803172,5.07784333381948,0.7263437744247736
26,106,219,0.15545379483845193,0.22989388205297104,5.444076935372395,4.8070345709912194,0.7064713846297732
26,107,218,0.15819294942100076,0.23709246906211903,5.92153685333195,5.650739574787706,0.711252528550203
26,108,217,0.1575389609147003,0.23942911972689307,6.038686582093826,5.124146691817236,0.7141397839923648
26,109,216,0.15168544120376878,0.22800454171889836,5.19359960680962,4.658182899551135,0.734190790393222
26,110,215,0.157949610571687,0.23542758187641086,5.039165589736802,4.226784205704959,0.7233688089974664
26,111,214,0.15822023100912558,0.2352595836686289,5.672342944229656,4.67297641597796,0.698648672514737
26,112,213,0.16240631095873168,0.23771815229193144,5.382328425416983,4.432909431758931,0.7148831048056842
26,113,212,0.1564309687514282,0.22752984925561529,5.673490475665263,6.15694506763882,0.7113473065626319
26,114,211,0.16362342031704694,0.24004008547229208,5.631128747876337,4.352931947105974,0.7362283040157471
26,115,210,0.159458052998133,0.2370237202130032,5.222396764930577,5.212213813098651,0.7295220208921717
26,116,209,0.15865284867042642,0.23788441893142692,5.553107005512657,4.78685524743575,0.7460847481220768
26,117,208,0.16032499606238632,0.23680253063552517,5.809391853553354,5.053119994952807,0.7418245179554283
26,118,207,0.15311188224789626,0.22799022550120235,5.4710484241258275,5.399670293698776,0.7372964680233847
26,119,206,0.16052963410918153,0.2437330016866987,5.255030853868584,4.387217215544323,0.7062043791404616
26,120,205,0.15879812614061503,0.23667279102476788,5.21190728455125,4.933939533985663,0.7040798020769374
26,121,204,0.16660967845589356,0.24427964687227047,5.990156032417779,5.939429938573531,0.7118939398624636
26,122,203,0.1669527059375854,0.24391457406806435,5.337310052048544,5.143958431383247,0.7105131059032308
26,123,202,0.16058823974699651,0.23025845244891108,6.345375085597409,4.873845081450721,0.7136235432895011
26,124,201,0.16444183105077237,0.2350535257673185,5.409379238418641,4.3986223589407265,0.7046322868790843
26,125,200,0.16272301456819863,0.2350187773290637,4.992670535591661,4.778441425024832,0.7168882718978518
26,126,199,0.16280380970509456,0.23816083404108013,5.596023302277789,5.59782893438139,0.7241423216899098
26,127,198,0.16519122869481306,0.2384414311144423,5.376169575534192,5.193054698524895,0.6838207471853951
26,128,197,0.16417749768601259,0.2344563416432959,4.965219300586315,4.419961593726163,0.7092918536631584
26,129,196,0.1688926519467611,0.23871411683384916,6.017720417424279,5.691710935962445,0.7133078347032586
26,130,195,0.16766261470689792,0.23916790955364184,5.940956901335279,5.075134202327394,0.6914502343024477
26,131,194,0.18194067730221875,0.265685984728971,5.322066603991719,5.467944445775705,0.6356670948977056
26,132,193,0.17447934995522218,0.24953313870444602,4.770318642189666,4.179115823153982,0.6897094060522677
26,133,192,0.17594965453070657,0.25633303202388186,5.227090096204407,4.799277894246508,0.6733522917596155
26,134,191,0.180610807240293,0.2615441753620477,5.661078706160032,4.650955384772281,0.6625172813804956
26,135,190,0.17760374641503957,0.2511894391910492,4.9266579450033685,4.358900558008353,0.6864393222730713
26,136,189,0.18204237847974516,0.2546781133268256,4.717473357065785,3.980301346440402,0.6563284035501115
26,137,188,0.18176642819525007,0.25572044327813287,5.010231274542329,4.385844243035926,0.6660310733609293
26,138,187,0.17902239669376843,0.2538238653684473,5.334707181728069,4.40188098316148,0.6458295096905244
26,139,186,0.17892984548494908,0.25247854089840793,4.857937484446299,4.5557385615345645,0.6703642556698963
26,140,185,0.18042727352836233,0.2580456177571345,5.34476957164539,4.660169908602315,0.6589355814458303
26,141,184,0.17635434448862794,0.24662224720911657,5.67579846285041,4.700001201223833,0.6563633690547315
26,142,183,0.18307144214123716,0.26124298420498493,5.432453541237793,4.635461450577738,0.6548009220876095
26,143,182,0.1882926214257436,0.26311083618280023,5.8335029276622965,5.087647754591295,0.6327462067341197
26,144,181,0.18686225187531053,0.2611222212694694,5.495655180314418,4.440730365815021,0.6774306861817979
26,145,180,0.1802453773630693,0.2520571908493564,5.712146773079622,5.047909456949078,0.6705189828442698
26,146,179,0.1837169747677903,0.26121431498789266,5.515521102725013,4.785189880168461,0.6566100428430368
26,147,178,0.17731851152023714,0.25486138272721937,5.495135409746384,4.678924383510858,0.6724652650751707
26,148,177,0.17825791306584451,0.256861968440547,4.778253287386347,4.323095588609775,0.6495344138074083
26,149,176,0.18611385157674612,0.26926763154832334,5.268016152235366,5.3418240057243676,0.6571064075618543
26,150,175,0.18083862148942187,0.2619476361232784,5.002704608554842,4.251599433534443,0.6483754606971771
26,151,174,0.18131559020263313,0.25468731900320185,5.461544577894694,4.979213143698574,0.6470856019696792
26,152,173,0.1877355594565906,0.2664955646516072,5.482639539801288,4.6785839416323185,0.6523776982633969
26,153,172,0.18793104042901312,0.26452798064216737,5.456401958829767,4.8199069482746015,0.6721451727082104
26,154,171,0.18122701210659983,0.2536631357615627,5.091093986063769,4.547854091554084,0.6800177349013401
26,155,170,0.1833284851469238,0.26164334966524805,5.621441752933034,5.746598022121624,0.6529130003423539
26,156,169,0.18630368261709307,0.2695544459985889,5.344397875449744,4.643245140868691,0.6585699882985943
26,157,168,0.18303635310495006,0.2690794087624789,5.763239496246367,4.733311157067337,0.6360448438206685
26,158,167,0.17809022981105394,0.2650744576316147,5.788604904022629,5.077198733356063,0.6591406868674091
26,159,166,0.18389455635311883,0.27361475780319927,5.201858585460771,4.590644386399178,0.642301356298734
26,160,165,0.176721982096516,0.26732285071079387,5.420930957465204,5.0003419040990025,0.6736884962355046
26,161,164,0.17698019952012986,0.27419907045860226,5.205197973616826,4.689954871228407,0.6467105598131705
26,162,163,0.1793056050828795,0.2727835307588465,5.548459616231567,5.6471633228597495,0.6635023016792266
26,163,162,0.17991108288797258,0.2707465878269556,5.174780072088534,4.782512910194318,0.6407965159001134
26,164,161,0.18526023657080878,0.2747290181517459,5.0903375748598085,4.671008454976582,0.6404711805085769
26,165,160,0.18171151575401123,0.27220028173422317,5.1436199288874835,4.230712207613262,0.6506213494333051
26,166,159,0.1752235784323901,0.26233133388403396,5.299140848346523,5.112840032778921,0.6486208765948844
26,167,158,0.18169684730072652,0.2743331739638792,5.163423311905529,4.724042823826206,0.6826765831765746
26,168,157,0.18182338244785407,0.27174357952418277,5.073287316782314,4.380640713679837,0.6456424058784541
26,169,156,0.18820788087860485,0.2776786837755019,5.093614328067835,5.359075826446543,0.6396060807793793
26,170,155,0.1893845789631363,0.278849355914184,5.508513989178066,4.691875622481568,0.6281741172186648
26,171,154,0.18519383566143957,0.27538193735006755,5.306791905722855,4.464384710014628,0.6513650552160614
26,172,153,0.1834401021827798,0.27581953382112684,4.755086299635019,4.547351513771964,0.6342939484113831
26,173,152,0.17898296182241025,0.26720030848634985,5.2661422881095366,4.355231193305341,0.6554761774851924
26,174,151,0.17442988814436405,0.2594884528579127,4.8757015375964645,4.018853624481019,0.6613704276031102
26,175,150,0.17439393788597923,0.26522190998811374,5.253260870137086,5.050857116339929,0.6624844531329634
26,176,149,0.18126201551131407,0.27562793537005714,5.3077287526928645,4.2226790000174645,0.6307769956505462
26,177,148,0.18173650219882478,0.27615777810245346,5.045077359149396,4.631948261661149,0.6392241933231715
26,178,147,0.17884330206948912,0.2683955876993718,5.495000381900198,4.448023719762008,0.6882770049302236
26,179,146,0.18447544260873924,0.27002556442596487,4.880224432850027,4.834462886682195,0.6683023171409483
26,180,145,0.18437624408470105,0.2691978221319329,5.634653074046935,5.257759628669571,0.6427258622237201
26,181,144,0.18324955555582575,0.26915858523960035,5.7842449964520615,4.86488704779327,0.6718406863420944
26,182,143,0.18347508710576294,0.26996888605752695,5.400044122173351,4.667260928534531,0.6474377004562848
26,183,142,0.18215916550745753,0.26844003834587765,5.070341136757111,4.9082927475279705,0.6347270233881127
26,184,141,0.19320688218698778,0.2825088651997639,5.321308225554198,4.9228045256702675,0.6187740259584541
26,185,140,0.18702288409001827,0.274973044553566,5.338278361418837,4.597328413146955,0.6475043565658763
26,186,139,0.1862472671332282,0.2759706227108707,4.9728798677418675,4.3236352732952374,0.6372544721361258
26,187,138,0.1835850630414162,0.2689223491192636,4.736763547555207,4.0211682540840625,0.6425465439959683
26,188,137,0.18761432408358425,0.27671842209898656,5.056986092244321,4.864653838186954,0.6286213795286837
26,189,136,0.19796668964658454,0.2961395334897634,5.50923834364186,4.871422888112874,0.6178488558216326
26,190,135,0.1876296624880813,0.28144750494847265,5.890086389115449,5.047457906771449,0.640385989625722
26,191,134,0.18430888207382684,0.2745236930509462,5.3469946439867595,4.979895395029981,0.6561475340599542
26,192,133,0.18933628060350852,0.2834445208595891,5.7539742274230985,5.085060515512995,0.6521547981806362
26,193,132,0.18648282604843727,0.281574478205206,5.042260304639335,4.079050879976027,0.6409560632515805
26,194,131,0.18658442340482118,0.2779800056093995,5.355946057535203,4.926276731556395,0.6195413739904891
26,195,130,0.18845865681243568,0.2859833352240628,5.062338349251169,4.565094280099356,0.6355897985181233
26,196,129,0.18822151460398923,0.28115760312294485,4.974851179534982,4.0248661670191215,0.6560690359725089
26,197,128,0.18403635784965447,0.27471784461233884,5.0192752540257715,4.293310131281637,0.6409140001926288
26,198,127,0.18433923329631027,0.27353654847906134,4.825146205850135,4.172880367235144,0.6370170465042214
26,199,126,0.18876728398553091,0.28148900329684917,5.247682581452086,4.735300622127184,0.6554188034521337
26,200,125,0.19476898774226475,0.29008916894495307,5.05415307697994,4.680637511339145,0.6221160131823843
26,201,124,0.18844349649382866,0.277338790982859,5.116167971545145,4.5727071155843975,0.6298605865591376
26,202,123,0.1956691803115004,0.2816360754180579,4.935807078149654,3.730938692881283,0.6322582580382958
26,203,122,0.19118163560174717,0.2813507050321783,5.024569921202653,4.849856564379418,0.6499241597975718
26,204,121,0.1909250487371979,0.27909450358375004,5.848109381290975,5.46239619308832,0.6446021448293514
26,205,120,0.1987931109289889,0.2924781568523129,5.268098742709598,4.331415849275962,0.6109291685608219
26,206,119,0.1921252579738388,0.27899977534987236,4.858845234454628,4.010043403014507,0.6448145667858313
26,207,118,0.19655870984420656,0.2790871857391403,5.3788058811068,5.2371765346317645,0.622044873141645
26,208,117,0.19713187610761843,0.2794960265143446,5.777290424135564,5.119082371152724,0.6478819159013534
26,209,116,0.1898658215116008,0.2716429036553197,5.154789162526204,4.360006312869662,0.6455284879381618
26,210,115,0.1974501218571711,0.27971796983438624,4.866842107592975,4.578779071038692,0.6150460080269908
26,211,114,0.19258081918729655,0.2712647889398852,5.659639944341494,5.375140974875336,0.6711700150707881
26,212,113,0.19528527251703748,0.2764242063549732,5.338405269373405,4.5417037259141395,0.6376742007789957
26,213,112,0.19668262681349027,0.28297922993397673,5.139597538469422,4.530227626310864,0.6588352549110335
26,214,111,0.2009239615811342,0.29019484140054924,5.154494876767485,4.350761397492121,0.6006405336106618
26,215,110,0.19214866621113347,0.2784811520702877,5.0086256816841015,4.159638368587959,0.6540623670062781
26,216,109,0.19485309186563446,0.28001869626565856,5.37378442845687,4.4134800850111295,0.652570785517991
26,217,108,0.1955338766111371,0.2812243483623388,5.151611728491783,4.73445184102774,0.6358147097246399
26,218,107,0.19765730206613613,0.2796914398121821,5.06972547406081,4.114992618928508,0.6318529359780809
26,219,106,0.19569402809983524,0.2747525943328156,5.267627330484866,4.790786364224793,0.6325402859836382
26,220,105,0.1933358520418311,0.2738013295030211,5.116611763170884,4.446934243150484,0.6387579727514552
26,221,104,0.20202559547830518,0.2896312104720107,5.499394080155183,4.896983434884321,0.6409140642131177
26,222,103,0.1863549964587926,0.2697629180947599,5.460806496155291,4.8934145536601905,0.6575446984646122
26,223,102,0.19749893652350814,0.28223954572139454,5.421762376752881,4.543732210964638,0.6529788169424336
26,224,101,0.19192927946919358,0.2739941439037712,5.615463083313041,4.813311108834264,0.6441766246078731
26,225,100,0.19475055931178503,0.27929279611549673,5.204120659492922,4.488725103911293,0.6319375681251037
26,226,99,0.19826808486282563,0.2816666824574143,5.440762638508417,4.3783755223121315,0.662391499055554
26,227,98,0.19770357589064017,0.28650081242276176,5.337769542147067,5.11028282853678,0.6171512704995709
26,228,97,0.19461501280057955,0.2832097882513657,5.654786997273623,5.076099289023406,0.6491880250106943
26,229,96,0.20090212897252593,0.28354311223046397,4.9597472845055,4.275305660445176,0.6315774494821813
26,230,95,0.20035376973308874,0.2830641831957832,5.667374322274325,4.438536992924937,0.6569820637683182
26,231,94,0.19793260904542934,0.2792111005972006,5.583085824145094,5.203633696510984,0.6387733710610318
26,232,93,0.20225992210073968,0.2861925097277493,5.023892047695785,4.3034346097507,0.6281436034180746
26,233,92,0.19806107507254106,0.28510612351785136,5.0127975238387865,4.468684994222956,0.6337123664910447
26,234,91,0.19468817475153674,0.2819979975866173,4.972781664973397,4.8132099747386805,0.6232619104809528
26,235,90,0.20119525513574746,0.29138769528414493,5.665385381729521,5.389598485160759,0.6337287241211486
26,236,89,0.19840909066420645,0.2838509564459483,5.229705334790474,4.781654848700204,0.6204358439893148
26,237,88,0.20063827367293796,0.286913162520268,5.48915745335078,4.723554522655382,0.628898130792691
26,238,87,0.20576761036504962,0.28983247438812265,5.099864039785915,4.4135541438082395,0.6099514487620692
26,239,86,0.20904535318818612,0.2978424521305184,4.961840284983935,4.30422975967892,0.6099261941196615
26,240,85,0.1975859811675829,0.28373325767728136,5.558161877253452,5.470767311894733,0.6087312218646509
26,241,84,0.19900000401098022,0.28486009967543535,5.185750744663709,5.031580896131515,0.6094130897423933
26,242,83,0.20142083122320192,0.2816474600905271,5.851702634936425,5.043540827883724,0.646352049079792
26,243,82,0.1994250827176294,0.283635091526935,5.008968040545301,4.410252081510598,0.6391549254119278
26,244,81,0.20338911156910314,0.28533360271296565,5.573142121243876,4.6269829493575605,0.6235834357368248
26,245,80,0.20040305924126683,0.27707319897160615,4.911376354995122,4.26379243834928,0.6376061263440344
26,246,79,0.2033197156062994,0.279303194784985,5.60151394117547,5.064809600780562,0.6487934336232858
26,247,78,0.20423104687134708,0.2865229256175634,5.12219472127552,4.815544326978674,0.631073039738468
26,248,77,0.20005966922442245,0.2894448605904418,5.225647816871342,4.2234509226018755,0.6488213542909181
26,249,76,0.19935307359153664,0.2883035611590903,5.706054496011135,5.252118635552901,0.6359786690031546
26,250,75,0.20697415623670007,0.2976515023956459,5.261720266859069,5.107276145389837,0.6549642337505243
26,251,74,0.19705530811122707,0.28034681761644187,5.3144146082726476,4.931153222687631,0.6218295018411633
26,252,73,0.20517633106710972,0.29195386152313946,4.744372885269227,4.226240028747933,0.625867412016692
26,253,72,0.20248691283703943,0.2849681754390232,5.431331825198901,5.322303478005759,0.6480848800341702
26,254,71,0.2033836311309844,0.2899157622807966,5.487350360287098,4.62439268631092,0.6223497428333825
26,255,70,0.19856431654607526,0.28408238467793023,5.001390333306343,4.797829612778941,0.6506154857760322
26,256,69,0.19864446220635343,0.2868456435026993,5.4499796281126445,4.628831135263713,0.6288830287420011
26,257,68,0.19874112201333397,0.28784929380586166,5.253818491099708,4.562051425235001,0.649328692502335
26,258,67,0.20782907337729137,0.3006710704581407,5.5554937344196365,5.0590260855230476,0.6249075957314104
26,259,66,0.20785376707105455,0.3010797016228883,5.026806013271077,4.010350042643987,0.6159940492597712
26,260,65,0.19763539649532302,0.2825682291380179,4.912497804435867,4.668758622161878,0.6558496522207199
26,261,64,0.21379567227837903,0.3136405267887719,4.789090539568149,4.325926368598082,0.5791280942830437
26,262,63,0.22296272240999485,0.32847107783889556,5.1467967995401365,4.708605875604177,0.5755200514364711
26,263,62,0.21680166527689684,0.3208125666126138,5.204801136949474,4.594559010838512,0.595781282360428
26,264,61,0.22133178382396737,0.33671011414955704,5.057069124183192,3.8853435457806227,0.5844351497456284
26,265,60,0.2273418258535876,0.3393149345442187,5.240291209025817,5.101650046600737,0.5537026018342865
26,266,59,0.2186058983499716,0.3314404719614207,5.93168244914957,5.526928891113699,0.5683238531199336
26,267,58,0.22179684670478958,0.3424546949704353,5.219566452157983,4.231618495954587,0.5746368549524952
26,268,57,0.21601605440456426,0.33313911774714916,5.003598788996282,4.3207273485407045,0.5867698303713887
26,269,56,0.21530141927091925,0.33626001069987677,5.084380591442946,4.132250317847138,0.5827404684556279
26,270,55,0.2075628082675786,0.32649974699077267,4.698591516457434,4.347457663049357,0.5941781704748516
26,271,54,0.21785752659861615,0.34106913854485965,5.00176750482064,4.6407678092504865,0.5704447609952339
26,272,53,0.21278589112903257,0.3367689887142062,5.184135773894281,4.428833633738394,0.5792258295372603
26,273,52,0.21167973221773165,0.3356654569099942,5.186274657367579,4.425871011944382,0.5750504416017332
26,274,51,0.22898928761877183,0.3597024755805595,4.522472449599528,4.885413000624454,0.5520614969965479
26,275,50,0.21888052967372448,0.3403376530665347,5.072961948818698,4.214389522902668,0.5739706047101174
26,276,49,0.2311907639656817,0.35516462173045543,4.581259830349401,3.8589584211879275,0.5611643441760122
26,277,48,0.22902182919122466,0.34632042007290736,5.124283105307265,4.124230508239932,0.5572624100657653
26,278,47,0.22472682324784293,0.33393879401121,4.963982220532953,4.658943715331901,0.5766555414898578
26,279,46,0.23544631884910952,0.35117374830735043,4.731392745082115,3.8457709237188147,0.5403387070115132
26,280,45,0.23467006313952354,0.3498256818722182,4.7550123529544255,4.157814817911235,0.545980531542407
26,281,44,0.22272150926592352,0.3300953883229139,5.091464095010135,5.179989940334573,0.5406375449823031
26,282,43,0.2385235198683511,0.35051378711233555,5.147746214852951,4.517026839871534,0.5365516816741902
26,283,42,0.23235783584591538,0.34630316632195063,4.7147863213143815,4.264482030936023,0.5665436846237313
26,284,41,0.23377169296508882,0.3434909235190334,4.866570666337452,4.191304624577065,0.5545204914391405
26,285,40,0.22093170601384454,0.3307509548475651,5.124929152601444,4.118886025098669,0.583128430391003
26,286,39,0.22663625748006816,0.3398004607400603,4.829266683577787,4.092525818422044,0.5679525966234972
26,287,38,0.22908686622012134,0.33918174002056867,5.185168651983647,4.820547208617155,0.5700365779700819
26,288,37,0.23651407431150095,0.33935317750990396,4.747285130939881,4.752977524533165,0.5677552816249107
26,289,36,0.22876663265025268,0.3277588092286863,4.439672436605253,4.233798517262411,0.5830185326448004
26,290,35,0.22151912728703083,0.3131101775604399,4.958475751916945,5.113481554984556,0.5753391928115192
26,291,34,0.23633446627423926,0.3387741185847906,5.295073176564376,4.3670058211596645,0.5693235570612349
26,292,33,0.23285325833527823,0.3326266435285816,4.831173285200742,4.740003153756759,0.5405008703633495
26,293,32,0.22866608597310176,0.3254781118469646,5.010088708839103,4.26058550808218,0.5583322685814612
26,294,31,0.23364024205523387,0.33146667977252825,4.59950927007511,4.302663673529142,0.5741287501781
26,295,30,0.23170518064174944,0.3292970545014806,5.093481534707703,4.8659738850395104,0.5777260413565987
26,296,29,0.23353272715337517,0.33577524226297817,5.193007441081416,4.795492796711967,0.5991755459191789
26,297,28,0.22065193381331363,0.32057879536260375,5.507924990840195,4.507366285410757,0.6016052337068569
26,298,27,0.23628093850136658,0.34728628988832366,4.712227540666399,3.9893501932799893,0.5429140738974848
26,299,26,0.2333633005569652,0.3380851389875739,5.002713618460773,4.300308669472758,0.5730312728874266
26,300,25,0.23990295738798703,0.34744036697460656,4.661479966170969,4.393314734147467,0.5522724489178247
26,301,24,0.22935518419066164,0.33073823916825595,5.125461215569317,4.9934715305809885,0.5791820682930542
26,302,23,0.24490509092342866,0.3538210830576857,4.675257799616606,4.1432932972879515,0.5485232329957933
26,303,22,0.23076029436726042,0.32776596652792606,5.001930809052867,5.404947478277823,0.5547055613673
26,304,21,0.22172801248070553,0.3129371135937077,4.74842987621895,4.347954387660158,0.6062608156177404
26,305,20,0.23716124078855386,0.33086612513353275,5.512487232716095,4.848276100148735,0.5915922944021195
26,306,19,0.23492469920910755,0.3261001184007699,5.367435927977957,5.008584586024477,0.5956280315644038
26,307,18,0.2337170572305923,0.32659368222749385,5.188113978706218,4.360359388980755,0.5857833011130392
26,308,17,0.23576256031500525,0.3294168575709456,5.096041697268843,4.114572143137026,0.5910936162053186
26,309,16,0.23813258984179927,0.33650508624815095,4.885839692374503,4.256812291379534,0.5810543279115715
26,310,15,0.23695242280127943,0.3377094261807875,5.166679524702069,4.593302066999981,0.5588356793933286
26,311,14,0.2530571921206665,0.3576034178187603,5.327008576782486,4.944914476654415,0.5111634723153367
26,312,13,0.24143438195140374,0.34632588169008227,5.5926324515368355,4.864550547855706,0.5768001825702034
26,313,12,0.2473754155567189,0.35098282881059095,4.913872481269625,4.4117345976235525,0.5424267660595257
26,314,11,0.23836736143130682,0.3436224067250273,4.914144875885109,4.2609881941896965,0.5809136269642083
26,315,10,0.23171209977995816,0.3280746122661642,4.824447808248208,3.976958403802022,0.5292848690562659
26,316,9,0.24399231688724507,0.35262936314383897,5.193103222943163,4.053344832642383,0.5347630740463383
26,317,8,0.2329395747685215,0.334334754485028,5.018137721204724,4.331650115281809,0.5756219387513077
26,318,7,0.2363471117589567,0.3421438049251111,4.912864344492428,4.0857711627897775,0.5512389505223987
26,319,6,0.25438960125102733,0.3712223088420917,5.331088630195071,4.904883613933989,0.5359763661064799
26,320,5,0.2335439810228807,0.3458393681871966,4.335781864866856,3.804893878326786,0.5524450659659078
26,321,4,0.22830718849454848,0.3335592207929823,4.987287676506273,4.73059856060312,0.5907763718975407
26,322,3,0.23921735885392337,0.34398515470139224,5.334697794836179,4.882501962404666,0.5527927114429965
26,323,2,0.23611377876197173,0.34303802675925454,5.2464011218093685,4.123104767022334,0.5772328715475856
26,324,1,0.24806065129856278,0.3619549004733937,5.475598772552882,4.299111787104234,0.5315822657919675
26,325,0,0.24098892184191528,0.35767158692790707,4.555479366072779,3.848870692679138,0.5330266695442657
27,1,142,0.1464845692544243,0.19718160172357443,5.361635554429846,4.633664010060437,0.7353299216136576
27,2,141,0.1385627978646407,0.1797793136324579,5.172146771112871,4.772345204273654,0.7976610127553951
27,3,140,0.1395026795737726,0.19765580398209467,5.540964693485213,4.9911868033308115,0.749925973826403
27,4,139,0.14712952850172215,0.2055600849922894,5.538430516739391,4.800506280256056,0.7554631981079536
27,5,138,0.14172068327166912,0.1982488098338518,5.297831704137359,4.259987631291097,0.7756986000413595
27,6,137,0.14834356539198773,0.19185124040892032,5.474428255089809,4.9272112943235955,0.7658553120366255
27,7,136,0.14291451970280955,0.1923239796785746,5.33614667798542,4.165499467106488,0.7562369046745339
27,8,135,0.14302152617869396,0.18682362094197902,5.374971497131128,4.262972932365469,0.7514218785396513
27,9,134,0.1483454119964769,0.19346427624573517,5.4562037230719005,4.483207677280221,0.7298096515067122
27,10,133,0.1469681443378661,0.1995594055517369,5.534130730821481,5.169132744335806,0.7541488734408212
27,11,132,0.15450142629777816,0.19874025432527134,5.338090584080724,4.751968306516636,0.7482754032934756
27,12,131,0.15178625736410187,0.20209434491781775,5.237101361657485,4.346585512858305,0.7522591762579741
27,13,130,0.15664203609950772,0.20183637439443158,5.318632499683101,4.571791828543117,0.7305900992879826
27,14,129,0.14663757369672492,0.19319156011754363,5.63839115587249,4.713636697775563,0.7369531778198535
27,15,128,0.15080802240880678,0.20053525046819673,5.958145538453721,5.876970471874662,0.7479544508198522
27,16,127,0.1556226561593853,0.20452413487954266,5.368489188513323,4.4684665392743295,0.7310928848559802
27,17,126,0.1513109061192812,0.19901762665520306,5.117863662498488,4.434026170708487,0.7204221423538486
27,18,125,0.14959282002896984,0.1955948834921244,5.651312015493511,5.418261836317349,0.7513850783961264
27,19,124,0.15162759029153092,0.19651206614839756,5.624725047523483,5.128130746422114,0.7308481624994836
27,20,123,0.14933375060504914,0.20332208641895433,4.852611772333947,4.698322321205027,0.7228871183061822
27,21,122,0.14591808091460587,0.1949992222299365,5.824613772770421,5.788043311584063,0.7488813799642736
27,22,121,0.15959105258289866,0.20282458328874423,6.119711602830138,5.2533282189985275,0.7273859251252699
27,23,120,0.15684608578731232,0.20119574901285178,5.50955691533295,4.688933896811289,0.7357046048482231
27,24,119,0.152089417382986,0.19730212867231814,5.552875414723841,5.137860543044984,0.750908341329742
27,25,118,0.14212580601447775,0.20398693543451535,5.467423259517956,4.754611660428833,0.72870501695471
27,26,117,0.14816934264459142,0.19922497851226773,5.13804004456834,4.391990488386444,0.7140200677008678
27,27,116,0.15331635840000143,0.2068784711784181,5.4533386952319205,4.663083974419381,0.719359692946005
27,28,115,0.14667145474520085,0.1941153054001742,4.825505917354751,4.551623377965659,0.7350614823647424
27,29,114,0.14882207682559737,0.19493688002998835,4.896684495544999,4.235437311868928,0.7573766772155865
27,30,113,0.1422232128841961,0.19769200318895375,5.2848160847703,4.883852804633741,0.7473806104266675
27,31,112,0.14837057379034838,0.20851096325631502,5.576039522438567,4.684998143618704,0.7103180850053051
27,32,111,0.15217873132212123,0.20467989386048158,5.160226332423283,3.8946321902465306,0.7282001683033837
27,33,110,0.15089084628223054,0.1971204325014341,5.157695597694774,4.211138600765905,0.7447456734996538
27,34,109,0.15115922287448524,0.21363168615911676,5.431895821169078,4.592236856682993,0.7290957461629327
27,35,108,0.15250141529631367,0.20877923552176442,5.286001281091142,5.119179609242258,0.7095525123494715
27,36,107,0.15365418929402988,0.19774714869286558,4.99946505608742,4.210983484298429,0.7326655209445551
27,37,106,0.15788552763454708,0.20657672635044827,5.800445919647091,4.883908109497799,0.7460742008666342
27,38,105,0.15350630796786766,0.1938122651468152,4.99845796374909,4.539737177778184,0.7175124617466657
27,39,104,0.15146753851842082,0.20828992738955301,6.0562641083652125,5.839449300066215,0.7287446488771409
27,40,103,0.15426466815665096,0.1971014281497664,5.596242359458866,5.08928303929189,0.7391073386719937
27,41,102,0.1612372966737333,0.2168626956944816,5.771661685357612,4.982558723764508,0.7161905945234659
27,42,101,0.15192529688301395,0.19880653856699032,5.758002021160823,4.536054780346542,0.7462381429735306
27,43,100,0.1550651940785637,0.20769842599959484,5.009963190895006,4.902487069164732,0.7151755707309347
27,44,99,0.15039771152815737,0.20794358121983522,5.395933175338895,4.65632039490261,0.7161082126014419
27,45,98,0.1518659988454346,0.2050159625085706,5.712302872766408,4.695081691386493,0.7371818744814777
27,46,97,0.1550321982598474,0.21184319885911979,5.733627361543647,4.7885308271757765,0.7598510761262213
27,47,96,0.1547289955027142,0.21567069971773495,5.827619278381815,5.736499178942898,0.7407712779697122
27,48,95,0.15552585042255773,0.2093571440948933,5.515148401098242,5.3242750674652,0.7211155693916008
27,49,94,0.15502049608301277,0.20749508178531717,5.77043924012182,5.156099456281299,0.7455510288604298
27,50,93,0.1530385145348967,0.2049797015714111,5.228094791035775,5.067472454853152,0.7342247879034565
27,51,92,0.16557398939693518,0.2130255538735775,5.786852608879496,5.227332687756178,0.735197261115479
27,52,91,0.15523732707468166,0.20474319282931377,5.215561508598441,5.180345411675067,0.7216285224172019
27,53,90,0.15781154243483958,0.21089803015381325,5.507755248088215,5.382402202399561,0.7356009036591182
27,54,89,0.14719722171750327,0.20378173578814548,5.633853800899935,4.3750302413230076,0.7391477659640661
27,55,88,0.15645201809706097,0.20982717759618671,4.939065356319508,4.619182782164838,0.7349064298907959
27,56,87,0.1551451751264682,0.20247239054081384,5.684225071765667,5.426541969493717,0.7200669976539944
27,57,86,0.1555311889349479,0.21004471525347782,5.38871064929994,4.534244077408248,0.7332040558552227
27,58,85,0.16641742335638338,0.21774229172177767,5.493039439004054,4.359908596466375,0.6906843504184889
27,59,84,0.17090345128379966,0.2194364812192835,5.2068398439704335,4.271222720224517,0.66255096714605
27,60,83,0.17124075165462252,0.22033957305711777,5.223360292942728,4.912643824361299,0.672450307461781
27,61,82,0.17110525430664553,0.22299576094151874,5.6902144311904355,5.214291479713841,0.6462071853569155
27,62,81,0.17399969728457018,0.2209508234037358,6.268366183102065,6.140977609911782,0.6595329319606328
27,63,80,0.17886411179533473,0.22592593772777136,5.060144276252499,4.668214870313091,0.6543124578254687
27,64,79,0.1676571997715009,0.22122688687377665,4.676254462793321,4.737064624132871,0.6662343699746669
27,65,78,0.1770114986408402,0.22657537081919335,5.570038266003742,5.3314873805889755,0.6879586930184272
27,66,77,0.1708118153988415,0.22354508488470692,5.1550850591033806,4.2846068483256845,0.6599407384640699
27,67,76,0.16906408502127623,0.22810438211850714,5.163703103974729,4.25630109181754,0.687205602713532
27,68,75,0.17483924088237324,0.23420631076232487,5.4571694763463325,4.696878329687505,0.6401174062919828
27,69,74,0.17324060405703112,0.22207120580288658,4.996015177254357,4.792013971212437,0.6570334619443514
27,70,73,0.17270387393488723,0.2265089674533165,4.994024787876716,4.596314287921959,0.6767768928470834
27,71,72,0.17180545911174466,0.22782147535270678,5.341744441913234,4.806985287949144,0.6536711241971446
27,72,71,0.17223571283551212,0.2273752446853521,5.010819179817478,4.09895082694092,0.651425487397066
27,73,70,0.17097020539606672,0.22534441663975546,5.320413690297244,4.445265379328433,0.6571746963839277
27,74,69,0.17167971339027183,0.22719285598692035,5.109939660715856,4.267338788439599,0.6654878745399984
27,75,68,0.17490251203926108,0.22622908736433847,5.3113747835600424,4.490073153555688,0.6611483454295676
27,76,67,0.16648943669766228,0.22260353282540965,4.936814436091323,4.416492006555562,0.6591470656523859
27,77,66,0.1681387136324751,0.22427091401358182,5.315474428766025,4.772788887852377,0.6681968108959894
27,78,65,0.17607462659996548,0.218340450861216,6.272483823822313,5.2950581326448,0.6774530705139887
27,79,64,0.1709731746527443,0.22818615511481236,5.358450485621894,5.5939471237414375,0.6643561400397188
27,80,63,0.16736277839892275,0.2254933464254713,4.902467976374778,4.706318942390845,0.6456406863508304
27,81,62,0.1661426842346882,0.22124930124976547,5.5283814516502225,5.6575190957849,0.6779412103820173
27,82,61,0.17520676250472153,0.2207631120607078,5.58637764132059,4.677013809648102,0.6632769513987248
27,83,60,0.17224008029858867,0.22652281132350002,4.955167792288744,5.146402590402067,0.6482544984810331
27,84,59,0.1761020664663608,0.2395673623042698,5.296519819850168,5.2097556193861365,0.635429520783877
27,85,58,0.18174673432006494,0.2343688750526578,5.321899065330856,4.534267842038125,0.6388119564409465
27,86,57,0.17480222062370449,0.22718294280990228,5.116983434866451,4.645276483060513,0.6744306948471278
27,87,56,0.1742749367907816,0.2322505301409585,5.487602786431189,5.678440372864663,0.6696102028897724
27,88,55,0.17366797574733525,0.23059821700704197,5.801257328019274,5.631322674027626,0.6810483090588526
27,89,54,0.1696206854111148,0.22988238829254437,5.21786417300029,4.930296122317325,0.6732494334147272
27,90,53,0.17532752236371998,0.22939826500740712,5.679970324782374,4.720788214574119,0.6611480865122513
27,91,52,0.1775396354611796,0.23930829032558001,5.237506357028719,4.0531219204079125,0.6594370495017684
27,92,51,0.17265539738111502,0.23066394933513185,5.613037299860762,5.485665835003466,0.6769428560699414
27,93,50,0.1714771374198309,0.23572710766462923,5.901372064785445,5.817780716672123,0.631446053835998
27,94,49,0.17410762937367588,0.2345309838267123,4.812030770475106,4.702002668939597,0.6564395166284254
27,95,48,0.16982604018368905,0.23670091595992443,5.857973936029163,5.183421645196066,0.6675336354761507
27,96,47,0.18198521292472938,0.24465109902252122,5.026865916424235,4.45430359447167,0.6483291369602522
27,97,46,0.17437431731618697,0.2428795058373758,5.133353534291754,5.118299871838489,0.6487349301350769
27,98,45,0.1735819038869435,0.2286276846833566,4.806557644543918,4.3057361929605635,0.6375262474047764
27,99,44,0.17525696382546627,0.2402891780348512,5.066097924472055,4.614811117772983,0.6502844985966447
27,100,43,0.18452529979886337,0.23458986961627615,5.0212486652271355,4.689221238627437,0.6547605139739902
27,101,42,0.17353239269519763,0.2338900130684207,5.8891549300160175,5.753873494216928,0.6578262849521108
27,102,41,0.17412973375847263,0.23030392165319177,5.029869971311728,4.1972216876523545,0.6621867714992049
27,103,40,0.1746487411117277,0.23723704885434657,4.996118623899736,4.960239064304882,0.6459641471256647
27,104,39,0.1796096032818376,0.23366766904275832,5.2400195556851585,5.021384519934539,0.6334297567732466
27,105,38,0.1755085999694365,0.2299179151547212,4.708615859064437,4.594079058300319,0.6457983734172305
27,106,37,0.18274293823427337,0.2273202105697846,4.765825309955478,4.116512873223798,0.6549129718944378
27,107,36,0.17313217584470744,0.2368613881684435,5.144946294915133,5.243701555681339,0.6786731475197921
27,108,35,0.17687460856991719,0.23390813996288928,5.114444719415735,4.178635890612767,0.6370079350916903
27,109,34,0.17759219057592224,0.2316630425009893,5.625792482941101,4.866732190251759,0.6527053312295265
27,110,33,0.1847198146563686,0.24283407558785705,5.041117195588713,4.4945428169406325,0.6284341971495774
27,111,32,0.18358460431175927,0.23235749705849212,4.758315225809007,4.278614886120064,0.6460639509474831
27,112,31,0.18294136055606475,0.2357956295142521,4.88361728313539,3.9851894827787793,0.6234521979802629
27,113,30,0.17615429468716495,0.2323661980057687,5.136696672462412,4.217266387535114,0.6565017461259153
27,114,29,0.18197367180986468,0.23748934332012892,5.384257039977673,4.8462465486348805,0.6258578111256141
27,115,28,0.18952539299642412,0.25286644678145614,5.1564307808770735,4.941022990417182,0.6114630953857768
27,116,27,0.19565795510289494,0.2456692120257704,5.367607453312694,4.823457646367918,0.6348645902789198
27,117,26,0.19736325722503612,0.26047278193784307,5.2287294775718545,4.6985214907967,0.5911746076135157
27,118,25,0.19854039451461886,0.2615787012459611,5.078078703108856,4.8580230840031735,0.5891499312571634
27,119,24,0.19201316671872554,0.24374052047688588,5.110874580192303,4.170599311864206,0.637046911471961
27,120,23,0.1939794269896862,0.2608706670893849,5.135504059853274,4.326207148625037,0.5927541565381291
27,121,22,0.19543889982688856,0.25595369313259164,5.98383450818957,4.99608574507888,0.6168437725722106
27,122,21,0.20788719126063965,0.2521834377078953,4.917943474317829,4.3264370625396475,0.5965319325969337
27,123,20,0.1936375968711278,0.2511131791008487,5.247340922584899,5.5217104670665575,0.5881800250671391
27,124,19,0.2004005326804726,0.2600487210601327,5.113919520132297,4.570591858575642,0.5897583336823168
27,125,18,0.19983306555097163,0.27230883136075,4.941267693375057,4.351612421885104,0.566789503364264
27,126,17,0.19485356602155,0.26017918748301994,4.789785286567808,4.822993261247628,0.6018000440974478
27,127,16,0.1952511860353186,0.2727240318111769,5.368991753376047,4.583542548101649,0.5673651633162311
27,128,15,0.20865982826347113,0.2798574087928633,5.2873286228203416,5.480768583658476,0.5800534441979792
27,129,14,0.1841859841050495,0.25642698813779585,5.000099157557504,4.381443571707144,0.6325173936982814
27,130,13,0.19935796116561094,0.2668768944795057,5.136150215686278,4.79731484604938,0.610809525991229
27,131,12,0.19744469793257577,0.28243027846246327,5.3011754432431415,4.3797879921172065,0.5792121246791647
27,132,11,0.1981790548611728,0.27973373622586606,5.039270646641946,4.039474902807917,0.5934056985783093
27,133,10,0.19984461835663633,0.27465198856922185,5.206619862190923,4.117107072885625,0.5731734630539784
27,134,9,0.2111343547767974,0.28852071145384617,5.537777652991085,5.543245024726621,0.5706606290464896
27,135,8,0.19811418335413009,0.2784514155097344,4.908879349802186,4.152302967458212,0.5816014892168241
27,136,7,0.2044783070338133,0.2829086718925,5.441842830178777,4.807730711410737,0.5832511541979833
27,137,6,0.18778753765453315,0.2563490515100096,4.94968007191823,5.41946253149284,0.6095781982839086
27,138,5,0.20374447883989796,0.27603003425271855,4.785376413559069,4.790975223367436,0.5755061740679924
27,139,4,0.191476803896755,0.2637270803451372,4.663108309396858,4.102817808970135,0.5761821153569505
27,140,3,0.19331858292218268,0.2756079106542605,4.837681296700759,3.97484414103164,0.5860024065624139
27,141,2,0.19463096756902232,0.27913564095897975,5.239706796131042,4.793707637118677,0.6076229895651132
27,142,1,0.20129865181636394,0.2759879403096913,5.459925544422981,4.6942396472964765,0.5888992383811955
27,143,0,0.19960770383316231,0.2696632570695614,5.243923105966839,4.572946922200885,0.5924979752491
28,1,99,0.14128882464307224,0.20770775946166606,5.333209558745292,5.14212727802368,0.7510132687954149
28,2,98,0.13646089884471005,0.20277412887726814,5.475715521460752,5.270702410828445,0.7569201497985576
28,3,97,0.13771038467291294,0.20495746136460788,5.472291500364454,4.802193121442973,0.7545171362499274
28,4,96,0.14258613369971174,0.21000725493698938,5.433801667369744,4.44196949075209,0.744043059423599
28,5,95,0.14013908714733106,0.20540251015296415,5.543045141045154,4.7758404066259565,0.7240422226877974
28,6,94,0.14485900907175875,0.20876179682265766,5.718012301305565,4.695654905604664,0.7285654157960569
28,7,93,0.13768155544628352,0.2034921351023844,5.373925351254197,4.211957996240963,0.7481929753592441
28,8,92,0.1412311080987408,0.206162892159168,5.115765991697664,4.306757583997108,0.7534052620549806
28,9,91,0.13781016701986637,0.20123164777886282,5.520425561482501,5.015684238193179,0.7508541868377195
28,10,90,0.14022718407863258,0.20979721051112826,5.504740813153977,4.696605018689579,0.7408515011760242
28,11,89,0.13967224107676357,0.21053771584567021,5.792644822163953,4.778217950911943,0.691751461943215
28,12,88,0.13688375423780175,0.2039879133644758,5.57845551163687,4.428000600027682,0.7598717806396346
28,13,87,0.13817025462163052,0.20574409682587802,5.846900496597071,5.918323858163294,0.7398225774091578
28,14,86,0.13762737283794327,0.20450093086855456,5.195771947158735,4.933741340093797,0.731440063662812
28,15,85,0.142921933389732,0.20778647202959924,5.423939548683003,4.45795053495718,0.7456511460863663
28,16,84,0.14214231668655744,0.20479815473508614,5.362509078355886,4.91941786683666,0.7516053059482716
28,17,83,0.14706497952570294,0.2126649177348115,5.606082882314698,5.602729174755189,0.7176650003299015
28,18,82,0.14002018993279702,0.20195331411977535,5.467898925409331,4.938318156086221,0.7459700782804696
28,19,81,0.14330872574652492,0.20571589090679873,5.024687628972313,4.462961790904138,0.7532655703826409
28,20,80,0.1479316173484,0.21176688647852956,5.2746675019858476,4.779920815135055,0.74376330186576
28,21,79,0.14217817795546528,0.205773798746323,5.0906153020753795,4.628000798404838,0.7552033181920789
28,22,78,0.14641921023336268,0.20935611020176675,5.151807972065637,4.711939685879986,0.7459037573320308
28,23,77,0.13997825549549905,0.20408771758810548,4.919428912198217,3.898110320646961,0.7406260682909362
28,24,76,0.14373876080178813,0.20849682811568238,5.381909912776605,5.4135086158374826,0.7307058104011169
28,25,75,0.14317797630534346,0.21076270057738442,5.324077652891031,5.299298632846781,0.7532503490464144
28,26,74,0.14807134968369795,0.21663519683522658,5.279498875738279,4.206154406604024,0.7294591414834356
28,27,73,0.13931773587051824,0.2025777800328726,5.751218095271035,4.854515090645759,0.7400414607984149
28,28,72,0.14641422164243534,0.20849129557355564,6.077951695748526,5.713026011079986,0.7115993078118025
28,29,71,0.1407554369041267,0.19887073418734807,5.512058507887575,5.254207102275707,0.7421150347615548
28,30,70,0.14451877441317645,0.20326306806701655,5.60592493961215,4.876965943517515,0.755626921667034
28,31,69,0.1494558419449435,0.21178260534294482,5.525849325624371,4.488865310883701,0.7206319717162254
28,32,68,0.14549241058141088,0.20783935371013343,5.483175909607067,4.974028672318512,0.7236530653594837
28,33,67,0.14379752037756804,0.20577192079008025,5.478449345332436,4.696325734218033,0.7543681869019141
28,34,66,0.14569742494143467,0.21017122056181245,5.122329197404241,4.366619714029167,0.745252001492113
28,35,65,0.14789121578574227,0.21110214806864733,5.259404371201473,4.304999269227375,0.7061428615798488
28,36,64,0.14968217138392675,0.211251773271456,5.422220476867908,5.172747460882802,0.7311007077874251
28,37,63,0.15196484067625188,0.21692996878959486,5.76859041679153,4.94040362268089,0.7358142087537616
28,38,62,0.1469144470232759,0.2112531098405217,6.598693387886882,6.0231435076147095,0.7168475343351741
28,39,61,0.148113081518782,0.20914159443380562,5.935914293765356,5.699637059443432,0.7459951569094602
28,40,60,0.15128082321926495,0.2131254028655305,5.002432402742572,4.610963434491063,0.7181343287226206
28,41,59,0.15839207643623732,0.22277025438107978,5.138394685778344,5.400715930571877,0.6732374036068279
28,42,58,0.1534693922325407,0.21896616992205803,5.082422392840956,4.311039985807454,0.681746457162322
28,43,57,0.1599219795295435,0.22959732592673304,6.048758725103919,6.859393730130762,0.68175026554038
28,44,56,0.15670093297443793,0.22613427793274968,5.700614217961979,4.092069373756633,0.69072424963882
28,45,55,0.15310530588075208,0.22366437045577217,5.175300499325162,4.475627736588756,0.6806054092266384
28,46,54,0.1568899455950013,0.22715999876033374,5.173634878563677,4.375164402573314,0.6722242006923387
28,47,53,0.15641195677609296,0.2273991093937092,5.505336950233698,4.764772358886004,0.6913927808489505
28,48,52,0.16535368392281327,0.23167995015008377,5.782485309426331,5.076958490074826,0.6902093408899982
28,49,51,0.15750488615480548,0.21882118531107783,5.373121628251443,4.365296863740742,0.6898293084670621
28,50,50,0.1605656306831751,0.22013391094568882,5.26706726158811,4.529331046274414,0.664284359544579
28,51,49,0.1675347779945527,0.2256422799494272,5.203063070430323,4.7967176685855595,0.673056551019462
28,52,48,0.16879285937002225,0.22733178489392186,5.125389429285713,5.116536697049549,0.6812440524935013
28,53,47,0.16636481486274904,0.2256858178863474,5.192486100507846,4.524349831014504,0.6649886977142778
28,54,46,0.16744694059424853,0.2296559486194105,5.481681417317467,4.917142533093876,0.6621469417572774
28,55,45,0.16476214819362062,0.2278889429550855,5.472189137633125,4.996825358720934,0.700791994300227
28,56,44,0.15947649549144408,0.22291483710837276,5.537983507105074,4.911026756110656,0.6771170798247985
28,57,43,0.1673849814660949,0.23244036307101443,5.31974034369129,4.441468016209037,0.6397513939177236
28,58,42,0.1629425624704357,0.22132619551328486,5.4124526428677076,4.376677425957782,0.6544721465296589
28,59,41,0.16652722815331167,0.22476507634718854,4.983750390965712,4.607463875167754,0.6566734641142491
28,60,40,0.16271311188789758,0.22236569157901467,5.3812405181621354,5.043460963875969,0.6582813842897908
28,61,39,0.16513230660959285,0.22402221418155022,5.296422445420387,4.772631571635153,0.6699177200179727
28,62,38,0.17469391780518817,0.235219466110882,5.595653139823793,5.438617743306492,0.6876181529880778
28,63,37,0.16523702691985562,0.22068854139350963,5.4075512470515354,4.921613194749917,0.6617893507446997
28,64,36,0.1701103913494329,0.2289319452831711,5.152188755047858,4.678200939394529,0.6618596723781311
28,65,35,0.16971909174378938,0.23114440695678212,5.074361295286946,4.258470253563323,0.6660637197412351
28,66,34,0.16783454812763623,0.22771205453513624,5.866360063640171,5.068087597278997,0.6789855018488513
28,67,33,0.16518481338548135,0.22317803337630077,5.668551281920804,4.661620004477744,0.6959190990412093
28,68,32,0.16566877396091625,0.2217396653616432,5.1644151433995855,4.434371440363441,0.6700084300178009
28,69,31,0.16867942769545805,0.22805314693302217,5.18976383986163,4.727653857067308,0.6504481378540625
28,70,30,0.17153975246260644,0.22920888488042127,5.512036257976496,5.369752057564389,0.635174290102561
28,71,29,0.1715276585391471,0.22954872887292171,5.2853404663904575,5.297615531099592,0.654127251901033
28,72,28,0.1653080778383747,0.21880099473404685,5.539271049502952,4.604098099332421,0.6743193039303111
28,73,27,0.16997344930486166,0.2236620087169865,4.774835242705386,4.390919878644975,0.661438130151354
28,74,26,0.17490565073130696,0.22737780437325456,4.861926001192655,4.691756158107416,0.6543504745827311
28,75,25,0.16784274581452202,0.22044359720819426,5.084757172589949,4.268441478577291,0.6397142935530914
28,76,24,0.1750950285354336,0.22688987317860237,5.7090380427199,4.542933971285704,0.6613621277807235
28,77,23,0.18071230394386026,0.2314140052176296,5.054056338503635,4.330764802891518,0.6576523799952633
28,78,22,0.18227959102932056,0.23242949937786034,5.012090963838146,4.2717245007007545,0.6367021687673448
28,79,21,0.1714887458929144,0.21561107528115175,5.524874898255096,5.159179911324434,0.6657520951888156
28,80,20,0.1797565496018156,0.22520681209512455,5.402217316502594,4.30681259650588,0.6490503443275155
28,81,19,0.1922136295667045,0.24301616630586403,4.939104293561345,4.39271126509262,0.6200491183827297
28,82,18,0.1898522761262905,0.240779812159822,5.276205478483217,4.765844072189105,0.6402107416337761
28,83,17,0.18871063934745747,0.24493056914092423,5.336969171373936,4.428922681272341,0.6010700134442963
28,84,16,0.19351288830796332,0.25053729564203014,5.306622815807095,4.868957320250906,0.598882451483072
28,85,15,0.18332943553728503,0.23777932468070534,5.104067969632767,5.006449927702643,0.6337256264502923
28,86,14,0.18587636405703514,0.24140362287433134,5.175284601100717,4.2661100669008,0.5831949811949501
28,87,13,0.1994386513426237,0.26130944697166825,4.9258642519178935,4.362328721074626,0.5882155001487821
28,88,12,0.20194510945914584,0.2610789828329417,5.352292900957993,5.100014303046963,0.582753809639354
28,89,11,0.18497865296496344,0.23802672808917819,5.378564526695636,4.87239087645128,0.6253825660549807
28,90,10,0.1994952206540061,0.25556316338303325,5.303150815047584,4.482679468508945,0.5923507589338225
28,91,9,0.1944948703329218,0.25095307755293716,5.0287494605789735,4.439939639702773,0.5837789731891757
28,92,8,0.18489885076301515,0.24075065488824018,5.255481179305915,4.478946096656853,0.6250549078412927
28,93,7,0.19369649503160877,0.25094974762944405,5.145925878164478,4.645743495099906,0.6036185342041966
28,94,6,0.19160410917809598,0.24393972846965783,5.001366483017721,4.959420356862382,0.6110111684529361
28,95,5,0.19134073008277275,0.2438315823355346,5.673995511180994,4.960203409286869,0.6089256118038779
28,96,4,0.19580038722107188,0.2525458921972169,5.129138883529718,4.115490514601385,0.5769371283893157
28,97,3,0.20101677655495154,0.26150911377256136,4.706981599596485,5.079048565044681,0.5514531689794508
28,98,2,0.18759448551587854,0.24292638611207307,5.645956829415966,4.59703641506318,0.6263421287385925
28,99,1,0.18598091507593162,0.2433184474754958,4.752123468848311,4.277670038731417,0.5958789772329678
28,100,0,0.19360096342511518,0.2540846522611636,4.498573294582552,4.439481308390862,0.5734294925069348
29,1,167,0.13542883060625735,0.21828071168556792,5.636534195060573,5.843848780638699,0.7532625033081242
29,2,166,0.13863115669735324,0.212257033239181,5.806012879470698,5.225025292651006,0.7559900570854107
29,3,165,0.13350578017952525,0.21326419109062367,5.8699229912660655,4.808385519174247,0.7606893175431376
29,4,164,0.1399639496442928,0.22101217596163752,5.427459141419877,4.3792925906900155,0.7375439824234445
29,5,163,0.13462240107496823,0.21394031142345982,5.770993735724268,5.527573703521948,0.767949400682518
29,6,162,0.12585386552580663,0.22187429469428033,5.511467941203469,4.736567849153699,0.7424538201323573
29,7,161,0.13024155077053318,0.2027951793503674,5.120522620508478,4.748861648846392,0.75584115498445
29,8,160,0.1361726302322291,0.21680149055632264,5.602186346897514,4.389610829709324,0.7275762199197788
29,9,159,0.1309311016750885,0.22378448951558597,5.6503808156671465,4.534338833398626,0.740239956221457
29,10,158,0.1379613182407445,0.22501333431873613,5.341381276081508,4.254873371997474,0.697546124407171
29,11,157,0.1342709571741319,0.22938622885400767,5.612846814503825,4.430098109009896,0.7199830494757349
29,12,156,0.13958519723310892,0.220492966773797,5.394838383892331,4.735129591839618,0.7272368495142453
29,13,155,0.13093383374784237,0.217002432738557,5.272977551178403,4.573297338525037,0.7407447057879727
29,14,154,0.13351317029002807,0.21259719767259758,5.3582429471348725,4.989576388300682,0.7558036766435942
29,15,153,0.1332308147441619,0.21761322571412073,5.4676950449771216,5.09352179193766,0.7552940239974728
29,16,152,0.13803856441444895,0.2157684701111325,5.727255734031635,4.7295124728645375,0.7482332139186187
29,17,151,0.13126513948721957,0.2373556846817463,5.3750912028896245,4.895435563563428,0.7673470760067657
29,18,150,0.13097234299637703,0.2110069807082807,5.304884762998007,4.631127482020942,0.7655616018181495
29,19,149,0.13611586530750627,0.2154485687630335,5.250926973173876,4.25625559272041,0.7353506582245598
29,20,148,0.13296867804903761,0.20912971990158336,5.149741343102912,4.769566718597177,0.7507055141090974
29,21,147,0.13578428999154354,0.2139982397068691,5.545136180272428,4.789058784147941,0.7174620344280439
29,22,146,0.1294255255841242,0.21587799598861301,5.637770445882687,4.463768145701801,0.7619052592435867
29,23,145,0.13507138678182176,0.21497166116806138,5.418705062918851,4.621168649663103,0.7237753685065238
29,24,144,0.13973742464703,0.22036329709538885,5.028266598664162,4.315225619417599,0.7349837335986086
29,25,143,0.13693212799216298,0.22623879462049024,5.615683192626248,5.394740126350468,0.7069592062382773
29,26,142,0.13770584188811583,0.22295491330821157,5.589426466736256,5.6740767811426185,0.7391534261659818
29,27,141,0.1353305237652861,0.2114608458723135,5.423202794738096,4.57417082780975,0.759786243931134
29,28,140,0.13904318603198076,0.2135507467465462,5.180062718765395,4.456678689615245,0.7515264913921744
29,29,139,0.13920573759013835,0.2228029643328396,5.276206358302197,4.283258530857844,0.7292581873986765
29,30,138,0.13733564011338764,0.2211000514837348,5.4749840182650455,4.353887301757563,0.7585901457831034
29,31,137,0.14497283612661419,0.21651076066017497,5.207950791101473,4.171777480238172,0.7295107072029335
29,32,136,0.1368215360730507,0.20744385188918088,5.077147568058262,4.229543996518169,0.7535996325404982
29,33,135,0.14308768197345312,0.21146367665910062,5.508648317053788,4.296131084280614,0.7303733317585579
29,34,134,0.1356278991750114,0.2187913837206475,5.435465219085542,5.323212824901226,0.7363086241195901
29,35,133,0.146697389884002,0.2278552222314627,5.589966158106305,4.560888449454244,0.7186567199852505
29,36,132,0.14327115344818514,0.22849164469767777,5.37034628873339,5.069870139817826,0.7426983968556371
29,37,131,0.13808565397213918,0.22357493543634585,5.656641622295138,5.515908439983971,0.7405566253572877
29,38,130,0.13463403159170978,0.2133216996861245,5.224720903882113,4.220453369556745,0.7213096240774654
29,39,129,0.13541828271653952,0.21052683183047582,5.190448869719674,5.8657764228808995,0.7409208599093103
29,40,128,0.13986955724460762,0.21713156638528516,5.066545820080429,4.580524787846812,0.7424963869674318
29,41,127,0.14164441243493403,0.22275254678801337,5.428558270910391,4.501025429004327,0.7359933680088702
29,42,126,0.14344434019536625,0.22495828279879224,6.361704895856759,5.042739700224628,0.7292496339362582
29,43,125,0.13956794134858125,0.2175840611182341,5.19694889471832,4.686162057005203,0.7457522700639179
29,44,124,0.14187310804480363,0.21616498531872103,5.265449236787222,4.4119194687870165,0.722209836880019
29,45,123,0.1383397029515882,0.21602501282943332,5.325576413003864,4.5379493199218315,0.7354676046383252
29,46,122,0.14792260051591602,0.23335149355712143,5.539956886617778,4.24116416338887,0.7274169878769443
29,47,121,0.13864436046005588,0.22281466885428317,5.583311146513472,4.689570198300623,0.711427486056901
29,48,120,0.14061253699615978,0.2181565301436149,5.311354516801634,4.821764870798171,0.7237335706501117
29,49,119,0.13507242761392907,0.22923082271365378,5.266935815418588,4.566910093429921,0.7412744010087902
29,50,118,0.14217186776532084,0.21314658463526473,5.448030737363578,5.263061185569526,0.7435912063470849
29,51,117,0.14242566503713097,0.21239414147192,5.389544425222759,5.23827951613189,0.7445281636749285
29,52,116,0.13773909490002478,0.23534791074541525,5.542318004076167,4.733905507733642,0.7475941873422003
29,53,115,0.1372698318447045,0.22796827547986298,5.3498951644942565,4.570367077290959,0.7366123802855017
29,54,114,0.14404671912017794,0.22264155271733288,4.765304692848206,4.122487512733997,0.7195381180481384
29,55,113,0.14006009249830953,0.2275334276499138,5.43334621596752,4.712798160776567,0.7300110528910525
29,56,112,0.13513834424342713,0.23707570058363864,5.202309808800848,4.605074231932167,0.7242526389448729
29,57,111,0.13182997599868843,0.22562358586408776,5.588695071370996,5.303838190963326,0.7463772215977355
29,58,110,0.14147929418418012,0.24226528759908658,5.5174723496430556,4.7348802070770954,0.7300006690409849
29,59,109,0.13836668297751573,0.2261899195395719,5.215726150837122,4.682726251965971,0.6949138341914232
29,60,108,0.13228514018016216,0.23392678230810632,5.218562914910908,4.952039861827536,0.7393141375635242
29,61,107,0.14246038065775363,0.23346168555750424,5.716406337201018,5.317521760033901,0.7022048243506409
29,62,106,0.13623512741860913,0.24102971470012743,5.0897582418173695,4.366533678583579,0.731514804599094
29,63,105,0.14163251041672598,0.23472255372963827,5.817310822220641,5.663331437678973,0.7210734650569941
29,64,104,0.13834598227041287,0.22869649529975655,5.914298040177389,5.453654512363823,0.7490672401108198
29,65,103,0.13583966500835437,0.2231690141325848,5.703407417768528,4.9821427311215425,0.7310787596533916
29,66,102,0.14605696650005248,0.24176625437172358,5.301252280795177,4.956221302773364,0.735864181667721
29,67,101,0.1411854896482723,0.23921416063878673,5.269999872912017,4.853725235427388,0.7275445361372787
29,68,100,0.1488825963935363,0.24730638182070247,5.464223525252894,4.610567888620449,0.6635982019272653
29,69,99,0.15464963519583957,0.24112871763967347,5.00006373571777,4.242369791487131,0.6777079415142663
29,70,98,0.16079255589589325,0.249154630833713,4.823724322528687,3.814710725493296,0.6566700553956802
29,71,97,0.14871905749074665,0.25260939333110666,6.121776403908566,5.524749871578404,0.697645661175979
29,72,96,0.1497041896393197,0.2429020853729327,4.70872608289569,4.451971366808417,0.6763178398050047
29,73,95,0.15390790737794208,0.2421890726142441,5.359319276761877,4.732805358431531,0.6685049139360899
29,74,94,0.15057264912260485,0.2460532036935744,5.287874676200663,4.744547862901729,0.6827719244260202
29,75,93,0.15396403889353835,0.26573882122064113,5.20941780574031,4.25874389745096,0.6574792458006006
29,76,92,0.1544484886417031,0.23982822424020064,5.141830863749841,4.187157919713798,0.6728495752956927
29,77,91,0.15076988903097516,0.2427834662348137,4.812965165052965,4.244326881872683,0.676701594272553
29,78,90,0.1580267588569638,0.23200748034587,5.288942403002735,4.448256937474348,0.6556770408321958
29,79,89,0.15189819858384843,0.2398070073875388,5.469003731367099,5.070116684648675,0.6812600667931844
29,80,88,0.1562891093634157,0.25653295714813196,5.706569329006421,4.448551672235048,0.6670905229365603
29,81,87,0.15783799898120002,0.24631307051084564,5.155379168002012,4.537101405192025,0.6683707831591214
29,82,86,0.15723265080983023,0.2591024583833604,5.687022159059385,5.415509751735819,0.6416098121421758
29,83,85,0.16050966976370953,0.2444932242300592,5.018441433568796,3.894385732255184,0.6462800130989261
29,84,84,0.15763102646785043,0.2482642668207519,4.9640709780724555,3.9735372798555546,0.688967322329161
29,85,83,0.16294327833981367,0.24073119261416906,5.458161180599019,4.901814993624127,0.6678951829729505
29,86,82,0.1631552921281532,0.24541758842314754,5.347628456309506,4.999246905505252,0.6553226179546903
29,87,81,0.15792654231547876,0.24212206940496217,5.172055506787597,4.614590987656881,0.6624317438937457
29,88,80,0.15529955438950435,0.24637415658353432,4.967594272249077,4.04522021816322,0.6642033117164389
29,89,79,0.15859502105596535,0.24102548312175376,5.5609881821894245,4.800852763772408,0.6736386594468685
29,90,78,0.15430975917009307,0.25673353481650946,5.393542308974451,5.093842970707716,0.6747269028486008
29,91,77,0.1639114878033578,0.25660961551840616,5.869375474080865,5.18544915141369,0.6494398856680315
29,92,76,0.15087881688704377,0.2525010911882943,5.2140624625762015,4.623601157790832,0.6873929076773374
29,93,75,0.15230742698469305,0.24535746408332712,5.292276619887236,4.522151315526756,0.6544716792011506
29,94,74,0.15616302082826183,0.2542556177553339,4.9391435508664205,4.312794076371976,0.6510664443485603
29,95,73,0.15710874344848882,0.2478358135853515,5.01492825794374,4.223118533326312,0.6857588302161973
29,96,72,0.1601391315625739,0.24313110590072248,5.378581007218275,5.009379443049752,0.6741821305182861
29,97,71,0.1687533883740892,0.2556886968578279,5.467867358714356,4.455456665652227,0.6505106623471772
29,98,70,0.1638434094861434,0.24905494225361413,5.119986127934572,4.116686425583281,0.6782592912975952
29,99,69,0.16666694464022258,0.2491785408567307,5.5767481803035945,5.740881171783782,0.6676834103944689
29,100,68,0.15106161466263615,0.2313718555768785,5.131835408868637,4.312381027401384,0.6801403572400533
29,101,67,0.16394882003353992,0.2451674869264505,5.401590116177964,5.552902387880111,0.6632554567726185
29,102,66,0.15331565607327616,0.24532947560268356,5.721266716396257,4.748110467530313,0.6821339999984509
29,103,65,0.15860954783850553,0.2505452688680133,5.369231183744797,5.016857693956679,0.6492232240374819
29,104,64,0.14707648908937923,0.2517975367524085,5.2308196409209655,4.812298250596748,0.6729948076474336
29,105,63,0.15918169275255944,0.24012073018401026,5.123399149676423,4.651870777661699,0.6662322678061064
29,106,62,0.16433048670893013,0.25583052682105195,4.864254678727674,3.909635341365396,0.6913202161740397
29,107,61,0.1621398164200142,0.25876700764943295,4.98259369814998,4.259601831177926,0.6369512402255941
29,108,60,0.16434547281747955,0.2607953999227508,5.61318905848923,4.923301932512323,0.6612778728011186
29,109,59,0.15852921428534136,0.2489766848126861,5.328133933753118,4.168790606136457,0.656768728920197
29,110,58,0.16609810159813365,0.24997529571998037,5.090044435395822,4.576038265837037,0.6585081646652772
29,111,57,0.16341989294196188,0.2597841900148957,5.519566187497654,4.839994072979421,0.635781363290182
29,112,56,0.15548845316734763,0.23781012192641351,4.928371512123375,4.361273351131804,0.6836124763092019
29,113,55,0.1587967643643597,0.25520696167705686,4.733985804028211,3.7879498600679256,0.6416449115932717
29,114,54,0.16048963027622154,0.26234386015909766,5.717936057793578,5.143071114188427,0.6457436154368938
29,115,53,0.16280523177015283,0.2608345859250206,4.952398367483117,4.46716437577039,0.651782686926928
29,116,52,0.1598571017926645,0.2634938395881698,5.496490368079727,4.4047920454419,0.6632517901984781
29,117,51,0.16191541294360196,0.25648012282804883,5.3705715456564525,5.1085070621001325,0.6624876121361184
29,118,50,0.15864942318607153,0.2594924946111926,5.687591024975466,4.912923615113194,0.6521978670744762
29,119,49,0.1677823879722031,0.2667421428094843,4.837303759651557,4.115272148062122,0.646399801475707
29,120,48,0.17150411451025235,0.27441860533466944,5.4907967274042,5.154878449522728,0.6559144999363691
29,121,47,0.15961700470071935,0.2503809893833479,5.111336541610472,4.74711309811576,0.6636878680260399
29,122,46,0.16726941300598058,0.2586496852191845,5.797137686247799,4.926027858507845,0.6733351083436037
29,123,45,0.16663414278996594,0.2671388648186253,5.208310264711596,4.668806134252931,0.6558691548573718
29,124,44,0.1653233401361485,0.25544112641996686,5.521398476759706,4.567186391188932,0.6605204457377761
29,125,43,0.1552212941150857,0.26182883202662927,5.673213123863801,5.299491938930852,0.667240361722899
29,126,42,0.1665125214295862,0.26227352402930304,5.38559988577105,5.323404789215702,0.6430383325071717
29,127,41,0.16442230703950608,0.27156781522432866,5.800673833790219,5.45249287311208,0.652743818550993
29,128,40,0.16250667673908542,0.25823493832264494,5.226467478923148,4.268799489928137,0.6569322780948204
29,129,39,0.16734653520692544,0.25223489007292926,5.789691662159036,4.857628791120453,0.6419308943748206
29,130,38,0.16354892574489657,0.2692643011598349,5.261028144481422,4.47442838076847,0.6657327434756349
29,131,37,0.1606607645489182,0.26306597289551376,6.099280957427737,6.20284107129131,0.6537606722711746
29,132,36,0.16062164599917314,0.2652320432237546,5.290796742939849,4.6724800282551815,0.6470826889265142
29,133,35,0.1670656477113814,0.26359614167078554,5.507247937069495,4.533120935945036,0.6647123400905297
29,134,34,0.1675668538522896,0.2520374107622716,4.915010932825831,4.234160293861,0.6634681849152911
29,135,33,0.1823384973171823,0.26754334597199725,4.9793962374747975,4.07348572973227,0.6246827933405406
29,136,32,0.18620990627549716,0.3043386671384671,5.211650678079325,4.5424693872670625,0.5692324678614041
29,137,31,0.1876713887955677,0.29134061175245884,4.938272388394797,4.6011005208929205,0.5807140696429376
29,138,30,0.18652236426167634,0.2934996362867717,5.197982305883822,4.433426777229175,0.5784235096442598
29,139,29,0.18322413260110462,0.2875305781880538,4.728344865152163,4.230973906434203,0.5737712324231454
29,140,28,0.1831173641646962,0.300128993298521,5.056526598898422,5.087910225822101,0.5856957704984579
29,141,27,0.1768054350707671,0.2736653166075863,5.480020168248884,4.845423033444612,0.5937119549716501
29,142,26,0.17587324730884485,0.2779010052147614,4.80782163006562,4.250770795659642,0.6060031650065827
29,143,25,0.18850197037005317,0.2885371440386205,5.057143415942428,4.190550980648125,0.600149707954529
29,144,24,0.18852494419725443,0.3022057272290605,5.073490625984396,4.3854727071767465,0.5867280170796155
29,145,23,0.1790117260487728,0.29448625777975485,4.84562006114662,4.130596578842455,0.5936316871338259
29,146,22,0.1882841491111584,0.29038807822685336,4.593455061691132,4.305168924097298,0.575434163001962
29,147,21,0.18276087318164155,0.2718644921940075,4.957096424797195,4.613014824957688,0.6154983687416556
29,148,20,0.1899455674061361,0.30156374983279943,4.709611412300044,3.985993204160317,0.5586567482353293
29,149,19,0.18442809800936413,0.2905647168408533,5.056866717070598,4.136144552316446,0.5707705400855896
29,150,18,0.18232802265937023,0.29642473596388247,5.257283373459492,4.818956939458964,0.5940236719846766
29,151,17,0.18246260745976986,0.28174790436159963,5.258784432332034,4.387099901813702,0.5958246149274173
29,152,16,0.18955053316960446,0.30375333124853277,4.811924608964086,4.084152708134392,0.5661215398369658
29,153,15,0.1894866052002883,0.28685747873022527,5.097672103312783,4.148990763785209,0.5828641287303137
29,154,14,0.19144312859186177,0.29729104424551933,4.7411121932628415,4.366284957246287,0.5910496751062583
29,155,13,0.17984272819515046,0.28985053098284985,5.241109793375682,5.2155817607895045,0.6104880430499394
29,156,12,0.1825120518659567,0.3128719155632335,5.231033849054079,4.627851837307029,0.5950162811755126
29,157,11,0.17888282125543403,0.28883473882696215,5.507406609184133,4.473321191250231,0.6269739178094116
29,158,10,0.18389772632681164,0.2821896159512329,5.183039827252184,5.272350005315985,0.5876553484317619
29,159,9,0.19407756300210124,0.2810914731797627,5.149783298479731,4.656675540461519,0.5724361054142113
29,160,8,0.1895926369407867,0.3098646118205888,5.25109783971237,4.671811991860471,0.5812060473072929
29,161,7,0.1851170477503168,0.2955286630465484,5.158548746103294,4.725344393344035,0.6078690572963714
29,162,6,0.19228643234953266,0.2945470120403377,5.190061436154814,4.661386055025876,0.5807307847875978
29,163,5,0.1810540773044673,0.28877747759275385,5.146770342115611,5.107205693560705,0.6003987784663675
29,164,4,0.17883868543958623,0.3039719281037703,4.728250888580225,4.009777025392435,0.582854077980551
29,165,3,0.1886526929212116,0.32231646826844595,4.954236489555809,4.7350575154226675,0.5728989312232892
29,166,2,0.18899808108745092,0.31247252183766094,4.774634378796673,4.367669257704456,0.5826357686870579
29,167,1,0.18099539030040884,0.295018116629675,5.167261258608249,4.304199463442524,0.6146759004103786
29,168,0,0.18121861214900978,0.3181609903801101,4.988502366889432,4.49980993407399,0.5721757824338332
30,1,183,0.12941563823386745,0.21013109713441658,5.734612872736306,5.388264853272339,0.768544967700166
30,2,182,0.1322955417136503,0.2215625068498675,4.959212760114118,4.210086320764159,0.7370975634839126
30,3,181,0.13163226121515648,0.21909218228407734,5.483629282943959,4.9017070200511155,0.7346251538579335
30,4,180,0.1271806086148965,0.20780237382595648,5.048790017880435,4.73648897111334,0.7427304338600121
30,5,179,0.1268089254198741,0.21391316995915766,5.906394071866128,5.413768019121563,0.7637744124415639
30,6,178,0.13348138955997643,0.22162030655223608,5.8523826734781945,4.805029385230467,0.7429766002523573
30,7,177,0.1265399180650589,0.22259258110192523,5.568214627303012,4.477668785618071,0.7521474099110427
30,8,176,0.13408322884459375,0.21322199169802622,5.0810166032894095,4.720922825535623,0.727602690075997
30,9,175,0.13635890912098705,0.22486063960571592,5.486660735119205,4.386176447023406,0.7311339578792291
30,10,174,0.12765160882577442,0.2133076604507775,5.184577213331879,4.544034181103758,0.7709803237774964
30,11,173,0.12834523163484127,0.20487167509892523,5.462908112153128,5.390142098205628,0.7306712815774095
30,12,172,0.13174686407316047,0.21514322279642342,5.449212126057188,5.067518397320944,0.7653963449759519
30,13,171,0.13269143344460663,0.22181510169186142,5.7506483818836305,4.983962297074862,0.7164933945405252
30,14,170,0.13189776959891544,0.21886530845577173,5.2874204816502495,4.534737907557389,0.7059641834869983
30,15,169,0.13389135023543758,0.22635569586804893,5.646149654035673,5.158349839250374,0.7336848318039906
30,16,168,0.12507812500543378,0.21436714650869687,5.18267527982405,5.150410974752282,0.7474939048255207
30,17,167,0.13504216914229383,0.21503340104289634,5.773926085863646,4.943554857712373,0.7416335536964118
30,18,166,0.12857005922645207,0.2228414725497853,5.498831750759492,4.532089413737661,0.7549900789988359
30,19,165,0.1322441114655218,0.22737057039212358,5.478468650270019,4.552673053571539,0.7335612059542269
30,20,164,0.12994156663100084,0.2211783918691288,5.161530010168258,4.468575779840584,0.7631882521825721
30,21,163,0.1334264340570356,0.23380665573165976,5.886738618829607,5.165048464297588,0.7326923224796319
30,22,162,0.12976176590106678,0.21886152839853135,5.438266474214268,4.924436532147604,0.7484101997259631
30,23,161,0.1286389460381276,0.22433148908604364,5.188131824356489,4.538158783319776,0.7532710169119445
30,24,160,0.1402533384976475,0.2224190038580053,6.417682532028903,4.8483091431968734,0.7424344200613258
30,25,159,0.1315236935651127,0.2190030740092486,5.33173817197779,4.854940012919325,0.7386303196002018
30,26,158,0.13405445477109643,0.2140143249621949,5.6847281190654755,4.500831368197043,0.7442104750294715
30,27,157,0.1380388103755453,0.21654115904138582,5.169241377657516,4.5534710480924465,0.7389787320284018
30,28,156,0.13791802823759589,0.2187425637962553,5.603309458446752,5.008479685069287,0.718807937469855
30,29,155,0.1386525102147652,0.21670125303734386,5.437199873804205,4.670851937992313,0.7384531456468918
30,30,154,0.13744742553840292,0.21619735485161234,5.8245988420021755,5.549020171435154,0.7714149734952265
30,31,153,0.1353005253851731,0.22342106970614065,5.789232441230186,5.237566022182144,0.7514681386798042
30,32,152,0.13524534875235272,0.21078822886358947,4.859153233626912,4.359592530511248,0.7191179155103714
30,33,151,0.13421199332249037,0.22759054666995887,5.042867735610752,3.9374906607993405,0.7320389779389184
30,34,150,0.13777933010976823,0.21982667822693475,5.0277483029538335,4.40890147160103,0.7415274079999062
30,35,149,0.14119772161639563,0.21493409523529947,5.101140914444625,4.435613935468303,0.738727010077076
30,36,148,0.13332391783384734,0.22670869514502268,5.146120454553094,4.758676849848157,0.7553146467288501
30,37,147,0.1312860345930407,0.22502438624819962,5.472323254257822,5.072399337631167,0.7489616603818511
30,38,146,0.13583327881225596,0.22425850609454775,5.016015486400306,4.2157811430975265,0.7485531864863333
30,39,145,0.13448271006085083,0.22083474943727266,5.940928431363597,4.689457649112853,0.7635920072702158
30,40,144,0.13680858631143678,0.22931759127632748,5.594112743045697,5.134145420220505,0.7299230570792142
30,41,143,0.1384659715988279,0.21929237111962732,5.434698635424227,4.691640815177568,0.7207094309331071
30,42,142,0.14100021566618517,0.21940796487290573,5.428318629879334,5.328391468583376,0.7571941375767942
30,43,141,0.13707087550668873,0.21807943830216805,5.405632892764852,4.224920855179979,0.7542618758657138
30,44,140,0.1434522541456816,0.22881930994656544,5.844682007463497,5.138619730299492,0.7380224667414108
30,45,139,0.1461291331287023,0.2215856551383702,5.257331469381965,4.4196919108157955,0.7271629637690424
30,46,138,0.13102132428827462,0.21643262156134804,5.61465948876658,4.6831412983247045,0.7528896992160036
30,47,137,0.13239989635713365,0.23163500735753115,5.53105882392674,4.632185435218063,0.7397483490889936
30,48,136,0.14141735510073972,0.2297845482063922,5.286263499522372,4.154046443848328,0.749779181526874
30,49,135,0.14320835396361142,0.23738829401334954,6.217562653195241,5.712688320602951,0.7127298594182161
30,50,134,0.1450869977520045,0.21922222029534016,5.755961364138063,5.763434313281829,0.7309684131855849
30,51,133,0.1427002238381922,0.23967028050145742,5.765678516700984,5.0549600846946,0.7197290090248297
30,52,132,0.13836446555848197,0.22591706713600926,5.186207217916104,4.364579911434421,0.7319579960283401
30,53,131,0.13641188398000204,0.21806303700966015,4.864623547568669,4.775425845264872,0.7316821902830322
30,54,130,0.14876433171104375,0.23327824824254706,5.002522591194765,4.27054734757001,0.719178511736522
30,55,129,0.13853526661869875,0.22406028457243513,5.253665134844519,4.292886598964486,0.7387172361926471
30,56,128,0.14268257751852834,0.22257436735160974,5.882835732458803,4.856204524088796,0.7294433630597161
30,57,127,0.14195144413522812,0.21845658776958266,5.457241540785347,4.638372394203029,0.7340376780674552
30,58,126,0.14560947439373104,0.2207163440638313,5.088868453084675,4.5249322558991425,0.7314971072965597
30,59,125,0.14294357500796354,0.2145742751820165,5.83767579860349,4.593534402106844,0.7458961272210755
30,60,124,0.13769002001290273,0.24097403830715422,5.415435320709585,5.034921134787994,0.7328248942280258
30,61,123,0.14471691621879884,0.23130594945680177,5.391268993774965,4.190940156086399,0.7199306968770267
30,62,122,0.14134304609732776,0.24179021806537107,5.504355573082647,4.681373623559502,0.7233391052886339
30,63,121,0.13540314723599775,0.23367257310674358,5.55413676412187,4.800590797094184,0.732176633586875
30,64,120,0.1438879266703787,0.23400268192820772,5.574884556925806,4.948367354708118,0.743225927752998
30,65,119,0.14152979139776983,0.22920280227913845,5.756037813327768,4.8917992876910095,0.7571943683257402
30,66,118,0.14811101767614876,0.24241414300875014,5.879457788523158,4.628034811322545,0.7298054454052367
30,67,117,0.141972474099731,0.2383572467154867,5.14782789455167,4.426340949409188,0.7073771888864376
30,68,116,0.1434381048935296,0.2215357808902553,5.226576798016833,5.3827155924181325,0.7236517747886807
30,69,115,0.14811321714409384,0.2293283046810426,5.595633511280109,4.701826673992365,0.6954300312757519
30,70,114,0.14514941354122746,0.23203859020768727,5.428350552483179,4.290952066261542,0.697154355043784
30,71,113,0.14628547642355502,0.23488993950183118,5.352460612922194,4.752993696439895,0.7183551063300546
30,72,112,0.14070404819284735,0.22367040511746267,5.147887536629192,4.946331138701618,0.7300331494069977
30,73,111,0.1414002257965203,0.2341722108509443,5.329706783288973,4.506804857305328,0.7203661238116312
30,74,110,0.1545192477072322,0.2524399910604886,5.148728602426967,4.368443768437519,0.678829310124636
30,75,109,0.15591276989886033,0.25133708085138806,5.571804808030256,5.448975933637978,0.6655270871237292
30,76,108,0.16163283816400933,0.2469323230423774,5.140178669803629,4.835223128012853,0.6576335935634302
30,77,107,0.15331484584419874,0.24767821830254835,5.361580373624719,4.225109198902848,0.6711746769151398
30,78,106,0.1522073990046302,0.2539453686231725,4.975873720331206,4.415322081917899,0.6751620861313742
30,79,105,0.147881706327225,0.25144529602755883,5.474559380906564,4.638566853660913,0.6755205309897305
30,80,104,0.15158094049662768,0.24591659324442428,5.240240750534841,5.498579331421592,0.6902330488529345
30,81,103,0.15580020070753406,0.2522884534089514,5.701766276345508,5.581047498556193,0.6815541660591418
30,82,102,0.15970256923442222,0.24911716758384816,5.489118090996585,4.244316533873111,0.659640863355889
30,83,101,0.15453406222373522,0.24415288250950087,5.517835652072137,4.934859173667616,0.6864566120879911
30,84,100,0.1545940205467907,0.2551192829819158,5.463622466064118,4.770089864075106,0.6750871216601108
30,85,99,0.1491798309810876,0.25147653393281694,5.051102936618253,4.674567641169222,0.6780136613370801
30,86,98,0.16144622382562973,0.2598742897504716,5.553416732028166,4.995515095427182,0.6643956244989823
30,87,97,0.15475828231046915,0.2586091425037681,4.888886138188321,4.271876939414687,0.6624803866084474
30,88,96,0.15340483181375406,0.24676027510470908,5.43247554832806,4.952438397081655,0.680399492259021
30,89,95,0.15546200610630923,0.2491091224773104,4.959380799041357,4.739808837620816,0.6799444628340726
30,90,94,0.159228294521842,0.25142128678930065,4.938895953866888,4.638375118838796,0.6618997734682935
30,91,93,0.1626335965247076,0.26561004451599873,4.7896198307037245,4.316110490984252,0.6496932731679708
30,92,92,0.16133874678690516,0.2652106651821445,5.470005761973578,5.055000697061488,0.6725493118443133
30,93,91,0.15518649893850014,0.25906423875873796,5.735456919110572,5.059330789012818,0.6725823245354766
30,94,90,0.1563553032222892,0.25177274476349676,5.666910773461204,4.817286831280303,0.6489920851037091
30,95,89,0.1637055793578923,0.24756533487100735,5.056460082404689,4.284045124382009,0.6784476315214103
30,96,88,0.15299166125297048,0.2569160576070013,5.214093035417208,4.546726492114017,0.6659552450461855
30,97,87,0.16192486101734127,0.253631681423695,4.790341007997908,3.927362490368507,0.6341231554798283
30,98,86,0.15607234564709144,0.2595801996818681,5.095575314708128,4.448807308387853,0.6345217591967279
30,99,85,0.15664503497308974,0.26844095861101114,5.077065404918652,4.253046648424716,0.6497280135065984
30,100,84,0.15853997267644285,0.2636878475894644,5.036455991779889,4.51031678590586,0.647698732605171
30,101,83,0.15945677167481243,0.25605237327000235,4.976298212605393,4.704655330954914,0.6423717542030765
30,102,82,0.1553320643760407,0.25901974946011974,5.211997459242706,4.69506300461094,0.6679576020979778
30,103,81,0.15165900799175933,0.2621135861270498,4.851597872760369,4.7307381840350695,0.6591031182838312
30,104,80,0.16063314462728442,0.25522071955112685,5.321677207485049,4.49039162599094,0.6678418817534182
30,105,79,0.1617956408694663,0.25955574862644837,5.548184924695596,4.805638939184414,0.6605442240447663
30,106,78,0.15590988546641885,0.2604133484536821,5.226012139563384,5.183673358272171,0.6826412677609915
30,107,77,0.1553975843053351,0.27028515057934543,5.158800447321675,4.940012034336802,0.6392415052274416
30,108,76,0.1561245956780905,0.2565483707483292,5.528724303721412,5.603310573726272,0.6787834617362729
30,109,75,0.1571421465196926,0.26235356523341147,4.7917535651570855,4.5931942111014585,0.6423172754367992
30,110,74,0.15745487941405228,0.2612058753728065,5.077050520882745,5.125732296232382,0.6691751874748695
30,111,73,0.15787988243508919,0.24968026403481267,5.298467745112394,4.750533269838074,0.6670953922336292
30,112,72,0.15846572186766736,0.2832053183408115,5.886695562102286,4.797972462836385,0.6648972557140334
30,113,71,0.15762763557619283,0.2712889734259014,5.753156918018595,4.7547511961024265,0.66973233226943
30,114,70,0.1547947512194812,0.265396191468481,5.176274259102186,5.227458233452596,0.657899539390243
30,115,69,0.15871809258603237,0.26392002244923896,4.995976505425904,4.325182876310368,0.6587418094822014
30,116,68,0.1583981788671774,0.2665494636992903,5.573189867584679,4.568429948989283,0.6593749061447606
30,117,67,0.15810118087023595,0.270672013389936,5.529203189497043,5.29637440788092,0.6588559550548229
30,118,66,0.15638913514861838,0.2783916597168758,5.486968193212201,4.6284887117109115,0.6418739836059036
30,119,65,0.15948395968454276,0.27093519700653224,5.350285507086237,4.1631219401903525,0.6624807444943274
30,120,64,0.15444027943488747,0.27751746163231267,5.304906278354759,4.663527146101298,0.6616915541150896
30,121,63,0.16380422412038936,0.2665149030097078,5.080610605052916,5.286961875870577,0.6597271274734484
30,122,62,0.15790563027870616,0.271235187453271,5.110233911034008,4.285040026839389,0.658346132932466
30,123,61,0.15763869391866822,0.2671562474619517,5.44426113721613,4.499596847570185,0.6721308391404779
30,124,60,0.1620877946803671,0.2676608961584966,5.53903080727323,4.931333766523822,0.6713821820393235
30,125,59,0.16908454970763662,0.25442985418463654,5.173689256294326,4.906209328182959,0.6418455961888647
30,126,58,0.16188404294783212,0.27091929774541884,6.606591928082566,5.120399698137873,0.6629153491466708
30,127,57,0.1664683941658556,0.2616970452661738,5.329201212891912,5.230047986815551,0.657876136031062
30,128,56,0.16663525747724853,0.2713130674169544,5.324551867813604,4.310168239034632,0.6455465973518335
30,129,55,0.1690066825818984,0.25770586588661126,5.457171727249831,5.335735756784188,0.6323977181193841
30,130,54,0.160744356449018,0.2686965871839095,5.1398857128361986,4.172742946673429,0.66815363439515
30,131,53,0.16326958839873495,0.2817819770975931,5.218011618637317,4.28988132218236,0.6430970748002417
30,132,52,0.1631020264893788,0.2591480032689977,5.079713609400036,4.318217965924547,0.6732358612131776
30,133,51,0.15682497362079229,0.27298651601477575,5.545550601040059,4.834391972553652,0.6529591166990371
30,134,50,0.16345552569689756,0.27807870501940996,5.334443215209494,4.460021033645107,0.6347264924476577
30,135,49,0.16271576900986545,0.2695245160960475,5.211684025904641,4.359630408658302,0.6462296263313444
30,136,48,0.15921428806356683,0.2562418956386467,6.490662747217389,6.005158742133997,0.6890903939857393
30,137,47,0.16230479609053372,0.259139331660838,5.288955222419026,4.208068213734957,0.6609575744106606
30,138,46,0.16120255967367844,0.2712877245841093,5.670491787463501,4.750273470307995,0.6783128709491655
30,139,45,0.163553487248757,0.2623829271058743,5.131990496929342,4.694858308363662,0.6283160784373995
30,140,44,0.16759889055752525,0.26232791238690434,5.22743895188418,4.2243811470543,0.6253819685914167
30,141,43,0.16643461500101134,0.2648730920661428,5.36406567758066,4.721967390598151,0.6529189954702963
30,142,42,0.16508473770114399,0.2697801963489697,5.7030807689236696,5.282559589828358,0.6521009145702632
30,143,41,0.17169925603786032,0.2716192716793807,5.424570519582449,5.307040517933567,0.6207196889951855
30,144,40,0.16847843256422013,0.2679064702686468,5.341898478254679,4.6178244907655275,0.6466838947659738
30,145,39,0.16413985370529854,0.27518191826209654,5.509613145066915,5.074252615845243,0.6590620684186973
30,146,38,0.16255279447454005,0.28613880597807495,5.667554481998531,5.2334205036853945,0.6697052277503166
30,147,37,0.15840957774405703,0.27233093118104906,5.150289380035883,4.327629053444139,0.6573412961728917
30,148,36,0.1762579830011545,0.29629098153143196,4.895116905361139,4.805863966407411,0.5996613454004902
30,149,35,0.18783575407441352,0.3072209983118737,5.430193766475564,4.191923411305772,0.5746518305378164
30,150,34,0.17860390980620583,0.30684397622529075,5.254584359402946,4.578263762310413,0.6176072535947426
30,151,33,0.1836816553389448,0.30876299079047925,5.56886933229381,4.7553704145653315,0.5573569815358533
30,152,32,0.18889347525103783,0.30932178602844373,4.646733606068679,4.261680767469307,0.5680638759707695
30,153,31,0.1793610595278831,0.285100795360453,4.957253363048488,4.472790357939056,0.6213527945563284
30,154,30,0.18768491436598067,0.3089953182954684,4.7142815747857085,4.22641279233163,0.5767970696280602
30,155,29,0.17474191538606337,0.2901817821215158,4.809876201144906,4.113457209887612,0.626035627986298
30,156,28,0.17886052404040914,0.28835160062089826,4.899785642961235,4.257977195778781,0.607477436762391
30,157,27,0.1866903545273564,0.31898845836172063,5.058734321253939,3.922487755983054,0.5622113127952656
30,158,26,0.19028135475980543,0.3259071254146693,5.175418142998734,4.248754798060325,0.5797059314201856
30,159,25,0.18097814439158585,0.2915257750955736,5.548233298396129,5.478694217461669,0.5877180794156895
30,160,24,0.1804859611337425,0.2957229054490237,5.100374895172084,4.190725764651783,0.601383125419026
30,161,23,0.17439532447033113,0.2884012392230544,5.2107919080341025,4.435209286965016,0.6090239458157308
30,162,22,0.18354016442694956,0.313239578420706,5.059395585334135,4.245352756320695,0.5640870925373502
30,163,21,0.18040982736568298,0.30726946425483875,5.168038524240551,4.645242716995799,0.5841841157270465
30,164,20,0.19294025963230674,0.3121730925751904,5.118188545075541,4.796299414406148,0.5653346340389089
30,165,19,0.19639509957258727,0.3181247063932021,5.135204098496125,4.49291727157981,0.5718331217774523
30,166,18,0.17915598560748286,0.29907502988009177,5.203774929942408,4.3317492851984145,0.6180507326081319
30,167,17,0.17829375731194308,0.2887124307436885,4.9701253998838295,4.314025086499086,0.5939260227498916
30,168,16,0.19133323812058126,0.3152408620965114,5.074150354646331,4.67406332330776,0.5843464107514943
30,169,15,0.1880995408965185,0.31282217537001883,5.203840440069506,4.925460533168615,0.5783090571806878
30,170,14,0.1831546906014076,0.3033555294759093,4.793694330465319,4.386914531581893,0.5599660280954888
30,171,13,0.18360819251333596,0.2843881454435494,4.968352553028211,4.468110168816056,0.592115373555079
30,172,12,0.19024460615917807,0.31005194699291583,5.1246462719834405,4.448018094068472,0.5752184072189488
30,173,11,0.18015285508493564,0.303474211906177,4.925914553302593,4.623061861370354,0.5909776773259713
30,174,10,0.1808793583092291,0.2926560467961326,4.740376833231712,4.603096358677016,0.5951779428848499
30,175,9,0.1937266633599157,0.3154794050499696,5.038512562764807,4.3581689979161435,0.561267684663077
30,176,8,0.19404572709603907,0.30033914883495144,4.786023349357473,3.960499108516134,0.5541117257693774
30,177,7,0.1992630967257221,0.29313124695283155,4.900492249619751,4.448265040224237,0.593004917540592
30,178,6,0.1960231038868714,0.3109317888452352,5.146430231917666,4.283318437175275,0.5682193100074031
30,179,5,0.19978692924792166,0.3198114666016268,4.9577579104127025,4.707296142932581,0.5428434818295077
30,180,4,0.18036616532328553,0.2826121634423953,5.3589864797593645,4.543136407637115,0.616048041524969
30,181,3,0.18309084251851734,0.300331694072447,5.297208526065559,5.0419804029147794,0.5971256770519819
30,182,2,0.18753563217888877,0.2923004060206132,4.693830274623947,5.053708761646194,0.604100184674518
30,183,1,0.19070638277545468,0.3270898246022986,4.819675226879045,4.032567407483319,0.5919451764915469
30,184,0,0.18466590743943564,0.29987699193962025,5.15586756169915,4.683301315377237,0.6205638197836397
31,1,98,0.13676245372526083,0.2121560090363013,5.849176685293166,6.60320075293176,0.7409931498922671
31,2,97,0.13420021652831032,0.20557348914775134,5.677692378615431,5.038337715603286,0.7332138511421779
31,3,96,0.13503546679324496,0.20723952219973152,5.473391530782894,4.89509243739331,0.7434074991038968
31,4,95,0.13682482985162273,0.21070993052006612,5.285253382652874,4.872982299373631,0.7370380472667373
31,5,94,0.13250075029207597,0.2047201912617128,6.076183704434317,5.401524014407294,0.7423034037976719
31,6,93,0.13489847954123887,0.20920599348875896,5.521499685131314,4.726776807022888,0.7397807475623308
31,7,92,0.13775091237900008,0.21926728084255023,5.61992493009345,6.232196916187781,0.7538969350614576
31,8,91,0.1394818920906375,0.22044114520787478,5.7708546954303745,6.138519083910045,0.7368123719959528
31,9,90,0.1305715067004176,0.2055251526258361,5.637301220978396,5.50184576475513,0.7549242925428592
31,10,89,0.13347670470830264,0.207441754952644,5.551442792503094,4.845397281206204,0.7455326129800468
31,11,88,0.14312414988661032,0.2219563852590514,5.414259610304571,5.026839310784471,0.7198757337880761
31,12,87,0.14184754109409126,0.21257557946604633,5.9753287648118825,6.227664106657785,0.7473172153005041
31,13,86,0.13892455027371642,0.20873601236286612,5.3158622821388875,4.461625397771484,0.750489907292603
31,14,85,0.13262891807632107,0.19445815754454332,5.002777371054803,4.996880735813258,0.74089075950163
31,15,84,0.13163838187286758,0.22064275022400476,5.913641435017643,5.764618800279224,0.7521444141162822
31,16,83,0.14439094350609574,0.21327065666261066,5.561549731936319,5.242611912892928,0.7353424143231508
31,17,82,0.13758262344673028,0.21142362714869184,5.743009166198907,5.010507784425631,0.7502915330236188
31,18,81,0.1413141186034662,0.21859822508132715,5.693624125624934,5.4605785275379795,0.7380439085437711
31,19,80,0.13727807159554847,0.2134932575010239,5.564790897300368,4.8290017431241825,0.7453211740244654
31,20,79,0.14319010273374735,0.2132281034696486,6.506076160492275,6.269094063477005,0.6993905577497017
31,21,78,0.13353042243337654,0.21170278677405677,5.467373755314602,4.667582785114609,0.7175075858174471
31,22,77,0.14249095431506986,0.21385531900605817,5.398560385047828,4.313805331217517,0.7283429215862585
31,23,76,0.13586913813492593,0.2070669208198157,5.106177481922099,4.274711888883291,0.7270314165043716
31,24,75,0.13648667049521343,0.22371606644574452,5.790317017812712,5.281201253107114,0.7409436148112019
31,25,74,0.139339766795825,0.21769327066905889,5.564248177871566,4.785302661473643,0.7378317859774658
31,26,73,0.13747502970322958,0.21705758624456437,5.522184296509298,4.632177793614101,0.7658930269457576
31,27,72,0.13455181689839332,0.22121020680405312,5.678154987495693,4.46615969100233,0.771815658616461
31,28,71,0.13809408308278825,0.21496635264072947,5.284793328912743,4.821466809415666,0.7342255588711674
31,29,70,0.1329240771551614,0.2128499100140854,5.365691450647473,5.0682437770007995,0.7311900983727948
31,30,69,0.13145503358307015,0.21337773001535104,6.315648609401798,5.541623255527442,0.7343281182498713
31,31,68,0.13567258756540465,0.21964991907977305,5.906406052896385,4.995564886163604,0.7298620366672566
31,32,67,0.13450895102720406,0.21913572035017506,5.307123289874195,4.479316561000874,0.7486806121921575
31,33,66,0.1359995838454545,0.22142330512556502,5.457225078898768,4.623768240973145,0.7135328154618825
31,34,65,0.14494260942937193,0.22237583051149368,5.564706298670909,4.576182482227659,0.7357693884820897
31,35,64,0.13411321921536076,0.21424722207253658,4.976463856882868,4.30881985701893,0.7129527737901092
31,36,63,0.14109382676990692,0.21380723897056997,5.8268906766132815,5.241301621335437,0.7345862505881696
31,37,62,0.142247777268695,0.21755953744398182,5.597004200232336,4.562921170590086,0.7191167762923132
31,38,61,0.1386324875123029,0.21849420317196436,6.246228360465233,5.3240208647888,0.734064601516408
31,39,60,0.1416001481422084,0.23010300691709992,5.692668167198798,4.846438811660863,0.729921611338629
31,40,59,0.1496292020516547,0.23892896833887983,5.112330470395617,4.427048026180926,0.6786809410716222
31,41,58,0.148789741398409,0.23501113389936537,5.3185918665035015,4.927126198036781,0.6892838558386677
31,42,57,0.1513950083165466,0.24453441429806902,5.31035465603697,5.350362909430968,0.6639196584109524
31,43,56,0.14858879135185357,0.2370077513803551,4.991287812026486,4.484690453812364,0.6662851925270505
31,44,55,0.14368868842793628,0.2354305829289056,5.6008082649212,5.051987984555921,0.6766354959185463
31,45,54,0.14942067286572322,0.24269170699217024,5.668108479092959,6.085844454788928,0.6713130187127739
31,46,53,0.14842642461433364,0.24601489336947402,5.2622582324371265,4.300171593048387,0.6751953953210746
31,47,52,0.1471154190902715,0.2351417251913754,5.496322932335765,5.542730391773383,0.68101788087121
31,48,51,0.1481407191307148,0.23771454934909073,5.626837186542114,4.966526279317914,0.6637241112375378
31,49,50,0.15026519590448942,0.23698170029997495,5.370842603064756,4.945397108281315,0.6832201477770596
31,50,49,0.14725386793341502,0.23632718792531032,4.728513368618724,4.318393825784078,0.6559202167474278
31,51,48,0.1446808630044362,0.23916302370961376,5.388033413176748,4.621614074160923,0.6957268165799465
31,52,47,0.14590032966409444,0.2377709009948268,5.345110843124781,4.323777304986864,0.678749322436127
31,53,46,0.1506654762517579,0.25236658087436,4.687660183705704,4.094412770254943,0.6636009942035159
31,54,45,0.1526426161418799,0.2418639553757983,4.990958479591413,4.533221695154018,0.6708157529615176
31,55,44,0.1462897118522375,0.24687645166756209,5.311999143309044,5.728895879379103,0.668928670508349
31,56,43,0.1488763883855595,0.24430544833044654,5.261364680434173,4.493917181087167,0.666526142325591
31,57,42,0.152664441814255,0.23564349485346672,5.064231716205265,4.604839358628148,0.6634565799086756
31,58,41,0.15924198968915584,0.24373972291367,5.318669784519104,4.603976428101748,0.6530046923007934
31,59,40,0.1572540498303638,0.23311135168709599,5.864126792560852,5.986645867012989,0.6803490122596413
31,60,39,0.163121104673349,0.23876210139744405,5.096609207309556,5.6786268939237345,0.6478279580229375
31,61,38,0.16013125456109406,0.2385079444151453,5.29536747368031,4.4602939526511545,0.6617761159730359
31,62,37,0.1566287826469206,0.23767897039568642,5.344264922146822,4.71489673628932,0.6721933513288781
31,63,36,0.15476531789909376,0.2331650537060507,5.363330397192586,4.469211960979919,0.6823751696582709
31,64,35,0.15563575735192162,0.23421716690218228,5.1033377585646615,4.3576998885128715,0.6647763755153241
31,65,34,0.16059849302021928,0.23918551152304635,4.690000773682776,4.20715960276957,0.6629645469775824
31,66,33,0.16205308271457192,0.23968207405322475,5.238370353437444,4.415278575671694,0.6614843945829689
31,67,32,0.1586332889083092,0.23820004053990884,6.001955983424443,5.251200036230953,0.6361032724252492
31,68,31,0.15768621596889693,0.24279474831014386,5.537793167113234,4.748341369568558,0.6530288745765201
31,69,30,0.15577591726822174,0.23704767303348867,5.516853659834412,5.255662119756974,0.6479857161508348
31,70,29,0.1600640849408758,0.23433717380275007,5.252280944491513,4.948996504292771,0.660170397333563
31,71,28,0.15680669314551823,0.23631221488337173,5.482401104410268,5.129441559701245,0.6733475339865259
31,72,27,0.16447904146544332,0.2408844754747821,4.925718607316343,4.185800383993725,0.6679058806456626
31,73,26,0.15556058039812717,0.2389971959209942,4.802722189774457,4.644043030945326,0.6569198724859779
31,74,25,0.15671423375817228,0.2408664161899966,5.634030536092482,4.483070859733282,0.6976672096166109
31,75,24,0.1669226512089861,0.2593040639643051,5.896150555168397,5.947426889455462,0.6429417132595109
31,76,23,0.15362893979696138,0.25072093868287787,5.2628126516860965,4.214932485034256,0.6743511354326286
31,77,22,0.1614231225552311,0.24863076813260884,4.889938730090146,4.1929481789179635,0.6394183452067119
31,78,21,0.1587701424249867,0.24667273848429888,5.473838257315101,4.9108863404656535,0.6705921440358177
31,79,20,0.1615718940046967,0.25234661364891187,5.496671857952957,5.301246878520917,0.6573772605048678
31,80,19,0.18095956486334758,0.2741364054011317,5.201181756589877,4.417449186627205,0.5734531895888
31,81,18,0.17504497523620088,0.26851239837892277,5.002538995951792,4.668692216082685,0.6019019506580932
31,82,17,0.16906321684835224,0.2620729445823717,5.516311163476551,5.419874976876074,0.6042399196147317
31,83,16,0.1722166007926892,0.2636926261831333,5.273989062157796,4.591096259023836,0.6393996651549334
31,84,15,0.17223933385341172,0.2685673979682137,4.898509317771297,4.364312601757054,0.6188311739580921
31,85,14,0.1823341365180988,0.2736575400530747,5.043943666292984,4.970011966035405,0.5746927664462718
31,86,13,0.17869084481205488,0.2734318564273112,5.159231236406995,4.8829136652343434,0.5835645673192171
31,87,12,0.16781264321390998,0.27005719498462716,5.029976901668293,5.0149696949057025,0.6146512310296802
31,88,11,0.1735910637255767,0.27240032080492216,4.932836109026547,4.6572967914586005,0.5893206071557413
31,89,10,0.16456495251446807,0.2674117051182793,5.545584326940031,5.044304500631858,0.6231094403308589
31,90,9,0.1705759787299623,0.2766353038247463,5.335544041447601,4.646752614470386,0.5986353559765236
31,91,8,0.1692438172901995,0.25854685944002653,5.446111382374404,4.465351008377427,0.6229979390920928
31,92,7,0.17520963702133752,0.2619730047644447,5.219805902302859,4.651101324978934,0.6098012480991024
31,93,6,0.17315786138281858,0.26851387955590694,5.616106184450185,5.160715713182509,0.5948778411856482
31,94,5,0.16742472644403206,0.25924888747618247,5.111279214817671,4.822798146260282,0.6206644284445063
31,95,4,0.1839797612227342,0.2863497307354996,5.379254780989872,5.085830740763442,0.5722540962712066
31,96,3,0.1650065093669772,0.258288628081154,5.219466053069581,5.02371230987427,0.5927929405069464
31,97,2,0.1774552603020348,0.2652974063328651,5.130753042297733,4.221961564247914,0.6129560666204246
31,98,1,0.18215696147145702,0.2907530281266617,5.63304058509408,5.237911048408633,0.5754753478503571
31,99,0,0.17400294308599495,0.26904065594440885,5.038418127339106,4.458248794449494,0.5901884125367434
33,1,226,0.13440318514225374,0.21726448320786163,6.05528195422032,5.422807255271237,0.7602516196417023
33,2,225,0.1297478513018175,0.21248310654767605,5.2200788366636175,4.476834268040872,0.7560333836884242
33,3,224,0.1316729086407339,0.21554539112851892,5.739240454015286,5.5112284007914845,0.7557220546281735
33,4,223,0.1327229025833061,0.21657103879485276,5.532440340179702,5.162907797963126,0.7386760570455145
33,5,222,0.1324889928288053,0.2151128225453383,5.358829554217667,4.169203822240364,0.7178594584059191
33,6,221,0.1295827374725939,0.2089837551293921,5.174703799962014,4.420373612091124,0.7525655180952728
33,7,220,0.1341898292454346,0.21821228068454168,5.58446452321879,4.725204724259136,0.7564920767642862
33,8,219,0.12988196544351882,0.21547066409856816,5.428610255494272,5.055731558027535,0.7504371833016693
33,9,218,0.12682319523816904,0.2120520642248841,5.852724993273311,6.290780228969455,0.7446520447807805
33,10,217,0.1269687067046703,0.21238089554018308,5.204896327034639,4.234434268487555,0.749880932336936
33,11,216,0.13604964961963326,0.22901593868173287,5.356951924941072,4.435292628190515,0.7343435193230123
33,12,215,0.13197930141049513,0.22330154729299492,5.615046269725591,4.6255567468102585,0.7469359891808383
33,13,214,0.13077794546133323,0.2225058142643871,5.466553516047261,4.49783799126234,0.7585243601206082
33,14,213,0.13023596904040158,0.22011360431992735,5.380604896024009,4.7447384229321745,0.740056796082771
33,15,212,0.12909604369518168,0.21962438741842563,6.132429072406715,5.199089410539966,0.7620765673499034
33,16,211,0.13443021125894397,0.22631053602133747,5.665962743929519,5.075891952444525,0.7489158148125684
33,17,210,0.1334711390596126,0.22169949105272327,6.0865900823133465,5.320011538017722,0.7684202192945063
33,18,209,0.12914163973125592,0.21440369180131474,5.650695708482198,5.300233018942854,0.7265412283215968
33,19,208,0.13084792051194125,0.21851532580268573,5.977563076980989,4.964630003612799,0.7598975184807262
33,20,207,0.13088776028341087,0.2173641747276856,5.620080040768525,5.204340208177372,0.741680165402888
33,21,206,0.1342647874023692,0.21999511361093282,5.617251389418895,4.761649856206444,0.7344465454423706
33,22,205,0.13703624156612593,0.22746797656337756,5.096977522508436,5.032205979440017,0.7418850269089521
33,23,204,0.13576502024296264,0.22468378071044592,5.525082691716458,4.560330863981222,0.7351928861561178
33,24,203,0.13347747380506156,0.22064274700572414,5.136688062040699,4.389754305150165,0.7501022377464935
33,25,202,0.12800225631482248,0.21490646385448478,5.415618905349647,5.821820946291877,0.7524617021982806
33,26,201,0.13596605483087593,0.22720913610455587,4.958257240105315,4.441833279626121,0.7240488671465024
33,27,200,0.13352404418188987,0.22284835019215088,5.012918200468715,4.554575182460203,0.7256804879931217
33,28,199,0.13586865202074308,0.22706278837300828,5.925913304456777,5.80590691356454,0.7672004428747808
33,29,198,0.1327537152445199,0.22547080473220527,6.116479273528166,5.126677795611708,0.7364498075728453
33,30,197,0.13358587529980576,0.22586700952744873,5.7753029063106265,4.927485722703774,0.727080440880293
33,31,196,0.12808207463208152,0.21471546101350694,5.648320696845829,5.35088391453841,0.76351901446178
33,32,195,0.13384740347979457,0.2258492048634769,5.245937355615432,4.477763614683552,0.7513778286175917
33,33,194,0.13007748783227116,0.22231425012456862,5.697921488159965,4.787298083497871,0.7396197136144713
33,34,193,0.13341426902040246,0.22611731773771868,5.307189533996095,4.2659593799766355,0.7593178986605292
33,35,192,0.1315014116997524,0.22141028755571707,5.160104266503936,4.634667930278096,0.7567519192886369
33,36,191,0.13173890124533727,0.22436415599002182,5.023677579581746,4.462567222483111,0.7375532077947835
33,37,190,0.13944029311731357,0.23384325136036138,5.489206783431455,4.627200963331212,0.7372496953463555
33,38,189,0.13139434830409982,0.22416158182540719,5.309122222861953,4.9180676008655615,0.7397817710764071
33,39,188,0.13475509809815733,0.22855879326913947,5.319526997096194,4.635765414895577,0.7204326014113299
33,40,187,0.1330475352359784,0.2244298229928944,5.6620380273112545,4.791272115766435,0.7619808324761456
33,41,186,0.13653826629189672,0.23194738328243825,5.5002800196541015,4.43251307979703,0.72495448750648
33,42,185,0.1329230843566987,0.2293482182547162,5.326241715906806,4.556832566915128,0.7065363934061162
33,43,184,0.1286748555748169,0.22226362355158272,5.5255942959807065,4.754000799475789,0.7589741147333293
33,44,183,0.13529756067860743,0.23525837520183868,5.428461084386814,4.403135142300463,0.7513893537854407
33,45,182,0.13300184745430257,0.23556390711548236,5.185310189264666,4.4329608734293915,0.731968485592502
33,46,181,0.1305397996117631,0.2287616268270111,5.32496841894698,4.839466584427398,0.7519958316995513
33,47,180,0.12531594291439085,0.21674027957094044,6.428277607716096,5.897709369836972,0.7684200793905301
33,48,179,0.1361988404228414,0.22869076835862162,5.414148900606108,4.5553116538822,0.726008728946895
33,49,178,0.1333101657243667,0.22395139832012897,5.2693849145348075,5.08460892482896,0.7304287579038492
33,50,177,0.13398930244888066,0.22497191283089904,5.345120708978633,4.378674597517122,0.7251110177975477
33,51,176,0.1363124661612348,0.22834507792521092,5.2924847412764375,4.968677361201869,0.7158842564363637
33,52,175,0.13356500611695643,0.22837704535886824,5.36571375237601,5.437260485424735,0.7457344109982826
33,53,174,0.13604175979650684,0.22867527649366798,6.029720284982463,5.820657225854454,0.7545084133310654
33,54,173,0.13172421347958524,0.22266834096828414,5.192694778648713,4.512383137508608,0.7546198759919581
33,55,172,0.13507764678203335,0.2289317687676503,5.667059008744582,4.658954237202336,0.7351877153574679
33,56,171,0.13052828578676007,0.22300230103735025,5.764190167200552,5.031846999912592,0.7726904968557609
33,57,170,0.13582836122277267,0.2331392082080097,5.274161306687324,4.976147568514981,0.7392481553533699
33,58,169,0.137113466015656,0.235257237784806,5.26476523718716,4.5975106516623105,0.7253630804780321
33,59,168,0.13711391457736993,0.23900971896609852,5.858020320281575,5.294093215960411,0.7453015121666043
33,60,167,0.13295623166034784,0.22976846704594217,5.095000112881981,4.770724005541707,0.7323640139359229
33,61,166,0.13888809888415443,0.24003573561771155,5.178688719241185,4.744765650690531,0.7480031939678212
33,62,165,0.13682553540452308,0.2373506106287446,5.616492665939027,4.80332713177459,0.7250855573359986
33,63,164,0.13794795422102094,0.24045455069151514,4.8973571635086355,4.558743309446866,0.728960675007104
33,64,163,0.13152052838552986,0.2337445773162492,5.7054016630486775,4.290578582622123,0.7344480655894626
33,65,162,0.13638238074185471,0.23405283156693482,5.5631873255816915,5.1588945418359735,0.7263532073432128
33,66,161,0.1331185242757571,0.23192632835454885,5.519805959547785,4.651723756226839,0.7248239994305721
33,67,160,0.13713702341502612,0.2377103431816245,5.273258962629322,4.163336519251975,0.7156824463104746
33,68,159,0.13739214510807132,0.23746868378281502,5.207531540879079,4.536438455679924,0.7207221338414281
33,69,158,0.13682949281971288,0.2380562527374988,5.650591742131137,5.181896779039611,0.7435289615123781
33,70,157,0.13241252182062824,0.22942860241243185,5.858461925166942,4.995701217680232,0.7476499511599478
33,71,156,0.13343719914373398,0.22604710139094758,5.352807595405007,5.39429874092602,0.7580609389183041
33,72,155,0.1367460665820496,0.2308256883738638,5.9031178443066725,5.721476636845619,0.7037626721635503
33,73,154,0.1303504594368438,0.2230623763442555,5.047689161362969,4.643741232515929,0.735710016459986
33,74,153,0.13744013416289516,0.23150360033935682,5.54221372750998,4.345665775389702,0.7506651483559991
33,75,152,0.14142746820084764,0.23513143140517329,5.818529682593722,4.952139847366155,0.7030169890960805
33,76,151,0.14209333465379195,0.23618315300015053,5.309517960226608,4.392181808954369,0.707391828063128
33,77,150,0.13588059333473881,0.22435711287521762,5.593329380815899,5.347012634562815,0.7296758306859381
33,78,149,0.13879345810515709,0.23046474864420788,5.778808648793052,5.61394873460809,0.7293586042261007
33,79,148,0.1413129813516469,0.22713067136746015,5.786589003591545,5.021333222143224,0.7094216672836255
33,80,147,0.14030656789584584,0.2251680979163131,5.074753965013921,4.61606295754778,0.7208475283638814
33,81,146,0.14232358860994332,0.22423480014124433,5.2855563651935356,4.568222831098485,0.7149451962064368
33,82,145,0.14331640234668308,0.22407177439239567,6.001837635742392,5.115047896297739,0.7436348549673056
33,83,144,0.14406360620699205,0.22944487377041625,5.083710022325356,5.0507344987668,0.7333169736023868
33,84,143,0.1405590359713859,0.22968937684919483,5.533035914155809,4.473681429660253,0.7114726424819464
33,85,142,0.14046065019049037,0.22846901876627185,5.207374032051312,3.9245436948448518,0.7439767898629874
33,86,141,0.1455471080460996,0.2350971574418232,5.487105166125714,4.387535515508876,0.7213419665002542
33,87,140,0.14344666441935974,0.23266741081976008,5.348234044534916,5.442701721349768,0.7169065475833264
33,88,139,0.14094679681413702,0.22760901092904998,5.156105602814088,4.227411265635195,0.7371489009384623
33,89,138,0.14369253374133573,0.22733734441412035,5.2498888549434,4.6775603401269334,0.7366556867383398
33,90,137,0.13898879850664075,0.22805361103668834,5.365427091881092,5.586021571359604,0.7307774574956487
33,91,136,0.1552950101542718,0.25524042690763227,5.043959946522271,4.261468755778799,0.660867208015672
33,92,135,0.14856338083702172,0.24600152926766672,4.845794133469729,4.274086828674989,0.6612121185024284
33,93,134,0.15349150182623805,0.2568367550746326,6.011750601007182,4.919136313401664,0.6614198401118266
33,94,133,0.15545741311043657,0.2583174121838483,5.206171397187765,4.35172050415829,0.6720080856223413
33,95,132,0.15259474596041153,0.25384688863625776,5.55306692484227,4.96998764124643,0.689060765988383
33,96,131,0.15531716658746464,0.25861146857751016,5.304726349789985,4.442183481798814,0.659807470524032
33,97,130,0.1463868270123946,0.24561032300179478,5.524115244637884,4.187576294616829,0.6677638535386986
33,98,129,0.14629828682602292,0.24218819104247816,5.422853598500717,5.275060782697705,0.6766891865710272
33,99,128,0.15411172226428096,0.2592545108058884,5.077252932679119,4.173736978427952,0.6384826059009253
33,100,127,0.1542123916328635,0.2581355271763877,5.655600708021657,6.242708128077475,0.6645152385942974
33,101,126,0.15430515291056404,0.25834367183531665,5.397914191359048,5.003041155609027,0.6571458714438274
33,102,125,0.15060788122593646,0.24820821608539534,5.6286346678428405,4.7694021900582575,0.6636774406995434
33,103,124,0.1543418167399893,0.25161870269620534,5.539244114900512,5.296018041975964,0.6659028807191281
33,104,123,0.15372171608153914,0.2516168390924829,5.1763684002467745,4.650433188314423,0.6821234474408711
33,105,122,0.1486953760696018,0.24276671591729646,5.5365688171982965,5.481045601991853,0.6836780450014464
33,106,121,0.15250203174904337,0.25278879672171223,5.007562762742294,4.686987551035528,0.6563811210717824
33,107,120,0.15372009429291203,0.25412798059977615,5.510130816294123,5.01945697895531,0.6660397973825922
33,108,119,0.15274400247097833,0.2491070501792509,5.189802785788128,4.606180402563343,0.6798178394284834
33,109,118,0.1579675397453064,0.25739358908915594,5.3496559646775435,4.784452956668928,0.6672489738995449
33,110,117,0.1612300465620963,0.26142656458198904,5.370111895655867,4.469130977848312,0.6539097881270732
33,111,116,0.15764492704653899,0.2539324718300309,4.67203774071413,3.9531648965256836,0.661980036325065
33,112,115,0.15013172425587382,0.24626878729262056,5.3020669428949985,5.078169883873749,0.6654546884044508
33,113,114,0.15742288011987965,0.2544443718607541,5.701162530374377,4.925606770663639,0.6787194823314576
33,114,113,0.1548097247334677,0.25389715651043204,5.421142594526039,4.794030985836301,0.6473222278174471
33,115,112,0.15781091575726366,0.2604446328578636,5.246242995292386,4.52459271846507,0.6490422079110818
33,116,111,0.15586498788755684,0.2602585656839266,5.507682001629194,5.378434225028702,0.6682693702925298
33,117,110,0.1523810477672393,0.25274851570154483,4.93592876223742,4.555571186381504,0.6452055249440024
33,118,109,0.15817439368334812,0.2648282556114601,5.215763570139551,4.430444934330049,0.6392210294408295
33,119,108,0.15767963478900152,0.25998619632892345,5.0373004033114235,4.357309788357194,0.6552613946075123
33,120,107,0.1524542645887523,0.25361826627036127,5.401593298024647,4.9549394037942545,0.696060850235934
33,121,106,0.15360655130172335,0.26067908925782285,4.974935352062676,4.0262031231402995,0.685211630341013
33,122,105,0.15689602549528553,0.2650017261068484,5.497262978743661,4.654368299009091,0.6433220299802195
33,123,104,0.15635139737407444,0.26566213692841517,5.354415480809539,4.660025995762065,0.6396020333105036
33,124,103,0.15374627749268444,0.25993302024514264,5.4302474289572995,5.1092607959921965,0.6637058107502559
33,125,102,0.15226151185906134,0.2564511152558273,5.23540053456512,4.095461941832388,0.6693286372580077
33,126,101,0.15867536356529383,0.2685360661516942,5.773552760048412,5.059932280774581,0.6792663789294288
33,127,100,0.1500642166221064,0.24952693499721665,5.715672966833409,5.213974878583454,0.6765729144219267
33,128,99,0.15613761964147116,0.25940702620668676,5.239842991007942,4.467906204424123,0.6685297540098583
33,129,98,0.15861603119981066,0.2677448810893747,5.314198471465675,4.4437533245345655,0.6610007939160129
33,130,97,0.15705422300535085,0.2649696566736762,4.907242923782072,4.313566936506661,0.6466930719427205
33,131,96,0.1597100613241467,0.2686361472320913,5.152711844023882,5.402220709177016,0.6431306770500407
33,132,95,0.15863695650575002,0.2661531997076723,5.412036188002256,4.952001584018055,0.6559425585067058
33,133,94,0.15439469970915395,0.2537409662113482,5.212694837269154,4.3891258939879805,0.6466368457005541
33,134,93,0.1583967924252127,0.25889440325826973,5.107549263428856,4.62161698433364,0.6414067876341776
33,135,92,0.1521295919430655,0.2536546703327825,5.0616668692236635,5.029411674365253,0.6468528568564188
33,136,91,0.15622275496865554,0.25928427173912916,5.47135708895042,4.340692639921325,0.6629287930270309
33,137,90,0.167181817574858,0.272410047077428,5.563717994836162,4.9081560468341845,0.6630098867519918
33,138,89,0.16130777851739556,0.2594575984534818,5.188053344285903,4.882672476923396,0.6426395160149984
33,139,88,0.16197597752599255,0.26689288871741,5.762402868278795,4.950544884313599,0.6602038710336356
33,140,87,0.159627057564419,0.2629085037839029,5.072802579816441,4.507921739711346,0.6777960693063877
33,141,86,0.1536340733168072,0.2545979657510579,5.426943571569884,4.50521163871134,0.6889464366339586
33,142,85,0.1648470364859677,0.27143169506357534,5.447618317183968,4.7398144093728085,0.647734817526283
33,143,84,0.15922542743192888,0.25797192479568504,5.123823095376097,4.572941890711427,0.6533456710129235
33,144,83,0.15776918577039117,0.2572621366419242,5.245633864749988,4.595884473588023,0.6651224784419024
33,145,82,0.16056195652481936,0.2620313777010841,5.753599799224277,6.053287080781471,0.6294908992950746
33,146,81,0.16460370362084548,0.2662468969069153,5.319817462949582,5.366079347184064,0.6309159409597408
33,147,80,0.1648229866183437,0.26751722830356034,5.430289919833501,4.251621709213101,0.6700238830141684
33,148,79,0.1583744617673204,0.2544594553151022,5.4942147372828085,5.607816867016715,0.680246864515989
33,149,78,0.16100196240920475,0.25728376674025305,5.7433281247938766,4.893570737016152,0.6579053794212791
33,150,77,0.16301745525599362,0.26035461270397353,5.145100604546702,4.9915731732138395,0.6338827828887115
33,151,76,0.16030881306229322,0.2559601569144637,5.421156746458457,5.366452869433828,0.6890810249610857
33,152,75,0.15527687540839233,0.252846027628647,5.513739787934732,4.654586732876612,0.6524356786468961
33,153,74,0.16460868650420027,0.2694307955837282,4.870734505704444,4.103725892798321,0.6199018108867101
33,154,73,0.165463775850958,0.27019142479816677,5.037864543870333,4.141017677211158,0.6454063980435512
33,155,72,0.16435565769191357,0.2685398809913964,5.9664935423975765,5.3223232315806515,0.6590019360343041
33,156,71,0.1618182103281101,0.2662258659977792,5.207739331292682,4.22009407389554,0.6766557890728785
33,157,70,0.1676561876743702,0.2706180625364597,5.489498514392482,4.226154082923653,0.6746020967283782
33,158,69,0.16224228859621528,0.2562995656625196,5.3679404996337245,4.525652696024029,0.6504350142929047
33,159,68,0.16289950290751273,0.26016758738241236,5.4200639173674,5.138259956125428,0.6758392054929815
33,160,67,0.16984416641751215,0.274419645523625,5.555252440805769,4.769368098078776,0.6259417983905389
33,161,66,0.1646133346392064,0.2673946419208286,5.186947235086345,4.585031284045151,0.6383758399957797
33,162,65,0.16014412152130159,0.2615116336253571,5.164073084993486,4.403709106386234,0.6719514824265119
33,163,64,0.1622865688795731,0.26290146941807807,5.039124401361181,4.877363226424928,0.6379105729462242
33,164,63,0.16244847417843322,0.2635816340082611,5.288500460298639,4.769848524572551,0.6745216422045972
33,165,62,0.16257576439909946,0.26457355207417665,5.2573975315089925,4.492094888746732,0.6626458673630238
33,166,61,0.16216723383052914,0.2606204751706967,5.44255587273172,5.191773248359115,0.6645695274079098
33,167,60,0.1716447179496598,0.27054392247004266,5.756811889675369,4.632203731701065,0.6517862210981181
33,168,59,0.16846000209355777,0.25986538105500007,5.1884619968097,4.981684980827129,0.637619543485731
33,169,58,0.16098153439768076,0.24708042447677442,5.725963531510024,4.986206209650617,0.6685484161990791
33,170,57,0.1690724945277685,0.25956656640066617,4.841806633410802,4.515817762520693,0.6504709257638139
33,171,56,0.16801123324534042,0.2620394404767847,5.087892375978536,4.309048776284725,0.6269001182993129
33,172,55,0.1702806282897964,0.26431900581383916,5.367793581533427,5.609530754886549,0.6669339859902208
33,173,54,0.16548533087625167,0.2571310222619956,5.720818966136633,4.974780903090769,0.6617421961301087
33,174,53,0.16475002130485097,0.26067271270677483,5.159634352403824,5.484194835714378,0.6676398841764265
33,175,52,0.17433965605262608,0.25080815140241275,5.624970920413851,5.052657555195707,0.6371165112422376
33,176,51,0.17794849142890018,0.257348030002195,5.227618880620257,4.765009122170125,0.637084724841622
33,177,50,0.17680611623825235,0.25764965317615884,5.131717785069595,4.3822576558982504,0.6210212265507
33,178,49,0.1762102281300933,0.2603382368641458,5.392559214033815,4.981824230127392,0.6592441770553044
33,179,48,0.17495395098673416,0.25625079423674546,5.214538175848508,4.376899395342001,0.6398515195285561
33,180,47,0.17279266809019533,0.2540988829511782,5.162976624166583,4.4818358101199065,0.6587821928863276
33,181,46,0.17229077276457572,0.25774511899741076,5.72913360176556,4.736230333613332,0.6497157079893886
33,182,45,0.18399153883379163,0.27260463008115,4.990535203637265,4.699294800815308,0.5993316881762455
33,183,44,0.18466143082070274,0.2739523907306228,5.456202454889947,4.384326233434638,0.629563492196323
33,184,43,0.1854255957554084,0.2706929097391201,4.945691113107492,4.465675358838478,0.6100268276453127
33,185,42,0.18138214031895372,0.26683464403124413,5.1199906470111385,4.629569474690954,0.6078962927569468
33,186,41,0.19324114769210948,0.2784117760167318,5.114051685712942,4.344223298822715,0.5958042550987058
33,187,40,0.19134574849990924,0.27252810367257285,5.600016112930461,5.299655988349817,0.6030385078430713
33,188,39,0.1886948217199828,0.2736607914135984,5.0064923205917005,4.469296741753749,0.6189026286927736
33,189,38,0.20052456719478373,0.28888981098890554,5.209940158493761,4.37163809680456,0.5686167496291465
33,190,37,0.19334963930544866,0.2770694036904809,5.01108757891563,4.493907928295484,0.5794904958358201
33,191,36,0.20256367500187164,0.29178171690361504,5.330692978919146,4.601527878357663,0.5774701314781888
33,192,35,0.19920370604718984,0.2855502910181267,5.002894287805237,4.308345033312288,0.5866713658149274
33,193,34,0.20240795558633048,0.2908454524711728,5.165691271169022,4.876131989137802,0.5816730802524648
33,194,33,0.19938572641389093,0.28759688769007596,4.9329239958053,5.16869165801315,0.5855423270356254
33,195,32,0.19447777803917987,0.2745153026509025,4.610086375511953,3.9164354744142846,0.5773634197240146
33,196,31,0.19641643758975014,0.2840532501324076,5.377789605487254,5.18955904193076,0.5838000606266679
33,197,30,0.21017825709877133,0.30818630091852856,4.816297027209611,4.342870284045814,0.5338050260277777
33,198,29,0.18793044564565875,0.27630224228355627,4.953174422471583,4.60295824831325,0.5950528081787514
33,199,28,0.18905865242148848,0.2780658215426103,5.2069827862766775,4.812402650231435,0.5826639602121497
33,200,27,0.1904751009775028,0.2783434047831502,5.8711448413824785,5.164772652942721,0.6068608146881715
33,201,26,0.18078040021995107,0.26596849585084664,5.101709930632308,4.43191371465396,0.6005659416096308
33,202,25,0.19542212849887278,0.29286906716100597,5.152788630303029,4.341467910416866,0.6009725551329967
33,203,24,0.18859453993961536,0.28201242975684965,4.806167361294023,5.177538713271625,0.5706019425709552
33,204,23,0.1982133041421276,0.3004712821603577,4.857182290703854,4.4175851149315495,0.5634002146089809
33,205,22,0.19097898092284313,0.2936884768983113,4.720271438803013,4.587833470568968,0.571611961506375
33,206,21,0.19418226342875947,0.2962264168981307,4.719815481102474,4.20508733066793,0.6072489728393302
33,207,20,0.1956924651144519,0.29600688819939114,4.949817126202138,4.332216768412932,0.5637562186245523
33,208,19,0.18354385896840741,0.28364563078676047,5.365973386911143,4.576773409803379,0.619609527823573
33,209,18,0.20452191057124458,0.30802055018842717,5.105254108006665,4.012928620537382,0.560886938745869
33,210,17,0.1932381910588325,0.2896834261075627,5.089970855835357,4.2064106447832215,0.577075320650585
33,211,16,0.19699018541187066,0.29409826426154817,5.131082725902758,4.651058531775675,0.5973027740661877
33,212,15,0.1801211732034021,0.2684708244060933,5.0751232295241415,5.029967815397027,0.5887916597406947
33,213,14,0.19980981141641188,0.2985960752449472,5.01235569086131,4.733999271062778,0.5710270656455465
33,214,13,0.18446297784621535,0.27091906169836827,5.104837116917195,4.371890404410532,0.603926959085879
33,215,12,0.2014577297720448,0.2947804283853642,4.450306492263602,4.299416737938139,0.562951607584452
33,216,11,0.203164886270104,0.29918769180045984,4.914718146895941,4.511665407544178,0.5702620498675034
33,217,10,0.19413648237662567,0.28717941084185694,5.02456485360525,4.34819130307837,0.595771768821442
33,218,9,0.18994477381550126,0.2880449717342867,4.934481680825186,4.572774809195342,0.576238709584174
33,219,8,0.1975655385179848,0.29502003353377027,4.670668445712768,3.644221670001702,0.5873163250751767
33,220,7,0.19136258501807651,0.28524431290924973,4.866113554500508,4.603614185947704,0.6032314912447251
33,221,6,0.19600373919269773,0.28926061136253667,5.206124700436321,5.083841011213015,0.589862364745307
33,222,5,0.18651601218644764,0.2791301778828943,4.73122491066669,4.179018282756238,0.6136802219257478
33,223,4,0.19844705974924626,0.2986415158378231,5.075111247359685,4.2384586632243035,0.5841763660157234
33,224,3,0.20741204818474723,0.3013009152764558,4.860824236161106,4.476205979753694,0.5609268389349128
33,225,2,0.20700411299635169,0.3045766390990828,5.286306122180008,4.647296750031366,0.5692813200351494
33,226,1,0.19737488145749219,0.29171297159565324,4.951486870307743,4.254359123939088,0.5954705342839084
33,227,0,0.20552745609532858,0.30005348122806835,5.32198266450813,5.04747808613994,0.5678132407124867
34,1,293,0.14245927100873465,0.18920316517466032,5.369316295017896,4.681994902595986,0.7440838703771222
34,2,292,0.15111591108092945,0.1985495080550558,5.5271759865629075,4.408094377898862,0.736721051165909
34,3,291,0.14498625959069594,0.19376319822227453,6.115892324175934,5.1263214388129175,0.7478521814448665
34,4,290,0.14517508358297992,0.19660114496542208,5.384018424867313,4.950791710205751,0.7429584961992735
34,5,289,0.14976563009856078,0.19464649396516973,5.501913914246192,4.863130768334452,0.7371131598193948
34,6,288,0.14778627624765317,0.19477990495018566,5.667060667644796,4.6706439704254485,0.7566808294060715
34,7,287,0.14228224501960401,0.19670438428533918,5.606116470606977,4.520911323346075,0.7435784019600759
34,8,286,0.15285527941262775,0.19704083617271534,5.4482997597770675,5.418498618036904,0.7147259919129272
34,9,285,0.14034108439802676,0.21214941397139023,5.544511115320523,4.732971557593437,0.7343896106159608
34,10,284,0.14673790369049824,0.20835778613049172,5.8563625377071435,5.296013351726797,0.7344517801429092
34,11,283,0.14822518308633392,0.2062300614329904,5.693548429753079,4.543617968191653,0.7357021227509865
34,12,282,0.14755981964757103,0.19667353081456873,5.13609062276122,4.864941476531274,0.7425903379385997
34,13,281,0.15250743043462173,0.20263238371741554,5.2715596477659945,4.6292201027221305,0.7248747610779751
34,14,280,0.14962400581038496,0.2047524803198458,5.653453371703906,4.323014134903609,0.7555981644562597
34,15,279,0.14392516628223537,0.19755749351118165,6.01173071931407,5.549153959958425,0.7320429018995178
34,16,278,0.1539999375504787,0.20383823688061165,5.503209793751791,4.676845171928533,0.7244130260715198
34,17,277,0.1536008776676295,0.203711130776739,5.647840793421997,4.711706210781145,0.7451310545931201
34,18,276,0.14734218040223176,0.2012520113022447,5.3888148588239755,4.857077932172622,0.7207196000345664
34,19,275,0.14884214794878775,0.20131017248551972,5.849219772410057,5.518498076211672,0.7437761148680055
34,20,274,0.15284753617654978,0.20406361878107263,5.86122881276122,5.346811450913328,0.7221197139143796
34,21,273,0.1578735283952854,0.2035104856604175,5.2620148723261595,4.9882764019315475,0.7574658030803629
34,22,272,0.1503574449477924,0.19632379255109253,5.6040246382367656,5.9379373318104305,0.7469214109531899
34,23,271,0.14708986181684075,0.19736759850166607,5.418577580850469,4.533532482885446,0.7557159821928039
34,24,270,0.15090764991826303,0.19807015676594011,5.518393979190645,4.579017258209784,0.7393233827865426
34,25,269,0.15969863224699024,0.19457300181750595,5.202905273527908,5.9848906034367815,0.716192574799385
34,26,268,0.14415467630239043,0.19985736884294605,5.501360210670627,4.9871942816502735,0.727952130700834
34,27,267,0.14847475000802138,0.1973785660438753,5.479094621579902,4.626795637691449,0.7565403442041778
34,28,266,0.15798123678160422,0.20391033276666531,5.711050538892661,5.459353597432043,0.7183313250458786
34,29,265,0.15524923962037399,0.19662838373487915,5.564458111859537,4.514216333635679,0.727020786046706
34,30,264,0.1634415299403219,0.21267419602272516,5.193348958510667,4.8298021428848585,0.7368479780885868
34,31,263,0.15627897254296796,0.20738106212362595,5.364717431887994,4.101063841744201,0.7222134457037044
34,32,262,0.16077361653056924,0.21058319305373244,5.521442358654118,4.924204112282837,0.7239767070213021
34,33,261,0.158335649882932,0.20671253343811954,5.747526632999598,5.7009680518848045,0.7306554841184574
34,34,260,0.16537419215082952,0.20393994286595607,5.620334973716332,5.712738525088847,0.7225458804569479
34,35,259,0.15686416624776076,0.20126973634645223,5.555304629419617,5.551168468913725,0.7416643463357784
34,36,258,0.15629506140244506,0.1931735318694055,5.670658574094153,4.582449503196571,0.7286415099369865
34,37,257,0.16752656345608896,0.19892320585898746,5.420136377402242,4.529651348956437,0.7245282055125343
34,38,256,0.15923206149515887,0.20265997567822713,5.52824445363143,6.05529888567939,0.7268036702231641
34,39,255,0.15505150510267118,0.20076046477110043,5.34207776144078,5.663137602466003,0.7395695863232625
34,40,254,0.15926999208040538,0.20742243793154558,5.381861660709285,5.172713927348421,0.6822175824679019
34,41,253,0.16403764387925768,0.20405584312172007,5.2385268996651355,4.498935851127677,0.7078008910172503
34,42,252,0.16136463162435247,0.20211272936299085,5.522210307782997,4.963257856513404,0.7359868460752057
34,43,251,0.15511478371691545,0.2033645904619243,5.217273186360568,4.454883496447002,0.7353869817168209
34,44,250,0.16664082606712818,0.20616270042099932,5.240301521701962,3.979309097898237,0.7048343249301171
34,45,249,0.163066225643219,0.2064346190188682,5.490960653442853,4.67415329257294,0.7008857772429135
34,46,248,0.1639897054648544,0.20613486185377458,5.877537127567421,5.1249733202044245,0.7186974393899606
34,47,247,0.17284314551428076,0.21431494948720012,5.329909081157842,4.336539501623947,0.7280445258028604
34,48,246,0.1570397694685082,0.20980195196999768,5.775632018089741,5.280132923506304,0.7275018924418368
34,49,245,0.16203636702556995,0.2117694270114085,5.604584514792117,5.145242599432198,0.7220334378822253
34,50,244,0.1608535079930379,0.2108323575786892,5.39926028165757,5.0219682181113665,0.7420367425903845
34,51,243,0.16276031260495621,0.21711414219210007,5.504084108968424,4.602947876216276,0.7354712594209503
34,52,242,0.15889042610635587,0.2104904381609287,5.647901256275999,4.782328065988674,0.7428934914836133
34,53,241,0.1583192266533905,0.2142055478817588,5.27053080238759,4.528381209552782,0.7217434371787952
34,54,240,0.1584943851802326,0.2105534802034276,5.059558906797234,4.495938845776159,0.7383870313820923
34,55,239,0.16459131316381387,0.21384150988847103,5.484082899727358,4.776589097439174,0.7382656079729598
34,56,238,0.16051228652781732,0.21956849548851476,5.554737799816613,4.834577251912205,0.7372147431343063
34,57,237,0.16315989209119292,0.2136102556372604,5.4452065455255685,4.899024372806773,0.7188875074604058
34,58,236,0.15895943005285323,0.20909176261470558,5.834133440362539,5.28015821114599,0.7275573373955853
34,59,235,0.16509352250689688,0.20688951996347069,5.3050665237942525,4.680073414435564,0.7094163787693882
34,60,234,0.166584317059771,0.20990844585772958,5.053847560091963,4.5209730784192255,0.7284590991621646
34,61,233,0.16229784729963448,0.2037200421542948,4.9246149826435826,4.444001003648401,0.700646401166566
34,62,232,0.16392385041983962,0.2153967442550592,5.46727450437213,4.8493199375315,0.7176646931050908
34,63,231,0.1638300754291789,0.21224451371822564,5.647514962530119,4.7679313298223365,0.7194765758287678
34,64,230,0.16508881860836475,0.22210473424388458,5.1867632687527845,4.305430652966391,0.7197318542414661
34,65,229,0.17113354495825128,0.21496103698622815,5.505465066039057,4.60220684711767,0.7238519404623035
34,66,228,0.16892381287598496,0.21897340572800245,5.4224318740712985,4.919856351456551,0.7052988660579674
34,67,227,0.17002857360179044,0.21589735622341463,4.946024739986372,4.377483213418382,0.7049460018672853
34,68,226,0.17367034178289809,0.22223381158502367,5.528748973473985,4.539843787617981,0.7125701121755726
34,69,225,0.16343937277577142,0.2142180247524142,5.223518405049289,4.326057324164271,0.7293233445323324
34,70,224,0.1623649614883777,0.22726265288377662,5.130185747853455,4.782008423518435,0.7023733708373211
34,71,223,0.15799294552334806,0.22155427982580228,5.074835371488619,3.8863070231475554,0.7111218166712655
34,72,222,0.1581357239663157,0.21892012668358843,5.883380748769632,5.490413797967223,0.7074864270354607
34,73,221,0.15876007409742854,0.22470540674499245,5.54565707526289,5.247907591861556,0.7336729963172831
34,74,220,0.17117699242092596,0.21426536630575843,5.373956772847314,4.866671835667737,0.7268544547547177
34,75,219,0.16201012137014786,0.22196847215565146,5.12609349098907,4.337840677069597,0.7162637866611298
34,76,218,0.15989392334081037,0.21715060534161146,5.200629628581631,4.656145809619664,0.6973321076848454
34,77,217,0.1615640427059297,0.21030365682302243,5.644532452034026,4.460266264872173,0.7267293904690434
34,78,216,0.15874353295802196,0.2243467813769377,5.632551667849473,4.81826310032997,0.7250674460553425
34,79,215,0.16870935572238172,0.22647930082689802,5.746703422236102,5.224031993976179,0.7198378935893875
34,80,214,0.16251558968506655,0.2307573737887047,5.393728422333366,4.908245291389303,0.7101572847719595
34,81,213,0.1621780592892461,0.2128366703126267,5.151057366885879,4.246496944312649,0.7062245686042689
34,82,212,0.1680555433739367,0.22203926452323985,5.506635792410922,5.284868013279181,0.7187026291174994
34,83,211,0.1714008289936492,0.22176301031761186,5.930813493442244,5.498207810359476,0.7185244667248624
34,84,210,0.168010302814862,0.21651832294894416,5.15549251685208,4.544430034831328,0.7119312092506308
34,85,209,0.16811107872072442,0.2120659334171965,5.330157793466558,4.778537559801736,0.7183083212140752
34,86,208,0.1679528283485004,0.22263703170104163,5.332233401525254,4.498744145888845,0.7140236768420181
34,87,207,0.17083238400270637,0.22028088303967808,5.1780627008287885,4.2336897350611284,0.7249211516985101
34,88,206,0.16476904081725957,0.22847614102162475,5.52146654993896,5.31110042885799,0.7237761346016122
34,89,205,0.16942481373598234,0.219646239989369,5.42803708641738,5.003039174514801,0.7110040592667016
34,90,204,0.1676254351926411,0.2292176075793927,5.550965049519775,5.205828859590109,0.7062774265322445
34,91,203,0.1656769431393915,0.22101780353364286,5.083366367120337,4.166688703931931,0.7178412719073696
34,92,202,0.16056277966973673,0.2314219585975175,5.394372192253865,4.628520093171677,0.7048763875783363
34,93,201,0.17500248639579338,0.21919993916861358,5.288720674400643,4.669500299742057,0.6981283116013908
34,94,200,0.17523931288145977,0.2186872273290868,5.202892742378962,4.357509009690373,0.7183486893626758
34,95,199,0.17576435809527347,0.22514858135865354,5.199809652988873,4.976455672974093,0.6938929020872064
34,96,198,0.17602565952043686,0.22265453954631026,5.545660843745543,4.995869761279977,0.7024347254730341
34,97,197,0.17497756665008624,0.2269085129379585,5.4551270055470855,4.670066271053524,0.7090534752459426
34,98,196,0.17683348939284027,0.2230357414663208,5.377752935888347,4.991098922247809,0.7133757248961612
34,99,195,0.17337412313469824,0.23687330785252406,5.5155218998464335,4.336069176500556,0.6981274370534017
34,100,194,0.17672104894950325,0.22656510075996103,5.696929264403208,6.016061311486364,0.7290267794418984
34,101,193,0.1751159772801054,0.23441876757577462,5.396752994483611,4.565708175472938,0.6972453353389905
34,102,192,0.16910721900643153,0.21641905344118964,5.238722802107695,5.11716411532899,0.7381786395006178
34,103,191,0.181933269446307,0.22570247178829006,5.023105264975609,4.20872173910502,0.7108941368061522
34,104,190,0.17530479704050894,0.2304978893644985,5.540722203984545,4.708703345199407,0.7149556278751369
34,105,189,0.1619774052610641,0.22758956620184403,5.158940584172473,4.347143934239292,0.7307080227419983
34,106,188,0.17305615894958434,0.22596644649736292,4.962010070743341,4.334596723316704,0.7124530095463155
34,107,187,0.17613706666976567,0.2393230184832195,5.425424901216136,5.020349879070267,0.703579135573836
34,108,186,0.17255481137472717,0.2256051391927896,5.369309662688863,4.241984437458269,0.7368751379407319
34,109,185,0.18386163920160917,0.2412477220155402,5.324230518670811,4.1982421099303435,0.685231678671085
34,110,184,0.1677370477806722,0.23621495969255515,5.172610504458363,4.664677028474667,0.7063141517276791
34,111,183,0.17220193980672974,0.2273576421095076,5.267311007788724,4.673545910555503,0.6954517939541903
34,112,182,0.17642769941372788,0.23812713260083873,5.519164684377676,5.347926947720736,0.6877429481652075
34,113,181,0.16721444801098767,0.22519797990793788,6.106615623023334,5.123648266770311,0.707268488526133
34,114,180,0.16684112511459445,0.2310441713246993,5.524846992591248,5.257859333241486,0.7121286004220044
34,115,179,0.17516031112149477,0.23129656561338768,5.684055917870227,4.69602982666822,0.688435261217666
34,116,178,0.16998624578927102,0.23394791439028959,5.2176564889616195,5.5120311283994345,0.7096501761003235
34,117,177,0.17187877561514148,0.2268258226616138,5.190986977576794,4.356084540428975,0.721956300117144
34,118,176,0.1931028333106281,0.2507762190974621,5.215932913643361,4.2559877053502575,0.6635971837788157
34,119,175,0.1866532170172596,0.2605331899566192,5.303745210879325,4.527046144908749,0.6489512189526467
34,120,174,0.18662666228071897,0.2534613473271485,5.382688504355798,5.716552754117295,0.6475521771231169
34,121,173,0.19329594902852507,0.24200398663364758,5.430177393221819,5.679726394629978,0.660638755819582
34,122,172,0.1954150310913139,0.25807445925896944,5.326021261138089,4.241846561553953,0.6612754497914779
34,123,171,0.181302100162095,0.259144160807015,5.005948375230602,4.267494667141216,0.6744780775479633
34,124,170,0.19238179045872142,0.2547179388809618,5.062895138221901,4.383419963679788,0.6533848137263434
34,125,169,0.18746162154033547,0.2460708632500265,5.621104263171697,4.452021016867791,0.6472631745157422
34,126,168,0.19891176017494583,0.251134298236082,4.72681707337189,4.447553129198933,0.6445594953604522
34,127,167,0.18901460666166078,0.2538082228396004,4.834634388095313,4.2279032880507055,0.6531225745813378
34,128,166,0.18899566798798917,0.2607625959734109,5.027555217420167,4.562192866508723,0.6373717080172532
34,129,165,0.20352371179117104,0.26428286232764153,4.727658357556866,3.857303030090118,0.627229081646777
34,130,164,0.19639460751400667,0.2539497582596482,4.962243987399919,4.3561559013791955,0.6529034639763338
34,131,163,0.19388498396329487,0.2478051233503343,4.516190430535017,4.163263010944102,0.6255410724943559
34,132,162,0.19089388235289895,0.2555603932010993,5.438837227568229,4.717000280252582,0.6332182063785222
34,133,161,0.1931925887029844,0.2694218801185403,5.024303300053193,4.677369718399112,0.6369659069693978
34,134,160,0.19044879239982127,0.24930569129609734,5.280828604116817,4.893423007855519,0.6654726838779953
34,135,159,0.20674903011797002,0.2687068676087029,5.5642512990100865,4.399324089358186,0.618699669439527
34,136,158,0.19488151296126874,0.2476354271243291,5.086766253423451,4.5520688300758,0.663809136329644
34,137,157,0.19864997501837317,0.2517298084705304,5.602117263335716,4.678027085485359,0.672837996310877
34,138,156,0.1955027848140316,0.25112771913769344,5.047118129850899,4.941159942731128,0.6559026797492681
34,139,155,0.20262158946616024,0.24921025850267273,5.514308922226871,5.2581772079705855,0.6450892506746592
34,140,154,0.1953754331475326,0.2507670443269725,5.062874371654579,4.284323698418528,0.634387406373082
34,141,153,0.20743226261840425,0.2567987489458339,4.9319045436013615,4.604792530925667,0.6311430595798537
34,142,152,0.19773219096913777,0.2513803376462342,5.039304474069136,4.823833386776911,0.6627895505680744
34,143,151,0.20131336983718623,0.24928179355984173,5.334810491424671,5.0116917019899425,0.6380899881211478
34,144,150,0.20007341886881994,0.2620136051636328,5.436094202343664,4.810287329025256,0.6385787779593516
34,145,149,0.20617204560456764,0.25159527695055295,5.25405715890471,4.363209618735266,0.6313072207066266
34,146,148,0.20251525793443825,0.2642556175961507,5.240500262221732,5.711523687786993,0.6228874513083293
34,147,147,0.2023096920912214,0.25665551945662857,5.248405155251794,5.561536425763572,0.6454283343436584
34,148,146,0.19248054249454155,0.261389796586237,5.0088274283447145,4.2131315660738204,0.6697506936622639
34,149,145,0.19464074853451618,0.25724522158396945,5.512525489331583,5.104256519766182,0.6738752147617517
34,150,144,0.19660520815795585,0.2593971025620806,5.809946544324653,5.534965955285899,0.6470607277618352
34,151,143,0.2011435452372598,0.2714823062816457,5.634226645298185,5.0056528947974925,0.6507714073841753
34,152,142,0.2101582870499763,0.27045325117375657,4.9405071224581025,4.216033027011108,0.6342579930899984
34,153,141,0.2048679517825072,0.26685974434819437,5.244088338162916,4.967386586828102,0.6265282858160206
34,154,140,0.2033753816518025,0.2561878200420071,4.676829348974252,3.936909873814299,0.6585282133944981
34,155,139,0.20071225062637782,0.2626014984752447,5.518222081892784,5.726985232443402,0.6306250016964299
34,156,138,0.19592116964298997,0.25169835726046164,4.8308742608300275,5.24754777678699,0.6293487443506149
34,157,137,0.20052579363919545,0.26039884590277207,4.908330648795088,4.192879969372227,0.6456215468622364
34,158,136,0.2100848988849058,0.2684949238935411,5.020722032200998,4.125010681030534,0.6261877199429062
34,159,135,0.19317791105887597,0.2740935629512329,5.224548792867058,4.412349007131212,0.6199436819480472
34,160,134,0.2004054504106572,0.27323434925152984,5.259508060841616,4.318789942075681,0.6344101216875973
34,161,133,0.20350612337081714,0.27296423960481053,5.251063857113381,4.545120623912167,0.6163384940050375
34,162,132,0.20021406386930107,0.2628810718028351,5.2896890316655245,4.60235036061011,0.6266575697398302
34,163,131,0.1989566305515602,0.28440001663964437,5.073179312303383,5.117369991698971,0.6176252753493594
34,164,130,0.20161357535930452,0.27567343000256433,5.494692355654594,4.533380149401561,0.6540736120231819
34,165,129,0.20439364378141553,0.2647260057878375,5.180846212518917,4.048693429479566,0.6172731615037472
34,166,128,0.20876149837355806,0.27065726493609926,5.085334307144967,4.146775395865559,0.6244032625530371
34,167,127,0.20325113569309258,0.2752263103193293,5.354311599577864,4.698529586201089,0.6393252765289306
34,168,126,0.20981111276146025,0.27954350099198916,5.1607320854423335,4.189047083256958,0.6367245510166756
34,169,125,0.2029594663487405,0.2732233748468217,5.46109274783019,4.8553861710481305,0.6697744805119082
34,170,124,0.19827970408076295,0.25811248267280834,5.172921984932399,4.269983413584547,0.6327534945603296
34,171,123,0.19442381642455972,0.24833928852735837,5.553239899383577,5.138848137351384,0.6681473478505344
34,172,122,0.2070298130858316,0.27087475330783745,4.575159704319953,3.879239048573103,0.6161690291981187
34,173,121,0.2104475431276807,0.27670168584711563,5.33948428742771,4.349279280547525,0.632990069414712
34,174,120,0.2016328250154133,0.25894347234458515,5.155271548439702,4.213398978814452,0.6653749010353481
34,175,119,0.21147669640277997,0.2746628733861325,5.650480143428659,5.747939079073488,0.6254704140628908
34,176,118,0.21637687478383466,0.26519118241184253,5.168382018623993,4.621250703369482,0.6281588692557657
34,177,117,0.21666082239537135,0.26153745815512186,5.086777428211359,4.5310915921323325,0.664618975265765
34,178,116,0.20207389166331524,0.26579365925764786,5.276731119358022,4.5121616064491485,0.6395934083073657
34,179,115,0.22215767537199269,0.2699497658128774,6.027371360031868,5.200279599128957,0.6220190043684722
34,180,114,0.2089448866022904,0.27657357427361506,5.389848116197528,5.531650177479975,0.6348273739769343
34,181,113,0.2138072711955304,0.27659470043221296,5.553616229295997,5.972675738278597,0.6270074759932207
34,182,112,0.21198645030111535,0.279783655104629,5.351436874338148,4.943330991850463,0.6094337331921268
34,183,111,0.2143797875430733,0.2691694533038432,5.522875704269926,5.875676304119372,0.6278132997696945
34,184,110,0.21185395298215956,0.27120219286522596,5.565781954594173,4.5467304517641605,0.6327608727337932
34,185,109,0.21231052716010743,0.2569241999650632,5.076582068589331,4.30125643037952,0.6467431713957755
34,186,108,0.21268182428931842,0.2637267320840867,5.110661247954642,4.623374378144305,0.6447223376178379
34,187,107,0.22142874781806615,0.2801077270139629,4.812291093739846,4.859479468234257,0.6077349416701323
34,188,106,0.22446666678221588,0.2768271959197293,5.752387128677035,5.620605634617179,0.6121069716095856
34,189,105,0.21498534448611473,0.2702286654440176,5.097583636311326,4.308606898888112,0.6652340092898331
34,190,104,0.22399196372720778,0.2670181772434081,5.329349933936442,4.212126901169365,0.6297493382852685
34,191,103,0.21366005995605308,0.26948852184205396,4.675632504457045,4.645135946018522,0.6453072130444696
34,192,102,0.21148164086314716,0.2764263329992884,5.145781480963537,4.7781700694523455,0.6390337427237076
34,193,101,0.21332454779770157,0.2723599963764673,4.673829204505951,4.1375041465552265,0.6129036972701252
34,194,100,0.2166271879134416,0.2706960817991705,4.939256275525626,4.290943417085422,0.6484719044911714
34,195,99,0.209881592843415,0.26913635011485054,5.609084369027463,4.832711920839974,0.6407498794423292
34,196,98,0.21891603093466172,0.27766409484162513,5.464483934086214,4.8467008943863625,0.6377398399288551
34,197,97,0.22246221229920002,0.2806272692188349,5.610619447759257,4.814724655195337,0.61135993719176
34,198,96,0.21991085526867635,0.2799300025197034,4.885265534159185,4.021977457312973,0.6401914176526943
34,199,95,0.22437840755062988,0.26676075479996636,5.411893642879056,4.331354001662604,0.6300298369393383
34,200,94,0.22783000333701245,0.2812604319447434,4.746137766858919,4.021187038546732,0.6090511335744017
34,201,93,0.21562635752374398,0.2748474358553946,5.333682940295372,4.734736322289279,0.6510375670509055
34,202,92,0.2189981702494962,0.2956211532085383,5.569896800911884,5.710625032315995,0.6552296302929441
34,203,91,0.21896944430291584,0.2852643583707501,5.119866692632903,4.3322210481608945,0.6328573030346585
34,204,90,0.22646381025039802,0.28072758993165176,4.736619143844655,4.269707090771023,0.6188739735969656
34,205,89,0.2208512784141763,0.3004480405893018,5.540191961209853,5.445084634402735,0.6270364589093645
34,206,88,0.2088024461273683,0.2826261349554426,5.0092558601471655,4.811203767203307,0.6385841201998573
34,207,87,0.2136480275612525,0.27183541307177034,5.104988902817676,4.517659687836801,0.6543686412587816
34,208,86,0.2251907201354315,0.30238474144897254,4.75047746364207,4.668858704559278,0.6216219485594134
34,209,85,0.21373769810209903,0.2769863717753292,5.247181897248081,4.773744492514136,0.6176732357805774
34,210,84,0.2193059858783264,0.2871719181772049,4.841764091264954,4.773394573423359,0.6253033759281462
34,211,83,0.22041074704414768,0.28043510515645365,5.538031765778985,5.010920891278116,0.6414287329990228
34,212,82,0.20825835723089015,0.2762264853847859,5.271475645749161,4.397799933592095,0.6272113130243422
34,213,81,0.21948124590764606,0.2760186905803202,5.206800287240569,4.501438983555549,0.6427904111392561
34,214,80,0.2193294467175551,0.26619434316496643,5.3304318688650625,5.056688989279215,0.6420733371380725
34,215,79,0.21346367524865711,0.2728293454600867,5.060055588878293,4.750028650458995,0.6549381825275804
34,216,78,0.21306692496396906,0.2760022536662798,5.304555206880085,4.501141064604824,0.6192224377154263
34,217,77,0.21073780598021305,0.2660679467675869,4.951602112352219,4.242869269342621,0.656758870155569
34,218,76,0.2308012307352267,0.30437929191494517,5.204550631915923,4.367133763059458,0.5890519991998876
34,219,75,0.22520896913018748,0.2834246090867535,5.013762254156035,3.9398370601584722,0.6293909318512497
34,220,74,0.214716058153604,0.282471664036673,5.296718346417995,4.773689258182333,0.6518837078400793
34,221,73,0.22054735061421224,0.2779424895500222,5.165867769610219,4.788572842254451,0.630004888888783
34,222,72,0.2221479337049638,0.2956066676462147,4.998470098079353,4.365108073156409,0.5972747669069676
34,223,71,0.2151517807252925,0.2955657837944321,5.322271363120315,4.613671500663722,0.6305153091988025
34,224,70,0.22615280766846071,0.30732510195142204,5.106438750615956,4.632584170542611,0.5922781476781255
34,225,69,0.2108989675164099,0.296718472142396,5.196042816808036,4.442369094026354,0.6292548106799499
34,226,68,0.22309382367848127,0.30131554537060967,5.304792194118191,4.453229985427333,0.6134642775422664
34,227,67,0.22614972871106062,0.28933598235925945,5.787587162535143,4.743597881788462,0.617413005559302
34,228,66,0.2198770294260017,0.28949791378054285,4.89553615099612,4.755728212694345,0.6129046299896754
34,229,65,0.2228236562234586,0.29414976466615866,4.9784365979718554,4.236162568829219,0.6082650137548378
34,230,64,0.23394956268379768,0.30179758818208996,4.788013984766327,4.557507866201345,0.6013944583343576
34,231,63,0.21641572448844631,0.2850090623581923,4.9342195959474395,4.6240743914536635,0.6290220505345314
34,232,62,0.21945158748827212,0.2819837453477704,4.915106833707885,4.208057154388417,0.6147465641870146
34,233,61,0.22728236491878823,0.2850769867363147,5.658392739196565,5.529027023426067,0.6348949432941057
34,234,60,0.22935623131651098,0.2942473052001649,5.221109077776772,5.562386210186023,0.617143634613754
34,235,59,0.21936827618081017,0.2798054822267112,5.648254295351765,5.514712829365712,0.6281190386389212
34,236,58,0.2624754865872208,0.3294522993083191,4.731054278718359,4.102783562834402,0.543583747758885
34,237,57,0.24821484450044187,0.31757918928829704,5.580527497813225,5.335742892592231,0.5928096471030908
34,238,56,0.2537607525697304,0.3277061314279349,5.201556609600461,4.59851353890404,0.5623891492678276
34,239,55,0.22757694672990164,0.2981424303235614,5.239674756218907,4.424326788969566,0.6005261106757613
34,240,54,0.24060503877350353,0.3160762734059689,5.857943888120013,4.951367469369499,0.5697556570245007
34,241,53,0.26401787522467307,0.3374156104749861,5.203791431857912,5.22394913991999,0.5524557107542729
34,242,52,0.24707316259297216,0.3198675940573097,4.394959309014716,4.5354350445267855,0.5663470757492746
34,243,51,0.24375014895997357,0.3236897066027135,5.173306482987057,4.523676288920415,0.581727365736046
34,244,50,0.23913564089251507,0.31642534655557175,5.409265579699776,4.689033676866299,0.5804865509386898
34,245,49,0.23947509302972295,0.3233493038444383,4.9104642960535285,4.827459000084098,0.6057003865575846
34,246,48,0.2568055423365482,0.3314027300112527,5.183613221447429,4.653177850130763,0.5590642161252151
34,247,47,0.24835740465167017,0.32077631395027123,5.460815946584159,4.521331229683242,0.5467404903206954
34,248,46,0.2641120685990171,0.35318500257890817,4.839230568663027,4.755138993938306,0.5219187677677208
34,249,45,0.25398310589741396,0.31835211932259383,5.295304459064605,4.0864008606870925,0.5954229509417488
34,250,44,0.2651371294570651,0.34946698753621586,4.913448522738707,4.540604803845532,0.5215335273302735
34,251,43,0.24608437520828613,0.3405877682810098,4.938557002075278,4.883368170777866,0.5555390766172836
34,252,42,0.25316920368349033,0.32896281290154716,4.980531510506415,4.207166551682858,0.5595824324508861
34,253,41,0.24166036862713433,0.31881555110232906,5.055289224232812,4.5927768104432225,0.5541791102091298
34,254,40,0.2454566924824165,0.3247643398346055,5.818742243708966,5.466983903754096,0.5817475673136587
34,255,39,0.24471757598595958,0.3190665457248076,4.936568123365883,4.459212077271401,0.5940346708759605
34,256,38,0.23913266456610652,0.3254206558958512,5.279025235392497,5.179942921921863,0.589450366085598
34,257,37,0.24382678754236384,0.32936735134129963,4.920725071033421,4.39203547593396,0.5588317683825491
34,258,36,0.24281314323093223,0.3434203312165256,4.7121611193063,4.225703578766851,0.5636131512799777
34,259,35,0.2539171677122992,0.3526007563135394,4.654153400266241,4.099804607337392,0.5590516090410194
34,260,34,0.2622706491178425,0.35366331949775276,5.143771257548844,4.855948943527981,0.5492839245073274
34,261,33,0.2418821977627225,0.3336924290518768,5.175549098431157,5.090929812835005,0.5862949527672014
34,262,32,0.25843454537214117,0.3404330042007501,5.018333216887617,4.655915285657305,0.5676159182863338
34,263,31,0.2645446490906532,0.3309964939473431,5.032013955799209,4.426101589165811,0.5562831498637604
34,264,30,0.26223605353611296,0.3535002125849004,4.8822408754359286,4.00312589792433,0.5420205399849602
34,265,29,0.2525615469840523,0.3338697821255846,4.888980790108294,4.718266828494858,0.5597322998589516
34,266,28,0.24639800840483936,0.32785525172670044,5.0859056326712,4.670233336644586,0.6032986300403497
34,267,27,0.24323243186558519,0.32188125296569003,4.846039039272001,4.4112077108007055,0.5598885761553788
34,268,26,0.24798601549334764,0.31070134495271584,4.786073879773051,4.567665166069736,0.5697038257986058
34,269,25,0.26130159050311463,0.32667380559541703,5.290380263975981,5.049904869980295,0.5599567352406059
34,270,24,0.2670995696568872,0.3427178218741463,4.912448829930016,4.511494836709719,0.5551256819003151
34,271,23,0.25992565455710875,0.3343707219950653,4.637525323906823,4.0022925058401055,0.5460374214047763
34,272,22,0.2594587800158121,0.3533161185588725,4.549468106664345,4.0935342499904825,0.5497059188272968
34,273,21,0.25709525352984436,0.3574944292358118,4.476887595457097,4.37636559461311,0.5340428332863838
34,274,20,0.2712599080605152,0.35456540641922374,4.659439279138622,3.9329624089035717,0.5270202356402894
34,275,19,0.24943241661142973,0.3411003698782253,4.764850747255943,4.4850545791226715,0.5836233962133685
34,276,18,0.2804657848995225,0.3761964763178293,4.628319451554024,4.3826024051840795,0.5272691056020079
34,277,17,0.24769014805711304,0.35992410766151384,5.2178038455653155,4.583948124943455,0.5617350133711709
34,278,16,0.2737959644010514,0.35804769342994563,4.793162318920937,4.778976885696309,0.5345885493609024
34,279,15,0.25441989123792264,0.338988395656421,4.884551553159715,4.689708051380269,0.5844903463709906
34,280,14,0.24273747449960853,0.34264062818285784,5.098861680734061,4.294947163180745,0.5802765307442139
34,281,13,0.2543582559070792,0.31573652819325093,4.89537324855314,4.643605872174185,0.5738694169312468
34,282,12,0.25521046623095817,0.35607798935372154,5.252681808411486,4.6960400280686265,0.565324521805678
34,283,11,0.28077688801207945,0.35748191622284936,4.373422586831411,3.846184629327525,0.5326823806390352
34,284,10,0.26514185193224005,0.3393371507866475,4.461921588389388,4.107383228063434,0.5379668092006896
34,285,9,0.25281957962183976,0.3355150239263229,4.843219165328792,4.017065527425716,0.5770051400125136
34,286,8,0.2616295990809137,0.3398305704446044,4.907946791891243,4.0758497314201625,0.5325691381354738
34,287,7,0.27382972040648,0.3480539183500789,4.991461601705337,4.913261156294276,0.5423671731512182
34,288,6,0.2866440529990382,0.37523826766966684,4.593086250152504,4.235143463947386,0.5090505545754848
34,289,5,0.2706774816617169,0.342014004000167,4.747867143523832,4.251944826852833,0.5586845975644105
34,290,4,0.26744170611327495,0.34645176303882225,4.798088273376486,4.258391795982484,0.5574299881469333
34,291,3,0.28919881607035614,0.382584932112992,4.632949456420517,4.126053424721654,0.5005608663426426
34,292,2,0.24414180081088369,0.33740327312821333,4.867902381160509,4.238086121549866,0.5782154152053689
34,293,1,0.27397214644386053,0.36634927847183596,5.013296351521532,5.1249565426193975,0.5240312255087607
34,294,0,0.26930462596410243,0.3645303039700883,5.372636801068252,4.781233393845824,0.5453248211180467
37,1,120,0.14290823610126493,0.1893239955315064,5.6994001434520225,4.989086608556011,0.7644653483665491
37,2,119,0.13956384951756962,0.19273637233502813,5.6203159300204115,5.487262615999229,0.7723466141108969
37,3,118,0.15024728810182442,0.20226177863377845,5.197951808454944,5.184204935648079,0.7572196860924871
37,4,117,0.14770163694784644,0.19193931941954373,5.658053220088599,4.754189623002356,0.7471545733691327
37,5,116,0.13994429820081897,0.1924120109052535,5.509595286460856,4.6080614648617,0.769389013312937
37,6,115,0.1386527795521229,0.1945828593696228,5.588146884098428,5.10817736562118,0.7323586109832101
37,7,114,0.13564810770328986,0.192242657061002,5.82346956737922,4.885595061143206,0.7664762764126356
37,8,113,0.13893457788196487,0.2009753543798308,5.352271679580019,4.302624089628876,0.7602833068789917
37,9,112,0.1484325599675481,0.20804599011021727,5.3533139707804835,4.551906808803508,0.7318806098629552
37,10,111,0.14619256788552357,0.2134180700590853,5.392300781265002,4.542648445156004,0.7365512004933321
37,11,110,0.14306764414966508,0.2052694913788367,5.290283671138519,4.663838885785858,0.7465440602656271
37,12,109,0.14375682322791056,0.19720387437966766,5.568955717752546,5.037060508885552,0.7502442525578774
37,13,108,0.13650526525302858,0.20887035906760282,5.065341237169919,4.461116636889993,0.7165406780023973
37,14,107,0.14250869011847095,0.20682260324738624,5.11065955626757,4.4813058871888565,0.7435296684525937
37,15,106,0.1371513093369901,0.20430730861594393,5.536229531754339,4.873296747295841,0.7585584885658565
37,16,105,0.14747851447933646,0.20643048525960925,5.3761372771690485,5.02506983252309,0.7391007184473102
37,17,104,0.14295246482621632,0.20181597187148506,5.896608336597761,4.940192866500759,0.7115892189421759
37,18,103,0.14202943896775685,0.208323874281265,5.638271523327845,5.012088399640947,0.7563879455679472
37,19,102,0.1463615722266923,0.19904803090709294,6.033908290653601,5.083369381721342,0.7277917982825401
37,20,101,0.145890767880974,0.20953572127052603,5.405183498543728,4.490016509941743,0.7222889283015735
37,21,100,0.1486525744276482,0.2126430992922222,5.497418460669186,4.638338872409439,0.7385156305516901
37,22,99,0.13612950325416495,0.20425795150827109,5.105962393709116,4.257686895559076,0.7353933477074124
37,23,98,0.13957458775223155,0.1980706356880923,5.318796322895781,4.563842670125848,0.73068477782795
37,24,97,0.1498896511890471,0.20111984180958917,5.534910286266204,5.052511602129473,0.7422903863852393
37,25,96,0.14510828048704213,0.20364063221022152,5.766265806538313,5.379740233406414,0.7353196066253539
37,26,95,0.14848648180524862,0.20605437997124731,5.469025102202556,4.733659244227839,0.7418686955098803
37,27,94,0.15146345278745948,0.20492450834560377,5.545842733828638,5.384651955944023,0.7275420819627002
37,28,93,0.14668725956406714,0.2014357853965275,5.160475331086727,4.014706763659708,0.7410331586658337
37,29,92,0.14733780928749857,0.20390619076064634,6.0819156710946665,5.2878898935882095,0.7557162848765399
37,30,91,0.14768451657899048,0.20947646605096892,5.553794272613121,4.822489426339553,0.7233502417578546
37,31,90,0.15126289079806682,0.2143572240484026,5.310677485850764,4.842402112927895,0.7326451978670608
37,32,89,0.1525471801048129,0.21155054250201794,5.8380498002377825,4.804528077615819,0.7408724565865921
37,33,88,0.15117238845249978,0.19667265118235225,4.860916805495501,4.659793740139204,0.7260670199030663
37,34,87,0.15695789394889667,0.20296017169043057,5.0630887945949405,4.253439297576731,0.7323900889127672
37,35,86,0.1550079800717138,0.21692270518589912,5.708331896179363,5.5564214502726355,0.7345970022711678
37,36,85,0.15646708867370576,0.20383149630503225,5.129024329680796,4.321697716406109,0.7232003164955343
37,37,84,0.1578656215888149,0.2047483388734819,5.180357216336736,4.504996927547997,0.7422430034321436
37,38,83,0.15312012373763262,0.2035329255954989,5.797036971279068,5.494109207618983,0.7400873136006096
37,39,82,0.15360307259479497,0.21399119522143367,5.623559367132611,4.974467455105726,0.7186445697470393
37,40,81,0.15215735132689345,0.21543409275984496,5.895573403249482,5.353304441169145,0.701064591482014
37,41,80,0.1621009969120708,0.20753761287359962,5.9295636686551365,6.131377198388008,0.7065166549428208
37,42,79,0.1526356877530875,0.2133980734848323,5.42104287231292,4.604112830057206,0.7195421017370751
37,43,78,0.15544443635691998,0.2098805849099601,5.50976217040183,5.073675589765871,0.7105632910744244
37,44,77,0.1473803986192422,0.19781810402478447,5.136340575430704,4.5314191402668635,0.724282353127863
37,45,76,0.15021816711424266,0.1970257978136304,5.039910074785817,4.13394824252963,0.7370013033846123
37,46,75,0.15448538289035016,0.20380757902699648,5.199828844413287,5.027198392255047,0.7311740674609714
37,47,74,0.15300269146761244,0.21442262341925203,5.486645187399992,4.839088679107755,0.7492612045878386
37,48,73,0.15639927104432794,0.20926672092137652,5.7766426264962165,5.061435619852612,0.7275471881730569
37,49,72,0.16102357713066837,0.22405532253636878,5.227143468925497,4.578870574994924,0.6753958285501396
37,50,71,0.16503333828067057,0.23732612648093954,5.1084509203020545,4.825350644586807,0.6654975727210508
37,51,70,0.15997183421117872,0.22669409159115333,5.00823414044352,4.76336190897036,0.6736797471701407
37,52,69,0.16349243701180238,0.22568547598671057,5.259807457921523,4.491165841158754,0.6597787007496286
37,53,68,0.16879910444019053,0.24016601393377165,5.047323523644972,5.10225797555721,0.6515580663799561
37,54,67,0.16071006552892736,0.22592477482792173,5.458039099292234,4.368385810573869,0.6872461570364071
37,55,66,0.16953155162094954,0.2290573303087955,5.84854078578012,4.937284891899291,0.6860335954854963
37,56,65,0.16377027519815723,0.23197330183228204,5.093139617133574,4.449625635554403,0.6775252194791973
37,57,64,0.1704262603401368,0.22063545485169891,5.141622966192843,4.519254389796286,0.6570639078227761
37,58,63,0.17834749376748074,0.23547327800642553,5.608454429659796,5.161203299441954,0.6628794372598092
37,59,62,0.16625614293793556,0.2388581832252362,5.4457641786107605,5.159579997488589,0.6761267121320734
37,60,61,0.17175676861900405,0.2307041520763393,5.3370806102963035,5.445434764918765,0.6543496228714795
37,61,60,0.17195259516646275,0.22825133752315474,5.526987720716463,5.122946005334837,0.6860585136596952
37,62,59,0.16726798981667315,0.2202220252764188,6.279360692365137,5.486647511052346,0.6698293626738328
37,63,58,0.1716401686879611,0.23056978325939087,6.494146619202714,6.379368828136742,0.6566426994424354
37,64,57,0.1659260965723603,0.22493440958149535,4.7731826376639805,4.471910002189665,0.6798024801689008
37,65,56,0.1723335624616046,0.2385803972913146,5.654012626764204,4.836250178953148,0.691124638320288
37,66,55,0.17777716410666652,0.2318281418985026,5.230824741226636,4.207270205541823,0.6595663303954017
37,67,54,0.17334056279611518,0.22130436124277406,5.61590308226914,4.846693029544781,0.6921894106603966
37,68,53,0.16933444946057316,0.23012277453753982,5.087147413890028,4.240436603593404,0.6587356477057212
37,69,52,0.17117439077418142,0.22288910572177523,5.32612566204268,4.7231476740525435,0.670918003573365
37,70,51,0.1708794796929435,0.23854544199278493,5.637977643455904,4.80952123878253,0.660925267293917
37,71,50,0.17179146159483116,0.22901066905098563,5.143639681417023,4.824222839108537,0.6725036431613114
37,72,49,0.17078783093841582,0.24136018717573127,5.898959107501004,4.738953695936295,0.6367588377320366
37,73,48,0.16544537291171404,0.23152586832512637,5.015273436109311,4.365583947652097,0.6439973004241523
37,74,47,0.17587229545225128,0.23747877107625281,5.28614891286591,4.380534648934239,0.6698581376495384
37,75,46,0.1616856531399895,0.24022273022408938,5.187619765316672,4.675901681003665,0.6664041266074275
37,76,45,0.1752848275131122,0.2425989722189812,5.393539818174556,4.161424542326469,0.668894270504665
37,77,44,0.1679564255070578,0.24152687608845141,5.185927192411944,5.074671386582956,0.6342619871236997
37,78,43,0.1684245779382864,0.22965510443693282,5.053078223183503,4.429435396835254,0.6770897040281042
37,79,42,0.16948761159791237,0.2338600132729488,5.4510593828611755,5.447606013424971,0.6951225184075993
37,80,41,0.1674292816950834,0.23849260162558553,5.2687638691343945,4.426848333259424,0.6940906173892009
37,81,40,0.17236573054403337,0.24168723170383563,5.612265101096254,5.411476380526281,0.6571800742063988
37,82,39,0.1624803332239428,0.22773639543979315,5.3809264569285915,4.515440394859603,0.6718741703377173
37,83,38,0.17195189349250686,0.2402149554520471,5.1323442261265635,4.336582843851402,0.6597566078866076
37,84,37,0.17827927198936702,0.24382590861138784,5.732659748180291,4.794058671581386,0.6255684556526775
37,85,36,0.17510312256904778,0.23252812642273796,5.02433986144233,4.182192181765693,0.6385732316229091
37,86,35,0.16850032331905485,0.23184678873147377,5.409443956911625,4.861024414822515,0.671791559017893
37,87,34,0.18457330928839827,0.23692708482913943,5.295946417422248,4.9378599638429295,0.6432658721111328
37,88,33,0.17080320626256665,0.23711194840085642,4.95253812042714,4.261043100785297,0.6533171059827917
37,89,32,0.17423514889782427,0.23810144513273596,5.240128038168072,4.530571800815709,0.6360038100066829
37,90,31,0.17069438524103506,0.24383986569846774,5.058696090938366,4.149719332253159,0.6586323117473154
37,91,30,0.18348427803692047,0.23821681059981673,5.1881935761692715,4.7634257782039775,0.6547270966034087
37,92,29,0.18290439601872394,0.23872501124284803,5.327814422483439,4.430656924648964,0.6526256953268939
37,93,28,0.17514283224031618,0.22498018651480564,4.832556403985297,4.531203730414918,0.6576072665890154
37,94,27,0.1760912504609587,0.22123849353953834,5.232321285770665,5.16897011366366,0.6610267572600993
37,95,26,0.1803613190809489,0.2305708138461549,4.825277304086182,4.3168869463411,0.6334913980852072
37,96,25,0.17888536863616467,0.23636504902831307,5.71430408468297,5.547226101165014,0.6397135878072236
37,97,24,0.19551121146362432,0.2659655968600719,5.1707588954291115,4.486467729068443,0.6044745192960173
37,98,23,0.19850553259432716,0.2530747883597221,5.729946008520453,4.8928676914208165,0.6166068825389878
37,99,22,0.18573021210119536,0.25302946296820794,5.286337726204678,4.930122596631651,0.5955578056871137
37,100,21,0.19796760345604342,0.2649785099662979,5.2051913082571355,4.328963986657486,0.6006163051914876
37,101,20,0.18965833957946204,0.25951979021769284,5.644353865110671,5.025781910619435,0.6043033627291324
37,102,19,0.20544765200874157,0.27521168587404043,5.28056332481914,4.471165182890859,0.5667265804467623
37,103,18,0.18839489049974395,0.26008243963851446,5.726162644964303,4.959956224995418,0.6139698669598359
37,104,17,0.18660691102724186,0.25974983645743976,5.198198948986683,4.764251625096081,0.6063519550305856
37,105,16,0.19671753425763341,0.2613090500034008,4.839422714216621,4.074824226513857,0.5637341197086863
37,106,15,0.18918049885070137,0.25749241237318476,5.2102128114814885,4.395119623300144,0.5662014731984841
37,107,14,0.19065453436680904,0.2630273699038718,4.975772676542654,4.895956292401207,0.5879392653748448
37,108,13,0.19776816235774822,0.272615025384529,4.958208496181191,4.707144034287232,0.582550392812246
37,109,12,0.18907242993083118,0.26968136007015553,5.615002559446431,4.926053889654781,0.6021747470951372
37,110,11,0.1780619984723309,0.2571692725781469,5.031178317133703,4.450376484700342,0.5956169916776032
37,111,10,0.19861144020313679,0.28089850191553745,5.411056922172332,5.2895948795394805,0.5953029905251038
37,112,9,0.18626320874005117,0.2570178146164734,5.075646203465126,5.546195899671268,0.6153502642502413
37,113,8,0.1877963430504341,0.26163435045459,5.410849189705309,4.490514740646011,0.6003882889420993
37,114,7,0.20003661752281682,0.2847001138538891,5.360843627289469,4.646279614941508,0.5967915896709615
37,115,6,0.19948261710349757,0.26335889713115185,5.090300462789751,4.493729951397329,0.5815207201180711
37,116,5,0.1961812048399964,0.2753427133209629,5.333235794017423,4.511812221225972,0.5981347586373627
37,117,4,0.19882487311066538,0.272135334280002,5.223540507513168,4.936119458130914,0.5629686130911734
37,118,3,0.19253086319291085,0.25924125777791157,5.083414938147566,4.865469222667803,0.6071008378389808
37,119,2,0.18708267590282393,0.27171286333441014,5.244713493298846,4.372851713534855,0.5849989574848755
37,120,1,0.194034984371698,0.279937906739036,5.431795066910782,5.404979074997242,0.5920843966362704
37,121,0,0.20773730563289675,0.2672810371069417,5.565743293948637,4.760616204534316,0.5526556886653357
38,1,176,0.1415293128149263,0.20352483746368163,5.417258847857671,5.383782925492945,0.7052202748710672
38,2,175,0.14358489365036384,0.20945778565872678,5.351655613843571,4.663441317222969,0.7572759903436743
38,3,174,0.14099500926455075,0.20249968585875303,5.41504642886394,5.181372532532061,0.7621934566219839
38,4,173,0.14124712747964305,0.20487152966958716,5.228193002179543,4.410340709298336,0.7617828540191427
38,5,172,0.1378278425833507,0.19952234726232623,5.355903022953619,4.78891215079115,0.739971375724846
38,6,171,0.1385830500831056,0.19879917545282022,5.239869358481235,4.363950717913619,0.7485971566943563
38,7,170,0.14293788023185777,0.20508855824734806,4.874356445817399,4.521451654202618,0.733111093304424
38,8,169,0.1428912359070324,0.20557875503450618,5.916305614889605,5.012564627627158,0.7287992292270091
38,9,168,0.13808752423560422,0.20354819363023177,5.140935541431883,4.305735911771686,0.7455784740534246
38,10,167,0.1423770971582866,0.21286818690687553,5.536188532182353,4.5913575972074145,0.726508707175699
38,11,166,0.14324257479312016,0.21633767992600988,5.9658700189918505,5.060482270463819,0.7443779729011472
38,12,165,0.13234929393362785,0.1965341577445226,5.510890320209326,5.106916204522893,0.7511284343874208
38,13,164,0.14292660069003504,0.21127191893520325,5.59268516624727,4.7488243310593345,0.7389757463177667
38,14,163,0.14427258587172498,0.2116483502939043,5.454968834444749,4.796508545081064,0.7530799867117923
38,15,162,0.14152877016952697,0.21178124408801188,5.655521467313195,5.671941250932166,0.7322851423638337
38,16,161,0.14134150479145233,0.21395715136954024,5.583044387955966,4.600397358647722,0.7394887012739493
38,17,160,0.1393658398014587,0.2101987725504564,5.583437997008527,5.562038699840021,0.7356087029484588
38,18,159,0.1409153377498759,0.20769000110449382,5.408622051893987,4.641164083791074,0.7457287421387736
38,19,158,0.1415270161097312,0.20935140190447027,5.575705264832406,4.738388578448326,0.7310268512796229
38,20,157,0.1389959138086531,0.20266625945236696,5.670981278171565,5.018561658554626,0.7209869262703188
38,21,156,0.1386056266217949,0.20275866633887002,5.413706132955124,5.775310198293674,0.7645127464151897
38,22,155,0.1437291854127315,0.20861936485760196,5.339679538172584,4.443703246651262,0.7433368599874132
38,23,154,0.1441629292753456,0.207297318312778,5.5205890226436125,4.70361262605439,0.7348735983311917
38,24,153,0.14961519982638585,0.21474690855392747,5.620374654963207,4.8768523312084,0.7154765940046782
38,25,152,0.14535123592657834,0.20528370352174247,5.328190789605555,4.8887749173322534,0.7316989221480095
38,26,151,0.1499871355821021,0.21178609580074984,5.509406573003404,4.508270251138858,0.7379760923430744
38,27,150,0.14678106816058667,0.20762975746370738,5.517040903556424,4.564853885568262,0.726276682045039
38,28,149,0.14100462776992861,0.20257436859913872,5.5463849717765505,4.736896585727581,0.7512008467166872
38,29,148,0.1463926509111173,0.21242190274332357,5.794958321058685,5.374779094617156,0.7149714453381597
38,30,147,0.1448125743079746,0.2097476161676298,5.479615787713588,4.456953665440243,0.7463395550362064
38,31,146,0.14338038449277787,0.20811668095863672,5.611703855955118,4.9988443744827125,0.7597027415660392
38,32,145,0.15007060355635993,0.21714924874027275,5.918907515264527,5.145908712096601,0.7203078793954251
38,33,144,0.13904047187890373,0.1971591904516765,5.63950701551625,5.045654227412412,0.7553132702772375
38,34,143,0.1477803539457009,0.21025100881645045,6.3715219145172455,5.733961864737931,0.7313266370765975
38,35,142,0.14181566669516157,0.19765697943881655,5.6403238228704575,5.466902043102625,0.7704296756950195
38,36,141,0.1461181334426443,0.20530125575499364,5.253063782471553,5.084051448931602,0.7299910206065586
38,37,140,0.15197270570893,0.212788417593121,5.719244963091727,4.9020439614564815,0.7445315959994182
38,38,139,0.14365892338289987,0.20365341187705727,5.042242858927657,5.097594421730716,0.7299404429355766
38,39,138,0.15236829872456484,0.2154259739687897,5.638474671301007,4.828852763834599,0.7107889239302918
38,40,137,0.15194554873924415,0.21406001207597683,5.5135709673350135,5.289104775582951,0.7247792193461149
38,41,136,0.1445288073838702,0.2006968106591677,5.639683549054749,5.601822180571267,0.7321675291503197
38,42,135,0.14735071672268926,0.2053529319125078,5.8307737488294595,5.218224953986999,0.7319859895462907
38,43,134,0.15066444638063198,0.21219409090057104,5.316608805418957,4.762125347861736,0.7304388596975723
38,44,133,0.14505733573053123,0.2024408994974901,5.436369164228786,4.405836196227259,0.7374591844192241
38,45,132,0.14770384068625195,0.20288193026512483,5.391777682422261,5.03648288557395,0.7466963441038695
38,46,131,0.15013928201841512,0.20494561806331538,5.0575149781544955,4.357355528147802,0.723753350486565
38,47,130,0.14976451635406682,0.20185595642868895,5.567960140362351,4.3879757766445575,0.7532261770344262
38,48,129,0.15167351727318196,0.20464423743878862,5.814410626674565,4.479636654141671,0.7308399853088154
38,49,128,0.15941777876247243,0.2129763675973617,5.661266536713468,5.256272368408645,0.7395528924975207
38,50,127,0.1509914327116825,0.2061757671378758,5.524881319346079,4.662007938771875,0.7435968062872959
38,51,126,0.1522345373906487,0.21047173508145692,5.088870116485415,4.767127775752242,0.7271558943252259
38,52,125,0.1495176700390948,0.208216014771701,5.199040643196371,4.7428722160843355,0.7296050145697317
38,53,124,0.15437832586827985,0.21431077996032194,5.5852643541195715,4.71365427183476,0.7329392142933491
38,54,123,0.1474633326014497,0.20626795697665684,5.487980558112654,4.321720487297413,0.7412846848254762
38,55,122,0.15074828683622127,0.21664200158187583,5.337486250595088,4.358558731654061,0.7091338801720997
38,56,121,0.14606840840061408,0.21039277636951564,5.970092808453016,5.551564222186732,0.7482002225418387
38,57,120,0.1488492099342417,0.21184615349345,6.185707125054343,6.716249896284424,0.724404799263798
38,58,119,0.15238601327636336,0.21517536227893294,5.513439077707045,6.08916764020389,0.7288494257121971
38,59,118,0.1534840788311754,0.215086999871088,5.420939647520521,4.59046078730971,0.7462140232280474
38,60,117,0.15192271731398624,0.21108484732231628,5.132779159317657,4.5795552501758845,0.745947945800466
38,61,116,0.15166159075111574,0.21063816911109814,5.596544435661521,5.582144874736246,0.7254014024500094
38,62,115,0.15560127056928544,0.21560206687078662,5.0555858330085,4.441533474529365,0.71105184549827
38,63,114,0.1511421135019604,0.2106115315578693,5.433325231388169,4.711460613449359,0.7092832346827384
38,64,113,0.14852592152159325,0.2071365855411058,5.221395381706973,5.169535562610711,0.7248716339054034
38,65,112,0.14619147217741635,0.20441289667840506,5.1989444891552665,4.921317400759708,0.7457177175289593
38,66,111,0.15226366685297088,0.2116753076812047,5.5113051391725145,4.3376975885330245,0.7437530199041552
38,67,110,0.15623530575453448,0.215078302619164,5.725852240162557,5.630310049295827,0.7200538056385967
38,68,109,0.14981546071913895,0.20634439560318707,5.4696439877373795,4.610852915222891,0.7520842522564215
38,69,108,0.15592911809601856,0.21384593464637533,5.310651885285306,4.5527647660442385,0.7172698596854521
38,70,107,0.15176208152982262,0.20913869792387219,5.227349145905361,4.637025719892805,0.7151919956609089
38,71,106,0.16523155408652923,0.22593990795569224,4.9355816910433035,4.550000459078174,0.6617814526609461
38,72,105,0.1651748991320339,0.2257891895617954,5.219822206750398,4.343595085231037,0.6560404126719209
38,73,104,0.16349253082926238,0.2245787002756989,5.048277527538513,4.598157168378051,0.6774964636745715
38,74,103,0.1685161412269947,0.23095570705696442,5.1798977370399,4.931833130994672,0.6615328876751125
38,75,102,0.1652583581416613,0.2315756870285788,5.250945464888376,4.432022658489463,0.6830889805592545
38,76,101,0.16955696768267786,0.23835209932076426,5.473967421650067,4.150651577060555,0.6698825568763529
38,77,100,0.16347472859742015,0.23287908690947792,5.410500462100177,4.949800779853496,0.6731514696532
38,78,99,0.1623574839789899,0.2330578014449312,4.862863337871433,4.398601869189273,0.6502312337687696
38,79,98,0.16280340132246418,0.23336145885323506,4.690337904104416,3.871514029758643,0.6692780348067955
38,80,97,0.1652716539317238,0.2358630403401319,5.666359437953817,4.709808153652714,0.679887023459988
38,81,96,0.16632499220203942,0.2365135322690194,5.175275947219028,4.7985488254288144,0.6799814361379624
38,82,95,0.16312329628097993,0.22938508320547457,5.440089235771081,5.445229441235524,0.6680229955751739
38,83,94,0.1660793827588918,0.22820956539949977,4.851887366091654,4.258184846326383,0.6763244035405443
38,84,93,0.1685578702362364,0.23580593991004503,5.015231290817681,4.843629030575294,0.644715187252407
38,85,92,0.16537201649561697,0.23070261696395128,5.580685009201681,4.771244533115371,0.6631735599918328
38,86,91,0.17215145902207168,0.2422337189543467,5.432388147621873,4.892809877068745,0.6409917830398894
38,87,90,0.17018684179190852,0.24083266703585418,5.472879574583267,4.934678772863561,0.6593945235442142
38,88,89,0.16741366353361614,0.2372447446964741,5.068336189958668,4.4006675036472425,0.6574833774786569
38,89,88,0.1669347218490648,0.23636744453434586,5.482273936642905,5.354686246160489,0.673920550495633
38,90,87,0.16844098985777212,0.23890452523926592,5.155153645784914,4.353338336552179,0.651159626284753
38,91,86,0.16780879869228185,0.240816130330518,4.88758598486544,4.584992879703914,0.6476846516434195
38,92,85,0.1711466134407719,0.24640610609535724,4.965149948953971,4.411350687395681,0.6502059616519773
38,93,84,0.16837749308192687,0.24481068566108605,5.15786703035915,4.6755092542799215,0.6900585497243278
38,94,83,0.16495815290743218,0.2362095902479204,5.769414683718667,5.8767346195405175,0.6728974711980305
38,95,82,0.16864353928513845,0.24481376803851887,5.222163200609819,4.316899872591843,0.6428233313798282
38,96,81,0.17108784748498865,0.2440732930658921,4.83664516363449,4.388962649316956,0.6756073844601624
38,97,80,0.16982501983799522,0.24443514431356042,5.852186781337437,5.062692161887708,0.6541360975179367
38,98,79,0.16388228980785902,0.23696271016494308,5.127175329521127,4.394276942110081,0.6656605786438384
38,99,78,0.16629034025452263,0.24111154922441708,5.153880782550001,4.878744205123696,0.6451088036303662
38,100,77,0.16370936903070143,0.23656452286388466,5.471096907177355,5.243636191096854,0.6723820159199463
38,101,76,0.1595078499079464,0.2344712412241823,5.037725567942405,4.855513651471982,0.6738898083141986
38,102,75,0.16428119073355738,0.24268475016044808,5.289895978726255,5.275372771711317,0.6557948848150993
38,103,74,0.16569116099960365,0.24374035603321284,4.9986878228965335,5.109235179972404,0.6443706639608774
38,104,73,0.16541391742587158,0.24377524279691187,5.780739876122968,4.834972775973904,0.6808359003768689
38,105,72,0.16554592906731566,0.24246375897098366,5.394143891831427,4.323646632714796,0.6378493613573183
38,106,71,0.1723430134610624,0.24951098456653456,5.478152029668307,4.221972825397303,0.6633969888244141
38,107,70,0.16880425117859846,0.24260226933606388,5.4997855236649915,5.158742863676294,0.6540361407912048
38,108,69,0.17361695339544073,0.2480065373440746,5.316225784527962,5.274343758904819,0.6485973184613524
38,109,68,0.16865208650312782,0.24129956525452195,4.973206147017454,4.153039242972861,0.6517035565227545
38,110,67,0.1616334787066545,0.23097651908402317,4.629029131659751,4.76180700444449,0.6521180152924329
38,111,66,0.16237091742149132,0.2321838590342781,4.794240521152549,4.490677786342224,0.669912697131922
38,112,65,0.17398735672511847,0.25041528283135356,5.173325062800467,4.272403061587107,0.638177220595793
38,113,64,0.17409912612066056,0.2540110821582451,5.3647443117793845,5.206172110848898,0.6426935592367822
38,114,63,0.17243799294286416,0.2540315143132773,5.536975678046093,5.030516502959364,0.6586341467827521
38,115,62,0.17287059783281808,0.2513993852325401,5.596426882122639,5.1096127514178065,0.6528766059097783
38,116,61,0.17228766897950068,0.24780104988380322,5.113572079154,4.846947729749725,0.6715435455650477
38,117,60,0.1694724644417703,0.2455015554757741,5.288545991666561,4.367713477904953,0.6645180560285928
38,118,59,0.17493729366048064,0.2557623727690836,4.914245060550279,5.176143248860838,0.6540230640660506
38,119,58,0.16820205086985676,0.24439235762950218,5.37347075526913,5.752805697048641,0.653772985495686
38,120,57,0.1707630465980535,0.2529103361355902,5.887959278083846,5.272932025173377,0.6570626659999761
38,121,56,0.17014349853288485,0.2521007070310629,5.334188823031626,5.005319906696085,0.6326303155292115
38,122,55,0.1716376805560656,0.2490500307823028,5.9078438514686535,5.446535007610818,0.663018632077476
38,123,54,0.16919019065717764,0.24472318545795518,5.2902787886268055,4.552792529225954,0.6660321252295165
38,124,53,0.16750440163612743,0.2394401828286352,4.868339387787735,4.691063538921917,0.6542318219749634
38,125,52,0.171523057359723,0.24758147292368182,5.12044212913748,4.5652337443497215,0.6385404782120407
38,126,51,0.1681345079198724,0.23978539872757357,5.008083936513389,4.4414449533703175,0.6761688161454972
38,127,50,0.17928488326610198,0.2564392918726816,5.55979285532668,6.124919639096991,0.6451389065924071
38,128,49,0.17383992453577143,0.24783949006361136,5.203581208108931,4.602396006944246,0.6432692593614803
38,129,48,0.17683831805409142,0.2523948621450064,5.415552843828046,5.242440365412766,0.6516332048494838
38,130,47,0.17406841090161693,0.24511223311018027,4.810769449407264,4.198630073171808,0.6418072045963897
38,131,46,0.17599050096623253,0.2441297373829013,5.265947047309073,4.705478029463873,0.6268916550640474
38,132,45,0.1798003392100367,0.24790189291770498,5.553704035940165,5.05710098662867,0.6645922048810571
38,133,44,0.16736673047702305,0.22958745041088058,5.442571151167056,4.879562075883235,0.6693769003029076
38,134,43,0.1799369943811083,0.2459419796317875,5.461597290853485,4.972577167265567,0.651831678777533
38,135,42,0.177471110132283,0.24377970096141427,5.334218328452678,4.525935859973785,0.6373012449823294
38,136,41,0.18421424997102187,0.25288134558713765,4.684622475505959,4.198054693173199,0.6232462840762188
38,137,40,0.18018145892118645,0.24677870441163557,5.299450237944704,4.971226814010825,0.6262745467822198
38,138,39,0.18310190065641577,0.2539353681243467,5.641503283032634,6.483143580891684,0.6357604490245969
38,139,38,0.1790944794186526,0.2451574098329252,5.240504384232976,4.709922679155925,0.6636981360194592
38,140,37,0.17960482363880936,0.24068144877702408,5.07827746578287,4.419319228741534,0.6690393206771557
38,141,36,0.18497072930952835,0.24815943723948955,5.614699365760267,5.053285424877726,0.6727386799456236
38,142,35,0.20797965741093372,0.27958827654799046,4.852088917767947,4.422700640971595,0.5588412707344956
38,143,34,0.20911814382844796,0.2833329848783836,4.9272439818789495,4.325163516114872,0.5425691215500099
38,144,33,0.1943836245891498,0.26486398826416585,4.773838797557611,4.1582283547639785,0.5913660441416029
38,145,32,0.21098543252908175,0.28387034585817883,5.204466050922168,4.4323814248122995,0.5708624742787848
38,146,31,0.19350110187324387,0.25988059788651263,5.836312561735388,5.291585908295083,0.5884700442668759
38,147,30,0.19501618102629623,0.2606276370995614,5.369159077350096,4.857714415982887,0.6039579573961628
38,148,29,0.20684622816504772,0.2765828462525729,5.065553661579807,4.817405071988529,0.5753994808714376
38,149,28,0.20448273990518936,0.26831917004696504,5.574026294595177,4.4788063459378815,0.5917417656127901
38,150,27,0.2027265339575904,0.26845802889209247,5.111293911052118,4.257809906640884,0.6004705807648165
38,151,26,0.20294423508675463,0.2704893664065631,5.083704192453837,4.459241847401785,0.5860226466353199
38,152,25,0.20794718249428812,0.27678999021041845,4.934543979268154,4.323256143661082,0.5559799110212763
38,153,24,0.2073587630682653,0.27905534498281803,4.700147690815661,4.124515778491056,0.5630788530119065
38,154,23,0.19451090344920371,0.26674665546792786,5.158077584411488,4.344530946043147,0.602792047984851
38,155,22,0.1998762406804456,0.27609630377412925,4.911831055058194,4.1950033324773175,0.5761353701452049
38,156,21,0.18995203377406963,0.26238480125313235,6.185787708931055,5.543961235642974,0.6103263573984132
38,157,20,0.19019658338708317,0.2622718565253962,4.710436868315142,4.564494219926809,0.5918491130382018
38,158,19,0.19535895609093168,0.2688756129203006,5.198229953050034,4.15698103554809,0.5922956093896983
38,159,18,0.20090136715041015,0.2750987138806257,5.44378647252579,4.579297434480853,0.5908179174279597
38,160,17,0.19153238245420504,0.2648347253618796,5.220352851504529,4.89594231215459,0.6137214577948348
38,161,16,0.19307035367328773,0.2655504145105421,5.2163293224620935,4.500910135031554,0.5834125574004296
38,162,15,0.2001722135280559,0.27458783104024354,5.469012131860279,4.904951760241995,0.5788674919098621
38,163,14,0.18747235825747596,0.2590183997359517,4.917148115813046,4.502028637619834,0.6032198659219921
38,164,13,0.18786704675512975,0.25641332252808036,5.2431995161832585,4.753189466721852,0.624758465658589
38,165,12,0.20302477925615994,0.2763603443903806,5.242240868138248,4.821039446461194,0.5555836606268058
38,166,11,0.1958608148469726,0.2628192928062712,5.162963249874246,4.282989371439323,0.584298462804769
38,167,10,0.2142009642718371,0.26657506941232756,4.635610088897217,3.7239469139265204,0.5753839219474683
38,168,9,0.20273822217127996,0.2520760682905131,5.152963245501431,4.635085497444854,0.5906281400825502
38,169,8,0.2094653223342487,0.25888481699873,5.088248160571845,4.561772645596362,0.5861925637719487
38,170,7,0.20967106799305305,0.26230652455880443,5.210527020717711,4.419126005786702,0.5815890480272151
38,171,6,0.2175165100502817,0.27617683263103554,4.98945590827746,4.630717694127218,0.5853621123436845
38,172,5,0.22037148116251298,0.2770398757421123,5.625116096568861,4.89642368193587,0.5751275008380605
38,173,4,0.22276051944307904,0.27891912374280453,4.980332950107737,4.125313736098005,0.5575283766175332
38,174,3,0.2144307338553737,0.27279994742979286,5.64375364806372,4.90752970042677,0.5890726761655305
38,175,2,0.20282564363454353,0.2602629788403282,5.069920101298703,4.280171172406167,0.5676028779643144
38,176,1,0.19950915242107756,0.25861781539138035,4.857664383303866,4.321720507873121,0.6074802146767148
38,177,0,0.20266634992988064,0.26404513497664206,5.033392629114443,4.474481183139507,0.6106527190991925
41,1,181,0.13708696186871347,0.21769934951610695,6.215086653884345,5.093473523240836,0.7354217869272264
41,2,180,0.13327515875730325,0.2074407612775803,5.740998599169849,5.724801912640946,0.730701099759224
41,3,179,0.14001842067538067,0.21957944797265178,5.647090962176001,5.092696799853811,0.7353724515381577
41,4,178,0.1272565622087111,0.20253315340319028,5.68561374792737,5.206479756408267,0.7541213615217953
41,5,177,0.13694282185530587,0.21565976673844117,5.789715820734301,5.15756265599382,0.7477326978411564
41,6,176,0.13355365482813714,0.21232279771343432,6.362262391456845,6.3197169085830796,0.7630991652155985
41,7,175,0.13569775812011275,0.21342583337028603,5.813514919095843,4.996658812465206,0.7397664776405435
41,8,174,0.13583328276490808,0.21475218886320294,5.3494796817964705,4.335315871552405,0.7268990018426024
41,9,173,0.1363317816901642,0.21588826160335936,5.828029394630946,5.20682020405989,0.7737815851203704
41,10,172,0.13433946562746232,0.21462814959577028,5.1676051878857905,4.306034130324313,0.7356103415822517
41,11,171,0.13520191810911916,0.21412369708993728,5.589399445624126,4.611522561271827,0.7588606290895511
41,12,170,0.14116728001999365,0.22572215013648464,5.614367456584574,5.181552855534257,0.7196612741203269
41,13,169,0.13963231158798609,0.22351154404661205,5.595941440153938,4.703580849767185,0.7221828150395666
41,14,168,0.1358023840453708,0.21635487132226813,5.500461250494768,4.690303491091559,0.7323142029110031
41,15,167,0.13260713272773844,0.2108030858782799,5.658045608327851,5.281490421767291,0.7650515787572529
41,16,166,0.13138266191986675,0.21236749621985543,5.090199811720423,4.027459755779879,0.7633174042737882
41,17,165,0.14006498738712364,0.22681238249005717,5.207057211242542,4.405251670571601,0.7336612699154788
41,18,164,0.13502881605674477,0.22012091288446095,5.066299936078824,4.204703440780114,0.7756354054945349
41,19,163,0.1364503834309489,0.22123877563418942,5.067703776623629,4.1897408083662375,0.7156788164288329
41,20,162,0.1365924083300927,0.21960425702049216,5.825029823108247,6.055654063174618,0.7260493231204428
41,21,161,0.13852677983451386,0.2238786779719797,5.919350530629698,4.743641424559676,0.7418473268309376
41,22,160,0.1358083001695633,0.2211971668509499,5.340849030654004,4.3556684247572095,0.7400278386682638
41,23,159,0.13566343687517576,0.21804101390771344,5.746737716819162,4.440513628475201,0.7415965543704643
41,24,158,0.13498627460358123,0.2163045225811408,5.877017068190002,5.037766249039411,0.7457629978075953
41,25,157,0.13453619932096944,0.2137168235175276,5.716901644364265,5.005342734499518,0.7655738498813977
41,26,156,0.13818102374667854,0.2159259380513032,5.319113533088117,5.028568792739011,0.7223883997075714
41,27,155,0.13752950817543616,0.21222140995151184,5.232296405107492,4.705241907443615,0.7215743315963681
41,28,154,0.13868299381502064,0.21567831111796024,5.160738529635379,4.531398947064717,0.752904430889437
41,29,153,0.13960650031350644,0.21713754474366842,5.490129239026596,4.385084840294448,0.7336427277499009
41,30,152,0.14384965941646186,0.22097077178877006,6.289765897774137,5.197435066175141,0.754857978441323
41,31,151,0.137986210523854,0.21481318527774804,5.279462516895597,4.459643434456606,0.7343308488500315
41,32,150,0.14409831643440565,0.22280032153818025,5.789678334718746,5.280799018957718,0.7342736672978573
41,33,149,0.14662244232796276,0.22326952164728534,5.444012172610632,4.699146720425013,0.7377376427342909
41,34,148,0.1405221597353085,0.2157014986244831,5.418861743275601,5.074301620594452,0.712429883016384
41,35,147,0.14051321067043296,0.21955062373887566,5.890190505945478,4.811075514986375,0.752824177388235
41,36,146,0.14864581192337692,0.22413062825870295,5.2027286369935375,4.0953553637382285,0.7450256704338473
41,37,145,0.13933312738948242,0.21111907494018758,4.934531846800564,4.048322163991321,0.7276010435384309
41,38,144,0.14125002340714501,0.2226081679445326,5.646859368625931,5.071159054966034,0.730649909942719
41,39,143,0.142274275582083,0.22514557467703084,5.6267374512298804,4.652484730517881,0.7478650973607096
41,40,142,0.14131240845177154,0.22477466337130705,5.444881158993724,4.460374673768887,0.7245838882849219
41,41,141,0.13895599005396245,0.22110289985223303,5.34588254822181,4.540982745137164,0.7553485918970936
41,42,140,0.14041602395692201,0.22491862931823245,5.392899639375937,4.588487625825087,0.725301248226818
41,43,139,0.13234271893779295,0.20960995894488732,5.916085932163691,5.871664436603281,0.7253831430437935
41,44,138,0.14077758173719487,0.22188741432076817,5.670961261752407,4.681849810163599,0.7510008805954
41,45,137,0.14290361917695257,0.2226629305604858,6.1323516682771215,6.149957192798727,0.7478746199832563
41,46,136,0.14849986869549883,0.2268422591175316,5.653801468767028,5.290020211532761,0.7461311709376653
41,47,135,0.1404968529313778,0.21877448622447324,6.556067813625535,5.208240748751077,0.7568136662809959
41,48,134,0.13956903862055892,0.21794759363905694,5.595726454708389,5.596184933638641,0.7246767100000766
41,49,133,0.14242887128361809,0.22343562466715652,5.7391928912485835,4.782223976365054,0.721860182174089
41,50,132,0.13734895145224754,0.21638282467168035,5.525192672241772,4.8298302233254,0.7307366293983035
41,51,131,0.1394736581824456,0.21596503935323788,5.422229309205845,4.792232466245604,0.7297354024541401
41,52,130,0.14533113118389027,0.2265781720975736,6.164295441066103,5.196002486264506,0.7213802189661798
41,53,129,0.14663007001208728,0.23164245846728299,5.494894490119135,5.561855006954369,0.7167137208147027
41,54,128,0.1462412472671679,0.22981770380738784,5.358957551990492,5.225772289536774,0.728724805222725
41,55,127,0.1390373790229955,0.22304944068444796,5.954899744244123,5.1030229272322085,0.748433978529027
41,56,126,0.13854259997128285,0.2228956472331275,5.477747403908751,4.713868071106348,0.744809849599662
41,57,125,0.1422262393488622,0.22507879359492572,5.3074047042249655,4.307695788574507,0.7168055018427565
41,58,124,0.14831598416138578,0.22570044068602294,5.674621733933828,5.211902610490488,0.7183112988713457
41,59,123,0.14511533919195185,0.21996495888791662,5.717007518586434,5.159499435134072,0.7141170249185887
41,60,122,0.13843743266675418,0.20941868782794978,5.62567972971587,4.527585008952275,0.7229548497931173
41,61,121,0.14346767190494178,0.2190217677561004,5.304560847093191,4.687520269851941,0.7369363846433922
41,62,120,0.14450677207149712,0.21960091467326587,5.606686895205389,4.780467706577145,0.735701158500177
41,63,119,0.14599222659827363,0.22704252126315305,5.585579411561191,5.357219144947272,0.7214070741785902
41,64,118,0.1443143265449976,0.22775941867739766,5.371899911179131,4.569655472657773,0.718303618870683
41,65,117,0.14419424365068687,0.22437309449613382,5.5083647695542,5.376899689425095,0.7268444369645102
41,66,116,0.15155817010261732,0.23773754362766478,5.741319300679501,5.343995466221736,0.7193925614391493
41,67,115,0.14174916545870894,0.22426816320966608,5.819646719341909,5.787545080821759,0.7231820428648303
41,68,114,0.1408699529967438,0.22297710467091228,5.566594388234192,4.82773340251109,0.7203896634456382
41,69,113,0.14875302932455078,0.2345289040736335,5.288559153432028,4.524055846919052,0.7162346193678524
41,70,112,0.14308594257752308,0.22027375160151244,5.562876649727523,4.746236578352146,0.7545163853427843
41,71,111,0.14094386625252595,0.22335110607064468,5.286433689764719,5.132987702079029,0.7233647845768323
41,72,110,0.14812941817252687,0.23722895030129143,5.804261566771,5.527900362614043,0.7364987053889656
41,73,109,0.14804930749745476,0.2405299074805463,5.374790004808329,4.77691386128993,0.6920944132760307
41,74,108,0.15631774900050321,0.2542833446309788,5.636009441417134,5.079889238600175,0.6564049552437075
41,75,107,0.15158274688885032,0.2513324282040945,5.045909384203033,4.90029582069422,0.667637328260515
41,76,106,0.15038729356810268,0.2489509722732721,5.250089107053139,4.27306938414804,0.6807363752833573
41,77,105,0.15377176429173386,0.2536681194914947,4.914387502454089,4.556290983456403,0.687476682316728
41,78,104,0.15931466335933744,0.2599078681822864,5.068966421295087,4.778803540443459,0.6386529543714975
41,79,103,0.15250568168409737,0.25301636329371563,5.296263083889004,4.634408981307548,0.6693157237648016
41,80,102,0.15742080161262573,0.25829055243760807,5.4595736999172155,4.615644704667702,0.6479259079410042
41,81,101,0.15361844463088686,0.2522382417513318,5.458396369336467,5.085922504339471,0.664794121120201
41,82,100,0.15885523276921182,0.25638952035218593,5.1670252503753415,4.7610023064576685,0.6698143542003533
41,83,99,0.1600413495578662,0.25706381822074115,5.527939430710022,4.71487731605651,0.6743657865413101
41,84,98,0.15665974036089225,0.2474918308896578,5.242663156433801,5.0488720525732615,0.6594169634629186
41,85,97,0.15651356585956547,0.25212936124908586,5.267696157488973,4.30347435543732,0.6550200927244962
41,86,96,0.15851375505229595,0.25556527847053084,4.963604361942991,4.639713311511929,0.667907985087345
41,87,95,0.15888904961821076,0.25830069259331173,5.732168141673803,5.187689329348294,0.655575715042637
41,88,94,0.1549588196831148,0.2550217803729011,5.492308300282682,5.630771399259012,0.6546834162068885
41,89,93,0.15425879376157867,0.24891516769290356,5.229606736493303,4.525512755020728,0.7048021710828928
41,90,92,0.15898017533570738,0.25476432105449526,5.408695104522849,4.712715839590554,0.6664391485911417
41,91,91,0.1574080901606156,0.24679386029264624,5.14041886777383,4.233972609429121,0.6646568550039754
41,92,90,0.16000956258383675,0.24700751137729587,5.802944460533999,4.880508105886293,0.6823054107573384
41,93,89,0.16474874664864467,0.2591635786105919,5.569767193185582,4.515362867500943,0.6696717581111965
41,94,88,0.1642347995327667,0.25894415764189127,6.314949562104237,5.753652689575404,0.6727609851118973
41,95,87,0.15966936777325938,0.2517902901140358,4.919765693320825,4.305135942331919,0.6567011058768057
41,96,86,0.1666102765400596,0.26185559201307085,5.355092830466302,4.483144714287383,0.6619771925887469
41,97,85,0.16134285502131687,0.25385506071487957,5.467565172765541,4.664383608620962,0.6480730189679338
41,98,84,0.1588199872961734,0.2528812534939328,5.092118094000124,4.417147775955607,0.6583811478353577
41,99,83,0.16321053603908764,0.2620308184001113,5.507797538373412,4.771820134816766,0.6621194321041282
41,100,82,0.1571808972735979,0.25183125648008636,5.36614357001249,4.345720074496834,0.678491888078039
41,101,81,0.16116281643140526,0.2610226183870968,5.903042290095825,4.828519296895479,0.6507409191954038
41,102,80,0.16323800298136124,0.2666206834509904,5.720041708762391,5.252594154549546,0.6455325968008192
41,103,79,0.15551284248457103,0.2524459452765698,5.993868978701846,5.649134482276223,0.6691755358043348
41,104,78,0.15777827713824397,0.2567857654253764,5.006981429896451,4.4307773626278815,0.6679861637406392
41,105,77,0.15830454278412104,0.26491237444848953,4.997303693828799,4.27005466769297,0.6642799170849042
41,106,76,0.15415420648336317,0.2568126516045597,5.480153261326535,5.507577522163819,0.6887442012856343
41,107,75,0.1587042391458346,0.25687828950059055,5.254331614222605,4.295954433619235,0.6699541811938552
41,108,74,0.15622894267527218,0.25528912995194547,5.400521564610581,5.241198884376043,0.6568286828299744
41,109,73,0.15944761440419716,0.25961148126131234,5.363399569637735,4.758630524535017,0.6709631277254327
41,110,72,0.15199288736381078,0.24716987006066926,4.883220493520518,4.355668859497805,0.6671706220856689
41,111,71,0.16262446625558794,0.2670377879551408,4.9234026901966015,5.406642418204401,0.6568651006555315
41,112,70,0.16109895204118804,0.2613170616311629,4.749425821148667,4.3451230196319885,0.6553106691743961
41,113,69,0.16625557884289,0.2683980233485443,6.1683213150305995,4.676984580508682,0.6464749453299695
41,114,68,0.163947733936369,0.26646157165589013,5.676904442172596,5.186961180784158,0.6553867070307043
41,115,67,0.1677761518090934,0.26471133087865695,5.324983600115985,4.571996947620379,0.669011552503786
41,116,66,0.16390837448123893,0.25636694037965124,5.227164169064016,4.892664908047442,0.6701235492831393
41,117,65,0.16678455661489303,0.2606237220038025,5.051256009509739,4.11954190755004,0.6402561535996276
41,118,64,0.16559644807646612,0.2560915183148039,5.24868671435274,4.645842233750854,0.6503831502526282
41,119,63,0.1667208296295327,0.25894361325953935,4.817149343211783,4.115027274350457,0.6303752454335635
41,120,62,0.16710499236804982,0.25908428482543855,5.4222541838706295,4.775135229810268,0.6534140732318292
41,121,61,0.1659919767340777,0.25996936787731395,5.72513985236491,5.884199743503677,0.6547878031960561
41,122,60,0.16817997068558865,0.2660921967064995,5.3326440271014635,4.251807924583941,0.6573768242261688
41,123,59,0.17079889822322983,0.27035918835664124,5.858447676961843,4.833731799153015,0.6450315057050164
41,124,58,0.16570612726242084,0.265655613501414,5.656092129212498,5.2918040085562446,0.6600016885684855
41,125,57,0.16766758890304134,0.270444326217977,5.682546260703642,5.505061257591921,0.6371687285953386
41,126,56,0.16703358345471253,0.2660593316986739,5.236794552185058,4.607090733321269,0.6576582584541305
41,127,55,0.16898673099150593,0.2735509776498364,5.44993219274863,4.86570445817644,0.6707978892200092
41,128,54,0.1653757190332167,0.26600729093580683,5.395774573913229,5.133783728023697,0.6397701922155694
41,129,53,0.16744770293925254,0.26716750731082567,5.0412586099337195,4.964399510730446,0.6535444237470991
41,130,52,0.15741100091523091,0.25760139213724764,5.400201922588728,5.007467061090696,0.6357861111938161
41,131,51,0.16518820817952531,0.2706748905058005,5.610500255169989,4.865013257492877,0.6367767196578216
41,132,50,0.17162817601430067,0.27268311704404713,5.732295068907114,5.830012394932934,0.6289800053308927
41,133,49,0.1667193407088801,0.272930458862039,5.5216331888260655,4.877717020738795,0.6451038002303375
41,134,48,0.16449787778947292,0.26669289906388693,4.79952179333384,4.026978391633426,0.6401801975372623
41,135,47,0.16288692638281746,0.2692166773833575,5.429273571993869,4.643265880793463,0.6496427462760775
41,136,46,0.16811502559631664,0.27224619215708656,5.216212433313402,4.488804702836575,0.6712048445682163
41,137,45,0.162453392291319,0.26564841555206775,5.325607171345811,5.254877328675482,0.6520367474463076
41,138,44,0.16396792614956465,0.26457394128949124,5.341804979778161,5.386622750834878,0.6395389683134202
41,139,43,0.1666547658183214,0.2670740053716725,5.245327625210701,4.837903866889294,0.655275772766796
41,140,42,0.17232603260056195,0.28183302442419994,5.347556505664831,4.6029363521662825,0.6323821034666389
41,141,41,0.17185189276798976,0.28323436134428603,5.831767129589409,5.154520849576304,0.6446577527928099
41,142,40,0.1629899733819422,0.27000461290768285,5.207678840839801,4.956662803642197,0.6551572836241005
41,143,39,0.16853943300852403,0.28087244610918616,5.0394330738095245,4.20614204455577,0.6671625615295955
41,144,38,0.167812311326086,0.27994401311203665,5.754424672338624,4.632753517334743,0.669577858614469
41,145,37,0.17463951246737222,0.2636612127629844,5.080935946264075,4.372194435339639,0.6615673226746859
41,146,36,0.18220013074065589,0.2759006666084105,4.867874112089548,4.268331205515956,0.6034962209654726
41,147,35,0.19242260512264636,0.28919514364712295,4.571536981137499,3.861546765589145,0.5696774466998511
41,148,34,0.18095606582258228,0.2778610813407003,5.541451012001264,5.342762113504627,0.6097331750824986
41,149,33,0.1938084153884262,0.294068363168801,5.050699324803034,4.226188369077175,0.575107386226569
41,150,32,0.19245197650934484,0.2900640826350076,4.952487213237812,5.292739966370629,0.5954332869279123
41,151,31,0.19116224654542874,0.28461688604242946,5.160391022058074,4.948590393814976,0.5733272298380871
41,152,30,0.20126624899933357,0.2977163262002219,4.863032105736446,4.367454756016651,0.5508777166538952
41,153,29,0.1966854816374571,0.29406240543822143,4.934198651735855,4.33792927681669,0.5840694395631333
41,154,28,0.19515684863654204,0.29310379902317385,4.785828281445881,4.382507452205972,0.5500910144905223
41,155,27,0.1887556520281411,0.284898789389126,5.3030957772036125,5.861341594347088,0.5902099718660792
41,156,26,0.19830208424728377,0.2969886881208924,5.203523269808825,4.906186475489715,0.5621175784768556
41,157,25,0.19975895260014298,0.3047748069648492,4.902502155558864,5.36762210832918,0.5595374959125907
41,158,24,0.19755253154537822,0.30340333941743464,5.492272625644017,4.680350571920653,0.5984676178330561
41,159,23,0.18807010005847746,0.28386657815493394,5.22923995777084,4.549629316428262,0.604561139056274
41,160,22,0.19394412180391166,0.29215724292875295,4.635923457654918,4.100033342339555,0.5618800602019149
41,161,21,0.20081867116894614,0.29645629602022816,5.054835523649711,4.26860041985212,0.5851703240587992
41,162,20,0.20627836479477984,0.2956209007374314,5.39635923507491,4.902197152664782,0.587648208942354
41,163,19,0.20394517847200708,0.2912200805978528,4.983516079549414,5.218874862355732,0.5775812765041956
41,164,18,0.19433755842202807,0.2806067549741154,5.104030504395755,4.800299130678822,0.5959885572441026
41,165,17,0.2111870844718776,0.30604213288127524,5.298012494359366,4.793608036062259,0.5592610948130519
41,166,16,0.18902577887804584,0.2743960568563684,5.324077391121115,6.199222630600459,0.6125066842588187
41,167,15,0.2070498339569707,0.3021095616483878,5.1385820752503655,4.585252874523095,0.5557633602410026
41,168,14,0.2040731192830428,0.2932047404186067,4.791111579386939,4.4690504724144295,0.5705413601531216
41,169,13,0.2040270064325833,0.2932235004749318,5.138555207948174,4.3113798289827425,0.5752786513255844
41,170,12,0.19293223834079085,0.27388417070933435,5.47681392062469,4.958402015101792,0.6072038185447634
41,171,11,0.2021560468822154,0.2875282009426817,4.907255402339596,4.267580891496398,0.5623141585002043
41,172,10,0.20005804236146318,0.28677160234192356,5.318993436318385,4.492948471918503,0.5808293266521438
41,173,9,0.190190656021905,0.2742144504937158,5.268380458578759,4.71301378477571,0.5955776881224012
41,174,8,0.2088488350285411,0.2986036409547198,4.5980575571634965,4.273425242664996,0.5550038878095905
41,175,7,0.19994706242848417,0.28281329013723816,5.328541453099795,4.507454155646122,0.6123582064464259
41,176,6,0.19756695258038098,0.2799483838072136,5.06773628503108,4.389467355730488,0.6036813619577414
41,177,5,0.20977314824848386,0.29850078641352934,4.9592638726610225,4.01678088961628,0.5944526133774677
41,178,4,0.20325150139588388,0.2888953151135577,5.04293141531123,4.180201285186589,0.6093748814164711
41,179,3,0.212055604462576,0.2968178748416152,5.465620359406721,5.218454793877587,0.5650856733421256
41,180,2,0.20864285956219492,0.29597471360023686,5.12711650447428,4.294910790435843,0.5810855632712011
41,181,1,0.20935734804195852,0.29574346774286897,4.923215305265396,4.669173837179146,0.5652575881748221
41,182,0,0.20666324686299575,0.2932567803395719,5.731643071201621,5.566051849157316,0.5983715902904921
42,1,160,0.14003713415398214,0.20769389141140457,5.3866189547440655,4.261558194233361,0.7557658382117052
42,2,159,0.13753652739938185,0.20648590393269545,5.890557058505315,4.913015800203979,0.7449316028903252
42,3,158,0.13761901830864431,0.20382071555941106,5.730732153554049,5.62216988267687,0.7786183119751046
42,4,157,0.13834774127979088,0.20555415186145212,5.220076162945315,4.649374106464939,0.7498268048290069
42,5,156,0.1432615950852668,0.210005768881279,5.521056008720313,5.168753347717226,0.7368260146615403
42,6,155,0.13397888559779728,0.21458317121754583,5.648082856467655,5.093771754277755,0.727634283080869
42,7,154,0.13906626519128354,0.20861158953933187,5.156211988250945,4.723562271518372,0.723950168965226
42,8,153,0.1417474322828768,0.203563901454169,5.063527561427696,4.279157124927471,0.7305276088813153
42,9,152,0.14382475513527934,0.2015712572965643,5.577134304888496,4.967753895223879,0.7224593284700448
42,10,151,0.14177353100883422,0.20573543302147138,5.400515823772942,4.800690465712976,0.7387199665891451
42,11,150,0.13965001894216147,0.2109575592494517,6.02198204001073,4.7636086693036415,0.7391233070019024
42,12,149,0.13709102892546038,0.20044660733052716,5.974444359947508,4.9506070563434825,0.7453991533068718
42,13,148,0.14121022955185794,0.201431559271122,6.30608742008941,5.770700030281598,0.7608875375763446
42,14,147,0.14345916234664485,0.19846050911844065,5.988548271136815,6.29805238115873,0.7372185391482654
42,15,146,0.14430841963575178,0.20750939225260906,5.5542510803403875,4.156001483808758,0.7131722136820928
42,16,145,0.14727624411055795,0.20952044612810095,5.2051121094454516,4.293100355768918,0.7499170661631867
42,17,144,0.14079119459123765,0.21369624475319357,5.495261467303939,4.400609370932177,0.7297269996895469
42,18,143,0.13557649367479307,0.20091951964417745,5.10862457070121,4.448999285601417,0.7635236138316897
42,19,142,0.13630413264547767,0.21611626323496808,5.130917980115976,4.591524710518988,0.7575356346504534
42,20,141,0.14359765988560008,0.21359637124375677,5.317172899590856,4.901147721516874,0.7410015834393764
42,21,140,0.13456076420004243,0.20284982058082365,5.056738101250013,4.580133049142989,0.7394351955590657
42,22,139,0.13920566576537383,0.20883721386205858,5.538946959004659,4.688621785310889,0.7740697971896383
42,23,138,0.13852638186747124,0.2116527294258061,5.0799716210449155,4.709678129251328,0.7354803653801523
42,24,137,0.14137467401925521,0.21334394979553217,5.517199931702201,4.361208808386166,0.7379447785546072
42,25,136,0.13940085171292066,0.2112038091571004,5.610759534763293,5.589038045285879,0.7279928565966484
42,26,135,0.14153959736148106,0.20486430989755733,5.627286880248192,4.649199004109739,0.7255842457838918
42,27,134,0.13945767072299037,0.21744189829150776,5.188928272490953,4.8819342223601545,0.717180798799893
42,28,133,0.1462027390338442,0.19481427923777395,5.539404864822616,4.763342917041585,0.7265463086037351
42,29,132,0.1474698856891616,0.2090824388281525,5.845436517563316,5.353049068012611,0.755968251844666
42,30,131,0.15316456607224263,0.2099114128006066,5.564490745182253,4.49132922446795,0.7462732174613683
42,31,130,0.14790394156275202,0.20590668178495022,5.6247143796448515,4.781733164818381,0.7400869753297642
42,32,129,0.14077419024977653,0.21558280583957776,6.412900878206304,5.444334513476708,0.7325387135610212
42,33,128,0.1522045535778174,0.2174577350777413,5.57977075518916,5.080646258973452,0.7250799319210567
42,34,127,0.15196643040893018,0.21273636821524994,5.833647446244447,4.618472474145001,0.711501683294899
42,35,126,0.1418228871284437,0.22024824429625814,5.014054630006409,4.028429810427969,0.7342270019531615
42,36,125,0.14897228431559645,0.20878115524768787,5.127450324669232,4.165192009607254,0.738055093843268
42,37,124,0.14734227247800888,0.2157104797184386,5.558542505565233,4.777587932033994,0.7100034432806165
42,38,123,0.1465239685309123,0.21919072607440054,5.933358622666768,5.726052226147162,0.7192954236036506
42,39,122,0.1408594928271661,0.21147058361399185,5.884231494351782,5.556508741079665,0.7463436510559289
42,40,121,0.14553186067112897,0.21729379153853948,4.889061858866833,4.007644661872345,0.757749755186367
42,41,120,0.1494956580260255,0.21912407459781966,5.3462064391438,4.917636111512366,0.715567366931331
42,42,119,0.14006608501934328,0.21949245827270725,5.578178456974615,4.794108258505269,0.7493522199108246
42,43,118,0.14902707323542108,0.217338524506536,6.125368732964662,5.999756659157253,0.7303142324823311
42,44,117,0.1460750388263857,0.22781129677411827,5.7504700218593765,5.933390713418968,0.732675492569803
42,45,116,0.14073839928241366,0.2146195892675776,5.328209943604911,4.595927330371545,0.7568067243675343
42,46,115,0.14160804692069573,0.22177617863331647,5.020393309966674,4.638107114413552,0.7043022194011841
42,47,114,0.14484515144278673,0.2217307089486977,5.867002729165625,4.880299171139509,0.72219878533771
42,48,113,0.14418475999392677,0.21833123377248886,5.144335455874456,4.468225698977623,0.723951855852225
42,49,112,0.14177289128010576,0.22779305127146335,5.080640758854344,4.634450094079324,0.7385017022313491
42,50,111,0.14583098920382265,0.222084910700392,5.79376831931388,5.788463610473865,0.7238379785591385
42,51,110,0.14087434286576028,0.2207888235985684,4.922033456780002,4.075628661236558,0.7476214776852882
42,52,109,0.14949281239011605,0.22651007196826434,5.5260780867398225,4.93699219812536,0.733087934960735
42,53,108,0.14989900402434622,0.21983932121619357,5.405685284714009,4.498738860582792,0.7417937905716755
42,54,107,0.14685855295474431,0.21581676582906,5.756578431890221,5.037214981999239,0.7297076824773912
42,55,106,0.1456103493347212,0.2308394018763985,5.322650645937553,4.6346190049204905,0.7052769010382197
42,56,105,0.1535240607568163,0.2197539830057079,5.666494856948278,5.23960798046678,0.721933969327267
42,57,104,0.1518736467962111,0.21803919395329843,5.2289939657581765,4.41210342955282,0.7306330434802093
42,58,103,0.1483442370090544,0.22164693227343765,5.324279374969819,4.448237488887774,0.7334707604814368
42,59,102,0.15132962069376013,0.21883593692771672,5.592402328802067,5.091835682353324,0.7130080722618318
42,60,101,0.14456978659492287,0.20996990030621643,5.609775200241495,5.123363877566619,0.7330438050460475
42,61,100,0.14687465390803772,0.21864101363493155,5.184611952418368,4.684637455424422,0.7361140420023253
42,62,99,0.1529436778800006,0.2178145980427427,5.673209310759185,4.433809895384895,0.7094560210715876
42,63,98,0.15672572280781227,0.21275413693485282,5.336115721911355,4.2227876506224264,0.7131757718693874
42,64,97,0.14850903721174302,0.22424518631964954,5.085927486330246,4.646843095194003,0.7054482759599913
42,65,96,0.15771256503340622,0.2497803978540987,5.61837144747781,5.273396539373225,0.6780684012200701
42,66,95,0.16153395996219275,0.23972806167520727,5.174654624924067,4.512687522819217,0.6595023169607719
42,67,94,0.15978028278086945,0.24498758624772635,4.946717453800973,4.18501846669322,0.6674089770198334
42,68,93,0.15874231926683607,0.24022734167841509,4.807043048908456,4.002136537678262,0.6580459629490815
42,69,92,0.15920891153307742,0.23799131874471877,5.161929466324796,4.8296873444122035,0.659193334636647
42,70,91,0.1662300061230788,0.25523773860058613,4.962362858945623,4.6144511205690515,0.6541166299078762
42,71,90,0.16755811015949845,0.24173827329263328,5.519729810853035,4.971912080233148,0.6532041218167253
42,72,89,0.15665716819317718,0.2411391169503162,5.630243501302024,4.7763480995910275,0.6900570493518957
42,73,88,0.16030500899623243,0.2523336012655875,5.695093843641126,5.2602980277089975,0.6574696487924705
42,74,87,0.16278571418606033,0.2392597674631015,5.357898277332857,5.26755697344456,0.6790201658365836
42,75,86,0.15374899960385674,0.2234031736951432,5.732446287547508,5.644642322875722,0.6725820988444416
42,76,85,0.1625779444854094,0.23612475765945057,5.435287176496866,5.410519107075729,0.6626205545800288
42,77,84,0.1629056964348911,0.2338689908792725,5.244881311596125,4.435474947763587,0.6773349201011927
42,78,83,0.16920624353510602,0.24078031251393914,4.903739546313982,4.692576444795718,0.6478963263522275
42,79,82,0.1651158535292969,0.2259332995232412,5.020512201917885,4.522299681888484,0.6469924397280026
42,80,81,0.1689989950981676,0.2374160213856091,5.6063026156696765,4.733342613263571,0.6811714548489156
42,81,80,0.16246036882270593,0.2257275559370623,4.961057820503532,4.562394470499953,0.6646891484172562
42,82,79,0.1694608661483765,0.2353755255732478,5.7891911534107745,5.902335439482996,0.6606915598548587
42,83,78,0.15669180126703391,0.23610716125136122,4.977128286650007,4.775841520818058,0.6755101074407219
42,84,77,0.17224420430236084,0.24166143196715603,4.876807353303322,4.251586219766088,0.6533229046562297
42,85,76,0.17200575850664457,0.24014053578054886,5.44158005789417,4.658241898214653,0.6536482097019046
42,86,75,0.17783238650009997,0.25088422254779824,5.359692080719613,4.606200017925768,0.6492089556627542
42,87,74,0.16378875107586055,0.23957054542412978,5.193148001434583,4.573293189471932,0.6467568053993097
42,88,73,0.16897647398087248,0.24172820111556806,5.09144579172109,4.295591281106009,0.6663318771411012
42,89,72,0.16877296613152373,0.2386043817510377,4.928029370227303,4.781392421956574,0.6827519889874827
42,90,71,0.16420748224423978,0.24075802278860226,5.338853017391413,4.621463344819629,0.649942145814585
42,91,70,0.17623775572248876,0.24813048150575778,5.033829893088912,4.558724024553606,0.6760957380121875
42,92,69,0.1695181555769225,0.2486087830691599,5.226381125314262,4.264511226111818,0.6734111192069026
42,93,68,0.1676236035913546,0.2501143091334045,5.3295742932543195,4.972445519113504,0.6547162004588929
42,94,67,0.169907409379022,0.245053751585955,5.867397398638702,4.551757105243576,0.6730445892486767
42,95,66,0.1753594702648498,0.24282063507951368,5.821225830945222,4.939481477140709,0.6617565117301675
42,96,65,0.17250152254449364,0.23846398360188434,5.193821028116927,4.325915106534595,0.6481162712386106
42,97,64,0.1672116207679512,0.23961530458980004,5.429798968269755,5.106164105131151,0.6822972748367326
42,98,63,0.1718380867199798,0.23896805136473795,5.447048651290797,5.053220053982735,0.6704719851814304
42,99,62,0.17311172862053648,0.2491340966665576,5.399704924753291,4.802764189809989,0.6347684154098401
42,100,61,0.16178738781013713,0.24438548721855094,5.37385238003769,4.9539282265530895,0.6618920605050901
42,101,60,0.17167824362222747,0.2370628393079254,5.715462504778418,5.882782593382175,0.6577715150332032
42,102,59,0.17149038107415804,0.255101399974993,5.270164969282833,4.569166790606321,0.6678905204701038
42,103,58,0.16652071596203163,0.25059237442063037,4.723175587841853,3.9356878177127395,0.6534644811192978
42,104,57,0.16585508958056164,0.25751977473643867,5.603245397879807,5.050136438782961,0.6886828152196066
42,105,56,0.17011755011773627,0.25214656812083186,5.043307260192636,4.120553514797702,0.661365531536734
42,106,55,0.16561596814257692,0.2566549638399325,5.156070697949733,4.3064020758184895,0.6395477646758103
42,107,54,0.17375920092561797,0.2591963191361662,4.806341915209158,4.256063709710429,0.6747892668832051
42,108,53,0.1701354560238555,0.24871541362797467,4.892686306295522,4.584746358581268,0.6388782443344599
42,109,52,0.16763929985411974,0.25567047883989774,5.622303805398374,4.812582025190476,0.6625640663912196
42,110,51,0.16849003735714355,0.2607609443840698,5.182569554778036,4.7283459120439355,0.6755997934693561
42,111,50,0.1735937968023688,0.2604217534778217,5.1816454276165285,4.405004328693916,0.6554138646514494
42,112,49,0.16712126131359076,0.25963754646957177,4.85070158587307,5.325502680267269,0.6434762410938678
42,113,48,0.1730558639694915,0.2594930279248826,5.048267925358692,4.646327824340927,0.651479142115581
42,114,47,0.1790963762313803,0.2533194661964772,5.273940583437371,4.3426861761138325,0.629700443060411
42,115,46,0.1739955498356903,0.25497220671255205,5.052227358424426,4.207654833741898,0.6459183404268105
42,116,45,0.1686950080135584,0.25642102607956274,4.891105489655381,4.6084735910025,0.6489578054848641
42,117,44,0.16612726144820483,0.25519283765157785,5.564830042055801,4.951913277793967,0.6459193176970687
42,118,43,0.17580276394879482,0.24935287410451293,5.687276552809816,4.9039055445489135,0.6629455311675827
42,119,42,0.17052841569154098,0.26218617544590533,5.461920255808531,5.218102601070533,0.6506430324644246
42,120,41,0.17872251496847352,0.24747691413564998,5.414575598183603,4.715329901526845,0.6570964920719528
42,121,40,0.16438304057757355,0.2518291986949664,4.7344524955781715,3.94870876507172,0.6575684552672513
42,122,39,0.176483792478973,0.26090104251084284,5.010881225671693,4.2887820606772555,0.6476087096535982
42,123,38,0.17553348919055747,0.24990002396852407,5.469923851366495,5.195154309097107,0.6718445643150354
42,124,37,0.17399510574342475,0.25609168073900346,5.355977986030849,4.29616984779752,0.66520429963154
42,125,36,0.16759682929418981,0.2706493470376157,5.5421248260377,4.3673630133505315,0.652180824418603
42,126,35,0.17336618303839016,0.2546812312139208,5.351308279838418,4.830020081670339,0.6405624006373204
42,127,34,0.16967407920882127,0.2522814614225301,4.967206097583658,4.198017364642357,0.6517196022664407
42,128,33,0.17137251170346796,0.25289667948673866,5.3854985058917615,4.9440554583710155,0.6434008532720814
42,129,32,0.19251305020185044,0.3008738999828818,4.927919801903173,4.760278929372338,0.5805801317724762
42,130,31,0.1708032149725464,0.26676137398829747,5.1611889948785805,4.521972968756496,0.6284215964446797
42,131,30,0.19505084714946516,0.29360222025979654,5.426794022268789,5.264654005226639,0.5845996094511401
42,132,29,0.187271024276532,0.30215760662123387,5.106328049910115,4.203904661979019,0.567816981636158
42,133,28,0.1875676167313955,0.2718224803700486,5.3575643337304175,4.266186563690295,0.5974461925908786
42,134,27,0.18764679404569243,0.2956524833913544,4.821886246025246,4.42308180192763,0.5555113807866834
42,135,26,0.18078019762060138,0.2859507332727802,4.895657940580813,4.609834876570291,0.6198920805902453
42,136,25,0.18534519580915593,0.281837472156488,4.633773190294187,4.2765343561070015,0.5953743373389863
42,137,24,0.17784784309357257,0.2846881720517237,5.061407852090847,4.364690121430839,0.6138294980499233
42,138,23,0.19293610003786155,0.29546011958521434,5.0840953945609595,4.271933002350426,0.5772577523810855
42,139,22,0.17817803826963932,0.28670279981080626,5.467084331489519,4.87591140487622,0.5959892343404857
42,140,21,0.1829297073705976,0.29489848791001194,5.099278340574349,4.246092053109952,0.5828417273812598
42,141,20,0.1890858589098529,0.29499658016022073,4.675358459287237,3.939088995141476,0.5721381948370121
42,142,19,0.19059313680310316,0.2810961411184255,5.067437680352427,4.439305822688474,0.5844201680639555
42,143,18,0.19007858280207104,0.2929595039463752,4.827841964541274,4.189479346121986,0.5945660680100471
42,144,17,0.19051715617361198,0.2986922054533596,5.03729379322421,4.191031721393825,0.5860417500903548
42,145,16,0.19166042156492652,0.2935399586250447,5.425857995955106,5.26683753730317,0.5944179314693655
42,146,15,0.18700607358082447,0.27968187606156114,5.6383136584668545,4.768552586393412,0.5880929652369106
42,147,14,0.20418798283531694,0.2959691640898454,5.137131145886322,4.413909831287774,0.5840043178186702
42,148,13,0.18984135275055433,0.2698482155558349,5.061051356661712,4.253789378449278,0.5947619192428202
42,149,12,0.20373575623482115,0.29478457826366933,5.363297776274274,4.435481204592937,0.5853954540034675
42,150,11,0.19592677093948077,0.2828663304449848,4.68061774255432,4.068503498923841,0.6031964640627875
42,151,10,0.19335003555502708,0.29363329043452513,5.046892936205246,4.911631012193928,0.5671411356400249
42,152,9,0.20477557330965557,0.3123398961087976,5.17633239950302,4.575327808049506,0.568141393175971
42,153,8,0.19606161847592102,0.29732743464721345,4.911983297422045,4.38816848059759,0.575502038759838
42,154,7,0.19075319530591012,0.28792598641159894,5.663542261289961,5.996274925937695,0.6199996492032793
42,155,6,0.1975538510369644,0.2834938492024168,5.290120260536828,4.613672010302733,0.5833997389703935
42,156,5,0.1990514666192023,0.2953087530428955,5.829051048367243,5.213313544172961,0.589996446206979
42,157,4,0.20356185505094618,0.30640832403156976,5.299899271843863,5.173564230043794,0.578886222640136
42,158,3,0.19709914650590105,0.27927512778647445,5.122257470389296,4.2271150878518,0.5841519341079711
42,159,2,0.19442145289958684,0.273076098191022,5.063969261665729,4.561807596710314,0.5787258662889042
42,160,1,0.19993379141332832,0.2933962989057205,5.171233052189924,4.322377634220446,0.5939737803568002
42,161,0,0.20065257701610684,0.30605055011035515,5.2757933936287404,4.326054752323058,0.5871314044642978
43,1,111,0.12733987700530455,0.21861986960288432,5.0900209153792115,4.419991681275336,0.7517945322947344
43,2,110,0.1264623566510767,0.2157266199664352,5.534406089728894,4.642854003299723,0.7711248516630229
43,3,109,0.13970344089852416,0.21378731227424952,5.365122698380187,4.584520110080947,0.7388535164540815
43,4,108,0.13057758132141267,0.22472756984402636,5.616238833745092,4.943114273679952,0.750278291224683
43,5,107,0.14188427479358154,0.2249090679915808,5.06342914722833,4.345264077241378,0.7485744140526878
43,6,106,0.1334857062652283,0.21272884773556797,6.09658408739768,4.8453069639540125,0.7371374912406401
43,7,105,0.13593986125762417,0.22445013461607588,5.67918702207814,4.996459140087121,0.7358373151247285
43,8,104,0.13010824459882328,0.22046022207905852,5.287379337501518,4.731311410542627,0.7513022481293556
43,9,103,0.13443995627487865,0.2213775249685314,5.570915152005831,5.23532299660521,0.7353303395755071
43,10,102,0.1278244752453183,0.21723469632914405,5.66479795293872,4.829592377882935,0.7518373791964232
43,11,101,0.1335482665547511,0.2185348030150678,5.718183076925898,4.739080685416771,0.7488108811757231
43,12,100,0.13295615362010924,0.21643791872679616,5.47234295253803,4.380716002273598,0.7554495564249436
43,13,99,0.13164778518323594,0.21606001968450558,4.969807369882387,4.322288482028906,0.743545129712759
43,14,98,0.13692456403215456,0.21732014720048404,5.319592967125641,5.615687571199813,0.7443530878676644
43,15,97,0.13493430584697352,0.23317390839440705,5.674820914443863,5.204237668070975,0.7337849657235433
43,16,96,0.13861487644897325,0.22851488396775063,5.868784704910386,6.109754114034746,0.7392212182377922
43,17,95,0.1350498630462081,0.2240026763629717,5.5849556462582415,4.424755988454778,0.7603640854422324
43,18,94,0.128835265966929,0.22414725167394078,5.874338351360908,5.391131063074507,0.7505494043021419
43,19,93,0.13168010509015923,0.2317640835316475,5.555941731613637,4.7605549577852475,0.7551024961211062
43,20,92,0.12869044212756967,0.2173633241446486,5.667137345820807,4.600495143231868,0.7481143650628211
43,21,91,0.13444481760994226,0.22776488160078912,5.126113586429895,4.382421783562434,0.7344425796544789
43,22,90,0.13390720508917084,0.22274710514613105,5.169471480095937,4.297891185933101,0.7376476736407813
43,23,89,0.13399890973729275,0.2145144041019776,4.8839253657997626,4.344244888935897,0.7493294825433964
43,24,88,0.13690631523454203,0.22228425693933127,5.391052406488468,4.760548271304441,0.7623460615924675
43,25,87,0.13440897384029754,0.2231576912559283,5.549563986428929,4.934962290253307,0.7644273675515121
43,26,86,0.13834344564296522,0.22220091153955543,5.70570212106426,4.789721067091668,0.7328044914095527
43,27,85,0.13347758070003946,0.21890115687815215,5.811194840544821,5.0777453746726255,0.7457865111245526
43,28,84,0.13723642646542938,0.22849157815471988,5.239968023077871,4.401591302593894,0.7357888469563995
43,29,83,0.13442923015607966,0.22059193685318068,5.667909633300955,5.222429149575299,0.7600224831169086
43,30,82,0.13388662898318757,0.20898035093779577,5.217118800150596,4.629618005099139,0.7564269388399287
43,31,81,0.13571739536415825,0.2174360544434654,5.28065861437106,5.343217414418433,0.7513678121298395
43,32,80,0.1329155817356267,0.22214159399652933,5.3489448120433645,4.369488827505548,0.7338311070164756
43,33,79,0.1366474942066724,0.21720302076265927,5.686447442439695,5.752601400955622,0.7289528574274318
43,34,78,0.134272651887502,0.23206003224230073,6.1096406699901555,5.991059460224516,0.7450812969752255
43,35,77,0.13527228615368503,0.2278087988259283,5.682640258540259,5.415693694373732,0.7295471195921608
43,36,76,0.12941827583958668,0.2277912790450461,5.399766093458341,4.611163369509025,0.7560880395655939
43,37,75,0.12949379971325853,0.22269516590417945,5.122481960705716,4.6313999955703835,0.7623049515149621
43,38,74,0.13454205451904572,0.23111682632982192,5.312194500658238,4.796307622451058,0.7324050766354384
43,39,73,0.13574219712596647,0.2369808004803265,5.81365088808207,5.315941873896414,0.7353907813543615
43,40,72,0.13120243320579386,0.2340343272415399,5.88754422269211,5.025447833635686,0.7261111766561695
43,41,71,0.135246611089634,0.230793751677399,5.780494029370577,5.073938862923627,0.7385306152704452
43,42,70,0.13824643361659764,0.2359671552685645,5.671087426008711,5.465312229231849,0.7159858476372163
43,43,69,0.13006876039643175,0.23467063327969132,5.573804391491355,4.759186866912891,0.706573863823933
43,44,68,0.12885483917457932,0.23510945144000303,5.462088898445998,5.328743174627599,0.7420639162131485
43,45,67,0.14197449461156528,0.25466755026703763,5.030165824681515,4.338816072509138,0.6708344730228284
43,46,66,0.14710706416435693,0.2453051334487843,5.228221628308362,5.060085412018162,0.662554225683881
43,47,65,0.1407808342559594,0.2582737208142699,5.124505652206351,4.565817391424841,0.6894866198960747
43,48,64,0.14684554929339763,0.25136098600117635,5.796247649639027,5.0008648874765464,0.6890360427426805
43,49,63,0.14186162951948364,0.26292007215371854,5.112752295026524,4.758435792025859,0.6827143806710517
43,50,62,0.15105938838965263,0.2525732946133025,5.898527319248389,5.4721181275219966,0.6597534600577384
43,51,61,0.14443164426009478,0.23294660416460974,5.03488149076968,4.652899895473506,0.6969262820937254
43,52,60,0.14591461889498764,0.25735118445158056,5.59741604817995,4.897883021917072,0.6581106111386915
43,53,59,0.1513102579084747,0.2567934474932717,5.445879885585756,4.82754696839791,0.6714138775035072
43,54,58,0.15628456331800825,0.24112898422237064,5.647264720238109,4.904505838764043,0.6509943818793943
43,55,57,0.1515661472449152,0.25027895808215844,5.858639601881941,4.673990402291227,0.6726076470782965
43,56,56,0.15131609268136223,0.2513133606080585,5.269304033079275,4.495262613619005,0.6409408392990311
43,57,55,0.1469173347689248,0.2481403593177798,5.851075975986969,5.850440351081803,0.661925186694737
43,58,54,0.14672917506613833,0.25958122742214323,4.955084719066374,4.1648144546950325,0.6716338518346854
43,59,53,0.14635479743519728,0.25394489883425136,5.3170898334594625,4.64442895961496,0.6715305142762269
43,60,52,0.15121762477695436,0.25896262623633615,5.291165705095503,4.313182608075348,0.6666643686081294
43,61,51,0.1432171988184515,0.24254348325014877,5.827250148122159,4.693951807975028,0.6593232403857303
43,62,50,0.15549039157027797,0.255711782782867,5.514482323402197,5.224995028246432,0.6681250613431309
43,63,49,0.15543811593204673,0.25238500698673694,5.217674603624998,4.625046194228034,0.6670501996541078
43,64,48,0.1424821737845969,0.26158556534703664,5.829277574666271,5.850436086992744,0.6836532191606913
43,65,47,0.143670692091926,0.2530903355551793,5.326247086762784,4.321679389619589,0.6819015243591542
43,66,46,0.14768923639010906,0.26050233381326565,5.898686731392319,5.954384066014589,0.6459890643740107
43,67,45,0.1535116036436554,0.25420643879874266,5.4366906210643915,4.531701044603472,0.6628620688545933
43,68,44,0.15948656783815107,0.25117139354704454,5.223929726205746,4.2951373920768905,0.6739618502300921
43,69,43,0.15495953593381825,0.24451919761505175,5.359152615362888,5.139259991204777,0.6641171339761461
43,70,42,0.14921588152259013,0.2625450877361002,5.170830672406437,5.33311820645433,0.643412059348608
43,71,41,0.1477028011553673,0.2552056378370628,5.086408666704057,4.242591408519049,0.6762528787676062
43,72,40,0.14932092507044267,0.25970667527106395,5.2404505037241815,4.386549421773212,0.6833941065343098
43,73,39,0.1465139085742713,0.24900194390026376,5.4430750837312125,4.6727885457899445,0.6710217188220355
43,74,38,0.1475348275326112,0.24742499898101253,5.705461530344053,4.676478509937436,0.6898085574033549
43,75,37,0.14675089949896478,0.24878595090257177,6.005617469306242,5.896493571639913,0.6878388588002783
43,76,36,0.1532906308967529,0.271555417912833,5.292699545598301,4.805012837474761,0.6464060951245024
43,77,35,0.14949532425219741,0.25009122497687736,5.7621007614597435,5.337872785406375,0.6746562763547195
43,78,34,0.1525184026398239,0.2576732880251062,5.497360990421106,5.0307238456775,0.6470005384816763
43,79,33,0.14720464742446854,0.2763771958025192,5.0344089934554805,4.182388675428436,0.6647275401130311
43,80,32,0.1616025517162743,0.255050262947952,5.595995766797551,5.074392096408149,0.6444586268165479
43,81,31,0.15540883298417868,0.2543773446537672,5.25028471702615,4.351543770907027,0.6619442619337869
43,82,30,0.14509991486396984,0.26531884252856175,4.994445313675852,4.614939090568735,0.6603011659520557
43,83,29,0.1469619566688255,0.25574113465162807,5.302631502820723,4.224336314005827,0.6803361688776516
43,84,28,0.1517447411185176,0.2758089043662611,5.336304250115105,4.657826391003745,0.6538062205963997
43,85,27,0.14879140726502757,0.27868066591662294,5.204003109537514,4.876922921400241,0.6522700386316501
43,86,26,0.1561542853745389,0.27182853040239496,5.168109679331408,4.508611419401582,0.6535968488479017
43,87,25,0.15244407424796932,0.26635051390457537,5.267079232150766,4.995536153482931,0.650717131025867
43,88,24,0.14947885853465342,0.27763701373203487,5.585728397075179,4.586481242799288,0.6455246006192428
43,89,23,0.1486623514485018,0.2574545064970949,5.584267638867894,5.032293890189898,0.6661765615416853
43,90,22,0.16384199841432887,0.2819728703673012,5.819202525813727,4.751916270162296,0.6304636721686917
43,91,21,0.165788514767937,0.2696845345076577,5.046017055464597,4.572946677768501,0.6039395058706937
43,92,20,0.1626099770469613,0.27694852732641057,5.323401889821225,4.63075626571108,0.6153234869659654
43,93,19,0.16581606290459228,0.27823626133524787,4.715041684446039,4.294841876451967,0.6008886955520039
43,94,18,0.1634426535734016,0.27871566732389724,6.166271956333233,5.87340004617928,0.6185401100261663
43,95,17,0.17383000538664023,0.28506625906244515,5.292968223508774,5.131909963754208,0.6089448855893689
43,96,16,0.1679270638986362,0.27630562262609304,5.547920366457623,4.744753141841752,0.6169715640117421
43,97,15,0.16737147908099675,0.2835705144163082,4.987658609911343,4.4786226231054345,0.5937771508617301
43,98,14,0.16592698985598825,0.2761512102868544,4.975578628064538,3.978148688831744,0.6327227026583273
43,99,13,0.17257575212818113,0.28818114296979513,4.954270215798086,4.2987358513039045,0.5882355304437191
43,100,12,0.1626529258975939,0.2865054157384871,5.091298534113571,5.092172221083795,0.6165404959247688
43,101,11,0.16665843668194652,0.28258522879573883,4.6224516856811935,3.643188189114631,0.6022018522287265
43,102,10,0.16861482674139042,0.29846925746252395,4.742622851071022,3.798123994652485,0.588284196508184
43,103,9,0.16453863740687014,0.28997813242815695,4.891701099942484,4.2714003213540055,0.5891213756554995
43,104,8,0.17017509225790606,0.2841674558756481,5.242194292510902,4.731597945893846,0.6108568222250788
43,105,7,0.16517724531022593,0.2880645321564156,4.625803105331402,4.604009797455277,0.5762192096808822
43,106,6,0.16090363976905084,0.27564347037489956,4.92393376308034,5.402162660719262,0.5981110768745451
43,107,5,0.16690783417001814,0.28263642859763355,5.491658544189721,5.272467227193172,0.5987652167373476
43,108,4,0.1700491712049643,0.2960056741012246,4.818393433356038,4.656769781118494,0.6063032018654093
43,109,3,0.17266511558882813,0.30208316358495824,5.212534905648393,4.444100035091685,0.5682090186543652
43,110,2,0.17336954544858488,0.2823409588523773,5.48246993774802,5.05519920208783,0.5809760892359016
43,111,1,0.16884793228852576,0.2770495027303284,5.182362761559343,5.118937073968876,0.6004715102584212
43,112,0,0.16796750996887497,0.29144294922732167,5.008734411724259,4.34399101722581,0.6054946602920287
44,1,332,0.12625087895872128,0.22444406575451478,5.308220357796424,4.590886972687756,0.7388822755415865
44,2,331,0.13040685276051048,0.2322436750318057,5.330681431705916,4.541259261080164,0.7406644903544792
44,3,330,0.12701500630541032,0.2269824105448053,6.071826536953774,5.002432672463287,0.7520915532350497
44,4,329,0.12522507703102984,0.2188086004318729,5.623864045475004,4.6887618257451456,0.7444340072505781
44,5,328,0.12795471625990967,0.2237474012960848,5.463368709392931,4.588166730015601,0.7709146754720904
44,6,327,0.12923527751675762,0.22237454580185062,5.00326933453459,4.356800692530983,0.743372188968679
44,7,326,0.12504122989966973,0.21582548961673126,5.214234588209805,4.302529420115436,0.7346756350139089
44,8,325,0.13477608706336527,0.23228905293961832,5.728044031266047,4.56807944646455,0.7592761585363025
44,9,324,0.13116964125440447,0.22979945426947385,5.6784763478019755,5.118888332972541,0.7545685660698145
44,10,323,0.1266730896604921,0.22262296960032046,5.298781401226124,4.58910967737748,0.7476745633254281
44,11,322,0.12891816983234103,0.22171953548959686,5.680137632063682,4.68207926866439,0.751265576150672
44,12,321,0.12899719261343204,0.2195691666179989,5.422417574321784,4.363063908181745,0.753401925007435
44,13,320,0.1274138225604148,0.2188737558116879,5.917313483170078,6.321833938941685,0.7671177547135014
44,14,319,0.13098505201179314,0.2247009016898725,5.188943135297683,4.463092938515668,0.7541869814212699
44,15,318,0.12961947363928222,0.22076527131960655,5.896584592693571,5.344399219517679,0.7599005391829475
44,16,317,0.12949123747387567,0.2183207327113358,5.248202734864049,4.305529912549261,0.7478785842438247
44,17,316,0.1329345339240799,0.2221039223526175,5.410941964723086,5.1075370122981605,0.7633417157451289
44,18,315,0.1345095197083978,0.23007744522293178,5.485285446429328,4.866317932022757,0.7235483606564103
44,19,314,0.1338254723745623,0.22803424002352887,5.839194004992323,5.3791377956704665,0.7470457363090716
44,20,313,0.13019422545786982,0.2215430025218019,5.044669483565222,4.451890053399036,0.7432012261523304
44,21,312,0.12993982594349593,0.2212669270771539,5.418132304027192,4.491473710650835,0.759627357509716
44,22,311,0.1319953967891166,0.22151534132562392,5.141584182924644,4.425292178299305,0.7386354550448552
44,23,310,0.1323643380148749,0.21775404670337214,5.287870319936122,4.56869626008398,0.742733075922541
44,24,309,0.13403521164793178,0.22087211370053447,6.505027986340965,6.116075261403252,0.7533039759828272
44,25,308,0.1316643538854106,0.22208876378176262,5.490355468777251,4.289263383002463,0.72615674576784
44,26,307,0.1322178774335635,0.22507096775059926,6.051128599254255,5.179008626190358,0.7512138974324862
44,27,306,0.1250115875550741,0.2145717339725284,5.995938466370675,4.783799785172183,0.7679575937405795
44,28,305,0.1302248938160004,0.22267375222393385,5.328005564521556,5.104926817912839,0.764750119441291
44,29,304,0.13436827965932893,0.23447869150697953,5.483764849403331,5.357085748011049,0.748320964698507
44,30,303,0.1327996443368593,0.23021376984091432,5.386536888308825,5.142886345522535,0.7725475529692202
44,31,302,0.13400885747779517,0.23055632311806995,5.370677921849002,4.621480383638527,0.7385124147457999
44,32,301,0.1303281575430875,0.22600620561295162,5.14344871352275,3.91029612542487,0.7426271619767534
44,33,300,0.13359540185196603,0.23509814153025263,5.313718924220247,4.897865291743062,0.7443996136134007
44,34,299,0.12469948231610009,0.21838692661941192,5.051028012526892,4.7694075670716165,0.7600961804027314
44,35,298,0.1328593231746425,0.22906580424101677,5.678765774095792,5.025776068933884,0.7539690888166197
44,36,297,0.13493191107700117,0.2288139606981112,5.968690087649341,5.156688637962887,0.7548430469148077
44,37,296,0.130581770668253,0.21940743800650414,5.406512434066894,4.625720538599446,0.73298045094818
44,38,295,0.12977354154205134,0.22112600794889456,5.3284833230888005,4.9766761659158725,0.744390953925628
44,39,294,0.13535137962089813,0.22861645253246904,5.113008530531462,4.128919837900091,0.7503039797031645
44,40,293,0.1337505307700313,0.22276130647163447,5.129448009260281,3.9496927651711387,0.7491592170153334
44,41,292,0.13269410722651398,0.22001207257670233,5.605534865674728,4.717367047542766,0.7296988159747065
44,42,291,0.1369935490878186,0.22344132451092336,5.346373755923349,4.624202136445701,0.7256830429700446
44,43,290,0.13478323552040142,0.2184870833401633,5.336776906038454,4.612597227017912,0.7517225363087314
44,44,289,0.12993803604639761,0.2153513670996968,5.545442016368019,4.526434110609683,0.7476118196403854
44,45,288,0.13850592874554712,0.22464089802117704,5.9317810412895495,5.27215515090632,0.7482959432353823
44,46,287,0.1394303325497705,0.22691789160567827,5.4959962849089745,4.34221067923621,0.7382766751413448
44,47,286,0.138380177902023,0.2243446436939042,5.459700243872684,4.2160322417072615,0.7310308749437985
44,48,285,0.13107146011638052,0.21518464761959524,5.712757154059721,5.22583659775518,0.7462749279640607
44,49,284,0.1357112484835447,0.22170261554327464,5.412008485658553,4.746183272573122,0.7388521035132503
44,50,283,0.13403688559027246,0.22243576822323843,5.04823456057737,4.135067788227962,0.7700784835285902
44,51,282,0.13602488251254613,0.22379701738706456,5.416940475872867,5.177010788953487,0.762307943652939
44,52,281,0.13685110447538648,0.2235302471672705,5.360454867299634,4.69235022964206,0.7280128841592534
44,53,280,0.14248313058956977,0.23455067185498155,5.399401370140314,4.289093414477324,0.7282968066382208
44,54,279,0.1339781418093046,0.2230570148900981,5.476088346720273,4.776373663088757,0.7569877177768937
44,55,278,0.13545398504662567,0.2276437485509298,5.966641106868986,5.148353759220853,0.7569412676025158
44,56,277,0.13428508000164496,0.22420007955617827,5.3458094529085205,4.798543713781086,0.7165221991918423
44,57,276,0.13380081841755384,0.226164159838949,5.508398529255934,4.635028539841164,0.7602687257648088
44,58,275,0.13036137980402984,0.22569943296593992,5.3991342776580336,4.861244822038999,0.747975268547013
44,59,274,0.1316185099960309,0.2248033192967673,5.0779933913829,4.644756562432648,0.7430597331947637
44,60,273,0.13533899179361164,0.2274802110556691,5.431506765255488,4.672454648112757,0.7172383830409654
44,61,272,0.1418794581143805,0.23238844710768897,4.78972408176453,4.2481752822464625,0.7415989589569313
44,62,271,0.1399707107459943,0.22540153534993612,5.5723983310584675,4.996252677679476,0.7358930764608065
44,63,270,0.13913048505074152,0.23116588205272762,5.971616677451625,4.888664814504309,0.7265084421404384
44,64,269,0.1394543695686698,0.23280945591085928,5.249632713723228,5.029901647072346,0.7382313252331892
44,65,268,0.1399006612846011,0.23758549588448072,5.519201838286018,4.84083771041153,0.730482314441253
44,66,267,0.13762708021745673,0.23672239967159228,5.4183942900945326,5.239244558828294,0.7586106925200735
44,67,266,0.13415151833574654,0.23333042449138383,5.540316878689896,4.1658866416526195,0.7253903752189137
44,68,265,0.13372646849968095,0.23805694695129964,5.371204762814202,4.501714319368972,0.7541944393770694
44,69,264,0.12955939074438005,0.23219703294293859,5.78550504871864,5.30724484678452,0.762684736403799
44,70,263,0.1340637514909241,0.2454073223776137,5.799080808400815,4.853371068167636,0.7436784575400969
44,71,262,0.13208723764276886,0.23991577683856843,5.973494160312473,5.242589620538316,0.7502948105805856
44,72,261,0.13358830588925624,0.2411462466449182,5.332079432621564,5.210252963858718,0.7322098471866177
44,73,260,0.13381087488620014,0.24241506201265256,5.408773767433728,4.09963740403134,0.7269678670513865
44,74,259,0.13375902231531292,0.24484724330442428,5.954332704527866,5.209284110702621,0.7234315275062688
44,75,258,0.13317950105915943,0.239517055219199,5.584586477172833,5.3224497188950695,0.7360119398421321
44,76,257,0.13868868973936613,0.24738784357803362,4.995429227078017,4.615513243622772,0.7204526846098187
44,77,256,0.1394828761865781,0.24260873413703163,5.566374795377172,4.931708515577291,0.7289522128890012
44,78,255,0.13718598629030188,0.24542772738432067,5.496838242524845,5.160373914762554,0.7128710470390247
44,79,254,0.13328283623033452,0.24126546647175245,5.649563735013655,5.027188459802664,0.7301179747370933
44,80,253,0.1380686154331093,0.2498763428060523,5.453052960574343,5.031057179256251,0.7236857584876052
44,81,252,0.13169178042275786,0.24224704214517137,5.573308566323268,5.096765459732728,0.7423611918157744
44,82,251,0.13507162632627054,0.24680816273721487,5.150453281895176,4.291678308343928,0.7260704114679503
44,83,250,0.13324740449294534,0.23942692468372065,5.447118691422461,4.271133312096268,0.7403298896750349
44,84,249,0.14055305937884455,0.24552025478997744,5.294741990762063,4.727157651670334,0.7229962763403627
44,85,248,0.13829890268810222,0.23539687436619455,5.696450198343795,4.910775600496659,0.7324829049878917
44,86,247,0.141998147379885,0.23494723718113739,4.985070847132162,4.706205071888418,0.7176291008077142
44,87,246,0.1327636642614614,0.22719075064739255,5.343323619163186,4.559683774108483,0.7752921238830393
44,88,245,0.1369349995688634,0.24266512906761595,5.136861596021037,4.131372035144371,0.6999544021456673
44,89,244,0.1437373203004405,0.25623925326014607,4.807151264502476,4.544937702204137,0.6916462165479512
44,90,243,0.14479690360649605,0.2541753115513557,6.223152964207359,5.169355414450707,0.7146497989673966
44,91,242,0.1336696628731776,0.2296369299208216,5.8015294133279385,4.639749741411835,0.76271090002887
44,92,241,0.13539449299063158,0.229448451644893,5.31903012434508,4.53437864908799,0.7251395158223356
44,93,240,0.13555689082796973,0.22469132317664955,5.481904945230066,4.77737412721946,0.7628047054858241
44,94,239,0.14080656968373512,0.23127779000983334,5.20236275270709,4.380507721030371,0.7281575126555628
44,95,238,0.1419650878741952,0.23582187466476895,5.5382151039937115,4.460213344945321,0.7333416532291042
44,96,237,0.1387554520879627,0.2294269387365163,6.406977602275962,5.698758177427752,0.7482831249708559
44,97,236,0.14174092202764432,0.23394579780174982,4.735667632280783,4.355873216880251,0.7261224955147938
44,98,235,0.14102154067951836,0.23161414995627932,5.660185303461033,4.595688149669027,0.731157627651557
44,99,234,0.14648009669961387,0.2453642939776247,5.51056838616717,5.473605774941203,0.7254745940922515
44,100,233,0.1459954806136127,0.238894553607351,5.510541871530638,5.3888853299584865,0.7114459803200378
44,101,232,0.14242159260577594,0.23822391125049605,5.4210607390657,5.01404712499547,0.7027115198850067
44,102,231,0.1399812959734798,0.2308511518474535,5.195735641538289,5.081995129742684,0.7185083873383881
44,103,230,0.1404684120311769,0.23609431117217258,5.283399256652681,5.218311250246897,0.718687859880543
44,104,229,0.14337762378103616,0.24234533288076107,5.250210909716827,4.984548243979833,0.7110753434044561
44,105,228,0.14335988172186917,0.23998337118141283,5.584026006632124,4.907559558847915,0.710703747214992
44,106,227,0.14394046361551224,0.23850160828156186,5.7849687327495705,5.495271265743378,0.7420615966555159
44,107,226,0.13968442854146648,0.2335457013924861,5.279941901606744,4.36909477662876,0.7270689694133315
44,108,225,0.14066898138937678,0.23774986934845552,5.254941251817067,4.765316527161308,0.731653494161908
44,109,224,0.1380388622706626,0.23761221903908367,5.034839484234279,4.285851914015085,0.7133503871050425
44,110,223,0.14403500119118318,0.25072710101332807,5.4052970230485435,4.868400871214929,0.7196803754430254
44,111,222,0.1396818331421158,0.24181015806868483,5.347136671485925,5.099946894381118,0.7211713459588694
44,112,221,0.14326482695635362,0.2478470987530081,5.356119084747835,4.371859432101802,0.7244541530734534
44,113,220,0.1416288180886782,0.24301157325853673,5.165749943718569,4.402139679548793,0.7098901420147139
44,114,219,0.14693745206937564,0.24589956659702447,5.814945093080349,4.769698714321081,0.7282711641495893
44,115,218,0.14002747093835036,0.2380315769456676,5.347782659150326,4.871017972011839,0.7278723229753749
44,116,217,0.14810825001821104,0.24420749745012882,6.161711385053385,5.306803825757451,0.7326250806187473
44,117,216,0.14064509461536862,0.2358378179713596,5.489167147442315,4.7360187046646125,0.7061761459237572
44,118,215,0.14195036026943025,0.23781219853094138,5.572519643083561,4.624974232656327,0.7502008540294006
44,119,214,0.1450120378489815,0.2399464000246602,5.458075729388669,4.379923536101882,0.7241578525616301
44,120,213,0.14336102497657696,0.2332688852749301,5.6948172532150725,5.32633175486187,0.7179601139512902
44,121,212,0.14444999775354891,0.2338799223950476,5.49667977294458,5.685443087923173,0.7491182045133644
44,122,211,0.14958590970890626,0.24149575811942212,5.551291358816671,5.652962165625769,0.7066152993068394
44,123,210,0.1460486978122637,0.2393597212380982,5.214190166457088,4.7858605369636535,0.7290414716283002
44,124,209,0.14550566402755583,0.2412654954141794,5.18623550830876,4.426140380793899,0.7101057714291098
44,125,208,0.14099073363684772,0.23108673024198212,5.540387129138168,5.476424522159434,0.7261192247020702
44,126,207,0.1445328129779896,0.2429139763437876,5.712044712910441,5.247106847744224,0.7072720805324764
44,127,206,0.14393144878458106,0.24243252409908572,4.972157186922738,4.516756390224496,0.7258135364985597
44,128,205,0.14629916180068955,0.24591187015114171,5.19760841453802,4.241830125275143,0.7014349279665787
44,129,204,0.14734299350882818,0.2456076772092239,5.388960990316194,4.649279818398173,0.7318815862508032
44,130,203,0.13981296877067428,0.23428563804403865,4.818665701164777,4.438128354905396,0.7266312222380221
44,131,202,0.14988139778363424,0.2478750778275629,5.542780336377289,4.407847584719343,0.7191947072296687
44,132,201,0.14905142013939873,0.24816813334496526,5.322876821406751,5.128099200216105,0.728547345064349
44,133,200,0.14527962729109128,0.24803529188010112,5.121752700846279,5.260998370753717,0.7051788925503313
44,134,199,0.1608244036228951,0.27612016250185034,5.882603745154494,4.724729542792385,0.6600806321157904
44,135,198,0.15792088002013785,0.2666143745252234,5.041357663302003,4.6802234233592594,0.6728859908510088
44,136,197,0.1506698338717021,0.25544680150582977,5.152005130307269,4.872757658478152,0.664390245213766
44,137,196,0.15642110082057356,0.2695896764124922,4.96691284883296,4.391670726619679,0.6664850492514873
44,138,195,0.15385435194973615,0.2679890129546518,5.16072825614917,4.24510289536463,0.6660620439276194
44,139,194,0.15321925184923532,0.2675034908127052,5.2291683774709945,4.283048832278295,0.6649574255174521
44,140,193,0.15259751764887924,0.26245075840950055,5.228888447459001,4.6188558590613455,0.6658789797488134
44,141,192,0.16056746390805257,0.26909167652117666,5.819792954097856,4.91802061841809,0.6736141816893308
44,142,191,0.16087581084725056,0.26704119649132696,5.226513954006352,4.494527040882485,0.6707252988358446
44,143,190,0.15923008808359243,0.261229074744646,5.5088942932353735,4.46816740646142,0.6775814390824988
44,144,189,0.1568345494665097,0.2553595001850727,5.621204266602386,5.010536842459207,0.6767221413469687
44,145,188,0.15867264662434472,0.26073373413739187,5.647487645248994,4.873069289301846,0.6372201397957461
44,146,187,0.1635033047726648,0.26999601259381806,5.43258912651582,5.204065820747665,0.6591869380193673
44,147,186,0.15480021013402964,0.2569681708830906,5.133451206797996,4.574487459977108,0.6703311059756726
44,148,185,0.16210715420189126,0.27404409171697436,5.0456422812386,4.304922531254692,0.6473868423085765
44,149,184,0.15916658744557627,0.27268289267668017,5.5960491023328975,4.797592684856815,0.6779203146379335
44,150,183,0.15964466933327937,0.2732927925858327,5.370717168694139,4.659148484172503,0.6599163749370783
44,151,182,0.15766043136506053,0.2720398715368574,5.678416251951037,4.963113095695791,0.6703533892713932
44,152,181,0.15731492402355618,0.27065357945525537,5.417797492602778,4.73444712648713,0.656273805584115
44,153,180,0.15997117437770644,0.278160532675926,5.125102562737732,4.38951850076892,0.6803894688262772
44,154,179,0.15226849286454255,0.26230185707628567,5.099522851563439,4.03326157994647,0.662296144004101
44,155,178,0.15982104546113524,0.27221471488915583,5.119872051835168,4.464075066326677,0.6472123387065074
44,156,177,0.15661948841759474,0.2717751823936733,5.085296101381581,4.4297025943127455,0.6565976372861501
44,157,176,0.15721622603814941,0.27489528668488794,5.664119503513737,4.904719530487618,0.6491047584110086
44,158,175,0.14834592409437408,0.2621476728034993,5.144710390757879,4.174518223983712,0.672051933881572
44,159,174,0.16190456535641176,0.28598738911927496,5.246431532171231,4.721302255746647,0.6319025947811088
44,160,173,0.1594918968036019,0.28230990095011477,5.760144333914072,5.2025955798817956,0.6678535921515345
44,161,172,0.1623991473156458,0.28302852027517417,5.2006019014775315,4.567720553594457,0.6564700415656443
44,162,171,0.16174287061075288,0.2782216320809474,4.980917476668115,4.311093107458633,0.6499361007331599
44,163,170,0.15922499380857016,0.2698877424805147,5.544747558420676,5.1744113114390435,0.6679026840897282
44,164,169,0.16521073786066262,0.2743551366915902,5.843379887947455,6.270196126246748,0.6482300235838413
44,165,168,0.15699784761553123,0.2651050186089234,5.338941693191396,4.655266078579171,0.6366959703119606
44,166,167,0.16607727649721973,0.28306800488771383,5.156440339153797,4.552327530601522,0.654757243451704
44,167,166,0.16657813316189807,0.2826245181099095,5.8185787640691045,5.185965768198993,0.6340124553953668
44,168,165,0.15416973930055425,0.263309211847742,5.335808252492205,4.855348349324023,0.6715367236817661
44,169,164,0.16002175500936763,0.2807340276587972,5.481364007955875,5.287766588723921,0.644562940092801
44,170,163,0.15952227172043296,0.2757176651340295,5.667590771275395,5.224638751479629,0.6677615677690507
44,171,162,0.16245653300865068,0.27989900883881935,5.6353573790654785,4.567881742295662,0.6559669271249297
44,172,161,0.15818321014500242,0.269982679231217,5.443554523687487,5.014325367444208,0.6547639895589737
44,173,160,0.16146989365609934,0.27056812076972236,4.752104901855512,4.335804543481844,0.6335166905113276
44,174,159,0.16092605725499498,0.2779678810456907,5.08850356076875,4.526427925115975,0.6712472315186643
44,175,158,0.15007913920894067,0.25814653941175136,5.04362674902023,4.459590531681304,0.6819797093759191
44,176,157,0.16241774627155123,0.28068967140157774,5.8562599571718295,5.28095320684443,0.6545441821180887
44,177,156,0.16039210972409262,0.2736307269158487,4.821037835837194,4.448545038344498,0.6430099073802458
44,178,155,0.16468531187484634,0.2788699877754625,5.373023380891086,4.463346178927703,0.6660474306991535
44,179,154,0.1605479822228308,0.2740224858073724,5.496807245170024,4.410924525752257,0.6819479622502606
44,180,153,0.1631783192478115,0.28140053411618327,5.087580324284206,4.2727137370910455,0.6599310932688197
44,181,152,0.15962614491579802,0.27805418744077753,4.997231525300541,4.406551781579561,0.6448919201148424
44,182,151,0.1602815045361567,0.2807808555370923,5.634691058451205,4.67632187167829,0.6593784513969138
44,183,150,0.14972327698865226,0.2622859468845897,5.522572055236552,4.602044952240271,0.6829741832403837
44,184,149,0.1598007302389541,0.2809354664107344,5.365805400590181,4.542187157790238,0.6450032748059772
44,185,148,0.16505101110116543,0.285477040802377,5.402115002134184,5.025113096716989,0.6605613498192666
44,186,147,0.1654688737933383,0.28966045553533387,5.285927207886558,4.600313095774856,0.6758087070319871
44,187,146,0.16275077990716127,0.28005745230656504,4.84222315595536,4.218991123109644,0.6442408032538576
44,188,145,0.15318177541790323,0.26673228859114406,4.7570046532142065,4.144121333643167,0.6709952260725957
44,189,144,0.1595594619797189,0.2827133541663488,4.832124760332249,4.8493653565327595,0.6428968576543224
44,190,143,0.159751459270129,0.27746057514183675,5.364976227764349,5.58864272551157,0.6637051024089651
44,191,142,0.16021524256637193,0.28195127042966267,5.080349160823275,4.450302948957193,0.64351224553333
44,192,141,0.16073311539254878,0.2804926095665202,5.441086830903698,4.996353787349167,0.680467649553951
44,193,140,0.16216597966219531,0.2800833353213073,5.094511777098792,4.684847156634316,0.6612131512127858
44,194,139,0.16129776362133222,0.2775066738537476,4.9173801588673,3.8711277761166203,0.6680799811244735
44,195,138,0.1608351430759953,0.2717975722921397,5.323516711879204,4.193366811017121,0.6508404620050823
44,196,137,0.16175687534657696,0.27499255949074214,5.180404586069264,4.5226982788313235,0.6622606539962126
44,197,136,0.1610947957579649,0.27341904268356565,4.824636862174604,3.969504790585521,0.6970184759735499
44,198,135,0.16168459802971902,0.27573552380191063,5.208542824768005,4.103233440120456,0.6454749169495564
44,199,134,0.1649443163715068,0.273436403629168,5.53524752868292,5.421604678841443,0.6501374986938585
44,200,133,0.162800975467652,0.2735704286648844,5.1636089339639994,4.4145273006332,0.6514127128341988
44,201,132,0.170556847207538,0.28504623617776526,5.608636595933993,4.567203783564733,0.6358817793146039
44,202,131,0.16533147276801471,0.2766607233533706,5.123907277220797,4.521207793045362,0.6592980296211145
44,203,130,0.17476267027470366,0.29479678929133685,6.015848840671746,5.515024925344132,0.6478726736927336
44,204,129,0.16486604610709144,0.2789426330644822,5.7606682122726465,5.322832732129982,0.6698091984297467
44,205,128,0.16280955113805692,0.2803846544512694,5.570564301381969,4.721841824649588,0.655550394248589
44,206,127,0.16771027024469223,0.2860191762096254,5.250785826108282,4.85367564447738,0.6509561182941419
44,207,126,0.16496841685805477,0.28540142265571106,5.3698637010851,4.9399574395424555,0.6589941345758319
44,208,125,0.16526189252998685,0.28223283673181987,5.207904981238299,4.5039033241338515,0.6467128145309038
44,209,124,0.16655853400595683,0.2874346275919588,5.641190600259181,4.5157215787394005,0.6906793705434857
44,210,123,0.1725539550923888,0.29369871828206445,5.688060691559494,5.376981791394099,0.6231645081589576
44,211,122,0.16312715424385169,0.28070193365201646,4.994195867739723,4.383740063766516,0.65505086814171
44,212,121,0.1666805742628379,0.2829575776690083,5.302778812355742,4.871296450668501,0.6695846332883314
44,213,120,0.16537389511833364,0.27851141911681987,5.17308690276586,4.738451984077173,0.6536898897510783
44,214,119,0.1657938062325622,0.2716825280004546,5.476785462125867,5.055980690482652,0.6534622025087616
44,215,118,0.16326169730322057,0.2702616770809053,5.145588843519639,4.780640585766185,0.6809430360364436
44,216,117,0.17705118759126118,0.27380706074558014,5.347123175424591,4.699360185369488,0.6420310441225457
44,217,116,0.17572393761291183,0.26932745616851045,5.6865542243368585,4.55267058074275,0.6533149199916417
44,218,115,0.17335302182490878,0.26664068679302083,5.713445842796036,4.885255943661328,0.6689400391814312
44,219,114,0.17853882444832028,0.27683257234452807,5.842720911813993,5.17390251205581,0.6338495416157325
44,220,113,0.17408879942390404,0.2667512500565291,5.544966776950939,4.341275043000386,0.6699239106990101
44,221,112,0.1750687420456834,0.27054120495698997,5.495806224128145,5.454859623455528,0.6369560473652385
44,222,111,0.1827869049487586,0.28019898614010796,5.52293236040088,4.876131338671373,0.6403129840040394
44,223,110,0.17528439964904355,0.2673172895748905,5.586879718828882,5.873852614068663,0.642709362128787
44,224,109,0.1735826859992639,0.26722961602617673,5.224000280592316,4.385409338523003,0.6486678506738164
44,225,108,0.17930703451600818,0.27722547246109885,5.37336256768355,4.98779249246559,0.6364846146136531
44,226,107,0.17306961092279774,0.2693660900313171,4.966386004822466,4.316777046967121,0.6385148969500981
44,227,106,0.17986465115754594,0.2828647440618429,4.9981161270622785,4.334397013613704,0.6251755208317626
44,228,105,0.17519434803465522,0.2758235073896239,5.563329110000741,4.864615611453706,0.6594772686219996
44,229,104,0.17724361027053762,0.28239547960187944,5.216455445897102,4.616592977744386,0.6330645504781316
44,230,103,0.17035139713103933,0.27110788001892594,5.178862718865446,4.796126265923625,0.6439674407448882
44,231,102,0.17042521032734467,0.2727959054105856,4.707784371089842,4.387476539977681,0.6559277522318173
44,232,101,0.17322270662791722,0.2777813629107518,5.654012145986714,4.974285268821957,0.6515489796016051
44,233,100,0.17213739337019437,0.2728435378215068,5.407040970169808,5.286066997647965,0.676836522021837
44,234,99,0.17733946587797314,0.28141599575022586,5.624961389377807,4.782476533671032,0.6456254162536428
44,235,98,0.17632642398210216,0.27548649079850995,5.244322184800463,5.019063176386265,0.6267472084137428
44,236,97,0.17565884239561716,0.2668281972640111,4.828636932847907,4.87345751815098,0.6177801032183949
44,237,96,0.17683706466920363,0.2704892639062205,4.919655989362916,4.575279411367663,0.643984428929255
44,238,95,0.18544422280491646,0.28280548248476933,5.433658660485737,5.037270519332498,0.6459966342587621
44,239,94,0.17597711564976884,0.26586579431514495,5.390152033923792,5.3629658336953785,0.6435395316680755
44,240,93,0.17710950557009814,0.2679829108256709,5.2886553996082135,4.2929522878190856,0.6520194776891713
44,241,92,0.17919219999932062,0.26842813981538244,5.494405943758643,5.5945853930499885,0.6377570855039314
44,242,91,0.1738559530618868,0.26773060721966474,5.307841811989162,4.407051006632632,0.6285864873619942
44,243,90,0.18216940693492806,0.2749651160482108,5.222696451837469,4.479730189786118,0.6579785547045675
44,244,89,0.18244703932357267,0.27714511352989424,6.048004192598423,5.989574689691249,0.6463351424707959
44,245,88,0.1747358693150672,0.26753433867995385,6.049705371325318,5.385242366538177,0.6425647875365089
44,246,87,0.18300643992106055,0.28001996695642245,5.558266507653961,4.933455985841122,0.6414064960382847
44,247,86,0.1887716596152605,0.2876647049746819,5.54317588564576,4.818709404328569,0.6394550944673407
44,248,85,0.1876515408345271,0.281095028526501,5.099626343921846,4.540683205960851,0.6430036571612389
44,249,84,0.18056575652717474,0.2691709964526319,5.134170002912567,3.9611359741162464,0.6435724645712941
44,250,83,0.18300372797345074,0.2807632972067976,5.286358254823845,4.4245131210331445,0.6270745251801781
44,251,82,0.17883730787976,0.27315233801108413,4.895780228029304,4.2254511326149045,0.6416506496226619
44,252,81,0.1849979453404712,0.28193141163099433,5.3658317712096375,4.619083603665199,0.6387398217078178
44,253,80,0.181591961109177,0.2792644723501507,5.035374739342054,4.023447806914048,0.6204305585071099
44,254,79,0.17454692364515167,0.274974303668158,5.681756144459266,4.9288245543721185,0.6462393370347886
44,255,78,0.17795600558984087,0.28449311828731694,5.305653467996974,4.792769959063869,0.6404987750721894
44,256,77,0.17784314431162362,0.2878226735813568,5.02028261352752,4.322504366611758,0.6252691821376366
44,257,76,0.17286454604352422,0.27761044722981143,5.550693843123392,5.444737480170142,0.647858902073657
44,258,75,0.18335728560218473,0.2950814859127153,5.201254690715603,4.755932111847193,0.642585070584199
44,259,74,0.17965430925738066,0.28953958828823756,4.96349536463755,4.453374955660948,0.6447700228577018
44,260,73,0.17092850804672055,0.2795493853716505,5.220983896508455,4.705503781954147,0.6592546500800027
44,261,72,0.180723568131516,0.29714116246049227,5.269785284507968,4.31877300139551,0.6381861563020642
44,262,71,0.17853687367415716,0.29866550394526065,5.254892582122363,4.450070247695967,0.6310120003155532
44,263,70,0.1799901281429459,0.2938235993614204,4.929167461991858,4.4288546579383254,0.6389663749863587
44,264,69,0.17527632260329212,0.2871430101753985,5.383775771734666,4.769224806883405,0.6546511301056657
44,265,68,0.18461798318222203,0.29828000195611215,5.537979773919139,4.518124674408661,0.6403203275536008
44,266,67,0.17920938700447522,0.29274935753403264,5.303110221423122,4.358177854861609,0.6647101660265443
44,267,66,0.20346024091148543,0.3406426966140522,4.825533272283987,4.214662978188801,0.5555272544409474
44,268,65,0.19678545792777816,0.3303966195504535,5.185936976847914,4.570690175518828,0.5771331180868008
44,269,64,0.1904975957877832,0.31822373206224785,5.207032118923701,4.699462083198638,0.5940317080965811
44,270,63,0.1998619967791468,0.3295144994821609,4.746857003475548,4.040380298010496,0.5730877361988856
44,271,62,0.19289248265517017,0.3212621975810417,4.775552030377494,4.167022756054707,0.5959929014900722
44,272,61,0.19214992742230974,0.3142815651547606,4.639207836777617,4.188835879599509,0.6039982877238876
44,273,60,0.20258701826379716,0.3307031759980524,5.3984590484740735,4.676774611853616,0.5772916445647025
44,274,59,0.19507385875521116,0.31673831019726706,4.947418898231717,4.381737774865193,0.5941261079965588
44,275,58,0.20593947805557514,0.32668428016751266,4.867103488991194,4.31940980258266,0.58271122825233
44,276,57,0.20857808166781555,0.3313268244265021,4.789555353842223,4.133028801261757,0.5342329024401306
44,277,56,0.21079432546300333,0.3338356947842562,4.604343134104125,4.28963640002789,0.5821819700425039
44,278,55,0.19537626114136517,0.3101308005395421,4.8306484134352665,3.9528650421505622,0.6009167427240063
44,279,54,0.19781943532483715,0.31293861720463284,5.094149865171387,4.409111833395621,0.5653762411852501
44,280,53,0.2051608315774625,0.3286389401216281,5.262394922274396,4.481840393134362,0.5636164770742208
44,281,52,0.2003696648611772,0.3213603742268139,5.1649886992324205,5.599495276437784,0.585719063342061
44,282,51,0.21612418582082327,0.33921983799464994,5.17257485566863,4.050915207662053,0.5516157979386321
44,283,50,0.20116458534968562,0.31122973459471764,5.122194263168007,4.092468453925017,0.5886906547073626
44,284,49,0.20231987157322234,0.30969249110510483,5.1538076221537725,4.6673005443466025,0.6098547862374614
44,285,48,0.20412582069843904,0.31532626175235184,4.98251164986748,4.764449537188624,0.5556400144846106
44,286,47,0.20786776689002245,0.3185960989446146,4.877942521639075,4.395243300374552,0.558238837700372
44,287,46,0.21772500662572,0.32964270755904435,4.73391305609197,4.205111740559901,0.5451362876051705
44,288,45,0.20308594148345055,0.30838029495882197,5.6729670800117376,5.194860383360026,0.581464450553534
44,289,44,0.19730783892835965,0.29756754402238134,5.226301398865859,4.321735408612263,0.6122111754243127
44,290,43,0.1973404042238623,0.294028043456321,5.158124077392763,4.5665682135420145,0.596766230279968
44,291,42,0.19945264300857277,0.3032250862852955,5.379016905887223,4.694118035508074,0.6136211585084915
44,292,41,0.20687476428169832,0.313955052751044,4.924809186536275,5.226927620456181,0.5715351344178282
44,293,40,0.21923950031258732,0.32626148011518274,4.946846046574587,4.998878146882752,0.5805354960931423
44,294,39,0.20529304997844128,0.30389943506552,4.86094207411014,3.9590709341787855,0.5812285280843011
44,295,38,0.21249668153950366,0.31740772747770185,5.1149528123889025,5.368306472991504,0.5621133904420238
44,296,37,0.2081585183511471,0.3196572790784865,5.052951234671283,4.373122283504671,0.5564364878236333
44,297,36,0.20727929579186058,0.3219097626825397,5.212015452758973,4.715928588855753,0.6120056108196599
44,298,35,0.21218284168087176,0.3324008906485371,5.097820740481669,4.1385645003906335,0.5653518592970991
44,299,34,0.21075899201272227,0.32843246250863883,5.494974743831162,5.469069855388548,0.5649673972883399
44,300,33,0.1978950937897063,0.3075026447652227,4.795279648957617,4.236908044484827,0.5813832437238093
44,301,32,0.20998277333212628,0.3270020961311699,5.4856346650839445,4.6043915357427325,0.5760379849472161
44,302,31,0.19623903142490942,0.3028939135272728,5.204467674863672,5.3850800470336955,0.6025819386703684
44,303,30,0.20214411140456345,0.3045881760225356,5.228755794391997,4.805111958199066,0.5817234449613968
44,304,29,0.20614269307923908,0.3090616868060905,4.825873875360653,4.264954494286043,0.5832466599617455
44,305,28,0.2044273898562943,0.3027060604084487,4.751508953240437,4.602111378028298,0.5608562527291067
44,306,27,0.22730425352927505,0.3385234546264967,5.44845976747544,4.781251686786528,0.5574202862141325
44,307,26,0.2041319145943646,0.3026425576103656,5.322122643013794,4.624465476856626,0.5810310682054387
44,308,25,0.21006051119176303,0.31422472145115476,5.208177413401283,4.536626700344993,0.582397531647629
44,309,24,0.21160109145619013,0.314287807642008,4.906895080466416,4.8179340723101785,0.5945040494655854
44,310,23,0.21488835896521608,0.31767617937089754,4.78193447902546,4.33685203656046,0.5664914626997805
44,311,22,0.20263658479829913,0.3008244790156038,4.944255128525263,4.5980413604187635,0.610827351475081
44,312,21,0.20610547793025072,0.3074243913959471,4.739524905787899,4.174771491030083,0.590703011319377
44,313,20,0.2251862608575385,0.3351529631564705,5.225753357041107,4.769431166596023,0.5420051842929946
44,314,19,0.21336692998541998,0.32104123129006906,5.610655642844735,5.02035227004967,0.5812803551521368
44,315,18,0.21246020529589713,0.3152568857786812,5.020387782214382,4.030605917566804,0.577565638784051
44,316,17,0.21644925021963973,0.3214726936829743,5.188914019864923,4.3289183700779645,0.5668780445150049
44,317,16,0.21729386984301918,0.3289903978525858,5.041914153844715,4.1570330937210125,0.5972032545951297
44,318,15,0.20098427150267456,0.3070082604544355,5.304693657244107,4.854013168287238,0.5945630388505591
44,319,14,0.2069841967935771,0.31313088139341777,4.948825636055128,4.5201511581183205,0.5749722202399443
44,320,13,0.20851467108974972,0.31817060598025476,5.4779066820235895,4.598529569623015,0.579453592239564
44,321,12,0.2059863439738588,0.32106724698964756,4.746793453278677,3.9439473199441855,0.5931237367388317
44,322,11,0.21263819965156144,0.333546100379686,5.3598780831235295,5.078243789725965,0.5706202541861042
44,323,10,0.20968947964330692,0.3302228195898751,4.823260044674164,4.502061761245439,0.5785924662308561
44,324,9,0.21483116383692277,0.3396612917492368,5.1417109473358416,4.482784902571017,0.5587580220196112
44,325,8,0.20860121337225382,0.3280763076724997,5.37054838134225,4.438883715358588,0.5736645337093905
44,326,7,0.20703568901861755,0.3274735116100999,5.417642851374465,4.895129728517801,0.5856955444201436
44,327,6,0.21635768947560147,0.3340714307592239,4.56960544148219,3.850436737246352,0.5738791726272232
44,328,5,0.20425683810023285,0.31973835182890364,5.321308313203369,4.732878720251158,0.5883693450245632
44,329,4,0.21766144781570834,0.34851098111680195,4.711015521934591,3.9000153720774065,0.5534250949055066
44,330,3,0.21922830968322893,0.3531086252423141,4.811356567041966,5.2097626072218555,0.5471529056965648
44,331,2,0.2028911113783086,0.32429962323400696,4.756859876398371,4.404633132793741,0.5961657561300182
44,332,1,0.2014430080892317,0.31659898590823876,5.157658171725128,4.846795469406286,0.579668562808032
44,333,0,0.22324261639382387,0.35245292855158483,5.256631197150162,4.607530309029483,0.5599027558694979
45,1,424,0.13698307888536398,0.21097732291998364,6.449292519500032,5.78491179419953,0.768339787689932
45,2,423,0.1343706349868596,0.20855194287598727,5.4160413852958635,5.534228964482271,0.7611434738799396
45,3,422,0.13920620124043515,0.21569454679631947,5.24861849558686,4.2758345021674184,0.743901188026445
45,4,421,0.13439997322184202,0.20858051667570815,5.221160627989511,4.562839812022669,0.7417143005318867
45,5,420,0.13667301760111167,0.20833839001484925,5.655545465008687,4.716013523805623,0.7503981830861668
45,6,419,0.13659953047036946,0.20739223834652423,6.108187981644823,5.835855606199098,0.7576877969896914
45,7,418,0.14173485766249494,0.21415924513621049,5.8752647434484375,5.119481363789667,0.7342159684995245
45,8,417,0.131705108737565,0.1999343194040453,5.726948281940387,5.577060689636667,0.7796357521429067
45,9,416,0.14026384361716052,0.21083253483031678,5.18915665200819,4.245068403415058,0.7339214519359853
45,10,415,0.13743630884934122,0.20317130341614967,5.483675936969929,4.537788080802757,0.7701568228509093
45,11,414,0.13464693762691549,0.19775009716737862,5.641021991378743,4.688531610439407,0.7479189462900295
45,12,413,0.13573184945852457,0.20018071418030253,5.154634207620983,5.371221391797182,0.7461649670174071
45,13,412,0.14065650149122802,0.20835134351119883,5.193651839947384,4.45950573627468,0.7364150080536309
45,14,411,0.1415566634687264,0.2037934615466133,5.79856471001875,4.619730896616715,0.7480069995116387
45,15,410,0.13828347382313863,0.20150098888596443,5.254369422891491,4.79940515590672,0.729157850533912
45,16,409,0.13927493868938523,0.202873516080474,5.314635820988744,5.911759000475951,0.7568108656620248
45,17,408,0.14461407846047172,0.2128416191550031,5.9218384154191686,5.241613135766956,0.7162067345594102
45,18,407,0.13944810025543639,0.20350649845525978,5.1250125561390725,4.1121514934743475,0.745280474592213
45,19,406,0.14356159785215075,0.21000607126569085,5.44803770257786,4.571046710597211,0.7569939903319507
45,20,405,0.13628139441821563,0.20045523609309154,5.173353725563709,4.200590446174454,0.750577496267729
45,21,404,0.14088412308036133,0.20957563476040267,5.1675410331200355,4.047581065049827,0.7435582778691806
45,22,403,0.1394388753677247,0.2119305991675316,6.063174376085629,5.8460779509474,0.7392205841776526
45,23,402,0.14281979336481648,0.21435535245000972,5.9145182044206335,4.938713580809437,0.7620819091668108
45,24,401,0.14232285527612917,0.2123361186434791,5.506014112759569,5.098653838416575,0.7377443399540126
45,25,400,0.13861569195455878,0.20806222517720324,5.269203382058111,4.671206090930347,0.7257431595756973
45,26,399,0.13779580585361065,0.21199975182651426,5.454407604513477,4.795699401626319,0.7421357288985593
45,27,398,0.1430158507476638,0.21636782639819255,5.416326333521335,5.5844316393456666,0.7420088294634118
45,28,397,0.1427070294300648,0.21533508405887672,5.524685687048288,4.949249936854633,0.7156294790707987
45,29,396,0.14339919205743284,0.21852497315356065,5.755648183276436,4.796908368711187,0.7372096874982587
45,30,395,0.13664170814995402,0.2059813384314466,5.902445923399744,5.1384729697504765,0.7500002808541796
45,31,394,0.14052190608332923,0.21547467893901506,6.292603523105454,4.980536818876573,0.7483297370249428
45,32,393,0.137338849268123,0.21184466804866883,5.560292337869743,4.600752968158277,0.7633822963494277
45,33,392,0.13679756294152873,0.21031079882672982,5.415395525774898,4.282569478212749,0.7453961577112853
45,34,391,0.1445896981410582,0.2226646831292158,5.5789935028276085,5.377102114995114,0.7447015275303777
45,35,390,0.1375671521453673,0.21194240092150107,5.935476073150104,5.905465348352603,0.7437622750460747
45,36,389,0.13543418520253,0.20758197366544098,5.838161538638619,4.738011642058487,0.751417500348292
45,37,388,0.13930358769434484,0.21672469452446574,5.734491067877485,5.7367796302568355,0.7408077047738645
45,38,387,0.140678013552075,0.21791295032146693,5.5914278700458775,5.009066554333199,0.7605471923168485
45,39,386,0.14144398247622278,0.22023354802254008,5.884901434516664,6.153640074516963,0.71987383575478
45,40,385,0.14156126571425398,0.216281565723994,4.994969259388677,4.1976355296851295,0.7364593870301586
45,41,384,0.13814832194804783,0.2120532925819099,5.496351516609335,4.922074993852261,0.7554121889682951
45,42,383,0.140947447894452,0.21606767459996842,5.884873764103427,5.178431258849878,0.7238936044454817
45,43,382,0.1428328441963539,0.21866863553052202,5.319590103492493,4.189615282361978,0.7530574148259438
45,44,381,0.1396409073508234,0.21531923917717935,5.691394486866478,5.675665995108821,0.7550717488887495
45,45,380,0.1404730561246793,0.21571803354257432,5.568420909933815,6.133872616939517,0.7226019572423311
45,46,379,0.1429362178201813,0.21983665750774303,5.3876080414572805,4.894026985836969,0.7287078301933414
45,47,378,0.13964240387586777,0.21048693906020285,5.696814483402301,4.5587879929174795,0.7388699524996757
45,48,377,0.14144250781750692,0.21485804590913823,5.393664541707707,4.287823127919997,0.7280851602636231
45,49,376,0.14397900068645691,0.21638778808287498,5.3468394121877,4.493484032897648,0.746762555585391
45,50,375,0.1457100644894389,0.2145678594133138,5.07544323550967,4.104998661718867,0.7249018264513726
45,51,374,0.15168170929691457,0.2240168988359737,5.26916156029235,5.004373758373633,0.753339760032961
45,52,373,0.1424143889353329,0.21367357309154816,5.3893644339432925,4.478641791222127,0.7288291082946119
45,53,372,0.1438675368169546,0.21798238239622583,5.562483849094793,5.796612813056058,0.7339435403593997
45,54,371,0.14250309359932134,0.21758746750452085,5.786698066301572,4.9966343345379105,0.7243688705789892
45,55,370,0.146149885366419,0.2256839196964197,5.424810030706032,4.568862108342632,0.7442920849730283
45,56,369,0.14384719112656313,0.22331289906576404,6.205418529506166,6.249130984099719,0.7270737489115315
45,57,368,0.1442012586583665,0.22568568149289997,5.341491539580408,5.029417135964501,0.7235860714625879
45,58,367,0.1455146935850503,0.22637384477389455,4.9921456039026255,4.3462948122289005,0.7408201804903688
45,59,366,0.14365779071807058,0.22253621792184788,5.587553553256596,4.777966863602115,0.7290924762343477
45,60,365,0.14218911334207399,0.2187340920738201,5.715949532259275,5.33213270356915,0.7468006681792672
45,61,364,0.14052518363886268,0.2198728024931001,5.527330564829024,4.319007745967816,0.7616509626339831
45,62,363,0.13893794183593525,0.2224097720932985,5.558904601889781,5.736405557315729,0.7408514103158749
45,63,362,0.14211351895331026,0.23108412974371942,5.604631445156888,5.0204239629210194,0.7434639272598553
45,64,361,0.139065261053422,0.22238839598364069,5.547337123130378,5.352326592341995,0.7399952564373269
45,65,360,0.13867965094863136,0.22027390245350031,5.07955011841674,4.377960634925421,0.7304569181507297
45,66,359,0.14134171001174364,0.21997600662254327,5.508291078350854,4.737785213516953,0.7384670189515691
45,67,358,0.14102854949443344,0.21930956659999826,5.288536097431347,4.379874362821092,0.7445411291309504
45,68,357,0.14570446814687973,0.22691719370731064,4.919592028578897,4.582445924641466,0.7197802938276224
45,69,356,0.1430219134899695,0.21784787899259192,5.217905561129997,4.662827122422528,0.73676397153853
45,70,355,0.13658515221005296,0.21364501362934443,5.484486892496859,4.595267440137812,0.7289498055921532
45,71,354,0.14461942675023906,0.2255886626570566,5.305665188726993,4.580497945799539,0.7489695896639704
45,72,353,0.14300978929821886,0.22389173096179965,5.628671279963648,5.155672145142539,0.7540463641535223
45,73,352,0.13843893443679106,0.2176991731167991,5.238991516183155,5.323268457237462,0.7432519482757018
45,74,351,0.14632548072909946,0.22768732586458132,5.394491418966348,5.21159643568633,0.7211321588747331
45,75,350,0.142452012697782,0.2197103723967399,5.052931418696993,4.334579817376292,0.73473993952974
45,76,349,0.14547753389796156,0.22597843627762998,5.7981104261393455,4.484736535396734,0.7253466277291034
45,77,348,0.1458418393813449,0.2237923582036923,5.469404882721026,4.50246188398362,0.7103196034916697
45,78,347,0.1389291489498613,0.2156693996294695,5.40266447717452,4.839443760875395,0.7343519590398734
45,79,346,0.1433073756646038,0.21878328124885174,4.983636365026721,4.240124937703519,0.7139958134268425
45,80,345,0.1478352553668495,0.22557926253253693,5.099582019576378,4.618262235808856,0.7341837331086438
45,81,344,0.14605145443752993,0.22451807674953123,5.363274020272208,4.58018684253731,0.757300789046039
45,82,343,0.15376834458390376,0.23431781264174284,5.9849702913244975,5.127381204378968,0.734905452278829
45,83,342,0.14876844580663995,0.2273537672184112,5.040146221840958,4.518614965283894,0.7309902887068374
45,84,341,0.14835593240809852,0.22421817278207684,6.0263453060657,5.052139949566711,0.7460881982431076
45,85,340,0.14473996723361807,0.21757093606137676,5.526777998573088,4.941949587750231,0.7544502441927309
45,86,339,0.14679003842054106,0.2193398918475947,5.305119253873428,4.706794517573261,0.7278309635774225
45,87,338,0.14166382892510465,0.21258617085836073,5.431163877666121,4.333590783006592,0.7383009394494147
45,88,337,0.14362167984689395,0.2155589021892944,5.638689582189851,5.087088540700795,0.7322600708724583
45,89,336,0.14533336896078933,0.21890633153518135,5.693493604436717,4.513710051252412,0.7337873463224573
45,90,335,0.14766285462104037,0.21973998973965447,5.412102561989558,4.68588952813975,0.7077631578650964
45,91,334,0.15166897788813286,0.22821070585572067,5.626195709940639,4.68936952867289,0.741521061291728
45,92,333,0.14923675001594103,0.22522512846962198,6.162415037650552,6.043851860893353,0.7290847746529092
45,93,332,0.1552906539286557,0.23125640073198767,5.527468848748288,4.978400664020408,0.7336127781010704
45,94,331,0.14731692844995706,0.21798426883547847,6.214544328255805,5.270488592414718,0.7502883168647528
45,95,330,0.15124872002921608,0.22111018423568454,5.209221691016118,4.712718412178857,0.7233000497384809
45,96,329,0.15062085803672848,0.2180585230196858,5.4065387391125315,4.377262363505188,0.7191871177177337
45,97,328,0.14784313589241932,0.21814886981070597,5.828322147627933,4.753423353149065,0.73512867173161
45,98,327,0.1507106356545424,0.23179260573149166,5.08692248175222,4.199695077669436,0.729992312173363
45,99,326,0.14791568263921448,0.2295183147110567,4.854641540604216,4.568444075830101,0.7257272797578227
45,100,325,0.1459201554545557,0.22917283215016468,5.115343029810307,4.33982664195182,0.731404209626802
45,101,324,0.1480736776957664,0.23522066644748102,5.58326027564331,5.099214898715735,0.7396581687435682
45,102,323,0.1456356992523081,0.23067293885258483,5.636099630353245,4.76355984135395,0.7268612578822428
45,103,322,0.14209566186961284,0.22678678197197696,5.180030637675543,3.9427859151718745,0.7337655886002007
45,104,321,0.14703437541407177,0.23168676930209592,5.2041898960198285,4.354771361087496,0.7191906325089463
45,105,320,0.14726279441090873,0.23131808453157227,5.593204090391831,4.810100554707149,0.7514610167566393
45,106,319,0.1434158300838421,0.2192423947951643,5.297329917169678,4.8303586728243895,0.7421965263399594
45,107,318,0.15144484167520347,0.22780218997370863,4.9562301521578735,4.693517017303876,0.7075542849749221
45,108,317,0.15390666273438308,0.22938359123748311,5.310238931330376,4.52793091396459,0.7308277993323651
45,109,316,0.1469875012798945,0.21735620400259426,5.405162881453679,4.615261678440444,0.7193025990619418
45,110,315,0.15398233339823986,0.2261168517744623,6.738656130824744,7.278189322511832,0.7169514681850361
45,111,314,0.1482577122533386,0.2158047622288438,5.284206964138162,4.93425854298621,0.7367620946027925
45,112,313,0.15167797023165636,0.22239619705742306,5.888443145905737,5.0294831426282185,0.7269779684875031
45,113,312,0.14945066157773051,0.21992529952180778,5.093778205396138,4.8552808153605564,0.7038426409444887
45,114,311,0.15045084121275354,0.2247093756875934,5.248933914006956,4.610595679969174,0.7185030171538156
45,115,310,0.1487096595732812,0.21945415559164558,5.4717155615228155,4.573370852871115,0.7538947624135587
45,116,309,0.1535313324622257,0.22967731463346838,6.196457403289573,5.266580797525315,0.7320444850258571
45,117,308,0.1550177199088406,0.2328974765007911,6.112921859088269,6.425173178607363,0.7081399297578905
45,118,307,0.15068213347450335,0.22664157982238617,5.534151661889503,4.865243864096578,0.7128493785241825
45,119,306,0.15266184136566957,0.2296833107418958,5.265778978386793,4.4452983571620175,0.718970489611166
45,120,305,0.151287666812289,0.2285687713899324,5.259476362344043,4.524928821279219,0.7389401471970994
45,121,304,0.14213546407449024,0.211632607083898,5.483463825138381,4.924598258938458,0.7257930779267348
45,122,303,0.1509331978026698,0.2246911192141359,5.479785298166435,4.465290767483361,0.7351150045356243
45,123,302,0.1550245544792003,0.22968637588541707,5.409315361163441,5.16131036570548,0.7039553683027726
45,124,301,0.15418626441778605,0.22881190773009172,5.6515752275377675,6.0191977409906805,0.7229412893069498
45,125,300,0.15833396120568236,0.23384543602009625,5.459143846785164,5.532693318579075,0.7226461788352202
45,126,299,0.14586327784977618,0.21734086364744862,4.981337354145136,4.644218272680999,0.7526747722108857
45,127,298,0.15195042328574676,0.22810855144368908,5.7330398474971975,4.633089123591312,0.718358336214492
45,128,297,0.15071001756684008,0.2273961942178756,5.351051326399736,4.71007766183946,0.7212990043182647
45,129,296,0.1529491187727026,0.23023149183662278,5.187449971585207,4.189731613972082,0.7356795053570927
45,130,295,0.15060530135432362,0.22665378767229527,5.049433800101774,4.172695679169045,0.7068549850998554
45,131,294,0.14844197416222207,0.22687319179262513,6.2831384250731865,5.603579119671558,0.755917293338856
45,132,293,0.1516040910714123,0.2312058035451652,5.254194061452861,4.527016329917633,0.7149444656688804
45,133,292,0.1554540112057067,0.23741012832443778,5.6682118615225345,4.629076470490972,0.7174803709497016
45,134,291,0.15446551175344322,0.23477937489675688,5.5292390788878905,4.827275668469188,0.7265248217919494
45,135,290,0.15623001895061422,0.2379483889258061,5.200616450632083,4.503639677155573,0.7139688511921779
45,136,289,0.1512915993919883,0.2256373783044568,4.915490352283287,4.55878984005807,0.7093664728556095
45,137,288,0.1539567364398759,0.23038452918249738,5.216738658794737,5.027627589807728,0.7358032640676055
45,138,287,0.15353496367031289,0.23227949032469394,5.133391326256053,5.772212766792373,0.7301988042812523
45,139,286,0.15413876648869013,0.23703377273813211,5.285451466799592,4.598803835089364,0.7009999897878261
45,140,285,0.148861290827221,0.2257561597565071,5.427303471567411,4.273484085499256,0.6969378901929804
45,141,284,0.15470054133213135,0.23732438091594912,5.772353245125016,5.380494027484463,0.7433240769259626
45,142,283,0.1515405869841349,0.23360746357358578,5.383105946254788,4.418397014401699,0.7213994890140535
45,143,282,0.15577719281270386,0.24183713440184568,5.355523866533778,5.503025891813646,0.7103767054704856
45,144,281,0.15560327777233954,0.24080211061896298,5.4447798435631025,4.542381340868046,0.7024943521496821
45,145,280,0.15241710698552519,0.23325696715204486,5.985411496175605,4.8804749600564445,0.7045404420092904
45,146,279,0.1573786836521979,0.2463518684926508,6.212515682758221,6.420451893124653,0.6949600084499643
45,147,278,0.15487472336801184,0.23740076514719324,5.986304017394922,5.779596236694127,0.7317484475382956
45,148,277,0.15122022423224693,0.23438078208501173,5.13051611906954,3.9314395851871584,0.7207789940813608
45,149,276,0.1564762466354157,0.23911280890797312,5.153799825941057,4.891476923311969,0.7308454317900328
45,150,275,0.15466856494208303,0.2382562788271558,5.4187815159516015,5.018430326737024,0.7152633415728071
45,151,274,0.15380803970986445,0.23223735464826123,5.731725878246731,5.28133407965308,0.7288385926642128
45,152,273,0.15445586713200118,0.2360463619898802,5.567219837917632,4.971231032411694,0.7243680831971415
45,153,272,0.15521054083075977,0.23917027676392114,5.342455978593712,4.387212925031094,0.7005028798855583
45,154,271,0.1552065691372653,0.2398477052927418,5.339304269217655,4.44851402756116,0.7021259711268166
45,155,270,0.1573379855621417,0.23971353346040986,4.667697644323633,3.7982675678732707,0.6911861647514317
45,156,269,0.1482189016402867,0.22745893297633538,4.730525795393509,4.263036124683766,0.7121071468720086
45,157,268,0.15338561393614933,0.23821605236893023,5.755024409046079,4.935213851842476,0.7340425699632869
45,158,267,0.15526900346133074,0.2379505334959867,5.570312123243697,4.2250516177093145,0.7371588648077503
45,159,266,0.15257675760116024,0.23552064810942658,5.551975275585346,4.5406642332526195,0.7058316975672824
45,160,265,0.1518091711115544,0.23302955426653657,5.433166177488218,5.265003265426109,0.7138624486310835
45,161,264,0.15807985161055035,0.2445600422699703,5.621960454162824,4.9793267067590286,0.7247732702004036
45,162,263,0.16095116402430712,0.2511035252378179,5.123775473391579,4.538508078135833,0.6873525741369187
45,163,262,0.15405278778936918,0.2415236512808196,5.532447038844342,4.434526089814739,0.701536184269636
45,164,261,0.15200406885167586,0.23558548455652917,5.272559854323605,4.736900246280597,0.7314172774391401
45,165,260,0.14711382122882047,0.23030909198433724,5.348260692892243,4.331843182424176,0.7442189359996421
45,166,259,0.15638773263797356,0.24704871224502126,5.462243181042044,4.905879772466462,0.7131982478149506
45,167,258,0.15469119805671885,0.24205325738861247,5.471473057710979,5.698157620010542,0.7209996832714198
45,168,257,0.1541514344243833,0.23724498618811396,5.031212236073567,4.699341458654767,0.725818795990772
45,169,256,0.1505424615271302,0.23214916085733275,5.434765800136113,5.091990247905206,0.7013185482119038
45,170,255,0.1581118083103301,0.24388834379980903,5.039408613766145,4.205104606044107,0.6958059178867659
45,171,254,0.16468878914763999,0.2501198494582743,4.867732816934966,4.783616152360832,0.6720402595253834
45,172,253,0.1715749426781381,0.25894571191722604,5.499624305298781,4.84166537275536,0.6394778375151695
45,173,252,0.1784422566359154,0.26493410688633673,5.225810459342428,5.24753612371603,0.6426788414146936
45,174,251,0.17307382627313392,0.2625946057430788,5.157293743597304,4.714456193878942,0.6463600730352368
45,175,250,0.1710850216470313,0.2592053639886139,5.4333008498576785,4.703183294865952,0.6619398061026182
45,176,249,0.1640389914830457,0.24777705938004121,5.3492552634288,4.793940619691067,0.6535451823257846
45,177,248,0.17803496232014926,0.2671753358639699,5.106020974114805,4.480158722445552,0.6508614934468666
45,178,247,0.173943850194039,0.26237071807360096,5.142078434530142,4.406260926844422,0.662327076284992
45,179,246,0.17590170693860263,0.2645514200361045,5.794341770975045,4.4164558626964965,0.6490312863715271
45,180,245,0.17582431781482225,0.26648659264044183,5.1119109160368055,4.244605990317843,0.6616299535720136
45,181,244,0.16634041353657966,0.2514415581783458,5.429247854150805,5.024620977528202,0.6487549421580723
45,182,243,0.17009391485871633,0.2573500630609755,4.9858430644531975,4.3637707759685025,0.6309043676941367
45,183,242,0.16981001510060845,0.25485451523159813,5.429810386811077,4.439701798181322,0.6754598052557694
45,184,241,0.17449747346700523,0.2668259773428207,4.994495787165652,4.241510847896002,0.6780303936906823
45,185,240,0.16933065460686939,0.2594337548168354,5.346662822454542,5.168482553336651,0.6546757832887714
45,186,239,0.17317783636662837,0.2601060880843589,5.375557991131398,5.38962548212718,0.6581608348549032
45,187,238,0.17561735793685218,0.2664841742524923,5.446151874316945,4.868598633017718,0.6521066403287028
45,188,237,0.17629818155568108,0.26786002285590066,5.0217497261559405,4.933407253260713,0.6422751060760665
45,189,236,0.17804466656103524,0.26508011941741316,5.12407734479156,4.347473986697823,0.6495817607721833
45,190,235,0.17860402419336693,0.2674597802030882,5.535904321391062,5.131778153894404,0.6600223160386878
45,191,234,0.1749304850673071,0.26711419200571296,4.96528573286506,4.5255366955855845,0.671675610255675
45,192,233,0.16900765226489803,0.26109606623328957,5.2540952327079,5.128507054223541,0.6630489085433858
45,193,232,0.17509002410256,0.26396039859762477,5.136743086673363,4.469322420670655,0.6452071351273161
45,194,231,0.17139571945400134,0.25428738831503767,4.967169475834359,4.653716153772706,0.6590293659544011
45,195,230,0.17186388721046403,0.25870761809339776,4.9700318363414135,4.287712068911116,0.6594659406900083
45,196,229,0.17935618272680595,0.26560846453646797,5.348955210926967,4.659904483545153,0.6354984595617644
45,197,228,0.17684487911118654,0.2610614487258829,5.32459880859847,4.825943009400773,0.6557816334205671
45,198,227,0.1757986971194124,0.2571194166159555,5.148304444415019,4.899406583637716,0.6619844084544788
45,199,226,0.1766932045353463,0.26206029173385087,5.212335072206391,4.871575101828837,0.6683442418086514
45,200,225,0.17863280244047972,0.2625422422418346,4.938728669488269,5.28841784253972,0.6657153661321304
45,201,224,0.17376002999245097,0.25728794535524746,5.501844663296148,5.32030088488973,0.6591703102293164
45,202,223,0.17875910914966994,0.2645962120674076,5.256848315464249,4.678462580513606,0.6291902446396952
45,203,222,0.17346315186713349,0.25827413594874077,5.338097441034036,5.068721553841445,0.6466973660048546
45,204,221,0.1723927446857936,0.25401079119372016,5.358506042530466,4.938049205711724,0.6909807793779155
45,205,220,0.17985839993566607,0.26368205852137333,5.808594894043495,4.976530564060038,0.6262624573086989
45,206,219,0.17994628508119778,0.2657857983782373,5.124298087424881,5.160483811677385,0.6381094877242222
45,207,218,0.1761468448939325,0.26080271844337377,5.2689672888640775,4.617610255493398,0.6452896755662094
45,208,217,0.17625858157933563,0.26080616698333076,6.150389034460709,5.776547347169999,0.6393980950770602
45,209,216,0.17884162288603828,0.2639437057368614,5.271620725846004,4.990309886047585,0.6526399368874738
45,210,215,0.1756816672019702,0.26343190946755896,5.712014376568877,5.586315501418879,0.652791621758123
45,211,214,0.17293600552029031,0.25815321152517734,5.1381712825361285,4.759833716857939,0.6810608353835894
45,212,213,0.17010762480893182,0.2563568957611818,5.083963023146236,4.559559548563501,0.6607446107038906
45,213,212,0.1769821289927106,0.2610996286986374,5.133090485522621,4.613654377047322,0.6680945891422149
45,214,211,0.18086941906367757,0.26391047346553775,5.023262041344556,4.566685938968369,0.6573666466709569
45,215,210,0.18297174302419184,0.26329292099162865,5.288946402806712,4.365408459942446,0.6478117060064612
45,216,209,0.17559815081295346,0.2535409178228864,4.83669001339387,4.240454853239736,0.6653579852740977
45,217,208,0.18540411835118362,0.2672732817936753,5.491236001060922,5.060451627547437,0.6677129519797003
45,218,207,0.18208955297835336,0.2679879316542172,5.2564134256824975,4.748950735456173,0.63498855258266
45,219,206,0.18386958730560382,0.27203938496696817,5.441489997546049,4.411145201317063,0.6463651408685844
45,220,205,0.18574410379211728,0.27260011339980034,5.717380282233982,4.935262762727551,0.6688048868620665
45,221,204,0.19058248369477826,0.2791152823021655,5.011956668274058,5.185770865648135,0.6271462682439125
45,222,203,0.18362669538391344,0.2705187358152156,5.218497153848359,4.235359609461774,0.6521751173605287
45,223,202,0.18210448022946849,0.2630159701150968,4.98772277379439,4.035074196336499,0.665601431838392
45,224,201,0.1778189933544845,0.2622179984125055,5.619502590032939,5.201092488818932,0.6720038146119334
45,225,200,0.17257143400077324,0.25783023662510707,5.116784161023677,4.198707497917082,0.6562071392969642
45,226,199,0.181712457036326,0.27745362436160426,5.528038483154439,4.559823814858084,0.6577244454823387
45,227,198,0.17454211006020204,0.26880990959150647,5.305822854951965,4.773943552088528,0.6559025789019303
45,228,197,0.18509615306071622,0.28527024748395624,5.285467803990196,5.02236343321554,0.643665373006301
45,229,196,0.1764802868921785,0.2676611431952696,5.540398968867125,5.111407900635636,0.6612042544458879
45,230,195,0.18121799644555803,0.2767163011033361,5.002929422794551,4.347680278353141,0.6336210794268191
45,231,194,0.17443041981618898,0.2697855650403346,5.105656463278256,4.611733232564519,0.6375066495802217
45,232,193,0.1822695527887728,0.28385694928726146,4.9537719852851865,4.515021152981122,0.6290711861582303
45,233,192,0.1788754658158482,0.2790743847828544,5.198452620462437,5.050127505283836,0.6511368918344624
45,234,191,0.17540355011932368,0.27223085169978223,5.771599438401033,5.063423893214967,0.6671463220290144
45,235,190,0.17394395822962236,0.26941843488748113,5.0799585275270935,4.614597415083677,0.6878958575962877
45,236,189,0.17893057822230604,0.27699044732250566,5.102280535452332,5.974285465853399,0.6333719387150263
45,237,188,0.17261418694894176,0.2723109056791802,4.784254002792686,4.682888952157253,0.642622264248497
45,238,187,0.18493722007661162,0.2879122146894416,5.391574679680104,5.198201241008996,0.64428555002224
45,239,186,0.17662032093814675,0.2708671783733686,5.242362947768505,4.471094995739349,0.678400583012579
45,240,185,0.1815778362382143,0.28508278765456724,5.628530255888423,4.952800054258647,0.6383953437360024
45,241,184,0.18337989667727092,0.28603439028634026,5.228498953224761,4.934033216578651,0.646338448981728
45,242,183,0.17391157418313435,0.2762358404351064,5.097752881116313,4.627325633817432,0.6322868490076331
45,243,182,0.17839111276192082,0.2821292642433177,5.3471346030822655,5.323639653162613,0.6365631803550468
45,244,181,0.1858755083741308,0.29240317297429164,5.568557958614068,4.263115087582019,0.6445218900287266
45,245,180,0.17341542104149385,0.27516902888053796,5.026094803669031,4.175463465669167,0.632678663403687
45,246,179,0.17645047310773015,0.27958034824731076,5.587035948721106,4.669481874027178,0.6443684747979851
45,247,178,0.1778045523384885,0.28166411788410645,5.538403578169217,5.366015116125957,0.6624017306539782
45,248,177,0.17654845018020035,0.2761399167446441,6.098243290286194,5.576285824073616,0.6650384027971689
45,249,176,0.17491123968498334,0.2802247948169896,5.172303061258106,4.674117613001301,0.6564226945747333
45,250,175,0.17892487368258284,0.2833325022880636,5.340047073031025,4.435609681158404,0.6664351554456414
45,251,174,0.17898517124525246,0.2788412063757507,5.805613058581206,5.517491730990718,0.6506345235793245
45,252,173,0.1868136361302351,0.28962871523728373,5.156774086032534,4.379753947054562,0.6424789581627283
45,253,172,0.17664958829285446,0.27987447000165216,5.250470177494401,4.355181226405567,0.6318203042148163
45,254,171,0.17399439821046975,0.2721421485990057,5.241618806558278,4.4726841784018525,0.6639328962157603
45,255,170,0.17987321883130114,0.2791617728286704,5.47964255125381,4.644530977422877,0.6623649363607227
45,256,169,0.1786060059562128,0.28194107480808506,4.858254695459955,4.138410671053376,0.6712435935227313
45,257,168,0.1759888386496597,0.2756532658980687,5.383244292681267,4.587484323225468,0.6612344287794664
45,258,167,0.17807076117207452,0.28107891986567696,5.101495500782798,4.665290046273038,0.6169595805795991
45,259,166,0.17348034777383053,0.2772970709444388,5.449409401914023,4.641435995680244,0.6568505811886035
45,260,165,0.1777531054379185,0.28738768454332136,5.058484692148486,4.627331334991242,0.6447743523285875
45,261,164,0.18041786662740816,0.2859487524904683,5.710685391174243,4.887934382923451,0.6397611720768261
45,262,163,0.17510206756699742,0.27537010803481826,5.4108885629416745,4.743832193599079,0.6701994127361874
45,263,162,0.1818862800879926,0.28972688826062926,5.498766657515548,4.530143419383776,0.6534665572101026
45,264,161,0.1844340430370038,0.28749128672752544,5.1187129874133515,4.150745862122367,0.6327540258805701
45,265,160,0.17806625334980464,0.2809875382905027,4.964803707908064,4.164348484512757,0.6190041805940879
45,266,159,0.18010943775727198,0.28464273246443506,5.641125393250826,5.235067569466042,0.64281654330331
45,267,158,0.18561179579667195,0.28637460445740986,5.1952092205499625,4.8727520575148064,0.6452241740650699
45,268,157,0.17928328075493905,0.27227063042895394,5.184822453272133,4.493651932642431,0.6550384764825534
45,269,156,0.1838069154590735,0.2782978886013779,5.096460621334453,4.444419486535464,0.629009744402922
45,270,155,0.18055997456662734,0.2758494245157658,4.9906457097476125,4.569417855541563,0.6352765764011071
45,271,154,0.1823214826425133,0.27557281028999264,5.303227713371695,4.683170867297333,0.6495082368311114
45,272,153,0.18282405791721945,0.27734491731699107,4.853837387964434,4.4213115406241466,0.651310975681126
45,273,152,0.1906258699963317,0.29253888336962364,4.690462002342988,4.47038545742132,0.6086890734801956
45,274,151,0.1780041359326631,0.2742247418031066,5.444209827776458,4.881401459264667,0.6491400562642172
45,275,150,0.18314942775072318,0.28633014670108425,4.923757851582108,4.114000979186583,0.6491696836447802
45,276,149,0.18225908018143147,0.283441483375164,5.572683920090824,4.972077380694795,0.6540343201855424
45,277,148,0.18641279191539692,0.2890056593008746,5.412371486911917,4.485420250150416,0.6421799282540688
45,278,147,0.1852380330461331,0.28467441517749914,5.753341137273745,5.096897489301198,0.651344564170156
45,279,146,0.19220359925220243,0.2939460769210859,5.209795634164038,4.3034175155517715,0.6299528923173623
45,280,145,0.18664205943364434,0.2821415353126595,5.851173754184886,4.531783976426972,0.6237540598734289
45,281,144,0.18620058827411823,0.27819292127754147,5.192237737588279,4.812219379473649,0.6598774173642294
45,282,143,0.1799408477465543,0.27449021692486963,5.533686298495085,4.892147577281529,0.6540564641481988
45,283,142,0.18628063798088992,0.28515540343118045,4.490761236234366,4.122083157927706,0.6368637772243856
45,284,141,0.18736626505058246,0.29087927222603777,5.189589699363911,5.246966813259287,0.6288951080439248
45,285,140,0.1837111284528713,0.28085324287491265,5.37864182708663,4.616147948178815,0.6491018848673319
45,286,139,0.18187786221892369,0.27621806623948203,5.025567643407275,4.633965792281817,0.6644707995754762
45,287,138,0.18435073261755278,0.2788108200657701,5.614027446553349,4.800163310086073,0.644236096665295
45,288,137,0.1961142564113196,0.2886989223878258,4.9026949815781595,4.380839201986473,0.6210390311032137
45,289,136,0.19138647473311976,0.2859044209695412,5.564115904628357,4.759717170099117,0.6382593603464256
45,290,135,0.18205597718948346,0.27435069558021247,4.990364735999707,4.577471322532608,0.6430187828202909
45,291,134,0.18441235011807078,0.2794836917264791,5.252911468175758,4.950693011145403,0.6176678686452522
45,292,133,0.18865287021009783,0.2870740598229415,5.52133285832824,4.903023660175586,0.6478233248386753
45,293,132,0.18902726622259125,0.2906581068710498,5.197923685722769,4.500348132827626,0.6086664822044263
45,294,131,0.18830440733817527,0.28824164048740514,5.590091305266993,4.528135993447702,0.6378340946962583
45,295,130,0.18478191353688836,0.28073272483986716,4.796743723993185,3.9817835315525807,0.6273606802229438
45,296,129,0.18363159797796846,0.2759919484570684,5.304284845823707,4.830507713756044,0.6547182577315502
45,297,128,0.18521748663846996,0.26214871368589066,5.179327124485267,4.92999945300507,0.6523289836696289
45,298,127,0.19924660153853974,0.2788268174848477,5.052660456056929,4.354456936144515,0.6182886582961177
45,299,126,0.19276770980377395,0.2714982407087697,5.775142283986751,5.269629231066902,0.6425458562136113
45,300,125,0.18766424088122477,0.26666150348289724,5.4627294554675085,4.449283074776795,0.6520538620189346
45,301,124,0.19152797718133568,0.2733051438146632,5.154464865417507,4.437805296756289,0.6605325975471731
45,302,123,0.19102459447963405,0.2779592777530191,5.341393331608069,5.417044603728997,0.6554869612844852
45,303,122,0.19113342823404872,0.27412058049510685,5.255293390753457,4.873955063585443,0.6222087394971241
45,304,121,0.19141700488901672,0.2706313578640702,4.915146880902636,4.258653770545173,0.6627029417926968
45,305,120,0.19163003799113557,0.26960900834944407,4.845071383660192,3.8946786993487312,0.6416704828115116
45,306,119,0.19170795628928208,0.27280345470101747,4.90870199113526,4.16215425213911,0.6400819981033349
45,307,118,0.19055873530798242,0.26964336228800156,5.6558571266783435,4.588030032220232,0.6474579607677672
45,308,117,0.20040518831474896,0.28080408537111623,5.669214716321329,5.473356202896107,0.6356299043309003
45,309,116,0.19756211651062003,0.2768283668170701,5.65985128881664,4.95812489537955,0.6552024732717896
45,310,115,0.1962645494908051,0.2715039487421505,5.104881707270619,4.208567032971951,0.6275930790828714
45,311,114,0.18796443995375814,0.2624474884730112,5.089154051767132,5.003611781391627,0.6593783812778378
45,312,113,0.1954156451854998,0.26690581908960404,4.992802413290482,4.612475632912205,0.6395659248060674
45,313,112,0.20173317909678257,0.2766926858691369,5.34737800338261,4.253887117244516,0.6387522570819825
45,314,111,0.20138318529464197,0.27552549302186,5.501038597675452,5.0074972595273595,0.6136369193249378
45,315,110,0.19398783569706568,0.26721890518110003,5.451752077717008,4.3787576590246715,0.6209387398241656
45,316,109,0.2013757235592373,0.27827621209830805,5.317186951890235,5.318224886252546,0.6533944919151854
45,317,108,0.1923870372943054,0.2630322526805054,5.482373540508091,5.446715913105224,0.6422271675916483
45,318,107,0.2054301700576385,0.2756481792767769,5.484268853006539,5.0465666872210715,0.6549864535890058
45,319,106,0.19690524806191526,0.2651908084413552,4.885956253398803,4.3776782978771775,0.6325654375579687
45,320,105,0.20837846384649297,0.28244178737131936,5.394164896576966,4.777342055804993,0.6191642976611297
45,321,104,0.19823776109776373,0.26744859017857686,5.124974690969847,5.010714494267763,0.6510198042442582
45,322,103,0.20019005380504706,0.2739257114837327,5.090130195827644,4.746187586208072,0.6485322237716141
45,323,102,0.2090940088807466,0.28406727257687886,5.625030308536632,5.588803476258091,0.6290626626795853
45,324,101,0.20831079060462077,0.2760280123633765,4.981880041880487,4.561640069282017,0.6190385014835496
45,325,100,0.203626937817435,0.2733032746204383,5.532893286907362,4.910733678075847,0.6500892516426221
45,326,99,0.1993554487057349,0.2668716305938221,5.018507318128453,4.6460289202670175,0.661153928631118
45,327,98,0.1981963653236108,0.26396768939241405,4.895436694438162,4.136857304585433,0.6248197121411404
45,328,97,0.21152054655291502,0.28357283081393114,5.351172536367626,4.577317829710412,0.6052823650066482
45,329,96,0.19906795849131423,0.26642062582988313,4.989235785247894,4.77283719536743,0.642535329909707
45,330,95,0.2024707479305852,0.2704884512598858,5.377627219958679,5.409111277391266,0.6524154740698566
45,331,94,0.19792983425517505,0.2687942446116043,5.263709797956567,4.431372846494008,0.6539522631819691
45,332,93,0.20685942744093,0.2778842053076345,5.02265708469805,4.795085062989308,0.6311080632631272
45,333,92,0.2083181936202698,0.28156809621760426,5.59620820340034,5.382822960737013,0.6545528336815908
45,334,91,0.20709205966727973,0.2868214515197106,5.562353496157319,4.554909986792115,0.6250997412877619
45,335,90,0.20645946625162917,0.2895880482494407,5.5198881422290045,5.122708610044073,0.6290191885044092
45,336,89,0.20620642509722634,0.2894569277461829,5.163570064469068,3.919503677239345,0.6336121751930157
45,337,88,0.19922523503536665,0.2752710049370774,5.18442586892501,4.571680337923723,0.6423559828599485
45,338,87,0.20636322291531603,0.28737770550826286,4.865964245404516,3.8058045401251843,0.6285661805085195
45,339,86,0.2018266804618313,0.27811478190518096,4.728517847870517,4.204126000762376,0.6607278480373089
45,340,85,0.20135672771557392,0.27922504995193065,5.082949288739574,4.540233742707409,0.6339301846650894
45,341,84,0.22809654448089392,0.3162619806632173,4.931556909501961,4.72694588309246,0.5586109592601108
45,342,83,0.2229499495367213,0.3048631987095404,4.9150797549840775,4.461953258164923,0.5710668443379288
45,343,82,0.2210598149377792,0.29788177596430176,5.19064195086548,4.825549532583298,0.5763156625753654
45,344,81,0.23217926865750946,0.3150652180462754,4.979397478967797,4.597170338614096,0.5352960146986769
45,345,80,0.2161230291751542,0.2984171086930181,5.161608490149914,4.959234327589208,0.5812415685239991
45,346,79,0.23035159998788077,0.32027816929665887,4.8084852533033615,4.7950589469725795,0.5587287162281227
45,347,78,0.2296178513587491,0.32210343369734074,4.771197321077844,4.751975429935948,0.5368834856070417
45,348,77,0.22094446839648826,0.3063460238537158,4.839846488105715,4.51554890114726,0.580820710837263
45,349,76,0.22989143078137633,0.31686528462483504,4.801331080804648,4.2192147570629865,0.5873232402432131
45,350,75,0.22931736064114489,0.3155871210307323,4.998955489905324,4.384749500334352,0.5486544574500262
45,351,74,0.21752578521305235,0.3072902476993438,5.313225986966065,4.561976729642488,0.595805937016247
45,352,73,0.2336995376979571,0.32874105155217237,4.4000920217159925,3.8655604759481434,0.5561159202968411
45,353,72,0.21489282340388516,0.307667153489149,4.918437750383914,4.77423419287394,0.5875484373408162
45,354,71,0.2252192467603167,0.32520064201436705,5.002356770353444,4.72802287131774,0.5668907025416309
45,355,70,0.23888675302337342,0.33644146439794,4.586699927107345,5.0095732186643716,0.5363976291399697
45,356,69,0.23085265976859332,0.32202999190654,4.982650782041864,4.739286692612372,0.5533197703540578
45,357,68,0.22471644798112642,0.3118240171297859,5.4601436135848065,4.661250790584784,0.5728652382966295
45,358,67,0.22721802406076608,0.3148904401936755,4.559688863243242,4.141867924859333,0.555323797321288
45,359,66,0.23700801014539943,0.3350599346329611,5.24005779899456,4.880816731605922,0.5335082949717417
45,360,65,0.22707908961343445,0.3167486540457305,4.956599946681652,4.505059476417367,0.5874779096299849
45,361,64,0.22475524669156233,0.30706996245389173,5.001288369384026,4.22563845566054,0.5904418605775553
45,362,63,0.22263210325361532,0.3057683976778075,4.929019417406396,4.284624898342708,0.5921481388865616
45,363,62,0.22880851097068564,0.31304957694537955,5.061662895845906,4.703039300987072,0.5593016042078703
45,364,61,0.22601676933181486,0.3066545621698587,5.19018104984621,4.777577531865176,0.5729105250641091
45,365,60,0.216730411520009,0.2883127092028855,4.910586937795831,4.4019440954674725,0.5937369598689076
45,366,59,0.2215560387849228,0.29413287870616023,5.0288554499635785,4.76660153916321,0.6120955386230247
45,367,58,0.22318984580525306,0.2986219267341903,4.555108503381705,3.783494536039083,0.5858521892655413
45,368,57,0.21904063870951407,0.2931456201069402,4.838576493879099,5.054967302231156,0.5947084889697521
45,369,56,0.2348266878071603,0.317837847703057,4.515784831876159,4.09942377918747,0.558300166990792
45,370,55,0.22213478769316958,0.3058941547282674,5.021372075162814,4.26906420526766,0.5950763670882684
45,371,54,0.230308600349384,0.31540569317104267,5.222574728394775,4.348019182057272,0.5969982607850305
45,372,53,0.22019325779507726,0.30017589528069566,5.071897826731407,4.1749000106314025,0.6069324149532
45,373,52,0.23501775198395203,0.3185167030286211,4.920472690859479,5.110022380134088,0.5820885124858582
45,374,51,0.226680701423852,0.30493771291123856,4.7663600605760195,4.362039497402868,0.5683016169018289
45,375,50,0.2443453678704671,0.3257078534884364,5.102061814404107,4.085167824832437,0.5551317627767418
45,376,49,0.23355242189027053,0.3124394538134527,5.26152013326577,5.482544868849104,0.5707805582469326
45,377,48,0.22690336498346017,0.3045973096742758,5.266111473715712,4.0765028974827455,0.5700452223959576
45,378,47,0.23456095331169186,0.3131408784211477,5.021588146520083,4.8601837972135895,0.5627908311758001
45,379,46,0.23583828136604873,0.31499194281923415,5.043209408522047,5.216935562272892,0.5860746361021981
45,380,45,0.2349911498701,0.31208390336680697,4.930819214842478,4.573420728501175,0.5782032566343445
45,381,44,0.2433683714749354,0.3247037963139897,4.873047293610025,4.367156780294193,0.5284696728074233
45,382,43,0.24109397928957468,0.32286075050328455,4.791061921471197,3.9988798664858187,0.5434822101523059
45,383,42,0.23431000053741638,0.3156438331826016,5.079536787623487,5.145162296184392,0.5760218425122617
45,384,41,0.23883481913117915,0.3223779692951388,5.4917348775816315,5.218370505744323,0.5558235312619187
45,385,40,0.23891926421918722,0.32128823259366,5.226879921177234,4.389829409463776,0.5446413227223174
45,386,39,0.23414613425794978,0.3150296946221865,5.11657322152629,4.402145504883767,0.5688589859166285
45,387,38,0.23880537495383447,0.3159582657619822,5.6641621689197255,4.7896858991481635,0.5576849748388589
45,388,37,0.2393831762208508,0.31704899385139934,4.741140510665166,3.8518499146227594,0.5639748407300484
45,389,36,0.23993775166925962,0.3188945203531489,5.111402631740665,4.902654972167957,0.5557519457428853
45,390,35,0.24087632545966522,0.3217743574807191,4.651811794162166,4.222022285339563,0.5597137279945277
45,391,34,0.22581998841637274,0.3008114919109121,5.524562724385499,5.35377341208165,0.5877955767988419
45,392,33,0.24467551368884008,0.32356190740747287,4.808754522589142,4.363588754307635,0.5561394968525294
45,393,32,0.2399561407226517,0.3165498130390317,5.311532587845277,5.023231364876839,0.5345284183270835
45,394,31,0.23822991160802343,0.31419823503288696,5.072129961916435,4.701821733792972,0.5624235474988352
45,395,30,0.23383788347919685,0.30719140718152443,5.185222111819991,4.284471080593004,0.5595712409234159
45,396,29,0.23771759337755424,0.3167489193047689,5.4278562002301864,4.4399758104156,0.5631772569697155
45,397,28,0.23931650861308357,0.316189255421953,4.919335341044256,4.466630903442044,0.5876073690620353
45,398,27,0.24466238643803406,0.3263224741931997,6.222380915300768,5.368294390698994,0.5817455985201953
45,399,26,0.23026744413881248,0.3091724684956955,5.259120237215109,4.393313616079336,0.5759420420513868
45,400,25,0.24764215234382825,0.33382154584917134,5.05775494368707,4.784429122186312,0.5604094493283089
45,401,24,0.2444575390179994,0.3281945843382622,4.552156899933698,4.033026849077105,0.5489911079408712
45,402,23,0.22685542406212955,0.30212793667208393,4.723871044214464,5.048358919434435,0.5935164402094188
45,403,22,0.24085010114790548,0.32109147185408704,5.263358309594295,4.362424634835456,0.5539815171929228
45,404,21,0.24322677264911524,0.3257120038460528,4.435147112939786,4.10060403003866,0.5331155640266411
45,405,20,0.2509367256120809,0.3375317813392428,4.746213831958528,4.1641191241620445,0.5750852191787544
45,406,19,0.23593833736617834,0.3191765543940733,5.154085078065065,4.008119077464189,0.55896565739504
45,407,18,0.2375383239456572,0.3201674775488996,4.42525741896469,4.279630794266786,0.5706159772400426
45,408,17,0.2557746274696327,0.3507464172454442,5.14113670087988,4.702996381384444,0.5388189580653832
45,409,16,0.23116322445790366,0.31623177539930053,4.99406483600753,4.37711870138778,0.5931845701293047
45,410,15,0.2452544618364235,0.3366520006979358,4.990809664240118,5.214427373961431,0.5446567536965825
45,411,14,0.22759168656768947,0.31472184243943835,5.236343554235185,4.65267741340952,0.5801750604729929
45,412,13,0.23694578500126887,0.3302709099586845,4.924949019967027,4.151044892818016,0.5624754634210257
45,413,12,0.23884357731481345,0.3277756193888333,4.732586204738315,4.214533646226484,0.5869783903511673
45,414,11,0.23741327263004716,0.3236866431840846,4.937866623972502,5.0576823766355785,0.5760571938583077
45,415,10,0.236699463412418,0.32344261723278517,5.34784758181624,4.580147904772316,0.5616816833218689
45,416,9,0.23400898706476195,0.32003579247091113,4.6304057295350045,3.964076322407025,0.58271170675811
45,417,8,0.23887288276061505,0.3225204056348306,4.776482821148496,4.45073693656408,0.5547036154813373
45,418,7,0.25206355108783585,0.33902986685305947,4.854016656101942,4.493993829172631,0.5336201852626857
45,419,6,0.24944605267964565,0.3392891379974336,5.0256628028239945,4.675966288788915,0.5484230072860614
45,420,5,0.24400247987795662,0.3327744034067665,5.130910249930984,4.2056056979105225,0.5463044936139337
45,421,4,0.24233677470250756,0.3317178240378069,5.033840549116,4.889241853474632,0.5692353712413583
45,422,3,0.2448669771877122,0.3365395368662597,4.712992882968573,4.3231162346551955,0.5524172513497837
45,423,2,0.2586437584360443,0.34577404904123454,4.807083432345229,4.622601256602631,0.5342231480941685
45,424,1,0.2504239224620141,0.333799772926814,5.090441221100573,4.641835180888323,0.5807281450945303
45,425,0,0.26069441110011915,0.3510937020068778,5.209626354299312,4.3511999384289695,0.5507584654584098
46,1,330,0.13694781167100875,0.21739796635633074,5.249908205904344,5.047903793397321,0.7536664817150774
46,2,329,0.13109139072629217,0.21044939581690475,5.45855647329822,5.161524072308881,0.7439083569437165
46,3,328,0.12818580447163674,0.20262187082950028,5.558556304472647,4.913513453656255,0.7585476146107056
46,4,327,0.13557485901611993,0.21578798826592707,5.504105770664955,4.534119619973498,0.7417179994534855
46,5,326,0.1301844218828945,0.20569322953904223,5.3430565046812415,4.627187286366884,0.7592320269616883
46,6,325,0.13613086430578644,0.2130799453426082,5.453118049503234,5.101973983253772,0.7418479986371508
46,7,324,0.13605723750538773,0.20921050459225238,5.635842499292291,5.889018015132818,0.7124816054768175
46,8,323,0.14067613569273216,0.21402359978295044,5.38631404107622,4.298839070327818,0.7501866473009825
46,9,322,0.13718816579184054,0.2099140055457739,5.159006391594429,4.229788062732291,0.7590552950814171
46,10,321,0.13628052786892328,0.21076638378532742,5.263262577042888,4.978211224872306,0.7290221366960473
46,11,320,0.1338412011495002,0.20776439136937155,5.751762344674485,5.169624404546821,0.7384806711785967
46,12,319,0.13437493798827435,0.2076442573833259,5.390195402813207,4.227470540847694,0.7582275233891992
46,13,318,0.13272445477447636,0.2115633107829648,5.515770964719795,4.662841490836124,0.7526433044551367
46,14,317,0.13431936977461856,0.21541359463362278,5.638278500210552,4.893522449765088,0.7542353795858912
46,15,316,0.1349545666295867,0.2178102157836918,5.481859419226449,4.349616211367778,0.7509858670150807
46,16,315,0.1284032226994652,0.20586001959434422,5.4321465861475025,5.310633089357434,0.7590928314618713
46,17,314,0.13588131970877357,0.21580205512447362,5.870581907671598,5.742962039427419,0.7407863676826991
46,18,313,0.13419679993960107,0.21351430785628447,5.439700106204372,4.2027285498515194,0.7554159111918682
46,19,312,0.13282468283818064,0.21197875845684488,5.514807206362585,4.616611771206439,0.7611156455262095
46,20,311,0.13531324071666445,0.21426260966503036,5.201951747751146,4.679244496766706,0.7313474477016688
46,21,310,0.13849584463056622,0.21630409399420522,5.659448197453014,5.098590940562268,0.7329392086177197
46,22,309,0.14026754750536716,0.22017531534379342,4.902778180786986,4.617088488776167,0.7243540071762513
46,23,308,0.14031176495493858,0.21763481127662862,5.188564360807053,4.638356454954535,0.7494618473586739
46,24,307,0.13826822202875308,0.21722484793302482,5.153170772362719,4.2993371794492505,0.7490895075896975
46,25,306,0.14027639718067791,0.2155950739251375,6.549517997423788,6.279160777343237,0.7515988315208255
46,26,305,0.13763506446238638,0.20905517519747163,5.5362055083620625,4.521945067456342,0.7206084332428969
46,27,304,0.1444380325359516,0.21985589649849382,5.967334541909429,5.006789930164805,0.7375188398820619
46,28,303,0.13944111927185732,0.21232761924634067,5.288953193680987,4.3352997879181805,0.7448711550594745
46,29,302,0.14053247733797566,0.21337958272692073,5.370099915586568,4.556107905257217,0.7304121886865741
46,30,301,0.13879529631630427,0.21140486274882686,5.239406337569472,4.507897409145132,0.7369839085073793
46,31,300,0.13534787052004155,0.20632331446847169,5.110541219264315,4.377831792574544,0.7573476536907634
46,32,299,0.14116296076928217,0.21516036290443624,5.5114231825863005,4.7687040929944695,0.7278933682530949
46,33,298,0.14009498013602273,0.21274438505113397,5.325464704198168,4.830903604176132,0.7402173524703025
46,34,297,0.13871591981114684,0.21386451810720547,5.151550079864629,4.579040021980385,0.7498633398836855
46,35,296,0.14027905207315566,0.2148097383126599,5.65447611361325,4.585824876196616,0.7255829469092004
46,36,295,0.13687335301328205,0.2089938331880113,5.342732059017402,4.7026089687960315,0.7632664503082235
46,37,294,0.14120932731280264,0.21361632767654826,5.560953985118931,4.558210934541402,0.7291160607216134
46,38,293,0.13789956421660124,0.20845009058474473,5.2698214382428095,4.633927946323199,0.7412704757998017
46,39,292,0.13598266494281405,0.20961346661541225,5.637034429413675,4.954946340117318,0.7543407113145406
46,40,291,0.14044073394154757,0.22007833898951806,5.350709331566481,4.612026954916595,0.7632639373798572
46,41,290,0.13662620154013322,0.21177378825888424,5.592176942386406,4.5929105368252,0.7522827766645311
46,42,289,0.14165096237869432,0.22043726395701543,5.149538063099698,4.2184661056988695,0.721913057607842
46,43,288,0.13984765305308075,0.21910115298026356,5.259471157613345,4.526060707841732,0.7331201958679399
46,44,287,0.14162362537642242,0.21886880090807637,5.9981761713914965,4.963207264107028,0.7676839734393228
46,45,286,0.13992461033921813,0.21538207572071627,6.166286325515964,6.5485542127840635,0.7688705900501998
46,46,285,0.1370002581704986,0.21165092663758994,5.603579841150676,4.563251601602133,0.734009742349365
46,47,284,0.13986660369896448,0.21785278283686013,5.573886399986922,6.4015900759775795,0.752052655490988
46,48,283,0.1390298355745685,0.21866336751868481,5.7024177938017,4.773533063150163,0.7326892831700891
46,49,282,0.13485392559055806,0.21584480076534648,5.222666074654197,5.21606269600341,0.7426633576880834
46,50,281,0.1365528199933232,0.21540636551118283,5.057374746290849,5.355030726835323,0.7203275824155865
46,51,280,0.13636936550323017,0.21670797577684786,5.685486229592418,4.891803749456128,0.7662067425424187
46,52,279,0.13945123260988798,0.22877070174459374,6.115950708047932,5.16151906212196,0.74469917416129
46,53,278,0.1367560464258329,0.22344663095657402,5.545937209341917,5.796191183546718,0.7149613196386865
46,54,277,0.1401370411923781,0.22433902506070905,5.894459491713118,5.193786772144055,0.7280853288364754
46,55,276,0.13690779707442408,0.21847630536179874,5.220171607554693,4.5114383424243965,0.7367212287113493
46,56,275,0.1319331872391657,0.21315034683224718,5.63121782990561,5.597963289738736,0.7465252926061936
46,57,274,0.13891716582069696,0.2263041934712123,5.168791148419766,4.398337931724245,0.728112348315824
46,58,273,0.13635521093375855,0.22420043144020974,6.152716849401637,5.938385988023435,0.7520510923518791
46,59,272,0.14351517852182955,0.23375011926960743,5.851140812500592,5.835100294364538,0.7424075063496995
46,60,271,0.13829296130683086,0.2271786265649233,5.496738434317008,4.640480901334628,0.7533034645328176
46,61,270,0.14102465955014853,0.232897630293559,5.460309216723191,4.721352814701508,0.7280800273629972
46,62,269,0.13727663903354678,0.22251190282618002,5.532052079001586,5.81050156376224,0.748651210774259
46,63,268,0.1392814765965626,0.2264847665029226,5.170816078418763,4.190253193556475,0.7125718747213458
46,64,267,0.1389466906280469,0.22500062018942854,5.346961808853642,4.491503083684898,0.7374795461135744
46,65,266,0.13436429468706884,0.21789063570161532,5.758551978415997,5.117797180918415,0.7429080100346797
46,66,265,0.13943667541838728,0.22542852033827526,5.396888728714755,4.6814189413396425,0.7341889429685062
46,67,264,0.1381347433579261,0.21872658909301915,5.457465027752241,4.729821415277788,0.7641385309465843
46,68,263,0.14020961716666575,0.221306056934307,5.359081748688845,4.517873370535642,0.7181200322127398
46,69,262,0.13911249312415602,0.22420960850143476,6.416256183797568,5.4302398129825775,0.7415957672909957
46,70,261,0.1422111544639845,0.22810852580285876,5.62717598937449,5.04021578116083,0.7276348811794355
46,71,260,0.1403183717606371,0.22798109300417033,5.625944644751636,4.86672575924615,0.7197254311149135
46,72,259,0.14080369308704815,0.227724987661747,5.878533832731378,5.4903105389876234,0.727471619737942
46,73,258,0.13726405600586475,0.22122047810939868,4.520710831880857,3.64343067916859,0.7496693655200004
46,74,257,0.14527564020744538,0.23118672057833994,5.080848072788889,4.3723931215558745,0.7148160366136016
46,75,256,0.1418414857762444,0.2250139724158251,5.733626943010529,4.9317332634699556,0.7321519784280947
46,76,255,0.14531643703342656,0.22878635224409524,5.4111376599511924,5.0601670732701125,0.7150349053739758
46,77,254,0.1394083734212864,0.21599706243305483,5.684213404095085,4.8398570484607,0.7641467705013626
46,78,253,0.14366786303945614,0.22057244182067448,5.525486898385688,4.586423392696438,0.7175559829890558
46,79,252,0.1435346373823928,0.2271343945208139,5.5958172285532575,5.47594322045326,0.7204620068559926
46,80,251,0.1409739712336522,0.21952603366523613,5.084637829772262,4.358617589035099,0.7405488726841432
46,81,250,0.14311726233200123,0.22210400659091162,5.5990398627754665,4.872762633988842,0.7314607102208838
46,82,249,0.13798293679114657,0.21448243709542605,5.579084169073969,5.057355870137052,0.7410875975648038
46,83,248,0.14333259839186963,0.22156972827542332,6.234090118463684,6.732076045892221,0.7419776114126486
46,84,247,0.14035382735464588,0.22037973250793588,5.542465547391275,4.657428192025919,0.7366494456622349
46,85,246,0.14391187382422674,0.22683155884876446,5.422913314286612,4.35336047063805,0.6963285536618893
46,86,245,0.14126710932046566,0.22271935603508147,5.164731974027337,4.619284899733868,0.7457579022283677
46,87,244,0.13977786742519915,0.2148120284236056,5.615284839790007,5.499334430680096,0.7136376510436697
46,88,243,0.14243297646354308,0.22034635220710375,5.572219690566573,5.118953150996333,0.7257159290844857
46,89,242,0.14428051782102425,0.22218970002159807,6.2802509293708315,5.34117675362046,0.7537672402153149
46,90,241,0.153001676546444,0.23182001148305476,5.623281739618485,4.804764988624553,0.7261934093954355
46,91,240,0.14862831418575229,0.23124169030427633,5.881143521223772,5.2983680183722575,0.7092119270372751
46,92,239,0.1424988895640622,0.2258840181201971,5.8671296690162835,5.39000099432411,0.7306198758110939
46,93,238,0.14130333313514432,0.227092760762603,5.394320727792875,4.718875596729072,0.7286137685489572
46,94,237,0.13992934901086065,0.22376020216881873,5.442743301997053,4.549595328268134,0.73830364106712
46,95,236,0.1446638186299571,0.2292245290205628,5.443389023138305,4.7752691704223755,0.7301832964529108
46,96,235,0.14313620743819638,0.23204388517579988,5.3798441319275945,4.211038622923851,0.7305554101538212
46,97,234,0.14223262903228542,0.22720185202282175,5.516690569803268,4.958204454108068,0.7209104348769262
46,98,233,0.13767024394247607,0.22141980975849362,5.064352548293179,4.315094329975564,0.7257962183553089
46,99,232,0.14585313301796196,0.23255018145582307,5.56418726496496,4.85413973722009,0.7267432337024325
46,100,231,0.14287167816772542,0.22666042929062039,5.219240441494252,4.366189519177628,0.7328556356476443
46,101,230,0.14520817731372354,0.22840000377436792,5.645606081792186,5.217265690778831,0.7225448019149704
46,102,229,0.1499790455184838,0.23506350110867763,5.201183945992066,4.144508722907375,0.6980596084926842
46,103,228,0.1485918127879179,0.22966029026452575,5.858081326213885,5.065186607367773,0.7317094215007804
46,104,227,0.14032314749796726,0.21465536551834066,5.359360015965254,4.620859911261069,0.7443174145200707
46,105,226,0.14021107632209834,0.2180903694714963,5.064356537514908,4.645226447856497,0.7207744380824536
46,106,225,0.14974765520446356,0.23788521533056892,5.5761782771341695,4.734484869924139,0.7421829893963644
46,107,224,0.14321687225625057,0.22556900129115773,5.892888101180352,5.656665793584217,0.7243912320976568
46,108,223,0.141409688059748,0.22394154194680788,5.8502114909556315,5.159570812553014,0.7507689275568764
46,109,222,0.1419505652676868,0.2211686250481043,5.324352959647971,5.353429536154801,0.7289931307439456
46,110,221,0.13921176930305035,0.21524450799046324,5.315377958328501,4.526199249945253,0.7449373159022716
46,111,220,0.1437758126337075,0.22063154198766632,5.429276554890307,3.993240206566535,0.742879812670681
46,112,219,0.14342158335200486,0.2205321152565624,5.436362721181268,4.605979355307094,0.7456498378834818
46,113,218,0.14500708784198635,0.22517267527592377,5.083196647802524,4.43242371534017,0.7276119869316039
46,114,217,0.1420340344738069,0.2222179282084301,5.467704619369584,5.676055124057954,0.7250791648441046
46,115,216,0.14793901877436022,0.23253508135964426,4.947807246111184,3.981860502546148,0.7090215986647159
46,116,215,0.14764198284774763,0.23586304530406713,5.320097528356616,4.346874539260233,0.7157341302565627
46,117,214,0.146222799247592,0.2338596297892693,5.875856721462482,5.13886540533537,0.7187858684398275
46,118,213,0.14480418351989296,0.23021564325578006,5.039883701425317,4.659697626011829,0.7371131365554401
46,119,212,0.14722499411762738,0.22882915302475676,5.182238922202796,4.518547341061872,0.7546622872022707
46,120,211,0.14704573447450964,0.2278772840530985,5.660574055961952,5.810328798327146,0.7189067960864839
46,121,210,0.14898353233094194,0.22863153101150963,5.298101652682547,4.765427056932871,0.6877088966993227
46,122,209,0.14522785052573575,0.21993067904870026,5.633642985132501,4.805834962705768,0.7342825837078533
46,123,208,0.1508287195145517,0.23279136921102073,5.341766038165431,4.4455714549558545,0.7027329883167038
46,124,207,0.1542126952112848,0.23457575640895134,5.398556960891714,4.835440815667492,0.7056737428597696
46,125,206,0.15506514048463002,0.23380070557177865,5.924662692133241,4.906910105324904,0.7225122980798766
46,126,205,0.150488472710722,0.2256702964360338,5.672972221547878,5.261259450916084,0.6978955558030929
46,127,204,0.14852372339724243,0.2253369658715056,5.664770040123999,5.375778400867901,0.7170868056338846
46,128,203,0.1462719568797715,0.2246951749405228,5.659658404589994,5.081828800252066,0.7084443307004872
46,129,202,0.1464119639223611,0.22348485208251717,5.341656680714463,4.50027264132268,0.7355500218138034
46,130,201,0.15009363052617164,0.2330245091664093,5.424859625664027,4.4726331222692846,0.7301189504055786
46,131,200,0.14710902232558973,0.2330364395738254,5.454592645397701,5.168935898271484,0.7306260365962192
46,132,199,0.14727547545951056,0.23171901014178498,5.313803068971727,4.715194274644128,0.7352104281529518
46,133,198,0.1580447392891304,0.2479207271663724,5.225923502822449,4.738085890664257,0.6609065838097518
46,134,197,0.15942727751856328,0.2503329624204584,5.13762433926229,4.047184099224157,0.6813267312685687
46,135,196,0.15558759688773466,0.2412662526639845,5.476524704816251,4.718182214265171,0.687457894762199
46,136,195,0.15713198208881046,0.24599630189709484,5.50218024754738,5.423732211195641,0.6604838528960683
46,137,194,0.1574962275923854,0.24199227260808012,5.206151527582581,4.615658665099588,0.6576036879554256
46,138,193,0.1591536276391654,0.24601979294956883,5.479857473368286,5.052333388437299,0.6742799391638374
46,139,192,0.15858812183670043,0.24890273347243194,5.157422997641035,4.5573468056102735,0.6638369274686844
46,140,191,0.15765924187720926,0.24652532250360218,5.745888014071844,5.822177642161982,0.6654698438347866
46,141,190,0.1541644546174517,0.24168009007128574,5.036822266368331,4.425689839594818,0.6684800354910166
46,142,189,0.1589179499146859,0.25264655021250343,5.271036656903509,4.833634817483818,0.6688829483199479
46,143,188,0.16056272702752886,0.251981104181926,5.541721694790109,4.807386361973053,0.6689813816673402
46,144,187,0.15716648837743588,0.2426429574809633,5.255876762408896,5.191861782531879,0.6801565024418701
46,145,186,0.16060195631241744,0.24938285116375297,5.200773483805667,4.750342084533009,0.6646931946086364
46,146,185,0.15746674890744966,0.24642674570774864,4.781006502360594,4.29151401101155,0.6708372136863195
46,147,184,0.16115937141849546,0.25404436871434977,4.706488638177579,4.082940195717431,0.6539046756368212
46,148,183,0.15795028360331514,0.25553245035766636,5.076218227340438,4.056134763074506,0.6784037033769077
46,149,182,0.15329239507738943,0.2519821099133206,5.381781071417249,4.602242403611348,0.6681233311766738
46,150,181,0.1604640911024468,0.261130651574527,5.343653988353817,5.011879034706104,0.6725003259875796
46,151,180,0.1584001250555887,0.25447436866701273,5.043970246083832,4.5731948847391575,0.6741287747115092
46,152,179,0.15674559214069628,0.25878566108977763,5.10959944196407,4.502862230799023,0.6818424999850877
46,153,178,0.1511139755966841,0.2438162039974957,5.213673599888413,4.754103706026926,0.6847938522751676
46,154,177,0.15879265024036485,0.25569998367453967,5.295050401554766,4.679997083111757,0.681098109193161
46,155,176,0.1573377503675003,0.2510157215302979,5.349910212411709,4.389513697547211,0.661452630608286
46,156,175,0.16468689588933388,0.2626710408329444,5.532046263343917,4.714131380621624,0.6722107027333526
46,157,174,0.16156209628621598,0.2586098749455207,5.792560888422853,5.120483828864598,0.6626427060988958
46,158,173,0.16162043044831564,0.25533463214552116,5.263724758792069,4.461680552294901,0.6414602381276844
46,159,172,0.1620764534789156,0.2519570097988958,4.907889404938521,3.9340015081012503,0.679351773217262
46,160,171,0.16312693318852306,0.25312560932301337,5.749049064695896,5.652422431133825,0.6830903935494295
46,161,170,0.1649010722310642,0.26190531156906877,5.023408353575659,4.157751751835511,0.673602887866449
46,162,169,0.16186542936701423,0.2582215296002226,4.906608313872143,4.432836226695281,0.6639832953705614
46,163,168,0.16117640845202072,0.26222876477178225,5.750331537657797,4.9911891805066295,0.6544760366664988
46,164,167,0.1620637498236196,0.2601444307219056,5.392513679339935,4.967425359907666,0.6586859729908328
46,165,166,0.16404495773534997,0.2625587225903679,5.774939183518988,5.192157885827751,0.6467782348230617
46,166,165,0.16277391128628185,0.26084495452601575,6.002628916412265,5.373685839235861,0.6772155689014291
46,167,164,0.16373383045639464,0.2624383838721418,5.497071677270724,5.207399002751868,0.6734129263194175
46,168,163,0.15530302066293394,0.2505649539023482,5.191753155929894,4.933674328074244,0.6833708481176094
46,169,162,0.1640639769194279,0.2679253501905451,5.886024523725377,5.1271016087954155,0.6567731497852665
46,170,161,0.1562940640194444,0.2564294741197932,5.4169538151700936,4.5655061356885955,0.6732126599501878
46,171,160,0.16441162097886727,0.2676463084185121,5.088659204532361,4.197958332033474,0.6242415793389257
46,172,159,0.15721531286414098,0.2567915115193159,5.500685775993603,4.795669874408016,0.6808586984478484
46,173,158,0.166307075866723,0.26491675275725945,5.260417948843746,4.8440908469219535,0.6472102126355981
46,174,157,0.15951847472384073,0.2571161458701168,5.670148641618803,5.301087311242442,0.6892424014259246
46,175,156,0.16056345260434243,0.2576571993371468,4.922149448258362,3.863304886215255,0.6541010677529423
46,176,155,0.16546766219279932,0.2611653050775876,5.71747354632268,5.294338444314415,0.6531759316083842
46,177,154,0.16917731131786634,0.26569212677262544,5.484303222498274,5.3522336869416645,0.6371382305851183
46,178,153,0.15772211373551837,0.2544515522657246,4.769497620859777,4.1555389917325165,0.6739447393107396
46,179,152,0.15340144954449983,0.24869142940842595,5.163994824406719,4.696939281027809,0.6743833924687246
46,180,151,0.15675139628595616,0.25071384500356364,5.390321997390959,5.1493673341192485,0.6529019281322186
46,181,150,0.17163549946741055,0.2761747722255941,6.1439369013952785,5.240539932315986,0.6369645727927244
46,182,149,0.15700135068199922,0.2555003040496702,4.903107422024762,4.204513712521566,0.6786633572087433
46,183,148,0.16086406436277298,0.2570857173770233,5.192121850325581,4.599298245959192,0.6590045371494798
46,184,147,0.16070579451647168,0.26251306526436785,4.946235353081496,4.099268643599303,0.6641077837351489
46,185,146,0.16105439399307014,0.26331606750251324,5.86650868353175,4.381487374548438,0.6726646310558106
46,186,145,0.1589750312858734,0.2552877291009508,5.1681799564977515,4.702498036529281,0.6800573432394764
46,187,144,0.1630747192664809,0.2606816913624362,6.033078532031288,4.97097943474205,0.653225071830766
46,188,143,0.15785562132899356,0.2592422744099807,5.5022720205537325,5.298763713413508,0.6812676071386538
46,189,142,0.16007565222493877,0.26282415278531374,5.191658869434805,4.498078216440937,0.6590204823578939
46,190,141,0.1648845797615686,0.2684728694779093,5.580406807999052,5.413877298044415,0.6556379686685734
46,191,140,0.16430184263694486,0.25977780649051024,5.581721438240614,4.580718845763798,0.6711052040646382
46,192,139,0.16521631812791243,0.2638791635586616,5.3850873049918215,4.756497092353984,0.6561997509434188
46,193,138,0.156164512827057,0.2515847144170417,5.217979025911928,4.982759949558286,0.6601352531407823
46,194,137,0.16393944561370552,0.2644116239348799,5.0321036900418665,4.3001633468960065,0.6360734890677653
46,195,136,0.16303748325368936,0.2629335182509302,5.106723864440066,4.6679753984534615,0.6480578220583858
46,196,135,0.16660322815823753,0.25865527200297594,4.727616638750916,4.167042167749734,0.6624867873073085
46,197,134,0.16875084884357816,0.26144797273772086,5.6668034815751565,5.195875023382612,0.6538398121769085
46,198,133,0.16839788339349304,0.26024238404194,5.14289819601948,4.526806889246356,0.6342408929183582
46,199,132,0.16563094171048884,0.2531202528628534,5.251795771960925,4.2646343733183,0.686956551411938
46,200,131,0.16862830746000793,0.2630195960069542,5.065386740586348,4.862005875359298,0.6386086198940839
46,201,130,0.16681284400894603,0.25934600385688206,4.908836463456845,3.8880055260534334,0.6492675025030658
46,202,129,0.17157816731638795,0.2597659324976949,5.051007344900695,4.645043054580101,0.6406281373979605
46,203,128,0.17256965625404627,0.26545987553844125,4.939531388732437,4.69168229012377,0.6280256923923039
46,204,127,0.16819262308474262,0.2604837360337625,5.207837590138282,4.247934482069851,0.6646086464200065
46,205,126,0.16767301367023882,0.26000804934664,5.184282916219508,4.632604318634355,0.6385786110676973
46,206,125,0.17111448438004703,0.26108475017764693,5.684675656208061,4.96120687232915,0.6553130682446827
46,207,124,0.16630281535120198,0.253601313331793,5.875546541216519,5.694093398528264,0.6595400466074613
46,208,123,0.16593349883958386,0.25474656839369736,5.153780111056568,4.6299926674732825,0.6372558047098054
46,209,122,0.1724196759799656,0.26636356313633625,5.33244002997081,4.58425294826858,0.6503691422675362
46,210,121,0.1573328200469364,0.24590354308195023,5.492324896286529,5.0313693460198206,0.6737981910483067
46,211,120,0.16855560455430338,0.268371642122761,5.813322392434929,4.841267285296406,0.6673455313020544
46,212,119,0.16495599347065845,0.2612863223808188,5.656521534250388,4.954026894189432,0.6624826990776973
46,213,118,0.171726355379531,0.26916341700581264,5.374375034385676,5.130436292829059,0.6568921113152506
46,214,117,0.1701355848454666,0.26688212352928986,5.537773009575533,5.336361279559789,0.678844131635552
46,215,116,0.1694089998344922,0.26290546631964923,5.180072845286517,4.975377482996459,0.6561325539057055
46,216,115,0.17364831946608034,0.2663435528859246,5.083951813788032,4.683931553010871,0.6260911063288744
46,217,114,0.16713791899721608,0.26233270421055904,5.421537603548822,5.123335192268272,0.6716896417804028
46,218,113,0.17459843707853434,0.27874776782534155,4.9072113232519055,4.159305680187313,0.6511217304057905
46,219,112,0.16616153667841724,0.2671157989303046,5.83524218356613,5.171476803380178,0.6730845424561361
46,220,111,0.16431059088961206,0.2619936201665456,5.486681960624675,5.0309604323442745,0.6511456313921352
46,221,110,0.16608858903322138,0.2633993350224095,5.0014131214593585,4.527210115857826,0.6726195321485868
46,222,109,0.17125742967523816,0.2740547078750892,5.283395867670021,4.631095909849161,0.6187899122930126
46,223,108,0.16505953271800422,0.26181988781898224,4.720907750495446,3.866114412092207,0.6596009997705609
46,224,107,0.16984198785746007,0.2682616437234699,5.219092166814612,4.341790734376161,0.6680657029115136
46,225,106,0.1705090197537823,0.2640622157620749,5.330331364900514,4.396641719138063,0.6461369146048124
46,226,105,0.17104008661933762,0.2618289064978041,5.675307605886061,4.6656675596357005,0.6515849477394912
46,227,104,0.1679808855218996,0.25434598825755494,5.13714162339722,5.000603968373416,0.6412262707524026
46,228,103,0.17280810879917807,0.2619073470383398,5.417882671799068,4.732957034006755,0.6620556081837842
46,229,102,0.17258820532874594,0.25410756458396416,5.031524243114653,4.922272217357978,0.6448740889154604
46,230,101,0.17576909767761772,0.26167087800574773,5.429818062815951,4.616860401495588,0.6435205291820055
46,231,100,0.1718047689609783,0.26117364526189263,5.104462304900258,5.199312152800698,0.6464510541888222
46,232,99,0.16934444358319198,0.26417763636409947,4.9422830020854835,4.480404632953465,0.6497758268335788
46,233,98,0.17852790752767397,0.2798158577218253,5.137061731122641,4.9488363461024685,0.6184964829609811
46,234,97,0.17087631778112475,0.27223479650847016,5.174060053240968,4.656882662303679,0.6436135604980152
46,235,96,0.16710984511003416,0.2688218821594148,4.9678662456763725,4.296266215963771,0.6568580537158251
46,236,95,0.1715412412764726,0.2759176358690834,5.0049883442439125,4.371963170988074,0.6526953076352866
46,237,94,0.17206663543084075,0.27029978247794023,5.234038764547756,4.615608329521253,0.642855745574044
46,238,93,0.16482403672918805,0.25957784243734044,5.152406956994211,5.353766191834114,0.6474192333722123
46,239,92,0.17095791507366168,0.267313393835112,5.386518391678672,5.284969886350552,0.6611618777111121
46,240,91,0.1725381211269863,0.2694632273762486,5.7157355510664445,4.857959909925171,0.652247912432129
46,241,90,0.16903912903006163,0.2661158112445483,5.296994010588195,4.080358987220652,0.668189230951337
46,242,89,0.1736404581819365,0.27118261765964063,5.297732885193584,4.497906093161662,0.6657925850975126
46,243,88,0.16695548389618756,0.26088209000406265,5.003119143326526,4.375850006005932,0.6564744645341535
46,244,87,0.17285900794948122,0.2701172242240783,5.405315796983647,5.495705208402493,0.6540886508781749
46,245,86,0.16958834794832567,0.2680901459967316,5.06845275433812,4.401403860099421,0.6324280352458233
46,246,85,0.17459450111817273,0.27898918069693307,5.518431448140934,4.827826888180023,0.6564672080186077
46,247,84,0.1695717894401911,0.26855039670104003,5.606289176173604,5.68336977891007,0.6518207241512607
46,248,83,0.16833133783793525,0.26721281404512903,4.989352070165712,4.7452278074025145,0.651167929425985
46,249,82,0.17190066340672522,0.27105887859898276,5.661023281180432,4.913549582415438,0.6425995606589895
46,250,81,0.17126764731561755,0.2745048145626875,5.487878073157321,5.905822657553152,0.6495758021278242
46,251,80,0.16994545293813856,0.2733489638153583,4.930459028384285,4.26963842424458,0.6413565308780801
46,252,79,0.17842383136867002,0.2842428409725792,5.428285686716789,4.5226889784915265,0.6560801173212676
46,253,78,0.17530508877675557,0.281142767099086,4.865119857808325,4.0839959518553055,0.650864555460547
46,254,77,0.1705755301536618,0.27105774245279557,5.942093398123824,5.410865912032058,0.6527586811494436
46,255,76,0.1725921104220636,0.27483531988881377,5.423238869583557,5.35637607370936,0.664113962003555
46,256,75,0.1726787864071579,0.2763459486331006,5.3292293203332495,4.429769465384294,0.6464914057500706
46,257,74,0.17470184025045116,0.2768765685640717,5.237820143687918,4.48349173703141,0.6275199564709956
46,258,73,0.1709610961490493,0.2737235708711359,5.4381338287900185,4.767621279828041,0.6355849168169531
46,259,72,0.17452422485492222,0.2797651523778379,5.271867027736551,4.287654231523554,0.654266393229258
46,260,71,0.17071221957011612,0.27594143679186345,4.710009590156787,3.852621097438905,0.6422846719700842
46,261,70,0.1712560229603952,0.27894502972444485,5.495754304840705,4.780710605120132,0.6267296949946073
46,262,69,0.17236522396948203,0.2836190298971115,5.025369590110129,4.280256005184601,0.6347654444555485
46,263,68,0.17500841870095374,0.26482446320801367,5.440163000333964,4.6966616466815445,0.6213189613757709
46,264,67,0.1814806351105389,0.2726690276628183,5.606159556541378,4.9495006340576,0.6238698742807876
46,265,66,0.18503619957013315,0.27859545488722637,5.265484246816996,4.928775323571206,0.6243435960092847
46,266,65,0.19062673684562248,0.28373048133361073,5.454653199940666,4.993329843177117,0.5836838398881529
46,267,64,0.19312900911179046,0.2891253776380082,5.12460273562956,4.381283725792049,0.6008786700742778
46,268,63,0.19631062628760837,0.28527964338439626,5.08534898797615,4.767862264266097,0.5743880967310139
46,269,62,0.20173165265435036,0.2898278001935036,5.0302379243764825,4.365970386227655,0.5638774889749554
46,270,61,0.20261407183299937,0.28942979489797904,5.397519266157872,4.828463684729603,0.5681431665760961
46,271,60,0.19112355335302927,0.27233736770120465,5.432376807961582,4.477589845086489,0.6092039985187935
46,272,59,0.20533024012444093,0.2912748627098331,4.90831628867994,4.325188607346554,0.5842091107537352
46,273,58,0.19734188214515652,0.2839284893091052,4.716864436726929,4.268347811055253,0.6023657793667306
46,274,57,0.2035623337052624,0.2926440115700212,4.844994768909171,4.067670354307834,0.5618272126256546
46,275,56,0.1957134669906094,0.2822045064907531,5.083863858860392,4.543590653906342,0.6146324246349189
46,276,55,0.2103002735943799,0.3034782268339162,5.120684894918291,5.036491193262386,0.5583072850732195
46,277,54,0.1977741219473008,0.2872346216552423,5.39990450984967,4.704982814696532,0.5815834514319904
46,278,53,0.1950484379033819,0.28498272417075815,4.795680644812967,3.889613735720243,0.5986130485799223
46,279,52,0.19507701613485678,0.28458031122894534,5.354695596263102,4.582031998330964,0.6322254395691794
46,280,51,0.19559052356666834,0.28209649278274207,5.3167319104805495,4.601363699537425,0.5777290733418695
46,281,50,0.18905785216411708,0.2787516797717671,5.583059045284097,5.242433017631246,0.6007789545027776
46,282,49,0.20483207871179054,0.3044091766114219,4.849736270851793,4.348486523752489,0.5603544506687688
46,283,48,0.194675630551803,0.2861875290471571,5.190414761366238,4.989286456664319,0.6254005353153704
46,284,47,0.19189401330549943,0.28099235699044084,5.268226819779471,4.6627262465934605,0.5920616386523389
46,285,46,0.2043900927665466,0.29705390092859557,5.1563841331096425,4.9421246739410245,0.5712828673864132
46,286,45,0.19587251350234017,0.2859693177343429,5.171865891984174,4.501918248498658,0.6109862959789696
46,287,44,0.20889061372179996,0.3007474611449643,5.2319533904898305,4.8213059262450315,0.5654514742161579
46,288,43,0.21443481278309004,0.3028933754851075,5.485552197261634,5.584941298302181,0.56180560647355
46,289,42,0.20281297983882307,0.28464498978065966,4.954787485186015,4.394424819076009,0.5840246382374643
46,290,41,0.2079123945420082,0.2911473521176652,5.050675948967558,4.722070210236955,0.5629688787977304
46,291,40,0.20388562049738534,0.28406910939255225,5.459774899026506,4.685103356522948,0.5793188478954384
46,292,39,0.2142982583138835,0.2958779157155998,4.989145304203179,4.72896556734826,0.5406205094687396
46,293,38,0.2018504646668052,0.2809903759268126,5.406783443462141,4.715049255018866,0.5981873877021612
46,294,37,0.20693971989952334,0.2931414086923972,5.470668092347388,5.466240749524347,0.5868761615842888
46,295,36,0.2000012100760655,0.2777636272216388,5.289321865417888,4.7659396498889715,0.6196596763352847
46,296,35,0.21575489102990783,0.30118493214874253,4.663856661622324,4.170353876657316,0.5638198041181557
46,297,34,0.21737532368972803,0.30649403542127646,5.127316989281793,4.114012870092507,0.5764728966113895
46,298,33,0.21685630180123605,0.30459872208431676,5.489562346300142,4.406886096264402,0.5649282609620266
46,299,32,0.19809331320225998,0.2797677238309855,5.477694146865578,5.006112795935667,0.5832221166477486
46,300,31,0.21011099242785214,0.2941275311802383,5.200932062115436,4.39877549448943,0.5697338396887003
46,301,30,0.20783164664345136,0.29036879732007576,5.509604732033258,4.534760669519229,0.5701329427731099
46,302,29,0.19168818344315564,0.26996963639958355,5.062645586378651,4.337416982041438,0.6347581169991698
46,303,28,0.19990691578317987,0.28187282585774637,5.024083013300309,4.7285203378465805,0.6052077737989577
46,304,27,0.2007186738049091,0.28128847606268886,5.127801106291924,4.320799219727422,0.6207000490847565
46,305,26,0.19913104679333343,0.2816097608296017,5.3394654515378726,4.644473957861547,0.5866302998182507
46,306,25,0.2034839950535541,0.29201802146709943,4.992696975021927,4.607718659710692,0.5801278424692563
46,307,24,0.20478076059207898,0.2938721730725016,5.292074833518425,4.508384853491839,0.5933255906126066
46,308,23,0.20330934923989208,0.2897398640134375,4.756107448286054,4.016591332759274,0.5853562942275362
46,309,22,0.21042465298334195,0.29947433993326417,5.505693311859506,4.4075697378604115,0.5564909045991242
46,310,21,0.1956793082938004,0.27706123805621313,4.991532331756399,4.293922390829963,0.5984806022671869
46,311,20,0.20824972535580694,0.2970450237558014,4.704716312347611,4.936888244343865,0.5737875870651253
46,312,19,0.20956178803452502,0.2985977681201367,5.179559725932745,4.226229852042693,0.5577718252128075
46,313,18,0.2046806389044546,0.29534838445108813,5.289121858133507,4.368599820268111,0.5989489074512498
46,314,17,0.20594329934233951,0.2916507305401543,5.1493129273118585,4.6388142939346855,0.6227351299958988
46,315,16,0.2062403500428584,0.2915818803280253,5.195047971088511,4.61820040060969,0.5720549479966804
46,316,15,0.20408729408523388,0.28989048586823474,4.958159745027702,4.783124197854839,0.6110628693931106
46,317,14,0.2014393075129698,0.28681591356014846,5.478964633467902,4.8603944834640425,0.6057451002367095
46,318,13,0.1913201458684334,0.27780857223426786,4.665937962812849,4.0082131300114,0.5818314504965335
46,319,12,0.20950320166472272,0.3033040374976456,5.497153837992097,4.94381873494694,0.5767566269537798
46,320,11,0.21219064638117224,0.3106248796441381,5.236339423174755,4.547681398665193,0.5833876652836233
46,321,10,0.18836739203647102,0.2798385017813154,4.970957104139748,4.24429405271379,0.6315248202433028
46,322,9,0.19770631373373376,0.294613576667366,5.386878841614158,5.000304115389958,0.5982828313817898
46,323,8,0.2032508442137779,0.29860518214813914,5.422643835748669,5.212659444721388,0.5935934374925471
46,324,7,0.2015446695385099,0.2910073254895222,5.932167165488299,5.107381606750363,0.6271503816283065
46,325,6,0.20466787992637558,0.297264628357178,5.613148568320904,4.661449846518847,0.5892065389257167
46,326,5,0.20771233541198794,0.3055261243535286,5.067353419272771,4.939681829337026,0.5829950878161124
46,327,4,0.21002367607685418,0.3102614408359573,4.935367932428148,3.971387905214912,0.5823504015125833
46,328,3,0.21273179214637886,0.31584747281399445,5.210598636336343,4.960232950953024,0.5586414183797721
46,329,2,0.19745873024442848,0.291621448236842,4.930390901104714,4.436057320043474,0.6137826681418871
46,330,1,0.20739863329421113,0.30761832260423816,4.76340150508741,3.9823134712632275,0.5610049537249355
46,331,0,0.20402349303963047,0.29884618822924996,4.975225714915471,4.855847974295879,0.6002358357836092
47,1,81,0.12930195263935546,0.2151850401128819,5.204644247093036,4.00501198160336,0.7273124196010813
47,2,80,0.12997859874794945,0.21207035680173467,5.211207534525051,4.481025998111407,0.7500275684120513
47,3,79,0.1330966472054065,0.21982119144597867,5.594386884716702,4.676455001593248,0.736934959918006
47,4,78,0.12954889372979647,0.21590006361773237,5.968612528610216,6.061791015445164,0.755500008096934
47,5,77,0.13620921575161424,0.22549740916401653,5.57368592862128,4.8068410390940715,0.7468202846757354
47,6,76,0.12955129601796017,0.21779385332413606,5.129125921050058,4.616500312770356,0.7588300468910292
47,7,75,0.12538317913789762,0.21791897091111664,5.54510174720507,4.478777907233747,0.7496308064095467
47,8,74,0.12594134812307062,0.21719261913384003,5.970542620993042,5.888449006012029,0.7637916017688574
47,9,73,0.1259312479659728,0.22120883680444958,5.463231228521362,5.107989615693693,0.7684374200071316
47,10,72,0.13392271651204413,0.23569524287477459,5.735974240432009,5.682645018285696,0.7265367921785514
47,11,71,0.12970917178854957,0.2297413551338665,5.166841081655056,4.7017868956344255,0.7262451415892143
47,12,70,0.1293168643633554,0.22644131354438835,5.934637749908341,5.22624642187065,0.7381339360744938
47,13,69,0.12698681456398767,0.22477218068015545,5.419924860556561,4.521122761592355,0.7528822866250385
47,14,68,0.12979074126457632,0.2328065455180909,5.620546478441209,4.8237698623555545,0.7686425461982165
47,15,67,0.12970373125050244,0.23288343937573225,6.24751803218628,5.298879753513851,0.7628874764566697
47,16,66,0.1250791267392911,0.22391039297099768,5.084565572959837,4.748409965976183,0.7468575197263261
47,17,65,0.1309043850749989,0.23255569651952554,5.421695077250949,5.015234839945048,0.7261167021733126
47,18,64,0.12771058809641694,0.2281361022233106,5.5368690442039235,5.069604551136238,0.7478634144183846
47,19,63,0.13059556657688495,0.23018029736741374,5.038867485691613,4.764776873150123,0.7236949197299263
47,20,62,0.12700291030822175,0.22653674415934474,5.288528382245014,4.563016822132989,0.7690276160767692
47,21,61,0.13303859935254417,0.2346629056769643,5.0765834854463865,4.452221928916419,0.7199472768850856
47,22,60,0.13295681273437737,0.23277342940994794,5.6711137743386395,5.834196916958907,0.7218011513631136
47,23,59,0.13105800240072504,0.22690792717623554,5.603751381742359,4.856849140962284,0.7304749852881549
47,24,58,0.13423637046584894,0.23762688578578278,5.720731481638039,4.639148069751231,0.7404531631819374
47,25,57,0.12978165810111966,0.22646125415889792,5.585324614656221,4.58413014009973,0.751272847173926
47,26,56,0.12932746123935646,0.2202540531365164,5.525310262146432,5.469062501579566,0.7506267159364258
47,27,55,0.13205900433655116,0.22046649671402888,5.281664455343435,4.356596182599242,0.7643512260002496
47,28,54,0.13735221292544314,0.22754754396185858,5.477567172893023,4.985779553025372,0.7196808427299088
47,29,53,0.1325914015279188,0.2228663574720502,5.546899272931755,4.9563173992282525,0.7412008599441721
47,30,52,0.1326204487219038,0.21937626788336456,5.498298563918027,4.960124406632675,0.7344948421069529
47,31,51,0.13969147849048627,0.22596801819483142,5.533610237277867,4.624780778172236,0.7335977341419452
47,32,50,0.14130801332175175,0.22087043560433198,5.190020716769968,4.41026635919398,0.7397131914084193
47,33,49,0.1514991358630623,0.23603069065761167,5.605989399242061,4.381411915116579,0.679332294103117
47,34,48,0.1451529711334305,0.22376331443876657,5.481278410724087,5.007221988597336,0.6934283060350266
47,35,47,0.14967782188195636,0.2319120890885125,5.037671611331287,4.384458890954287,0.6481406245882668
47,36,46,0.1490423211756226,0.23381458891812035,5.676518404230239,6.024729968095242,0.6892982064959411
47,37,45,0.15267817022585575,0.24124109952232847,5.737534968533293,5.651977657503144,0.6697134005854216
47,38,44,0.14997937132215253,0.23724865755455185,5.199698395618771,4.065338459489539,0.6655424014292063
47,39,43,0.1537886873629575,0.24518573122088086,5.230761723689914,5.032480364725533,0.6660305687404181
47,40,42,0.14738157785573203,0.235340769288067,5.723353648118353,5.5504681523764,0.7042962379719354
47,41,41,0.15100234332285992,0.24161728097744298,5.286366055898977,3.911161010684071,0.6931621331437485
47,42,40,0.14662441266182524,0.2351482379244909,5.132632748898726,4.647242070057077,0.6848234716050025
47,43,39,0.15010989890617585,0.24146476595875763,5.550998566930774,5.1663638121273,0.6593301996962447
47,44,38,0.15270598440713246,0.2452448878808157,4.798629947517346,4.02897280474551,0.6631131161063176
47,45,37,0.14768867764131074,0.23984900766322673,5.255278046563804,4.445323005508454,0.6692135122472298
47,46,36,0.14479875303617465,0.23249296000209185,5.717528929939446,6.268057502817763,0.6895912365571126
47,47,35,0.15057132401595966,0.24349006706898907,4.953874171379592,4.030611516680771,0.6365506102055329
47,48,34,0.15061728317406467,0.24154002786900905,5.550945611306179,4.484792659161273,0.6864155837636813
47,49,33,0.15218471016991994,0.2413867493858956,5.454601673516386,4.664275063345769,0.6865880745195564
47,50,32,0.1538068785851639,0.24421978542835596,5.193121554804682,4.6256871170966605,0.6467385545539023
47,51,31,0.1531013976184739,0.2450120937635508,5.190959680366706,4.363377052578005,0.6675302963953874
47,52,30,0.14912224483781308,0.24407573353897963,5.281190341977058,5.723221470041186,0.6715420245692968
47,53,29,0.15112207990847487,0.24964779802239043,5.808908090072087,4.457820254938389,0.6776349479530855
47,54,28,0.14646861689778906,0.23678816422422275,5.656800726634969,4.718338600596968,0.6829127791468087
47,55,27,0.15119227290770282,0.24404193239089753,5.46094776848776,5.719576975105649,0.6722862808317595
47,56,26,0.1496305411165743,0.24083756813940965,5.056990903404548,4.366653035035175,0.6554238378911847
47,57,25,0.15715470997338654,0.24908536941857667,5.3949630692108945,4.496427980227361,0.6829056662571884
47,58,24,0.156964958979138,0.25382567697294184,6.11968141129142,4.9719366445967905,0.6958966512557877
47,59,23,0.15241214447576143,0.24327116824636474,5.791740603742361,5.500132965287534,0.6665043414468547
47,60,22,0.15966761989574058,0.25558550951024994,5.105513371977771,5.369494295318255,0.6518616327843654
47,61,21,0.1519871934540773,0.23853407939530236,5.890522902345345,4.546175058359856,0.693810390152564
47,62,20,0.15296424277238307,0.23992481916571212,5.231275800854349,4.9087529762032345,0.6746266617173772
47,63,19,0.15575881785245912,0.24664837514870336,5.420868208654502,4.64899039114195,0.6512242740802144
47,64,18,0.1530037123027809,0.24167067149249374,5.260315961453729,4.639810476950867,0.673692569587991
47,65,17,0.15850306585296423,0.25382220899346497,4.913822321913016,4.088226589141444,0.6618229872885832
47,66,16,0.1677004034246243,0.27290086073230413,5.003332802989637,4.524872929579137,0.595774525439622
47,67,15,0.15703213575505284,0.2575390216806281,5.169791404497756,4.427818008191977,0.6257170436721333
47,68,14,0.16584060589977478,0.27059936500171156,4.746241695590895,3.876645178734289,0.6094926900415826
47,69,13,0.1672149156992024,0.268125413454581,4.9463514169726235,4.137696685657588,0.6132405078435788
47,70,12,0.1747713528785476,0.27894795846976056,5.006920565344129,4.25034605465057,0.5825395729486689
47,71,11,0.1642447951402775,0.26663808649162785,5.042778654701706,4.376896028283691,0.6318253712940541
47,72,10,0.17960109780407116,0.28495944527937295,4.938927527279477,5.041175792395928,0.580330059212027
47,73,9,0.16955822274076277,0.26949807844936285,5.027569800387663,4.19385829429603,0.5830780662216903
47,74,8,0.17282078520940247,0.27911910752188845,5.110632723719059,4.278275277273264,0.5949156805571495
47,75,7,0.16927227767908437,0.27921148147339725,4.914051527282748,4.333493425958095,0.5880735564505416
47,76,6,0.16773500494823465,0.27334817938184286,5.554231345893345,5.363879302327033,0.621808416243529
47,77,5,0.1702728065780748,0.27523193959015735,4.827669042336448,4.304248006137743,0.5997629218011533
47,78,4,0.16836191548994556,0.2690699454546588,5.790581334282762,5.294815048431617,0.6303102434287817
47,79,3,0.16700917160687676,0.2694517910664899,5.314671676458403,4.760905065937396,0.6387931004874466
47,80,2,0.17219459052726488,0.2788085655773468,5.33305471703553,4.788406394389809,0.5936554172405756
47,81,1,0.17884704775381152,0.28367126320105307,4.916186924308716,4.34081488165242,0.5898615068892744
47,82,0,0.16855379779112667,0.2672795495953969,5.15682011682466,4.431924512581761,0.6232281626927425
48,1,165,0.14204351085510175,0.20718250638964955,6.196540271449985,5.3547747176119245,0.7430791535633479
48,2,164,0.14047601494789358,0.19867570368791188,5.486207774268983,4.775098365339999,0.7404796231702172
48,3,163,0.13681868528283606,0.2044042960393904,5.71362380865722,5.281973681987451,0.762221318630504
48,4,162,0.13201715324515512,0.2024792659578231,5.209646022448361,4.796143600537993,0.7621908224249003
48,5,161,0.13457808428539902,0.2026084516315152,5.994460121287192,5.167791498826142,0.7406226699164128
48,6,160,0.13735996610138426,0.20601116818943993,5.646357302392482,5.687384613190551,0.7409555489887503
48,7,159,0.13712823980310565,0.20759253949609352,5.315200523957408,4.71375213005768,0.740151134432859
48,8,158,0.13703047106467872,0.20668776437255476,5.875129983274784,5.364830500669638,0.7562251683117783
48,9,157,0.13540422499367838,0.207210828626255,4.829024949332114,4.319232962359923,0.7493627070622231
48,10,156,0.1510194705509575,0.21659571175773948,5.618595369786025,4.711286572647577,0.7349625636239702
48,11,155,0.13428014226433316,0.2084997076390669,5.108479146548159,4.416059633763648,0.7680854682436649
48,12,154,0.14180015393793255,0.21145664564316988,5.198987848872958,4.746593937634941,0.7060755926119415
48,13,153,0.13939271012547777,0.2091437672909877,5.3779553885168765,4.411083195037311,0.7449697667799823
48,14,152,0.14199605294769663,0.20748981419280227,5.399493792393437,4.610636541605727,0.7210817580929344
48,15,151,0.13896980508768048,0.20404304208613852,5.393901870316077,4.595896357380706,0.7397555465102437
48,16,150,0.1355598600905712,0.21123226102265003,5.47426372688912,4.715745161557766,0.7515459337980118
48,17,149,0.1520027403081582,0.21569859008081976,5.573073491238471,4.965598125897633,0.7371434480116985
48,18,148,0.14610770395457942,0.2126405925348864,5.5061549892857755,4.770751541044905,0.7212066837727978
48,19,147,0.13726570744173539,0.21392074729445504,5.1728469257041265,4.4984413056423636,0.733752628768326
48,20,146,0.13738856008804787,0.20891264419756597,5.2743572237988925,5.15539979338105,0.7488907942479031
48,21,145,0.14325986546230932,0.2153175658151113,5.13425381105744,4.4218407330957685,0.7363268249176986
48,22,144,0.13324142522550236,0.2077316688579572,5.7104554145252,4.7945021083405255,0.753699029786128
48,23,143,0.1443752545303492,0.20633701107741914,5.650909663563349,4.851264214268578,0.7179228459192742
48,24,142,0.1476820328648235,0.21872042117209484,5.561287218922504,4.758454362057743,0.7417385540614199
48,25,141,0.1417309505631306,0.21121737430404824,5.082444104741333,5.426678146716327,0.7348243935559741
48,26,140,0.1416539416216638,0.20626553280029447,5.932253202194353,5.770999068393514,0.7635683759810038
48,27,139,0.1426460799155427,0.21226349953868526,5.661703305408199,4.46284794225066,0.7529430748163528
48,28,138,0.14047038130973377,0.2110340088307695,5.296141119037058,5.341740044587211,0.7138840480441362
48,29,137,0.14262639854830914,0.21526454449264307,5.693663587627347,4.65055064901954,0.7490747985822671
48,30,136,0.13706482848417828,0.21653234343837258,5.454567455769476,4.533603854574376,0.7455287520555741
48,31,135,0.14055478917904146,0.2090517220098139,5.403123023484268,4.699142438987189,0.7389800363503036
48,32,134,0.13931926589361407,0.20724963984369724,5.255488133510802,4.681999232835282,0.7243924920359154
48,33,133,0.14641780782048675,0.21995205191985545,6.128354566514449,5.6819106065722975,0.7265408608506955
48,34,132,0.1413017768497991,0.21266244254859915,5.267136530483635,4.3885493787520895,0.7566456154440658
48,35,131,0.14292060644754656,0.21475175232103824,4.964944966930059,4.241089970598415,0.7351308469086185
48,36,130,0.1460220087647458,0.22285691027316742,4.828689522592709,4.5311301541259335,0.7160529986868226
48,37,129,0.14418434253824527,0.21357072015244666,5.530008148050928,4.560789439572365,0.7514891154156103
48,38,128,0.14760121478606636,0.22404192942647827,5.956829919671497,4.562672006472997,0.730969419611243
48,39,127,0.1398694117329661,0.2064022640589302,5.462057987450944,4.312140508734274,0.7325573368861964
48,40,126,0.14793913909095807,0.21837268863680565,5.130213579782467,4.231068570080797,0.7067897075167751
48,41,125,0.148248288838093,0.2086102277163313,5.197130908633714,5.025468357975446,0.746935199003846
48,42,124,0.1516606056457663,0.22513909937554155,5.5174444628903405,4.492581283088817,0.7047946455525576
48,43,123,0.14012419895877862,0.21556481678235456,5.86889891547468,5.761263910750292,0.7499733847345591
48,44,122,0.14305277496250082,0.22236752379139987,5.393157450782471,4.899212887899853,0.738155646864733
48,45,121,0.14223398562151368,0.2245833301903676,5.2589913909830885,4.346159807343139,0.7203367508771923
48,46,120,0.1470327521242391,0.21691280831957602,5.951179344497671,5.9221364049853396,0.7020185715928091
48,47,119,0.14440385460767102,0.221500732252342,5.171706060129395,4.783910312017334,0.7245347775316358
48,48,118,0.15102665468664436,0.21493540057760827,6.329642330610133,5.54117687284675,0.7275808186314824
48,49,117,0.14972746554243818,0.21488806771941518,5.446925416245719,4.949373018491488,0.7446930507000444
48,50,116,0.15019664861713883,0.2175244708787704,5.437241614749254,4.875888749506063,0.7243961424981693
48,51,115,0.1497321283080883,0.21156796558035726,5.4715152251166295,4.733938576824894,0.7309755765765662
48,52,114,0.1454200518000451,0.21969401060473084,5.995758810009242,4.9716634604478855,0.7328363013861937
48,53,113,0.1490959640541082,0.21182186389609198,5.575254003109477,4.8730872189612935,0.7191353008888433
48,54,112,0.14690536198724866,0.2104335649793622,5.309238337620773,5.014020708282778,0.7534431531791507
48,55,111,0.1451876862812853,0.22495738763185927,5.134973211991065,4.526081355740667,0.7385717711674201
48,56,110,0.15095386329180663,0.21386013154264163,5.1891756292603315,4.505924784429865,0.7223201414487491
48,57,109,0.15044069578730238,0.22798454653092112,5.660944021670375,5.480245352192746,0.7262454497254823
48,58,108,0.1438525533468663,0.22878255488091628,5.5660851808037535,4.780604946972723,0.7226262074498769
48,59,107,0.14607626496961987,0.2159474540001806,5.274095134653885,4.9960512716475245,0.7357284748162398
48,60,106,0.14579590705268758,0.22441746902751608,5.360361566821167,4.53884443790618,0.7283251444277541
48,61,105,0.15555884927981764,0.2237978351438553,5.765981265094202,4.9519167251167415,0.7293591540066094
48,62,104,0.1478490689115064,0.22176888272634732,5.474175831636369,4.970492830720742,0.7458159014018388
48,63,103,0.15204821026277232,0.2192528296598024,5.75411656080607,5.0381705821926825,0.7048023693085562
48,64,102,0.14624287477527798,0.22441340668470247,5.396818514520967,4.679334227231802,0.7103576390590466
48,65,101,0.1608509728485408,0.21520593822136988,5.480073100058391,4.624863843138841,0.7190673468852058
48,66,100,0.14755028990939792,0.2214132477690508,4.91103234460687,4.053020122835644,0.7259112849269304
48,67,99,0.1635486800730536,0.23731488455160576,5.292300574567966,4.413363873252325,0.6650935780973297
48,68,98,0.15710048085006922,0.23751988505375665,5.583525689237517,5.062848170414631,0.6645495268896068
48,69,97,0.16749387670400054,0.2420495952345671,5.518782035607096,4.723237499250486,0.6578885261776254
48,70,96,0.17021814045814165,0.24858122579504882,5.9760998620950065,5.604972227136368,0.672012807409339
48,71,95,0.1643750627268911,0.23363646484729542,5.157002528684501,4.440543825379367,0.6676950328370607
48,72,94,0.16734431104320266,0.23514570089086925,6.1699550823105636,5.815951623128922,0.6507175230188634
48,73,93,0.1656865698342585,0.2414219656257394,5.318050740151268,4.475677187412985,0.6614698515331748
48,74,92,0.1620473643160202,0.23864195322569223,5.073892646673235,4.521958713634313,0.6691668896557278
48,75,91,0.16000919154239446,0.22913456477577565,5.563747616201803,4.563936358924824,0.6790622715247611
48,76,90,0.16711097070722686,0.24751920585739,5.400881435848975,5.528750041917258,0.6527130361772021
48,77,89,0.16785441624583275,0.2406014312485541,5.535152673100289,4.764317099798702,0.6775032101897438
48,78,88,0.1611337992136602,0.24043609141286287,5.297354696954308,4.134490444245795,0.6777023061695652
48,79,87,0.16183767012767494,0.24973369755496608,5.21682390422601,5.440804330658289,0.6693599058245021
48,80,86,0.17020213414455765,0.25357877214070146,5.233120028458176,4.535297407257663,0.6495603745222348
48,81,85,0.16203376565249566,0.2411307253115569,5.382084727896823,4.608384158649129,0.6884590785822241
48,82,84,0.16511227415071325,0.23187206741212418,5.1434869915138615,4.482171574174848,0.6535824032853154
48,83,83,0.16011986073982667,0.2337681020938558,4.952265796215498,4.828073234589283,0.6673833677557323
48,84,82,0.16169792646577877,0.24717671763828689,4.80912610490952,4.679407094075594,0.6681041808512482
48,85,81,0.1605082605345386,0.2417394511305994,5.107770947950359,4.517729455634541,0.6627450351200752
48,86,80,0.177213502220262,0.24006851782254288,5.1285077274173325,4.5255692690806235,0.649724720798607
48,87,79,0.17141404149026296,0.2406487964216862,5.651659154679223,5.068320311638853,0.6597998897891652
48,88,78,0.1709161002664466,0.2376331141441219,5.429438286879121,4.811235429571158,0.6625976500459809
48,89,77,0.17288449628728028,0.23313570220433646,5.157423574667289,4.705799522995041,0.667101414425293
48,90,76,0.178820940231138,0.2419986368009479,5.493748774797398,4.584789953437436,0.6532250830067249
48,91,75,0.16198501537720023,0.24587547712765603,4.817131448027382,3.9932713062366285,0.6759550602110098
48,92,74,0.16451076597019593,0.2390293302628901,5.504929453236074,5.2057057936724815,0.6706400145097553
48,93,73,0.16944226717086705,0.24721221418273504,5.685553495741809,4.961133626438016,0.6626557341036343
48,94,72,0.1698866757652051,0.23493430013939046,5.5001512966870845,4.822588843464285,0.6493709959351393
48,95,71,0.1706348215077114,0.2340255772381848,5.134328835023023,4.78789306594782,0.6555927278535808
48,96,70,0.1684067760471107,0.23751431149363267,5.090745986883396,4.521181756098272,0.6603669575338035
48,97,69,0.1674630445921639,0.24063570677089088,5.039527489213544,4.226392668542281,0.6579704396213952
48,98,68,0.1727321742849776,0.24905902363031587,5.011007890579354,4.600814732915696,0.6536035321360629
48,99,67,0.1620824209457138,0.2444635683530751,5.53623163416465,6.189228983269908,0.6584896774537106
48,100,66,0.16955890766927548,0.2503925065403392,5.782776401174967,5.356688472345822,0.6452526978401185
48,101,65,0.16172150567991575,0.24635936093682606,5.320350907629921,4.572393236613477,0.6534407444960545
48,102,64,0.1775862475561047,0.26336850542787005,5.346560635268853,4.486602446611527,0.6270794314109671
48,103,63,0.17334698498658252,0.24640652169452593,5.392263665651461,4.477867372762983,0.6512332617785468
48,104,62,0.16954065028129509,0.24207679816376876,5.742205525574333,5.011634019693944,0.6701709756201091
48,105,61,0.17580969578120612,0.25519413060006896,5.169071765354161,4.174241921107201,0.6509882496158678
48,106,60,0.16630357336088095,0.24611889441326998,5.307545494855309,4.998098027382454,0.6425055268003232
48,107,59,0.17060268561854353,0.2481845143277152,5.234818276632959,4.224247667682591,0.6569131313485168
48,108,58,0.16951379616004147,0.2459970619433964,5.009920578422911,4.982743768891297,0.6598229365025594
48,109,57,0.1724466713627049,0.2591410311610877,5.176490367046166,4.420928142389178,0.646390301211515
48,110,56,0.17497201144795355,0.25008357656560903,5.049540663096076,4.397898378774928,0.6317087351900339
48,111,55,0.1689035426078878,0.23554544780293757,5.279754226251567,4.748037516804242,0.6723749965068899
48,112,54,0.1736615876037752,0.25406826209072036,4.8109867600413345,4.340913742234226,0.6435524501413362
48,113,53,0.1748764395148994,0.253395199280426,5.246389866222411,4.413816768026787,0.6499031902899044
48,114,52,0.17345495246535486,0.258878470755922,4.856155397646155,4.052534498493363,0.6473125335919703
48,115,51,0.17566386471327478,0.25278277693674356,5.138463525707471,4.538161534671306,0.6668776408624466
48,116,50,0.17010841272633748,0.24873112970202313,5.32777471229371,4.2720065505041935,0.6570637851760104
48,117,49,0.16650866547461898,0.26378410146868175,5.342322684223552,5.4637405100108705,0.6618492981234347
48,118,48,0.16955800403121146,0.2567405298399334,5.5495655508407,5.040309096987785,0.6482115963765737
48,119,47,0.1646933749278125,0.2665587694321238,5.455972831881535,4.6611021057487685,0.6624160809754808
48,120,46,0.17449120940599966,0.2704884464531349,5.43657442537177,4.68991503707296,0.6433675231055106
48,121,45,0.17919643319764436,0.2523976667778442,6.311938430176944,5.509558957451112,0.6409080489671206
48,122,44,0.17125899626653948,0.25607310278089956,5.216708418704981,4.032508916688807,0.6569244801016458
48,123,43,0.18552901372458352,0.25037909061603597,4.834919154652063,3.9940534738517504,0.6487997383694528
48,124,42,0.17531518085668235,0.2536231950972366,5.184948865825932,4.353446605501925,0.6390203582020173
48,125,41,0.18247258844086303,0.2558070580067853,5.172051744541789,5.193630253742959,0.6444872249930378
48,126,40,0.18128135546685867,0.23772619231650596,5.3647621949720214,4.889611932311688,0.6489750927890199
48,127,39,0.18679132535726692,0.24948151501163807,5.124721330998207,4.4012078525885405,0.6467806274358007
48,128,38,0.1831634809717237,0.2691548436906222,4.923058798489061,4.0338606710024285,0.6327172463244495
48,129,37,0.1772292590583818,0.24632646729886318,5.303615054666649,4.979376964085376,0.6469878566698359
48,130,36,0.1701949202812297,0.2587746805153324,5.35984578392225,4.571589578706832,0.6531952845906608
48,131,35,0.1818740045750927,0.25885394705416565,5.114150176900381,4.824579904203085,0.6027771122321137
48,132,34,0.17729317568954797,0.24681679639776835,5.178281686297145,4.338375849387325,0.6638319782661556
48,133,33,0.18526079194151618,0.26096463630760103,4.87877866923992,4.232671311059251,0.6206272294279638
48,134,32,0.19765576557437822,0.2970893694325216,5.292448424775996,4.292105370356294,0.5630434780007202
48,135,31,0.1851872723377231,0.28706981908477647,5.239186787605724,4.7302730046777075,0.5878433434142935
48,136,30,0.1889781030966995,0.27584145612132227,5.26457814830081,4.582665471758948,0.6039297082538868
48,137,29,0.19091592911429286,0.27582898198507766,5.343738974896601,4.922709134206502,0.574612281584146
48,138,28,0.1856418115809679,0.27413052194268506,4.677041703618984,4.259329662097314,0.5760160910655283
48,139,27,0.18917430380304162,0.28214836881102684,4.8404078781228455,4.323972393099431,0.5793548577266892
48,140,26,0.20048846512712395,0.284299655826138,5.047172249165953,4.5480935717466915,0.5822226891369335
48,141,25,0.1889931853905261,0.27366915076092396,4.79245721763729,3.855537643205961,0.5919958215278733
48,142,24,0.19764625822553344,0.2750888578665203,4.846895981029773,4.600169576754626,0.6084680436350809
48,143,23,0.21390354959746516,0.2878005077391125,4.554601312828627,3.9118113039065414,0.5586593247603333
48,144,22,0.19912072508219114,0.29782511328489686,5.159978431025399,4.3796135768057365,0.5828018654622085
48,145,21,0.19328451893672896,0.27177691631312906,5.061052075275026,3.986511734067983,0.6185693928410926
48,146,20,0.1891364965602916,0.28164696646605053,5.374823411516064,4.818473678306674,0.6168475612078445
48,147,19,0.1831217701881437,0.2674876401041592,4.695283702800351,4.671792828275162,0.6201696095409232
48,148,18,0.20920594827644773,0.2996806155198881,4.830812174704273,4.626924012140304,0.5651622114223047
48,149,17,0.19475046240628363,0.27218758319279435,5.209717684102203,4.515070099877858,0.6230806782908958
48,150,16,0.2040839393328336,0.283972968206921,5.147068165434339,4.641546995337547,0.581287523318482
48,151,15,0.1873327930703936,0.26962146341056903,5.058437428056495,5.119078705451897,0.6157075450933795
48,152,14,0.19748726345019627,0.29439690215615516,5.622277077819719,5.677819574937549,0.5694864293854307
48,153,13,0.1954743653819869,0.2847147972854874,4.984691670903645,4.225405704894194,0.6144478411521561
48,154,12,0.1813705841946281,0.2680497744437623,5.18144458400635,4.857174316127258,0.6317629996470494
48,155,11,0.18947487952018394,0.2762824025386502,4.969817832386235,4.138701691723152,0.5906603456842083
48,156,10,0.19416977223741372,0.29706681294009435,4.87879984100061,4.276970640361152,0.5917380278056894
48,157,9,0.20466695610884247,0.29229857111733465,5.293559294976668,4.805419738692524,0.5786375230412972
48,158,8,0.19961563420324666,0.3018533965371129,4.624473607958418,4.523286785896589,0.5753741548121284
48,159,7,0.19106108022824655,0.28822213658900653,5.040140932952181,4.782740916717107,0.5987143003516745
48,160,6,0.19285487519860992,0.2934550975946843,5.399043538510645,4.475249263299515,0.5931232813650306
48,161,5,0.19827379525632796,0.28427452024724875,5.090871342417845,4.279576987099227,0.6156777792357931
48,162,4,0.20004139693943015,0.2956290232977389,4.9508320045647505,4.380035063295219,0.5925939843194374
48,163,3,0.20377789595756274,0.3001267462797064,5.289065091239301,4.591428935550326,0.5673061629075583
48,164,2,0.19689504607339958,0.28326615771523894,5.496837570898252,5.020251809215138,0.5976798643994117
48,165,1,0.20902857738037403,0.29478147142559397,5.0080624913618905,4.241867959362772,0.5645368907223568
48,166,0,0.19576298267009884,0.2909528007144846,5.251926082221392,4.259951353235258,0.6050379343129229
49,1,354,0.14712982206749348,0.19978302499590858,5.280884325273968,5.180140627644313,0.7338553084905632
49,2,353,0.14519977041357182,0.1957058955244628,5.3502058892575945,4.629716923313472,0.7358941365156983
49,3,352,0.14279640126242726,0.1935808817508302,5.582196012696994,5.1838122551085455,0.7528375191618106
49,4,351,0.1460499953601316,0.19817423663811595,5.933911491518526,4.811787687266019,0.7514018583779732
49,5,350,0.1469548659838194,0.1994890283162971,5.584441630011822,4.734096192673344,0.7583516029281553
49,6,349,0.15240776677565654,0.20433667960013463,6.243273794492122,6.281212372890419,0.7348569215014169
49,7,348,0.1418183168915645,0.19056890969869117,5.955027676608754,5.552446937509867,0.7270868290383549
49,8,347,0.14903316203406905,0.1983789940524125,6.103074278725307,5.1784797489352155,0.7356542606024424
49,9,346,0.14623557818984576,0.19522699401889346,5.319790835216061,4.399397596406282,0.7475703526787544
49,10,345,0.14858014693383106,0.20241781877973128,5.636644393180881,5.067457078094548,0.728103094977307
49,11,344,0.1486097870051674,0.20152643448168683,5.212360248626123,4.297691194599623,0.7396160603774977
49,12,343,0.14841416850722725,0.19668254346857622,5.376843139937943,4.864906243402167,0.7632592971691476
49,13,342,0.14762188812474836,0.19255588799778126,5.6765817193173,5.25824046487265,0.74876631522979
49,14,341,0.1547354296235697,0.201373374396749,5.5277192962054365,4.796228186358312,0.736144724777835
49,15,340,0.15181856410936584,0.1992966729269136,5.689048510145753,4.338849997979081,0.73553350964522
49,16,339,0.14650510950519882,0.19358100878615922,5.4838360450496015,4.760286317986334,0.7448714675597224
49,17,338,0.15502337287792078,0.20653374147477907,5.805470245138707,5.062944669561141,0.6991300536777715
49,18,337,0.15016785542019,0.2022223154180557,5.028609820062356,4.400933622858155,0.739090146108148
49,19,336,0.14548709060041437,0.1959914687494156,6.127464101087316,5.9051820738982,0.768685043919757
49,20,335,0.148188741740227,0.19767260932306477,5.861369681137159,4.683294242404774,0.7519038545203182
49,21,334,0.1512517483993088,0.1998431275650241,5.338097631516755,4.336734547502086,0.7277187266548916
49,22,333,0.15242756912857044,0.20116150988008022,5.236891884914105,5.031940403256019,0.729781152530434
49,23,332,0.1492568926614225,0.19727612544100986,5.739994341533954,4.688145398848735,0.7516482348725884
49,24,331,0.14808008393992972,0.200211056779659,5.797464516619325,5.671766542184943,0.7487592246925239
49,25,330,0.150188925738834,0.20584324747620658,5.50534323999606,4.564649035910716,0.7121304158400488
49,26,329,0.15380165987808575,0.21246721633299906,5.677650854677059,4.8608066743763,0.7484278779072995
49,27,328,0.14601234977553953,0.19836569342536312,5.352974984968709,4.525552963465871,0.7436782487149535
49,28,327,0.1494170444185645,0.20380492696401317,5.419056293183001,5.216480249889852,0.7351547573760607
49,29,326,0.1497037111012169,0.20403824636581094,5.504153954874921,4.983014166910614,0.7350864523489814
49,30,325,0.1463090225867172,0.19975746023067253,5.348927650106811,4.843187491005305,0.7537066945337905
49,31,324,0.14809301682165457,0.20064506412426777,5.507327318629125,4.871657322106113,0.7522322513203561
49,32,323,0.14999282088814045,0.20045828128379553,5.738298851594763,5.510640244899777,0.7252850180766771
49,33,322,0.14834530787292463,0.1971193108146344,5.873833767519778,5.412821852252035,0.7449086449866996
49,34,321,0.1540050292390475,0.20579101033182604,5.476806424353526,4.7506767850941065,0.7264734901259724
49,35,320,0.14972728300752802,0.1999813089731852,5.443096329016839,5.023123806746912,0.7345482002309155
49,36,319,0.1481033677431555,0.2012339160966078,5.621134305597762,4.148736313233809,0.7420787554498782
49,37,318,0.14666922348576367,0.19895045485510315,5.3718959821581285,4.9754238165242795,0.7310280913127228
49,38,317,0.1536799046318097,0.2058048299818931,4.9731240834660495,4.840215809826139,0.7548243073121815
49,39,316,0.15339562790266717,0.20790976652840823,5.668831647482067,4.988410361535409,0.7330241424147194
49,40,315,0.14783339895322312,0.2025047374925587,5.36601046691308,5.1156669163116115,0.7606216478518704
49,41,314,0.14887839598185082,0.20218534163834007,5.436877272555016,4.712948336633993,0.7656711974788613
49,42,313,0.1564185061583901,0.21341304043124246,5.588694685771248,4.601688716327674,0.7170256185368065
49,43,312,0.14910021319796365,0.20634731418264446,5.847379769729535,5.2496469783326125,0.7400198516993477
49,44,311,0.14672910339302545,0.2040016667743525,5.237211190083574,4.3139953755054785,0.7344278963585313
49,45,310,0.1489848791481221,0.20585439214502677,5.190169476399471,4.554218328435228,0.7290750982045086
49,46,309,0.15250768824751168,0.21220515955752814,5.235013747164104,4.34625071437511,0.7400075614752455
49,47,308,0.14855425223380211,0.205506368455856,5.485986966377039,4.793162358218827,0.7399750775101208
49,48,307,0.14823012226951443,0.2028819109428138,5.05515469922852,4.1648229468868045,0.760412525088193
49,49,306,0.15343967793072402,0.21131952685893574,5.7227183900831005,5.534525269392821,0.7245749201474723
49,50,305,0.14806432375956988,0.20412654261185706,5.389325036617372,4.132848195309825,0.7510255119933955
49,51,304,0.1469673442926481,0.206096035620639,5.056479652364999,4.406673352080695,0.7270364248588504
49,52,303,0.1468961424214943,0.2028417636879342,5.1009392555614985,4.300093207773097,0.727701140576043
49,53,302,0.15257842159426832,0.2074910570486354,5.160058027673248,5.078829099432928,0.7232195321077592
49,54,301,0.1536535675353017,0.21022190310879155,5.259144799692351,4.9702166723381795,0.7062234053564119
49,55,300,0.1507185628715426,0.20746371527483487,5.51551071966573,4.532598538126578,0.7407221139043451
49,56,299,0.14785251853844766,0.20679562064312054,5.002663946789131,4.193423878034162,0.755168474516366
49,57,298,0.15003177143263516,0.21132371454522608,5.651580988205216,5.468181642013477,0.7314762245217676
49,58,297,0.15350799641404522,0.21737363653646827,5.1924058421705706,4.403110439289708,0.7448017022051707
49,59,296,0.15099001055745573,0.2150016508774267,5.818239372992978,5.888748980030646,0.7409045335498029
49,60,295,0.14675243697473958,0.2109618119079544,5.281952142328665,4.423278196687032,0.7534567029766679
49,61,294,0.14542924324214282,0.20583011442524346,5.087061142243057,4.091452228337057,0.7478748026754306
49,62,293,0.15681427043936685,0.2174514688479041,5.107389709042701,4.838963586095793,0.7166431807388033
49,63,292,0.1536139668996038,0.20685656770001146,5.811020079792401,5.087698816614165,0.7303830033042943
49,64,291,0.15909338668605968,0.2141911477831739,5.190285010207841,4.924585637915902,0.7151693314567874
49,65,290,0.15212340769163218,0.20630796148850136,5.789766390134644,5.596043692424128,0.7242055675970325
49,66,289,0.152859386748754,0.20768300091022918,5.836668559158561,5.174996417561019,0.7159120534161186
49,67,288,0.15787794825066728,0.21004588071369754,5.832252080692497,5.567902150954581,0.7348078884644869
49,68,287,0.1557977461470837,0.20557024085775533,5.558553944071843,4.65265486424253,0.7329824744084751
49,69,286,0.15429120137725502,0.20648369577264838,5.669066252474554,5.547682500589321,0.7439910435459515
49,70,285,0.1537623219160701,0.2072951972922564,5.468620508849552,4.920747343107982,0.7309202472453065
49,71,284,0.1598806381324672,0.21626927733604429,4.926824847887619,4.1031017419121785,0.7238957086878588
49,72,283,0.15516241987292181,0.20884382949972277,5.54102213923742,5.45127469447597,0.7050769380887406
49,73,282,0.15255167465375308,0.2049690114450507,5.262878694623453,4.468342493531138,0.7358103270620466
49,74,281,0.15526022797129074,0.2086318177490877,5.582513095907037,4.804731028697058,0.7172566996825434
49,75,280,0.15587425557070939,0.20954709849250883,6.083609664752132,6.014505722088482,0.7270091188781354
49,76,279,0.1532414977397865,0.20543522516333884,5.545734765180095,4.6192899450687595,0.727215401313829
49,77,278,0.1555207257523531,0.20430713670668577,5.838765915478704,5.752840528752859,0.7483796108184612
49,78,277,0.15839727431613548,0.21098311755847524,5.250919215578391,4.933428791996404,0.7269198674247753
49,79,276,0.15540728777897345,0.2102277459806505,5.236256837426135,5.468179460556721,0.7204802683944789
49,80,275,0.15537980126865447,0.21379888363591637,5.459715457632653,5.064898879994406,0.7454060726954937
49,81,274,0.15359578876310123,0.21313803609362458,5.567372937065047,4.820992692636808,0.7251407811343026
49,82,273,0.15448601965109382,0.21477344767497664,5.429633385464601,5.425452005967539,0.7109170475348237
49,83,272,0.15223931285000436,0.2132424929267311,5.78640749226456,4.702853298669767,0.742464424587283
49,84,271,0.15419255394079703,0.21222577904629997,5.981095426882987,5.3693835864612165,0.7090432794837407
49,85,270,0.15612400768953621,0.21016291995023634,5.431017144292856,4.61096774926021,0.7177498614643208
49,86,269,0.16269938547502763,0.2179588791655922,5.0424190458277796,4.13699253324976,0.7007380485310202
49,87,268,0.1543224385334941,0.20838318773959036,5.32455573244849,4.210450599576297,0.7277152233184275
49,88,267,0.16589342717876898,0.22008259498875266,5.3732057495023335,4.735905873493102,0.7010203585476322
49,89,266,0.15854325141391426,0.2089448168451192,5.377084372135224,5.873361575001247,0.720424965562868
49,90,265,0.15668180072869037,0.20461768457718593,5.653992299053924,4.909359357948377,0.7423164668938554
49,91,264,0.15660228321643244,0.20322206983705704,5.6492553242776395,5.091328129593899,0.7040588423525647
49,92,263,0.16030944877914696,0.21112079993811977,5.05776994950814,4.566038205753431,0.7406688656450736
49,93,262,0.16118744143967728,0.20935595131050502,5.2825728667712175,4.526066119784956,0.7116089442109285
49,94,261,0.1652256049826103,0.2152209127513545,5.356032254999476,4.481643205701931,0.709621636388338
49,95,260,0.15992827343548505,0.20834061607765447,5.4926897484925945,4.8636538471496165,0.7336468257367759
49,96,259,0.16095251735465066,0.20795071328081607,5.051814793758248,4.424667067597478,0.7334584765654896
49,97,258,0.16656616896824727,0.21350036623730695,5.365865366068743,4.419212855234749,0.7247054764931684
49,98,257,0.1640831774818296,0.20986943177237577,5.267430139917842,5.051117119590175,0.7188071198739612
49,99,256,0.16512497207791318,0.2078196440813125,5.161150976234657,4.4508627570296815,0.7323912955721005
49,100,255,0.16173747878471664,0.2041619792781104,5.524303747181865,4.4596067977009906,0.7227385297891777
49,101,254,0.1669921411374814,0.21098303780260363,5.2900499317686975,4.87901282169168,0.7100070453137327
49,102,253,0.1663737742466384,0.21060019711988487,5.079870016573796,4.665061299847389,0.6905316428191574
49,103,252,0.16705735645103484,0.2138786895746025,4.899862848897465,4.402691725699114,0.7094347489506234
49,104,251,0.16258180462380392,0.21057983267712363,4.967662812246434,4.238931244836029,0.7263058939042861
49,105,250,0.1650596601492674,0.21340035152586156,4.878035833023052,4.538160503618856,0.7181789175316556
49,106,249,0.15748386864471609,0.20525352096130348,5.403072988459458,5.1737123990935805,0.7366593036957841
49,107,248,0.1606490988079934,0.20891828661913966,4.957037916717095,4.531290186157399,0.7302234216626382
49,108,247,0.16405260282112633,0.21272921960852895,5.833668181588021,5.475112499451719,0.7342319348695853
49,109,246,0.15602791144839595,0.2052070971941379,5.210063654144321,4.811332610922864,0.7255757561439871
49,110,245,0.16202557139478696,0.2127366956171017,5.666674311305853,4.9417028092637825,0.736855276826204
49,111,244,0.16047864028799683,0.20809744397083643,5.4213032839803414,4.92493902460987,0.6990102129627572
49,112,243,0.16583877792389595,0.21224862116605284,5.851024243553516,4.650564329407113,0.7157476538070613
49,113,242,0.1607066055348659,0.20670041670627853,5.189705201471577,4.321621365703865,0.7260605950328883
49,114,241,0.16799836989136413,0.21566226239077968,5.6061317092913425,4.691757039573338,0.7118440274281354
49,115,240,0.16733995231859128,0.2142333161122754,5.084958185776502,4.362634960410539,0.7317227948402937
49,116,239,0.1637405545163685,0.21366830988356303,5.192878499715956,4.54879680313331,0.7177013689203919
49,117,238,0.1661658871105434,0.21738328644419047,5.34843168533769,4.5474351858102064,0.7206951947008043
49,118,237,0.1603584380213522,0.2120694602789895,5.150688167009827,4.847870550505543,0.730149371251766
49,119,236,0.16439367849824268,0.21681237359570282,5.7768066340066575,5.413417284754275,0.7429944905382613
49,120,235,0.15907561256639138,0.2118517002772042,5.108616064526558,4.691063514259,0.713556794988888
49,121,234,0.1645214768320222,0.21898327488805994,5.481965214001676,4.685478285819201,0.7060405353666872
49,122,233,0.1667534634225454,0.2204419758034363,5.290201406810436,4.104947197756835,0.7233145148927947
49,123,232,0.16173308371137227,0.21511358102257258,5.357236342907802,4.227978857850847,0.7095228890457391
49,124,231,0.16030935198457824,0.21301978574583064,5.256953285865597,5.011379422386532,0.709137656959881
49,125,230,0.16847581776764417,0.22252200608071168,5.396909609821702,4.598413168406814,0.7114259921870886
49,126,229,0.17149527981574555,0.2246289751100121,5.6360208913875365,4.591783336791887,0.7121066345339295
49,127,228,0.16582610337720086,0.21970727271552684,5.075597826246641,4.457368522730189,0.7145803782605146
49,128,227,0.16412196698104084,0.22072244525827392,5.395508400141917,4.399271198349407,0.7204959984079822
49,129,226,0.1644796009049757,0.22163393684841257,6.485039756294729,5.527928972635227,0.7242564988100182
49,130,225,0.16764670561167794,0.22418677583691896,5.117344289866466,4.326904911243741,0.691049934047798
49,131,224,0.16202995813267418,0.21774371020816718,5.626762337246603,5.326154393143016,0.706235589704741
49,132,223,0.1674545860735049,0.220058497927982,5.532917598918662,5.417150874350064,0.7147807956654519
49,133,222,0.16075953151342545,0.21293293368016483,5.5724959829024225,4.54259450879628,0.7512715605100843
49,134,221,0.16556118838047376,0.21978530168061033,5.852727314176373,4.462164666809809,0.7044787514585409
49,135,220,0.16337368345859138,0.216746691414127,5.243277649143868,4.844629536134696,0.7150207641763827
49,136,219,0.16178986593721925,0.2132525911656938,6.05153086772577,4.922609526236908,0.7268213995552713
49,137,218,0.16984446001076237,0.21995022508996118,5.538376211673126,4.514623728119047,0.7070422125217833
49,138,217,0.17165148203784517,0.22213414265290032,5.131882557506881,4.323272348576927,0.694578091905612
49,139,216,0.1706162488747886,0.22377420622336905,5.865089946740893,5.013668682908736,0.7106004553892988
49,140,215,0.16667621459546025,0.21713863052536414,5.692496659032586,4.920471137178708,0.6935923402990385
49,141,214,0.17074304683385375,0.22040710646771378,5.607663260074818,6.108655427274369,0.7060158900933304
49,142,213,0.17030087922436588,0.22314388056034967,5.234501530151558,4.351511818255747,0.7073161571330909
49,143,212,0.18506024523734868,0.24043107189946503,4.739275159161412,3.9553081847542977,0.6391251019028625
49,144,211,0.17952120766805177,0.23399000235808712,5.268693836077633,4.255505316415447,0.6625877143639924
49,145,210,0.1783988628433144,0.23605021215981495,5.096325107461528,4.82927086709819,0.6775776435501444
49,146,209,0.18728941807734653,0.2517488496072405,5.433601876597143,4.483866229889875,0.6296120982386505
49,147,208,0.18231008254992304,0.24033438086483205,5.494917764415688,5.191731641425525,0.6502612436705001
49,148,207,0.17598401358671698,0.23299847695811315,5.1972486452661215,4.551563522311469,0.6720596592758195
49,149,206,0.18352008338470216,0.24750904929450648,4.9279641587705285,3.936074412590836,0.6374342182991257
49,150,205,0.18012050505221247,0.24516198461487493,5.035285478434252,4.479056586078943,0.6481359692115446
49,151,204,0.1752446281614131,0.2403958851588458,5.069220734662206,5.591452362995378,0.6694165622690743
49,152,203,0.17452902094906586,0.24137791577508083,5.6380257934174836,4.425316425571459,0.6634840883101941
49,153,202,0.1765414719706887,0.24642533195180008,5.459077396247128,5.064866834849073,0.66697543683821
49,154,201,0.1787423076042441,0.2517833501628963,5.556484701526415,4.851781546870435,0.6337508891368145
49,155,200,0.17368423711013276,0.24209462685057828,5.108456423287953,5.116519230719092,0.6569290789449816
49,156,199,0.1794900787028261,0.25248439484430674,5.339981295565076,5.424389884871201,0.6486352670596313
49,157,198,0.18437715956348733,0.258898671031597,5.495357932690485,4.713792984945629,0.6330135772590177
49,158,197,0.17957914862262553,0.24790280614538163,5.521761770100751,4.789736846238472,0.6711120971873035
49,159,196,0.1748632527938273,0.23823936099800555,5.30628066616128,4.472277715656091,0.6807117553505868
49,160,195,0.18460032717568095,0.2532420973301282,4.971077130088227,4.35803858495163,0.6347123255566579
49,161,194,0.18266189168678687,0.2499195095650062,4.745190638619492,4.212651126181347,0.6295528726328032
49,162,193,0.17668575296096167,0.2432271372415248,5.510308220286772,4.838449384099086,0.6658726673781116
49,163,192,0.17879516088904404,0.24480884717735296,5.349137350666318,4.610386184137783,0.6793866686759608
49,164,191,0.1807389441530613,0.24813648281494186,5.230073899192139,4.55007954584282,0.657031590282216
49,165,190,0.17398555522616593,0.23616700475622474,5.17245867656357,5.084287729780644,0.6931070242799007
49,166,189,0.1783297124249464,0.2447509788457689,6.024889302248825,5.52024536499826,0.6934728979396596
49,167,188,0.1833642544930714,0.2503588858801557,5.504672566140874,6.023016443414886,0.6468406043899164
49,168,187,0.18278950981324157,0.2530410472249535,5.16812013461151,4.296684440839727,0.6365792325454114
49,169,186,0.18107760474495677,0.24553427478265924,4.9230369916108465,5.05360936266602,0.6353924834865531
49,170,185,0.17769860842267027,0.23970183171328918,4.808930715813341,4.288550873595203,0.6470587073674066
49,171,184,0.17837609836564752,0.2413560398083224,5.207755639021581,4.234610432426985,0.6852309173110628
49,172,183,0.1795059999592628,0.24090767489361284,4.866295679861171,4.257801950371398,0.6449226192903479
49,173,182,0.18626884731422677,0.24815150273277353,5.705093534717939,5.500150779643687,0.6479612548063448
49,174,181,0.18892802705587924,0.25314267447866107,4.857970646320281,4.511824273789352,0.6624538079567976
49,175,180,0.18126108525963924,0.24190657665607695,5.063217593831203,4.340982039923769,0.6473872790490205
49,176,179,0.18688046567771846,0.2506550915672574,5.336075142080525,4.192852629616791,0.6486904978839999
49,177,178,0.18046302723819124,0.24114720056714195,5.331382842694008,4.717532158115598,0.6423508334053413
49,178,177,0.18166181447504612,0.24089321417634052,5.1258303622186325,5.0400230415333995,0.6599156061704671
49,179,176,0.18536698660459452,0.24701117639475767,5.111618057775138,4.487900276915268,0.6575362783388725
49,180,175,0.17871654447233748,0.23795973482601732,5.065140022784899,4.33159810529535,0.6625765867732909
49,181,174,0.18297436071007542,0.24133277436096645,4.963414571056582,5.06400965795511,0.6595567854859372
49,182,173,0.19706561717965027,0.2567714697537869,5.411423240061786,5.120768857191805,0.6337523913642136
49,183,172,0.19048911508025776,0.2500965359573358,5.652031898661882,5.776938161175725,0.6312705795002646
49,184,171,0.18580146157161243,0.24379742624331843,5.736151770433312,4.97338066204129,0.654460823631024
49,185,170,0.18796434557346284,0.24649490752661998,5.570274784636589,5.254797346371045,0.6462835928617949
49,186,169,0.18850758380390806,0.25031821838958235,5.324821061720035,4.407130272666609,0.648471544307946
49,187,168,0.17984351537650833,0.2371759863490357,4.9496155802374044,4.141720745798347,0.6517069838105939
49,188,167,0.19062333976285628,0.2522123045023624,5.706164492043325,5.32654812467759,0.6475303807159106
49,189,166,0.18320819410841702,0.2415819322840359,5.698503115778239,5.281881910700669,0.6606488997194134
49,190,165,0.18391728737185606,0.24242138518665782,4.76097862639303,4.087677445690695,0.6656558182432275
49,191,164,0.18336694724898142,0.24359960905095238,5.0830085729198595,4.32447980764995,0.6336920735725327
49,192,163,0.18560798722862085,0.24369729937351448,4.957941149300423,4.781289706510227,0.6607890560327595
49,193,162,0.1905185634386451,0.249494947753413,5.501962588349452,5.3029683077778875,0.665542649437416
49,194,161,0.1827619571542133,0.23965836171880645,5.620602563161355,5.7195237506091985,0.6712003985676409
49,195,160,0.18509164161834957,0.24093388934730767,5.434438070373027,4.832445063881092,0.639424638092848
49,196,159,0.1843991460160978,0.244794377335493,5.146978710154813,4.657072199782214,0.6628309616145839
49,197,158,0.18590179901212525,0.24980889971686376,5.343476460594901,5.243161343810849,0.6564388229781676
49,198,157,0.18982084422761036,0.2534344720004438,5.350939936659507,4.563292976977697,0.6292041390420166
49,199,156,0.19328585910744112,0.25816418167807403,5.209814284957465,4.498764538950617,0.6402940607521159
49,200,155,0.18179310262553783,0.24638992419739852,5.264828545727388,5.32630946997106,0.6518777683592711
49,201,154,0.18381034667917712,0.24942724758468968,5.225395219137221,4.912174414133114,0.6390230858619156
49,202,153,0.19139783113856332,0.2595097005776378,5.063205664566891,4.405849579923926,0.6562608162492949
49,203,152,0.1844102434906277,0.24592282838232354,4.79040971836168,3.917604282501094,0.6612215290875971
49,204,151,0.1876601416926211,0.2509734887788424,5.30489117610273,4.617522817453152,0.6539684578052165
49,205,150,0.18943940960360878,0.2485081973933154,5.544730522515003,5.0108279549896695,0.6234153125554769
49,206,149,0.18205375947221308,0.24306610018405816,5.147459889438451,4.2455083052266405,0.6599511819463106
49,207,148,0.19687024809779877,0.26035588794388553,5.323248150000156,4.880286502258127,0.6387994086556168
49,208,147,0.1869002005121069,0.2467727657190762,5.186974750387003,5.072532615662441,0.6415512281992581
49,209,146,0.19288225830268213,0.2528015442100364,5.133497947615336,4.837282183678793,0.6318134252610293
49,210,145,0.19689942278141417,0.2575868533477318,5.310781182386522,4.932521530823714,0.6639628754906051
49,211,144,0.19247360954919168,0.2522913727710955,5.9565208508202545,5.327912140219492,0.6338720635682739
49,212,143,0.1862067956430009,0.24681047256403169,6.024144792111847,5.761317815255916,0.6582963795156092
49,213,142,0.1863919879186039,0.24350615263629924,4.742840341116185,3.964760380775082,0.6671800960177318
49,214,141,0.18992932318844352,0.25015558488200923,5.206258562879149,4.74833130299042,0.6384833370242183
49,215,140,0.18589757845617852,0.24902499040898401,5.610572052792406,5.232346704175873,0.6619419990922675
49,216,139,0.18772818553576376,0.2485821328775866,4.872969305690507,4.69754193569327,0.6774714716329874
49,217,138,0.18667054833171373,0.24918936372593714,4.913290086091214,4.260548830000493,0.6587092000772727
49,218,137,0.19056463087270634,0.2538394292666471,5.21952912526439,4.611147145906823,0.6500286065821477
49,219,136,0.1925248472212726,0.2541758216227141,5.419791112734217,5.22167511481479,0.666304629515632
49,220,135,0.19236159544549547,0.2559660316061045,5.410521308049505,4.550647068003035,0.6380939157122512
49,221,134,0.18390920869055521,0.24640819765898037,5.924600069981104,5.856491336108021,0.67112257035424
49,222,133,0.19635044700207863,0.26102747587884545,5.462544035072764,4.981601968790191,0.6540587747028074
49,223,132,0.19468109150132554,0.2596412831360824,5.174445129276419,4.552009016743591,0.6489228642131191
49,224,131,0.19399548556413207,0.25498637505385513,4.794512414536989,4.7749223260628195,0.6532118454613561
49,225,130,0.19319243297797128,0.2568104681694459,5.073443894860434,4.546286075390601,0.6575090069845659
49,226,129,0.19072645465190408,0.2563480782457055,4.786593679848542,4.388053304476079,0.6217139766907
49,227,128,0.19651381193854023,0.2649728586848665,5.433048005351211,4.812985686542497,0.647724294317618
49,228,127,0.19787649603410068,0.26517775900738566,5.081291233510862,4.4298826380123275,0.637997432073543
49,229,126,0.1909752803835081,0.2589931503862812,5.235428607073864,4.304774551226903,0.6564217798182094
49,230,125,0.19414276789023588,0.26559926172205944,5.616438791065776,5.012695665636065,0.6394714793754306
49,231,124,0.19354817770300722,0.2625506969823392,5.33549007778129,4.206845401739966,0.656070341357878
49,232,123,0.19911761424214655,0.2689635426915973,5.394593358877131,5.232283191814288,0.6532396430455025
49,233,122,0.19363660898388382,0.2573384423517688,5.372783184650109,4.692071769466654,0.6404690257357945
49,234,121,0.1987926649757294,0.2648417209633564,5.738859985150564,4.619355895388285,0.6352717719241524
49,235,120,0.19452837467267103,0.2607701343180234,5.008207977943437,4.854518117984715,0.6519955058732714
49,236,119,0.19014701097246692,0.2573309261833842,5.145437954367873,4.521718700404337,0.644239195800736
49,237,118,0.18927448592085724,0.2560086622608262,5.585108738391041,5.766532366632451,0.6579772327317566
49,238,117,0.19578257516003236,0.2736624706565198,5.541789984798557,5.7232500835226165,0.6124875288110085
49,239,116,0.17763574538905375,0.25061429498955773,5.259203837765924,4.589951543583206,0.656473168699218
49,240,115,0.18659850416331103,0.26397589155690343,4.9105305510417105,4.624125162087429,0.6548785967742047
49,241,114,0.19371127879484,0.2664805938942271,5.418021107797788,4.642498780124586,0.6499435780563289
49,242,113,0.19187897947326527,0.2622767841863395,4.723102305806364,3.9598713511498946,0.6385849497491098
49,243,112,0.194953191023573,0.26596156556271733,5.4019325255996575,5.357584235259762,0.6570726671592856
49,244,111,0.19919161079234055,0.26721703290755155,5.338347494803873,5.565737415274306,0.6170431681394222
49,245,110,0.19703400866229537,0.26736179783670083,5.457350790186363,4.561532632884658,0.6509083628374603
49,246,109,0.19672252757477274,0.26502959406636767,5.014634925759433,4.610229003011903,0.6501120974211402
49,247,108,0.1900581512639029,0.2617628906550018,5.06008861696761,4.3106342746813775,0.6489532579225088
49,248,107,0.1896255736255305,0.2617369989476826,5.082522511430648,4.70533711977533,0.6187187651021095
49,249,106,0.19260040156249317,0.2617032895559287,4.949121492933265,4.191058461000998,0.6539747916863978
49,250,105,0.19733442199127801,0.2663944206955237,5.047978041487327,4.746074253065513,0.6257974823604354
49,251,104,0.1882149846466133,0.2547064640593909,4.790540134201117,4.233425895563124,0.6369380386023239
49,252,103,0.1892411866083381,0.2574145043011952,4.901017699917277,4.33840311602671,0.6401538911640943
49,253,102,0.19274255030594956,0.2610280486215796,5.242660416401793,4.303402668593573,0.61945791995112
49,254,101,0.20020754997765172,0.27441395954230985,5.141076353408462,4.195289860576588,0.6525360119820295
49,255,100,0.19298387112714893,0.2668981753750885,5.280390726537387,4.6103540667446685,0.6369782387946752
49,256,99,0.18789750788040774,0.26086095827195616,4.882453140812457,3.960753051191655,0.6438048172570572
49,257,98,0.18950164298776784,0.25998670891419,4.891272970276708,4.19029424376509,0.6442697030033774
49,258,97,0.20690168453035843,0.2796187197399715,5.4379768814593294,4.958857416310762,0.6188575555601317
49,259,96,0.19356441820679726,0.26260382804228055,5.488615140642141,4.720754875121848,0.6493709095380985
49,260,95,0.19248304161246083,0.26157954067620554,5.275123341985458,4.6923102661499305,0.6254805885787273
49,261,94,0.19132579208902373,0.26152837442842747,5.2521206359136325,4.740516000071723,0.6689153918181668
49,262,93,0.19697116520350247,0.26695330564925873,4.581625016390337,3.7474301501950213,0.6241642464856579
49,263,92,0.19892180394751977,0.26941099333611057,5.073542893001012,4.367315418415353,0.6212451449910779
49,264,91,0.2020467319051383,0.2740063880957651,5.067513641759925,4.327708552923275,0.613146223519305
49,265,90,0.19135235241966692,0.2548970375948764,5.030424956324344,4.95202423731852,0.634463526496177
49,266,89,0.2021962412072483,0.2672575884185652,5.5114849951623,4.842578912707567,0.6203091396657955
49,267,88,0.19603745256847008,0.2607254222839352,5.301393211731444,4.4912946970222505,0.6383253443332053
49,268,87,0.19667338645695034,0.2587239144935551,4.650634624458398,3.878184400274575,0.6282135375942234
49,269,86,0.20987090130584138,0.27196427850904364,5.463210640364059,4.829037320889354,0.6295609904037439
49,270,85,0.19809184093069518,0.25828276621626495,5.485349800961178,4.684104389489134,0.6464994029895089
49,271,84,0.1987756486450256,0.26116234031417823,5.490833183955191,5.040184083792122,0.6327152585034244
49,272,83,0.20032368118298974,0.2633608584211471,4.892985540000723,4.1378200751973395,0.6084113549696016
49,273,82,0.21341729630804,0.26391805008980057,4.951046821510741,4.418130365920865,0.6339815979871031
49,274,81,0.1984740003519579,0.24856319973491847,5.226426061223917,4.569884522778667,0.6582661952411513
49,275,80,0.2032974124911507,0.251184651124471,5.32444430667026,4.5535499593872935,0.6308557993572363
49,276,79,0.19733540252601367,0.24564040015285493,5.38458061472676,5.469451236795097,0.6453897446740399
49,277,78,0.1979680128067287,0.2506041278559177,5.470145624173043,4.760504490891717,0.6458073520482366
49,278,77,0.20685259342960624,0.2591979273885556,5.3687979240296855,5.1523769898554885,0.6118188489002614
49,279,76,0.20598162864042285,0.25982447897590405,4.895661968809181,4.453301687560927,0.6437035677886972
49,280,75,0.2044813010470449,0.2564740733130079,5.046514314979525,4.162756001220415,0.6384416838455418
49,281,74,0.2141335807414501,0.2638506707241338,5.200348589892795,4.860451739972552,0.6464969027072855
49,282,73,0.20190257853564872,0.24864428219007187,5.506791700298199,5.086793497767718,0.645990268166583
49,283,72,0.21279970426943093,0.26170407384978933,5.118105158168446,4.5821648883141,0.6171308376397022
49,284,71,0.20645194032248035,0.2545106155789674,4.769242331664605,4.713393940786009,0.6405488476210218
49,285,70,0.23576091699914067,0.2922236327012926,4.915094127278593,4.537062304573106,0.5767205416728992
49,286,69,0.22690208899715542,0.28452755032100563,5.082680171347764,5.023499950448747,0.589536873137575
49,287,68,0.22755216857999597,0.28672282861117226,5.212676380203964,4.098356366615336,0.5750396538085704
49,288,67,0.23679898428513166,0.29712298421730327,5.21709130439364,4.2337102362116035,0.572895965388919
49,289,66,0.22191970536631692,0.27616745483355065,4.769660320071669,4.481371827594823,0.5634177699321097
49,290,65,0.23184133689302366,0.2865691106376342,5.000698852609856,4.47550449208981,0.565810715772169
49,291,64,0.21621473879549094,0.26596747900545553,5.053740502070424,4.14041819637085,0.5960773890002093
49,292,63,0.24044646581485596,0.2917784089338565,5.415537624590478,4.601449086841191,0.5512696987516115
49,293,62,0.2292470034912853,0.27993662583896006,5.322697918587442,4.468698746734535,0.5884757119062408
49,294,61,0.22841959770902995,0.27997692598389495,5.137322754249707,4.531974154436633,0.5974545355868248
49,295,60,0.22730950721087728,0.277680846083939,5.155574714589915,4.563524968679932,0.592120905747484
49,296,59,0.23974297356244043,0.2932134561544875,5.1340927772771625,5.092532554071501,0.5661539427300598
49,297,58,0.2269723647307217,0.27495766532029176,5.479638799385237,4.775981545362331,0.5824867048743616
49,298,57,0.22987517025656565,0.27858983780729096,5.169466370705415,4.2494090290177535,0.5797083741757897
49,299,56,0.24237636721390984,0.28873230364964586,4.945923708844828,4.4757895201202365,0.5791423685651864
49,300,55,0.22526958896418342,0.26569847594840607,5.378213920399886,4.802233651146279,0.5940255773028628
49,301,54,0.23654219351251085,0.28133762383261407,4.746456391061479,4.474462768004629,0.5634272008155017
49,302,53,0.21658390606212133,0.2580813426066679,4.990478193824659,4.072614533077753,0.6023594587765537
49,303,52,0.22478850550170268,0.2686414809722468,4.735987872772085,4.228370297088563,0.5963848231087496
49,304,51,0.22965890746315465,0.27540453515591945,5.026315841141894,4.38689499230933,0.5997188336247815
49,305,50,0.23909050730613748,0.2900305328089361,5.113237218864808,4.723658647504133,0.5509755081199819
49,306,49,0.24261056843283765,0.29639912160687143,5.433634554213265,4.628368820559461,0.562614281154671
49,307,48,0.2382819094653695,0.28985846387778047,5.327676670923442,4.779834254678789,0.5686382680827335
49,308,47,0.23663415936036647,0.2883187867160471,4.890701028311679,4.06086759542333,0.5809984545979383
49,309,46,0.23799330887323858,0.29047484762575915,5.033422109083985,4.5223231838259945,0.5639788644818042
49,310,45,0.22846178691604047,0.2801970758473254,4.896496745109161,4.525907174250502,0.572475597420084
49,311,44,0.22826795176246542,0.2825759208274368,5.260442722850028,4.680162670879573,0.5872621619479482
49,312,43,0.22916235977441682,0.2837153064403645,5.383216035441315,4.310676074222738,0.5918349424623688
49,313,42,0.23412224629945066,0.2901117055674456,4.72215345292636,4.521874395838755,0.577752116908761
49,314,41,0.22622539286660023,0.2789790705959605,4.808994032450423,5.139642957258364,0.566729419269577
49,315,40,0.24507533460393185,0.29900933855971895,5.251571069606798,4.687113650302653,0.5610224337408426
49,316,39,0.23953661035403356,0.295899452453019,5.115440421915543,4.4236565006969135,0.5921740462413363
49,317,38,0.23889510406332704,0.29700828874763513,5.256547080836098,4.535334434656162,0.5695136451626092
49,318,37,0.23149487432893254,0.28800836337800506,4.7994570931792495,4.785338462455815,0.5513024137337024
49,319,36,0.22995324631096192,0.28311069044045173,5.7073964203940495,5.016129819941172,0.5986174329610864
49,320,35,0.24667155469861157,0.3049886482516428,5.251627629924688,5.4764986395668105,0.5729250548590606
49,321,34,0.24680896169805505,0.3059655165863632,4.995462182225623,4.524363407851168,0.5658913274976946
49,322,33,0.22623115896884122,0.2801204298264452,5.4213338832549285,4.328010579322153,0.5986649142250804
49,323,32,0.2195657594750368,0.2783269004386148,5.389211818284707,4.804336739543569,0.6083236398976097
49,324,31,0.2174452573066891,0.2820279855954159,5.287761522979631,4.845189920987536,0.5921015543875439
49,325,30,0.22677760581813633,0.29617780902457025,5.121633822403117,4.375644080081627,0.6261795251797302
49,326,29,0.22929946183696298,0.3027627863480177,4.804728842305282,4.812526702269643,0.5869313623943511
49,327,28,0.24020814444213728,0.3128406526690534,5.17270804417927,4.187283804520148,0.5319711985671689
49,328,27,0.22363851054776826,0.29388228107658515,5.000894091565339,4.35204823735649,0.569715525505248
49,329,26,0.2307167403616782,0.3022045343987717,4.767956465856528,5.180852633569837,0.5695138024508607
49,330,25,0.2241466696088741,0.2960489007975676,4.804320358788843,4.772146381592706,0.5627718327085309
49,331,24,0.23033292624065296,0.299158091560596,4.740358537183755,4.821545792195311,0.5314268154025624
49,332,23,0.22877699361408566,0.29407586306863687,4.78168518952846,4.417674837756438,0.5823645797133857
49,333,22,0.22939634746549856,0.2927355858562809,5.373966118510889,4.963090686441481,0.5853914532994686
49,334,21,0.23119612119475458,0.2923301456181404,5.094473349549842,4.31484170418074,0.5773730108476678
49,335,20,0.23033411470903564,0.28731179526078987,5.5278965919820795,5.053874436052016,0.5664568879315149
49,336,19,0.24365460945637335,0.3090644122848673,5.012507983391556,5.371002397090834,0.5538797141062926
49,337,18,0.2427394081134786,0.3043062587658073,4.935478416193506,4.67007118142315,0.5601137250405774
49,338,17,0.23735182412613226,0.29440598500809373,5.058247854729029,4.367418787656478,0.5661622844943911
49,339,16,0.24393054512362342,0.305855009509067,5.551253586917145,5.753677470779467,0.5883149958807666
49,340,15,0.23934980107514484,0.2989522873954934,4.958306919764667,4.1919367301946195,0.5534758140679679
49,341,14,0.247089644380952,0.30195272387184763,4.874554326197774,4.066752667479099,0.5537084391597312
49,342,13,0.2611821949083601,0.31879905157385485,4.382825110137641,3.9063281021409897,0.5112568830572579
49,343,12,0.23471211011399165,0.28903736305279154,4.963287677885837,5.144077620526831,0.6023428317965543
49,344,11,0.2320340317908855,0.2809823347770982,4.92232978525881,4.546048780950594,0.615457663305589
49,345,10,0.24065667281508502,0.28841148713552217,5.093861262927246,3.9841044027464325,0.5621361901554482
49,346,9,0.2599426427529981,0.3135170891433656,5.061766334854436,4.2437871707359704,0.5389472290564125
49,347,8,0.2527576126834657,0.3016282906464953,5.089532735890474,4.483446876803453,0.5342432947704666
49,348,7,0.23445213997677805,0.2798158027309864,5.279384438716818,4.533703163273381,0.6132586483259606
49,349,6,0.24351600605903603,0.28924830833761783,5.013647436715528,4.2966291919003226,0.576820271520042
49,350,5,0.258000995429767,0.3074846162120429,5.283416773934918,4.6345625325674815,0.531312534733034
49,351,4,0.2496166823797808,0.3021424499109283,4.690448989101194,3.933760747188948,0.5311786402444861
49,352,3,0.2513529691364476,0.3039606418065207,4.80093721326446,3.826046531556669,0.5552503667101384
49,353,2,0.2516385984586772,0.3002710017044154,5.756634196848665,4.819838228713194,0.5708364777998367
49,354,1,0.23855164454455996,0.28571779679536374,5.064550108164303,4.648861368284697,0.584157577420643
49,355,0,0.24334921942275,0.29286987626460015,5.095511188544208,4.172966301163343,0.5687695085173705
50,1,182,0.1379740489551855,0.20457923363806188,5.482264890147647,5.8463590144704485,0.7823046957984797
50,2,181,0.13843990000849773,0.21086434794790793,5.423983360076692,4.960272982088893,0.748611403820604
50,3,180,0.1336423305753638,0.21247159579415958,5.151165496284001,4.857362199654815,0.7421798109442392
50,4,179,0.14072717364038181,0.20355565967616573,5.767867343536427,5.675076927092143,0.7384439900270675
50,5,178,0.1365405805526731,0.20759787853775263,6.2490118277238125,5.245189389804706,0.7667820653901425
50,6,177,0.13606438016968692,0.20271465126405452,5.904195279322882,5.895235797368114,0.7722552070045785
50,7,176,0.14273730063062817,0.21237998387524518,5.517637052471559,5.114985254678054,0.7455946566542621
50,8,175,0.137475755312476,0.21536435990103223,5.763895104382081,4.960455499059297,0.7420959182166702
50,9,174,0.1377197897394206,0.20831813993412668,5.105702373318106,4.493870750440872,0.7465662369352066
50,10,173,0.13573089359641516,0.21354755607269016,5.520047236134674,4.822925572717018,0.7400793225253408
50,11,172,0.13664687203752396,0.19645107933164246,5.248256725521186,4.318865656189474,0.7630127753311938
50,12,171,0.140374734704429,0.2133756399207708,5.227241050072152,4.360360089117884,0.7281866121250281
50,13,170,0.13730181261256585,0.21204077942154445,5.359655766569935,4.752640396173631,0.7166608903236698
50,14,169,0.13671045764238793,0.19751261556216573,5.001706199776652,4.457904894243339,0.7513575948532123
50,15,168,0.1409084882848417,0.21443994338314035,5.254227748385727,4.603992774390214,0.7243845613704314
50,16,167,0.1383157909074015,0.20822141900021057,4.979130551085328,4.857824855878484,0.7467359243504383
50,17,166,0.14218741496180182,0.2170072379483856,5.397182139119499,5.863062466439879,0.7369633000622601
50,18,165,0.142704076673292,0.2182870306709002,5.4610149974584985,4.850404496890166,0.7272292714626858
50,19,164,0.14314383658482144,0.21287584487865072,6.068820483548853,5.43027808941818,0.7434128971488526
50,20,163,0.14570683599821266,0.20706350249521693,5.998185343007423,4.739752889309672,0.7417999997730511
50,21,162,0.14232533973793415,0.20492614148218624,5.882887032678822,5.029920482921956,0.7430357969752949
50,22,161,0.14203323688731934,0.20278328879630464,5.217716379845225,4.695952123151429,0.7408464679986944
50,23,160,0.14589220109712733,0.2047475965232598,5.569311416982945,4.346107108613958,0.7087642982844632
50,24,159,0.1445301852595466,0.21250102991978126,5.405755908517905,5.219265346324436,0.7417339087445144
50,25,158,0.14676212509447167,0.21066640867994071,4.673315980856299,4.1899065849294335,0.7476955810950766
50,26,157,0.1405784242504587,0.21083792660660364,5.096639584777231,5.076421323165526,0.7227155572941826
50,27,156,0.14283302136917977,0.20509051619309582,5.708566051630315,4.440265989781198,0.7223599327555643
50,28,155,0.1507869682567124,0.2146845146369763,5.418551608781881,6.039473971152088,0.7450222776305198
50,29,154,0.14611482368231343,0.21448274390927818,6.151081933910964,5.19109585949665,0.7501399611200359
50,30,153,0.1470389967986215,0.2137094206396743,5.80804570858307,5.2290735344833355,0.7453314480130778
50,31,152,0.147744977586555,0.2060957034998856,6.202131587118277,5.934058344377396,0.7263007857318406
50,32,151,0.1436811347523416,0.2106070772131315,5.917260704240581,5.721849059444327,0.7358832116786154
50,33,150,0.14304206257931504,0.20930765947699506,4.914404474226366,4.200380911029536,0.7284473556020188
50,34,149,0.14402545780822348,0.20396771492872182,5.876989471887321,6.006463284499159,0.7667086636266075
50,35,148,0.142698797711204,0.2027427567041984,5.069021575356625,4.669119497799019,0.7646386846768422
50,36,147,0.14513688107918365,0.21721556683143078,5.830800377335273,4.595343982978332,0.7380893479654046
50,37,146,0.14814445978642243,0.2078111943176702,5.233481165951312,4.655724326805703,0.7238127272587732
50,38,145,0.1398423730385365,0.2176568362260138,5.002340685285002,4.325373755341651,0.7327897349849049
50,39,144,0.1437356559175021,0.21341212623634695,5.606214235585088,5.070831433266423,0.7297782615679584
50,40,143,0.14446242087234393,0.21238768840515476,5.525048927937476,4.364453096343205,0.7225097621424643
50,41,142,0.14653245099570764,0.22537741437814046,5.472480819490533,4.725783616787819,0.745530885847228
50,42,141,0.14810567170158076,0.21339633466606586,5.049471022448836,4.5731461842693495,0.7432458826585481
50,43,140,0.14501591650989684,0.2181901837891673,5.469280165833966,4.489087727108455,0.7297719200955711
50,44,139,0.13924696349431057,0.21516678531459071,5.179144256235997,4.721942647882474,0.75996178810896
50,45,138,0.1498718627965798,0.22676450834809833,5.348260698080625,4.244503274568094,0.7323339390042743
50,46,137,0.14659184505480655,0.21272320882650772,5.368785398991522,4.9534241898285405,0.7250754503603035
50,47,136,0.14321283125467227,0.2194970047870265,6.0104135600303525,6.115356006551229,0.7253215930739761
50,48,135,0.14029210561180544,0.20770253264902552,5.813921281168389,5.118100255044742,0.7278092260406601
50,49,134,0.14505011733433262,0.21416110427677576,5.533912322195371,4.493896419104226,0.7213911313261555
50,50,133,0.13890885946863682,0.21259155528740234,5.552044945455863,5.244546822377464,0.7304351541261275
50,51,132,0.14392119525211827,0.21707602558552996,5.526105806720613,5.4040198242744655,0.7349656727115627
50,52,131,0.1466771301726891,0.2179948076055844,6.2537155640781465,5.241347901902549,0.7366955031505364
50,53,130,0.13964880237786503,0.22045436042510744,5.3948947832017335,4.760613729576934,0.7431575620424822
50,54,129,0.13699817609293183,0.2057258962776244,5.931318901671137,5.314058986892278,0.7381468028316316
50,55,128,0.14502564461353637,0.2114297436170177,5.608640423919061,5.029575071931312,0.7467205261824579
50,56,127,0.1515748013852195,0.22688149152731193,6.1588669467246415,4.547065559562983,0.7380221359460211
50,57,126,0.14482478003415078,0.2236351514646392,5.540658820027213,4.698314119533018,0.713969949842507
50,58,125,0.14667883274941693,0.21608491862620804,5.293381594524666,4.594082615067089,0.7535637833828223
50,59,124,0.14506480410241174,0.21339902987519785,5.154360881567815,4.699432582005124,0.7139316998416322
50,60,123,0.14823297429360546,0.21624978817795815,5.292409709858913,4.3532813260173615,0.7065110414686239
50,61,122,0.14774687823529536,0.22487073289168652,5.575193654714379,4.704044665895635,0.7352835365118515
50,62,121,0.14662498576976793,0.21723015788094308,5.197202933549034,4.244925547330028,0.7193052328887182
50,63,120,0.15021295480155336,0.22525209038755212,5.460504005783561,4.281530059208411,0.7061674502730237
50,64,119,0.14164356117744203,0.21365052852264338,5.862252230930315,5.682138799167643,0.7244610311816932
50,65,118,0.15333458949151346,0.21838468946330417,5.336926628820467,4.530436145419633,0.7151457314079515
50,66,117,0.14956426459038213,0.22055875460955895,5.5996717250527865,4.803014525000869,0.7288903433000415
50,67,116,0.1475483560061482,0.21833224260525752,5.56531642514077,4.371023893586237,0.7308811901915983
50,68,115,0.144490823012592,0.20104147622757793,5.3182915336314505,4.446077919582148,0.7417650013404996
50,69,114,0.14986229048306687,0.21160022082555952,5.228334309565119,4.919774863168508,0.7375279490576317
50,70,113,0.15229098183316161,0.22138365435644888,5.835751254847446,5.2118123893094035,0.7665560249355368
50,71,112,0.15338436436862757,0.2224860227838947,5.331712531349749,4.796722623681594,0.7184505051273126
50,72,111,0.14878526292590954,0.21197533725417197,5.3411794788826725,4.999217613126913,0.7366852962620652
50,73,110,0.14531615320190996,0.21613514973916714,5.2940358918587584,4.659383504906946,0.7380450551810102
50,74,109,0.15480671013869643,0.2322496306803905,4.952782759531221,4.58806333021136,0.6780940722508414
50,75,108,0.155286354991232,0.23151186656613712,5.821397467995899,4.717732902702782,0.6959236071191942
50,76,107,0.1609490349946159,0.23477987621814728,5.568865245013397,5.001634881885904,0.6683162798433331
50,77,106,0.15870887110271578,0.2334833067245746,5.1353656996245896,4.7292895064585805,0.6846298067873313
50,78,105,0.15889418164383745,0.23396892722276805,5.338337408929768,4.336982687083399,0.6623662826957769
50,79,104,0.1614723973341315,0.23134217430124587,5.33915410906963,4.55378959060094,0.6860406965440615
50,80,103,0.16112354055545994,0.23722847725941104,5.120850999973671,4.229137486078624,0.6742510770998764
50,81,102,0.16805707685912427,0.24181323085096146,5.401509555247691,4.391331225160554,0.6661488779603139
50,82,101,0.16377497360988166,0.2393789543412341,5.067158885157178,4.533092975392365,0.6529241477719819
50,83,100,0.1687888955866523,0.23498005217572734,5.47162308064337,4.314816908205474,0.6646443126126781
50,84,99,0.16006390558774106,0.22664875212228536,4.99934891160801,4.592892555811887,0.6693521999217308
50,85,98,0.1576291212532481,0.23806767608525578,5.623914374988588,5.129536971938048,0.6783313017518472
50,86,97,0.1668612997707297,0.24968595519383996,5.250273080871022,4.606367575190258,0.6516691942591535
50,87,96,0.16030534021400394,0.23498781047562828,5.142144892431215,4.467024943160801,0.6409315595992617
50,88,95,0.16604865545594713,0.2404137121723594,5.2531730543275135,4.919335972054923,0.6775462761647316
50,89,94,0.16732063676067102,0.2375122316964503,5.659957774783885,4.7402774264319865,0.6733586000641348
50,90,93,0.16303132157588432,0.2464905589792126,5.2523940291126845,4.486415802776678,0.650053852115631
50,91,92,0.16392864164675836,0.23840286491713186,5.946606068944719,5.7055722651837755,0.654149825627495
50,92,91,0.16955406149445745,0.23733863503329145,5.1993152078897085,4.557102290884747,0.6782475489179992
50,93,90,0.16001868910729788,0.22886212339848766,5.816030906329219,4.833769176008529,0.6771963128747903
50,94,89,0.1644437682899671,0.23763612702599077,5.580451071858363,5.168486492175041,0.6631138111032594
50,95,88,0.17038735101725325,0.24570234895317986,5.529712313147451,4.727633718546672,0.6436033536925985
50,96,87,0.16424244474447702,0.2423203938962466,5.445087444143597,5.161866781778541,0.6382039365621669
50,97,86,0.15602921082141383,0.23616305748360025,5.777931936662317,5.372612433865426,0.6862333701907262
50,98,85,0.1616439226471992,0.23283710855995043,4.794269534344593,4.663111868192542,0.6726530069640021
50,99,84,0.16932133649724743,0.2394964362334793,4.876012672075785,4.225613547172189,0.6340486257795653
50,100,83,0.15761464244300244,0.22604714208749338,4.991879753938701,4.35246227382637,0.6667663427706105
50,101,82,0.17274425509103444,0.24128229210088767,5.0606334123112955,4.32639973850509,0.6485810406736054
50,102,81,0.16456100885562308,0.24050977745472488,5.007095947924501,4.694448057438513,0.6422778135881605
50,103,80,0.1620707379149512,0.2370229568155092,5.392731696058744,4.572413852611101,0.6333762913011329
50,104,79,0.1635288695486181,0.2416137501241057,5.07789968939559,4.934786927779636,0.6325015938868258
50,105,78,0.15745576959205043,0.2354019460421047,5.560851407088144,5.197353120896271,0.6625068510410419
50,106,77,0.16648192950529456,0.25575686721117913,5.9796540436479475,5.273475098886996,0.6513090524049039
50,107,76,0.16000191754674487,0.23824566321863846,4.727989511015666,4.239653452752291,0.6517672107862866
50,108,75,0.16334629451294994,0.25032058557685755,5.551905215034729,4.8464018849278965,0.6690407907385765
50,109,74,0.17143313933470766,0.24782251569302435,5.664840961547065,6.09616958527896,0.6701173833219098
50,110,73,0.16611433866590025,0.2514385831057017,5.285073189702317,4.837962823710777,0.6712614040450828
50,111,72,0.175483883233082,0.2499851578783815,5.613389271304504,4.493147205888088,0.6503534257040863
50,112,71,0.1696422792488865,0.23658654229579948,5.124864535317489,4.618085123665474,0.6595825424960959
50,113,70,0.1641326782682416,0.2403434957016665,5.0176388674496195,4.2063083890571,0.6394952804332794
50,114,69,0.1703097051251583,0.23076062490713684,5.489916042513968,4.648324078087492,0.6625000390949456
50,115,68,0.1649412394953394,0.24662728931198324,4.856988446266291,3.8589713044674703,0.6557524972658493
50,116,67,0.16793886976203964,0.2415339265677115,5.270606551499553,4.401751670430845,0.6478709005185007
50,117,66,0.16949771502562827,0.23648893256876952,4.89025879133391,3.9185886631040954,0.6550984389476346
50,118,65,0.1706409951690004,0.2432137179270563,5.208577062463936,4.574005236507826,0.658256644261516
50,119,64,0.17135796141658444,0.24214372347661722,5.459330315412483,5.570107932512435,0.6546470910351007
50,120,63,0.18292113456223175,0.2421378383046895,4.977328179991021,4.345987687992039,0.6422028029088783
50,121,62,0.1737590485999886,0.23835408967505242,5.461089613158508,4.327762475997527,0.6435689968608531
50,122,61,0.1682554340868287,0.2389356105996761,5.0742960834188136,4.707875594090657,0.6443341537788592
50,123,60,0.17292763670829517,0.2473894183908863,5.734710452726252,4.884200705551783,0.6762095914646956
50,124,59,0.17602523177629767,0.24747208598040843,5.3152175954782415,4.43685374397578,0.6506503903217651
50,125,58,0.178355682326266,0.24799892947359028,4.992617842612234,5.356724654465786,0.6397899081820877
50,126,57,0.17480884617838427,0.25128316879426366,5.781880593746044,4.823601734292442,0.6676390551776613
50,127,56,0.17506161080372099,0.2496942225298424,5.2441245806415875,4.374918087241798,0.6265250603100047
50,128,55,0.17064451859087282,0.2446087395687276,5.113828600104039,4.537668833998826,0.6268216958640627
50,129,54,0.16610705672446505,0.23229134595006845,5.157031107915742,5.543975933157648,0.6715607647437346
50,130,53,0.17642058975301844,0.2569666842877792,5.278139425168236,4.616525901701239,0.6375718401095123
50,131,52,0.1756826455528641,0.2505946701478411,5.170198554244648,4.426344899376218,0.653238553559859
50,132,51,0.17371229708179367,0.23880068809833785,5.675494499183067,6.66431310732651,0.6496538497011588
50,133,50,0.17672669093085192,0.24696751742669631,5.613773241555249,5.54978010182012,0.6618955061169426
50,134,49,0.1692919923228709,0.25250362995762504,5.094264470792817,4.147195849213936,0.6345980294578321
50,135,48,0.17424319180142908,0.2484877589223498,5.453361954434632,4.223849700205824,0.6639387192104907
50,136,47,0.17301415632661782,0.2453441064809841,5.230881369804621,4.650014572651689,0.6471928692584338
50,137,46,0.17543479840558387,0.25127749318765397,5.435539697428722,4.7501112648842945,0.6437276385334394
50,138,45,0.17330585507094096,0.24571259668026305,5.896988938643249,5.133428150121092,0.6807778483344832
50,139,44,0.17890849400064418,0.24212840248991108,5.297500023220587,4.344190039274844,0.6343587348342935
50,140,43,0.18519895410328452,0.2482982745862073,5.54844170243987,4.553792877926999,0.6645644114064941
50,141,42,0.1792362699110033,0.24811547984926305,5.983674646909208,5.163411897985371,0.636583696106494
50,142,41,0.17624633344629861,0.2422417478822301,5.385492782657793,4.744643132989864,0.6291906136975306
50,143,40,0.1798724048503715,0.24959852616009232,5.35184670300672,5.057842764275312,0.6596970436996185
50,144,39,0.17570778979045273,0.24497886704062719,4.876994324120022,4.624775361547912,0.6634514109144576
50,145,38,0.17667922622846594,0.23539413660679892,5.610012339795078,5.81939401926565,0.635461934683315
50,146,37,0.17780930053111266,0.24044196790041333,5.245682001566843,4.816569223764608,0.6627773620889617
50,147,36,0.19015820438738248,0.26698990093816366,5.131937275681185,4.502383477304933,0.5793242967513504
50,148,35,0.18602195422812548,0.2589307487382341,4.983558564688174,4.581816968407483,0.6122996498581755
50,149,34,0.1825797292523436,0.2569471908125237,4.93842212872374,4.157727777527254,0.6204026768347981
50,150,33,0.19206828369402887,0.2606744191887184,4.931782689584078,5.013604326821107,0.6097015099662582
50,151,32,0.1858744542532991,0.2579647158577682,4.525891489125528,3.894879807369303,0.6199609547138274
50,152,31,0.19181528158887615,0.2749318233508886,5.440650992691268,4.962584158478884,0.5794111373147037
50,153,30,0.19104755039734195,0.27648347937775647,4.960507425643165,4.156610890836275,0.5890722535733929
50,154,29,0.18884886644813126,0.2668942893800951,4.66851897806,4.614513695706798,0.600580172457227
50,155,28,0.19169248451911192,0.25640439964098516,5.047258377754658,4.4594902384402895,0.6138620793240827
50,156,27,0.1957527955672486,0.26807217520927945,4.92759472827523,4.789740812610087,0.5755551392320399
50,157,26,0.19517548397614698,0.27109315261117634,5.880270609486818,4.4125186150466655,0.6131788914772072
50,158,25,0.20428640002247847,0.28029850021899577,5.696474745841481,5.027481018851941,0.6116548451784277
50,159,24,0.19256996120491537,0.27436061090104213,5.329746155216096,4.829807651032562,0.6032736801031509
50,160,23,0.19053211958194122,0.26913453351770344,5.1415222430043315,4.589249765104966,0.5866167249081975
50,161,22,0.20232753574288545,0.2765870494942241,5.302237438213259,4.897092620730599,0.5780926292015134
50,162,21,0.20477858388150452,0.29204799780838436,4.754252391479492,4.215536157973614,0.5785672981700803
50,163,20,0.19654292724443448,0.27592464643294506,5.197066747075824,4.7769499156870205,0.5888300694324864
50,164,19,0.18510929541983925,0.2620308647883334,5.259862124184512,4.807951841589645,0.6246827501273599
50,165,18,0.20548169547053133,0.2922643747365669,4.680202116692563,4.041160378967795,0.5433159164862142
50,166,17,0.18984740915902862,0.2681173899510243,4.939351696959543,4.310234366689468,0.5852200937386705
50,167,16,0.1914889890110644,0.264188670729107,5.130202136223386,4.893815125896479,0.5989892394844314
50,168,15,0.19803794091082286,0.2762872302454513,4.753683804654882,3.9286561873817187,0.5910802480632479
50,169,14,0.19048440604481134,0.2725865143581829,5.494931960495166,4.6600246039655895,0.5936610710958181
50,170,13,0.19640950700915327,0.27226189649498456,4.898305736721436,4.852986655558464,0.6128337815327721
50,171,12,0.20262274985611387,0.28421785547489437,5.2121803808032565,4.592749316947813,0.5879917563705911
50,172,11,0.18402070979451934,0.2611555010076923,5.0185983119542925,4.609008377537993,0.600858283411253
50,173,10,0.1991280790460587,0.27431682108551614,4.827976078834004,4.44991757535663,0.5738499688288593
50,174,9,0.19598322411817987,0.2668763671411496,5.066180441250655,4.831610817642804,0.5930335288373394
50,175,8,0.20265804628173806,0.2764629027588102,5.435488716579451,4.720173514137383,0.5655169893601918
50,176,7,0.1846195955345312,0.26014005524258627,5.158817828213175,5.091832253963038,0.6054713471863575
50,177,6,0.20067149378613286,0.2762222838302616,5.065626960391709,4.303895703590937,0.6080035510840822
50,178,5,0.21015103860224474,0.27728669190009686,5.435235548701565,4.826317257576941,0.56096042087186
50,179,4,0.20511590764082455,0.2869280819411857,4.934865472090279,4.068201321561488,0.5720022666591914
50,180,3,0.19944638717603327,0.2647264722900415,5.225825205541756,4.092076177907394,0.5973685671437906
50,181,2,0.20707550877164282,0.27720372359843165,5.176379150109513,4.070291121337535,0.5914180236462773
50,182,1,0.2003874275804337,0.2716974777813686,5.291211727093449,5.005646430098558,0.5873399759826299
50,183,0,0.19603035258865512,0.272115954871036,5.304429603537098,4.678068057055195,0.5737214641328942
