unit,cycle,RUL,fe_RMS,fe_RMS_norm,fe_Kurtosis,fe_Crest,fe_Entropy
2,1,263,0.14911846135547382,0.24562972817187387,4.9013726024208495,4.614323608888308,0.6591723326044664
2,2,262,0.15426888276477016,0.2574335900967855,5.270764895270759,4.73211599300882,0.650071495656463
2,3,261,0.14474525852685693,0.24268297692387414,4.781298111171852,4.058767184556493,0.6421209299621548
2,4,260,0.14926437392188363,0.24817809282806697,5.421479906053189,4.888084242713905,0.6515709213513461
2,5,259,0.1498483354600195,0.24889284917224946,5.277496972755817,4.743037967984016,0.6482346986477029
2,6,258,0.1468769163455198,0.24537730728914114,5.1305998817539,4.177335051454533,0.6484123773526119
2,7,257,0.14502339682057946,0.24224705292842083,4.774872467223075,4.3060699171717145,0.630039435699876
2,8,256,0.14782733273138182,0.245696647418674,4.959816617084408,4.198859496271149,0.6637946710436742
2,9,255,0.15125225986983037,0.2513551847422748,5.469851408184562,4.807456994324508,0.6517622695998938
2,10,254,0.15294058902114868,0.2537717890482733,4.984570864109513,4.726175266985612,0.6287243685930061
2,11,253,0.14888245269508477,0.24773680256886108,4.891841613274382,4.4795096567037,0.6455760362847036
2,12,252,0.14864648676994074,0.25116550384857667,5.174616619186855,4.816512299772551,0.6512463642850232
2,13,251,0.14745380109123313,0.2503411504946594,5.757167113915301,5.871402826729275,0.6449363265175025
2,14,250,0.14770070309514652,0.2483498359100621,5.35602758777525,4.937660193379645,0.6560120849928655
2,15,249,0.1462123428359699,0.24789172552009767,5.670283164612927,5.165530879452559,0.6547952774387032
2,16,248,0.1499941860087637,0.25584605604050625,5.966420889554952,5.490524580870334,0.6450618982587675
2,17,247,0.1542497807440775,0.25298991622208294,4.894287698437209,4.255939154741061,0.6508372766884806
2,18,246,0.14984839608115944,0.24866272003698087,4.892472314098452,4.152518135674705,0.6543620879677914
2,19,245,0.15261835665948675,0.25174782123285994,5.446618722645828,4.779457806555711,0.6407166130922136
2,20,244,0.14843420751102446,0.24956833157164943,5.57101528443925,4.970819663503679,0.6530576034715355
2,21,243,0.15156132612438253,0.2541638896196519,5.217492775647088,4.896366351218801,0.6316584932052023
2,22,242,0.14908578910661743,0.24942548360451186,5.123629753389798,4.518655382765987,0.6473898910568708
2,23,241,0.1491745543572158,0.2561996444843788,5.331770435985513,4.473033223333563,0.6578175877260602
2,24,240,0.1527304555009843,0.2647709891142784,5.606203694833134,4.38735176522252,0.6306172187153818
2,25,239,0.1513275409880282,0.25754846073458637,5.029159015670038,4.226306417035589,0.6887599927085131
2,26,238,0.15186388044730822,0.26060866523262266,5.254649005670348,5.192714068903616,0.6332636802439973
2,27,237,0.1530500435473425,0.2604386516937607,5.383223997014316,4.5570522177963415,0.6448567799001087
2,28,236,0.15326162516923042,0.25979767523420927,4.999769482043533,4.4695084373954845,0.6442215127092726
2,29,235,0.14973722043684223,0.25471477161364314,5.526732887324496,4.239873605144144,0.6389009416067233
2,30,234,0.154563989118408,0.2604481754878111,5.575721717902679,4.876666734048999,0.6440249702026442
2,31,233,0.15026318861411594,0.24884032797129924,5.567329465526792,5.2868472917173275,0.6512793922734197
2,32,232,0.15327166352150368,0.2553022072445303,5.014790829886994,4.060366646198536,0.6509441529468449
2,33,231,0.15504062093856483,0.25837850131334084,5.4386514596134266,4.624908588457104,0.6246814561357513
2,34,230,0.15066348882632935,0.25159738581360797,5.064549442545051,5.717778828566392,0.637354559229387
2,35,229,0.1498095334484268,0.24861691298943647,5.08117738756003,4.519889710017389,0.651659395249604
2,36,228,0.15631871134099948,0.2593765416790843,4.76347036536463,4.002401426755433,0.6309338306480835
2,37,227,0.15506113269248573,0.25394518477429906,5.099000176364011,4.745927962219153,0.6735727810976422
2,38,226,0.15924094910959904,0.25938366052883455,5.891716580454165,5.783590486044038,0.6407749084371879
2,39,225,0.15619724513827732,0.25510681293731713,6.474562824558291,6.5614771942458345,0.6468473342006812
2,40,224,0.15633109600094688,0.255397138740512,5.486874589757768,4.919268700628934,0.6603710296570896
2,41,223,0.15702216242337158,0.2594726076987859,5.062951809546046,4.7725636571072885,0.64807014362712
2,42,222,0.1525265365663137,0.25553532277918506,5.136557174136503,4.66689162994048,0.6625492624953874
2,43,221,0.14713241678730163,0.24646911926666357,4.6835971714685005,4.000103290463028,0.6441751881713426
2,44,220,0.1538101749296392,0.25709639451910743,5.4372441351401335,4.522609216845134,0.6677852025480581
2,45,219,0.15770830179811937,0.2628151928168987,5.493845832541895,4.9912046680097815,0.6366202065889337
2,46,218,0.15499170314764685,0.26160857374048385,4.802692747126246,4.492094391261884,0.6344036815204442
2,47,217,0.15727674671856554,0.2614276224827402,5.015168918837405,4.47342619866486,0.6443622691324257
2,48,216,0.15567401148037266,0.260141802730295,5.110693405424066,4.3942727016631755,0.6217844439010735
2,49,215,0.15329520554408527,0.2562327326627756,5.33357337710566,4.196556462822791,0.6383012000927526
2,50,214,0.15092341801141929,0.2520719916988805,5.222726889230669,4.705171469243803,0.652155887933894
2,51,213,0.1472793593598701,0.24775366671118482,5.569544533691857,5.777927475703667,0.6475662480791341
2,52,212,0.15757295719946937,0.26498244023227074,5.320536647539427,4.707107435073367,0.65223608009588
2,53,211,0.15779719686416385,0.2632642255578561,5.336905451871268,4.763226289224482,0.6534231677538614
2,54,210,0.15476632822918682,0.25229386397184095,5.615378218991822,4.7202955950304135,0.6456527416858109
2,55,209,0.15190659828767697,0.24350046927471075,4.935445466158345,4.123474211429726,0.6419879007332343
2,56,208,0.1553395602832697,0.2506379616461154,5.3421479835655825,4.544216167159158,0.6499437740364875
2,57,207,0.1590740916510075,0.2553295243764799,5.512691561500574,4.665369685151294,0.6320153173182879
2,58,206,0.16048939508128596,0.25355438348303166,5.19786413530386,4.308462268587963,0.6402978748005879
2,59,205,0.158450638748168,0.25164183649351857,5.694625724435049,4.722651548204442,0.6598829838361665
2,60,204,0.1647324048042489,0.2585001937266129,5.449603855291549,5.303972002536015,0.6438947918439808
2,61,203,0.163049968854199,0.25737756781135174,5.338962497179923,4.675634807965588,0.6403032551520232
2,62,202,0.16193791028606558,0.25599150065367887,4.959851425195184,4.171716692530805,0.6399517228923721
2,63,201,0.16251887700790035,0.2586037867044935,5.56803331755895,4.623108721806264,0.6369910084762915
2,64,200,0.15542646753193104,0.2501529457359108,5.117082742028979,4.535166331322748,0.6508375079779277
2,65,199,0.16012806723103595,0.2557234214865878,5.1594551160071145,4.115032114528226,0.6716120339900121
2,66,198,0.16331684980541095,0.2596113266654587,4.98191947389637,5.51930597291108,0.6329317411161894
2,67,197,0.16026213099084805,0.25499602208965405,5.395828404252361,4.3597089707314165,0.6704953467951048
2,68,196,0.16402113266830645,0.26011333414458715,5.201851116653978,4.622174090928624,0.6289357500471393
2,69,195,0.16139255953986803,0.2566473867737684,5.349554554278722,4.763776582516319,0.6609466626638476
2,70,194,0.16252724935972684,0.2593242211769489,5.54053158819505,5.245174528630438,0.6418227465555764
2,71,193,0.1612545640034556,0.26051042489852855,5.564287595952389,5.056620562683786,0.6487993666491761
2,72,192,0.15920661249759102,0.2607040173309586,5.29324438662826,4.911288378769958,0.6256732151485025
2,73,191,0.15867415181553826,0.26300695646512356,4.722423599810839,3.8279942444249038,0.614532488139494
2,74,190,0.15729032852174216,0.26292072253304855,5.499680682543835,5.084948660311386,0.6560066657132607
2,75,189,0.1652143863366147,0.2708645689956148,5.520062840392983,4.900153586119553,0.6415860431954835
2,76,188,0.15983917125817276,0.2660800580648156,5.077433980987364,4.15011224471086,0.6537883567820766
2,77,187,0.16148819726736602,0.2714653505358539,5.382654230825048,4.570757663178171,0.6518160628315346
2,78,186,0.16387092186983016,0.2762437281668121,5.339931473014504,4.4485126521428775,0.6236200610097473
2,79,185,0.15887687346681248,0.2629530281603419,5.464843266126426,4.8633457849482555,0.632723774554082
2,80,184,0.16070088295565627,0.2596683461277992,5.010620045457346,4.89418971652696,0.6396957822007613
2,81,183,0.16046882779224358,0.25847956575789965,5.18593431224998,4.641569901872224,0.6401397432903713
2,82,182,0.15927918648837797,0.2592491550052039,4.937414772276114,4.270832445049361,0.663887965949768
2,83,181,0.16565093028393485,0.2675095636609143,5.474708055716594,5.202062740085954,0.6200277878691776
2,84,180,0.1597756959864924,0.2561124417226499,5.41586582476207,4.029949513470539,0.6372706512521349
2,85,179,0.1647299011772402,0.26380713799498107,5.054119018919716,4.430086766997388,0.619432307582039
2,86,178,0.16097549145974943,0.2602167967882564,5.017162785444707,4.258548324858676,0.6332615069452575
2,87,177,0.16447966504518285,0.26693618471105274,5.41503798000032,4.570132560727933,0.621782476009884
2,88,176,0.1596233162174931,0.2589540825359885,5.211148724810887,4.896685337688218,0.648640151531014
2,89,175,0.159691269117318,0.2560890580495512,4.994325176248591,4.6464535377995695,0.6575132874312541
2,90,174,0.16418777285301644,0.2649155708771418,5.004615043695667,4.5002792237513685,0.647892511487189
2,91,173,0.16533537137002322,0.2661916704064168,5.166179752143978,4.878283430113476,0.6569657859947441
2,92,172,0.16436686835394887,0.26602352869734114,5.48389330375314,5.044535633613891,0.6440680295572134
2,93,171,0.1663808985830021,0.2673641837075105,5.32475902057495,4.361752716535055,0.6406971632114322
2,94,170,0.16594192858780868,0.26992348027859336,5.350046781557618,5.312687108563497,0.633567784436263
2,95,169,0.16789897840184104,0.27135786122042627,4.915376166651221,5.412102568931808,0.6197202340651264
2,96,168,0.16851022248706496,0.2715031466647152,5.355936432797422,4.8036023245250385,0.6485622955722423
2,97,167,0.16413561394859313,0.2663856178557562,5.542942064211578,5.262639091703664,0.6283218239491143
2,98,166,0.16293198281830143,0.2673541376332675,5.2333599915061875,5.205238416309604,0.6389217323081068
2,99,165,0.1616754727620341,0.26967662163185285,5.332412771433969,5.149432364865209,0.6425368668472232
2,100,164,0.1614287481783463,0.27282278765973783,5.6198227289392415,5.218127608797081,0.6165949257509404
2,101,163,0.1634647047749404,0.2768708210645164,4.7858794993001545,4.481248460412164,0.6520857120623086
2,102,162,0.16317108741066894,0.2755471552288029,5.00791168896194,4.448153161320521,0.6284607695647791
2,103,161,0.1654648368859448,0.27998308716722986,5.268037536065638,4.474519874341708,0.631300592228946
2,104,160,0.16432084841596573,0.27979604372307143,4.878303235433911,4.634392077349171,0.6405914012068933
2,105,159,0.16377127889349105,0.27208763687482657,4.867943541418192,4.675924768270359,0.6133332243737916
2,106,158,0.18283219375990117,0.3012719879593667,4.726457014654082,4.550110858853059,0.5672920523075902
2,107,157,0.17967592343370262,0.29564843796408385,5.118411785198536,4.406429610850508,0.5786983822832127
2,108,156,0.18345554504697845,0.2991658349100259,4.949821487741748,4.128830529819936,0.5736472348541709
2,109,155,0.18488251399944977,0.3051493523196867,4.643972427620927,4.599174487832865,0.5743372604700382
2,110,154,0.18521187625034868,0.3009075473037088,4.957968427445968,4.6398478890142005,0.5596390254929161
2,111,153,0.1753712225918909,0.28781764514065167,4.802408741152334,4.3658658272214,0.571712540665684
2,112,152,0.18843035802315214,0.307996195128682,5.345018712318266,4.974653537646345,0.5663020600632471
2,113,151,0.17473712181402226,0.28637839160702405,5.076205889503285,4.396625300254459,0.5874611605520497
2,114,150,0.18411904031308113,0.29904919367588145,5.091884002422754,4.493722619418272,0.5705214056854168
2,115,149,0.1868436684867386,0.30573581617173246,5.249863671275476,4.582815548521526,0.5804486495904414
2,116,148,0.18815784360549884,0.29986294370975747,5.102936675616893,4.47686200176509,0.5763358853827558
2,117,147,0.18784953151763642,0.30249194297617205,5.131527819778476,4.845377977343526,0.5912021273258099
2,118,146,0.18761308814693858,0.30215849855218474,4.54089862764924,4.167734188523005,0.576050091910772
2,119,145,0.18998829359622246,0.31185577102601447,5.317914378105356,4.32801308032026,0.5618984793977853
2,120,144,0.18227920951385623,0.2988782085396959,4.987597024197482,4.5638146064442076,0.5664844171141606
2,121,143,0.1783553400052045,0.29506899388431795,4.972875068070949,4.737718813225472,0.5890045096873876
2,122,142,0.18320001089439328,0.30312768795850153,4.88675455466695,4.220259056417422,0.5664427182165016
2,123,141,0.18355674088996307,0.30698149496481525,5.073820864107325,4.606196900521304,0.563048564899276
2,124,140,0.18453520827638983,0.31142987752981205,5.109636198304933,4.7359577824922106,0.5739434953819422
2,125,139,0.18841358418676316,0.32030505144542565,5.340614194555428,4.828809234098988,0.5642439204865878
2,126,138,0.1853732042347053,0.31115900256592455,5.260048273618814,4.549392626948181,0.5834769264851306
2,127,137,0.18838624787461894,0.3095673191664895,5.463922934912539,4.502776419317203,0.5758531131815915
2,128,136,0.17776305133825576,0.2957960389730003,5.080384160338645,4.316002911655004,0.5725257739691311
2,129,135,0.1888584767681632,0.3112158653966946,4.848713149836037,4.861903262377569,0.5596259604212139
2,130,134,0.18930439944413038,0.31234931996605664,5.274898115454738,4.730985461802032,0.5797385612536905
2,131,133,0.18113469122338738,0.2990194510526126,4.736334073204849,4.106735795651104,0.5823249602677469
2,132,132,0.18294229929209913,0.3049347525125198,5.1794243913991656,4.79896815327142,0.5853436058782014
2,133,131,0.18473214728018156,0.31829960145433217,5.151803634819361,4.631423019825597,0.5810336261662674
2,134,130,0.1845227472174386,0.3176451843258221,5.134685418103437,4.576268406672557,0.5481367279226255
2,135,129,0.18300559169523342,0.3134448936604402,5.214668539313755,4.460875144132236,0.5803395389762886
2,136,128,0.1857677659025825,0.3157616830235119,5.203185068433266,4.22615293045095,0.575279497355467
2,137,127,0.18252562178729034,0.30565292133801925,4.962641498806077,4.596112434832356,0.5797411133195044
2,138,126,0.19047786587317098,0.3166879865796043,5.11433608726003,4.715481301941788,0.5698630538684857
2,139,125,0.1853967119076831,0.3077242580628968,4.992564533452347,4.48475254481395,0.5752539937666592
2,140,124,0.18180719540630158,0.30323532133980885,5.408640199644893,6.101631470477906,0.5879960028059261
2,141,123,0.18682481743223153,0.30720595493956493,4.900624585105068,4.464387933828594,0.5879834350203731
2,142,122,0.18884201194540623,0.3129609022423214,4.917414099438965,4.18444376373093,0.5713989004808387
2,143,121,0.19121064571305327,0.3165553012669121,4.718698674349273,4.039402934765652,0.587007432302257
2,144,120,0.1880777890426888,0.309918234049014,5.20303976912293,4.377690665658346,0.567787586312291
2,145,119,0.18149278665618543,0.29538822871879955,4.929298543097129,4.2702208635603,0.5798483419128868
2,146,118,0.19350530530137477,0.3130801229657836,4.666092734352585,3.953250940182209,0.5680610259913746
2,147,117,0.18741562647414087,0.30495271953233005,5.0004522080721285,4.339050405028476,0.5774965383738722
2,148,116,0.18438056156138893,0.301475951488677,4.836688197880204,4.249780759646524,0.589337436089371
2,149,115,0.19303098453525255,0.3168057633929443,5.295243332890762,5.991772339357882,0.5857729434576819
2,150,114,0.1845754598713875,0.30612055624834406,4.565163946288815,3.8594361696395816,0.5863517573886422
2,151,113,0.19064442368932646,0.3135740967110347,4.488993714550796,4.328891576140559,0.5712257721443407
2,152,112,0.19427111127422403,0.3181233139148436,4.905131382741793,3.766351052658071,0.5859136889048708
2,153,111,0.193445196013103,0.31545242996331957,4.953099651903177,4.417528108617073,0.5610877943555164
2,154,110,0.18726989536612668,0.30795556782718614,4.879683345999604,4.1634488157405976,0.5736740996128162
2,155,109,0.18637176792047389,0.3044447705168397,5.410327089203055,4.634657671403643,0.590508510105645
2,156,108,0.19565163807494035,0.31866386111222733,5.332476188870308,5.10790463574888,0.5650346156503877
2,157,107,0.1940736500095998,0.3137005932530134,4.907599348874001,4.5985555899842305,0.5449269277479116
2,158,106,0.18603835824579829,0.30594588801056544,5.0617842100227515,4.183930881608649,0.5910950052361873
2,159,105,0.19528147678693888,0.3184526927031819,4.861406895226596,4.242217617346084,0.5614317476175464
2,160,104,0.19014969120812072,0.31031670013228974,5.0908040931752225,4.124334521626498,0.5689434196909258
2,161,103,0.192238147622203,0.31237756103034686,5.547314236632937,4.6974983371369206,0.5657398686186567
2,162,102,0.1976695261000335,0.3159048142164982,5.35807747137836,4.802017328156439,0.5609389493975023
2,163,101,0.1929204917980847,0.31006268962725975,5.0844350211788925,5.067827692690161,0.5866919418477176
2,164,100,0.18929645208632848,0.30346412541350165,5.182432203439946,4.992571903752251,0.5805213704229084
2,165,99,0.19843687793017029,0.32294227809897397,4.705385726000648,4.455429120514825,0.5523249603971407
2,166,98,0.18790958939985147,0.3070747273950136,5.2360401666124865,4.865248755188153,0.5918579000851795
2,167,97,0.18912055800423053,0.3038321905541949,5.252464548699085,4.937054469891487,0.5901785683953693
2,168,96,0.1935247445468746,0.3134380369797105,5.0787581692502055,5.156240265747685,0.5769379028132104
2,169,95,0.19549656056565773,0.3202715393739573,4.815263054936572,4.399730854137337,0.5648717849506946
2,170,94,0.18875314378963584,0.313404854581343,4.873098458588718,4.654776369553577,0.5728096993689364
2,171,93,0.19428699445689368,0.32012223432374615,5.5473180897691545,5.697965197947256,0.5763175364034838
2,172,92,0.20207084576997467,0.333426719006267,5.3853766715486655,5.394349864199766,0.5580509932201716
2,173,91,0.19721155760491949,0.326171459301121,4.885812240029939,4.224613362161461,0.5775825397213936
2,174,90,0.18884620464957186,0.3094213156134637,4.813260651136218,4.1080553533523965,0.585333317333355
2,175,89,0.1857582239568481,0.3062563988796545,5.236399062144468,5.577994901092576,0.5669401712196955
2,176,88,0.19360042025819377,0.3195094845873476,4.722732029123042,4.179584469062806,0.5692548692482696
2,177,87,0.19992043221521416,0.32646206554908747,5.227613458793568,4.342308111461021,0.5592314159668886
2,178,86,0.1950546152864054,0.3169259581060114,4.7879133485214895,4.105207710720838,0.5496278264799533
2,179,85,0.18850477058663573,0.30816368172469905,5.274165980858804,4.712690316487962,0.5952550774581458
2,180,84,0.1959103432638464,0.3187524493429266,5.011245318510991,4.170343981105673,0.5643248061445826
2,181,83,0.19867659238494156,0.3228794026072663,4.793754753459348,4.794348338243438,0.5726865138117492
2,182,82,0.19502364497112784,0.3182728761074751,5.441946923572061,5.328366990183405,0.5781567629223143
2,183,81,0.19654880681515258,0.32455954231829026,4.68113463989703,4.213219012522356,0.556443216181582
2,184,80,0.1930959764315754,0.3214728974225559,4.96260790827273,4.411669901585414,0.5678990725009729
2,185,79,0.19769623856654145,0.32790275674336616,5.366590031822657,5.043850598240022,0.5780132020908086
2,186,78,0.20001274317292803,0.3338284230003378,5.57374389487984,4.831781472001817,0.5487502131062626
2,187,77,0.19623355963795786,0.3299344882044288,4.651679745665622,4.319520147664493,0.5623142180689581
2,188,76,0.1974236332710441,0.32988314561362286,4.685031778101502,4.370833800060748,0.5562665506741167
2,189,75,0.2007800578962072,0.33541172131084,4.716525056570452,3.956755875042359,0.557860669587458
2,190,74,0.19912130549924378,0.33595056494852293,5.391762857668558,4.976449591496688,0.5457460862615282
2,191,73,0.19171289497711785,0.327616053435418,4.867376333959621,4.566442559731058,0.5748084497557368
2,192,72,0.18624031253951825,0.3161129295932489,4.924916975405071,4.971780992418068,0.5780488343748409
2,193,71,0.19474201967668087,0.3326953524742808,5.4291711528639475,5.215596333382512,0.5725497167195129
2,194,70,0.19529459601351892,0.33569686778870056,4.848207660631581,4.2779876475492,0.5904491105685478
2,195,69,0.19601184560265533,0.3326983183232172,5.046315875359843,4.961428954735054,0.5545882750990055
2,196,68,0.20203631276959888,0.3365362242711262,4.929699818020412,4.6160738684782645,0.551366200078905
2,197,67,0.19103122899740907,0.32204892333714563,5.316506462031985,4.627731222161729,0.5724297149722087
2,198,66,0.19328774673876875,0.3314455960511162,4.770586199431504,4.777344997580292,0.562299998013976
2,199,65,0.1971417248908902,0.33654687982647064,4.802655701158334,3.8687389889020527,0.5516983891389119
2,200,64,0.19807981835635544,0.3398034262889139,4.982556762330421,4.545427864772186,0.5446373061868316
2,201,63,0.19639871001265807,0.33178746119247055,4.972349272655057,4.444277323836096,0.5654679450737936
2,202,62,0.19528133292115965,0.3271598512837941,4.915579720293814,4.461793071099141,0.5654176145021015
2,203,61,0.19949330626792824,0.33119130957732934,5.769775986186717,5.261147508171431,0.5942900852904335
2,204,60,0.20260285754825758,0.3310266985623794,5.116635727033782,4.618775294117256,0.5663386077729685
2,205,59,0.19976394315088664,0.32694906192420586,4.866911368368196,4.3784852513133465,0.5767052842828817
2,206,58,0.19626135280845117,0.32631213335646436,4.5092521057700825,3.7639126875621125,0.5553518677311151
2,207,57,0.19652944072283826,0.32682741445843383,4.986375155494487,4.190427349075802,0.5595525424222427
2,208,56,0.1974356728354457,0.3268942603340569,5.500077512826726,4.91066407251573,0.5697819318768739
2,209,55,0.2079768665581001,0.34246440018468194,5.340961058643342,5.06455155860022,0.5638067159506338
2,210,54,0.20032031073321221,0.33533960987092276,4.572416283361603,4.187237890209139,0.5540667741332862
2,211,53,0.1987931744095052,0.33123829411965455,5.043666244810295,4.2514335061539965,0.5957373002250708
2,212,52,0.21693744717463495,0.3624853572870545,4.836408698202357,4.550345516989936,0.5237218734360629
2,213,51,0.21923471744921044,0.3721256829997213,4.72608537561811,4.147594695905681,0.5072076398146369
2,214,50,0.21162419664609744,0.3608908881729612,4.700884663988138,4.2552783735591895,0.5096745763517656
2,215,49,0.22729838983409428,0.3917551688464055,4.69791374387895,4.519822728098309,0.503283839288848
2,216,48,0.22105347202034648,0.3769281649576772,4.74559258772188,4.926382292483828,0.5093674499026174
2,217,47,0.22595702267147294,0.3821066527780806,4.660192520742813,4.448116255950838,0.49326944154616365
2,218,46,0.2298957642234296,0.3873751456044527,4.7717901594882965,5.084877276415221,0.4694866425500265
2,219,45,0.2268920419734235,0.38020993325472263,4.586444528384963,4.42291868712952,0.49130954627633033
2,220,44,0.220606352512979,0.3746496595054314,4.982346218717199,4.088470622361288,0.5103845277783658
2,221,43,0.22175781227738497,0.379870608802559,5.094865215949502,4.452512055115785,0.5041552276936901
2,222,42,0.22292949178404775,0.38313268929925504,4.885234127740084,4.60284676453344,0.5134219922960637
2,223,41,0.22687793665171296,0.3897492912465359,5.087516043945579,4.172876638309206,0.5055502176831818
2,224,40,0.22925689226600726,0.3918442187223608,4.944157097673749,4.528519878881996,0.48667101608582447
2,225,39,0.22504655102974233,0.38071613313528196,4.58447894690498,4.187890351546246,0.500228827323784
2,226,38,0.2278467721971158,0.38535398049510183,5.103100813326747,4.2223488202202315,0.5086718421834162
2,227,37,0.23061235192840027,0.38887361542157467,4.58557614374627,4.148504801626571,0.5048127025462457
2,228,36,0.2276340764717708,0.3771286370095527,4.591040562586665,4.375349967416108,0.48906605066385983
2,229,35,0.2158477492992084,0.3579950113653156,4.438648207827345,4.1206676095071195,0.5071110390049464
2,230,34,0.22744619654968223,0.3789787316251262,4.5436170163692085,4.1572987746587735,0.5114772877826704
2,231,33,0.22293897473104782,0.36740474364154996,4.7514647796365495,4.119404688471441,0.5501668944132707
2,232,32,0.22564306936273132,0.36476907538552683,4.909659472604333,4.279067069882646,0.5188013884218058
2,233,31,0.23455882156857452,0.3774237043365892,4.717462883759424,4.170531527087407,0.4976113853974061
2,234,30,0.2194967237576933,0.3540482229100575,4.77012750807682,4.787527000547882,0.5007267486420549
2,235,29,0.23593582409859787,0.38374033222095194,4.9499265516746975,4.089135892205738,0.5001279995442677
2,236,28,0.21900197910161734,0.35515081796622355,5.055964881776657,4.511732408154165,0.5043907413989545
2,237,27,0.22046450712489474,0.3580077330111426,5.32373728774135,4.422981425788638,0.5354614054514835
2,238,26,0.2327210879619806,0.3778034989963136,4.598536283082607,4.1266864765339575,0.48042602917301375
2,239,25,0.21972006432786606,0.35012423549756816,5.125880693419743,4.48924629816974,0.5357422901998642
2,240,24,0.22269258373240272,0.3553056753277657,4.649385223676016,4.043996967902991,0.515949111611424
2,241,23,0.22964802875531132,0.36986356241560253,4.546045913679631,3.9821633337618785,0.4864325241886036
2,242,22,0.23875400461060792,0.37601364684897026,4.998421033070458,5.141941907272118,0.5115416850479365
2,243,21,0.23008372916548245,0.35878335910923637,4.634681601794883,4.18702655944303,0.5234217798264439
2,244,20,0.24320235116220723,0.3839606616894716,4.608841757147802,4.172667105618891,0.49155087831442507
2,245,19,0.24175837578872464,0.3543166105779,4.999560298765784,4.327128646281934,0.497226115612201
2,246,18,0.24298908890342716,0.35793729163310656,4.9708691944599765,4.110132507878108,0.5151247296060051
2,247,17,0.2295474693227701,0.34695372829366483,4.721460724459625,4.181942577090192,0.5362199879558117
2,248,16,0.24210147354517889,0.36547070674241494,4.743679228036976,4.579550820417319,0.49495471350942283
2,249,15,0.2476560642516554,0.37203561205848207,4.563620684276217,4.038340576452837,0.4920822382784669
2,250,14,0.24088848971116456,0.3620982175448819,4.931586765983463,4.44283346629631,0.49897528236455957
2,251,13,0.23401019913710924,0.3468257959483316,4.480573766093354,4.305289018463189,0.5324366077329917
2,252,12,0.24628653404789635,0.3642591121685492,4.5645562886741775,4.298252260595648,0.5123136102339528
2,253,11,0.22971791135405384,0.3388400776474477,4.8355056387312825,4.364672644056045,0.5250881197451621
2,254,10,0.23817728204966757,0.3531714619108964,5.24385630963247,4.854056882626464,0.5134917000984094
2,255,9,0.23125854503040305,0.3462365711816288,4.742764865824112,3.842571998732971,0.5325701007982184
2,256,8,0.24191928311903466,0.3631952010194833,5.227538128692881,4.8598135859609455,0.5139605610965283
2,257,7,0.23650328549383307,0.35130683853417466,5.102560057550619,5.216921107712165,0.516309265365225
2,258,6,0.24075583231644437,0.36642987737109045,5.553022099006272,5.31316558175689,0.5272100868284237
2,259,5,0.24038838422314784,0.3672424400109346,4.560360882155248,3.9644927723247396,0.47936636374232483
2,260,4,0.24765631883779451,0.37975801822987804,4.91362485319608,4.424762170796821,0.49639203262083315
2,261,3,0.24242069195744584,0.365781258772562,5.420971441498543,4.608623920703926,0.49857771206832124
2,262,2,0.23571314098604934,0.36107853422742353,4.792821376471565,4.6091872955993285,0.5387230426312951
2,263,1,0.24984358386723038,0.3827861447088411,5.033333232459133,4.0891162431936205,0.487359452855681
2,264,0,0.23415848489813765,0.3537154906960055,4.296544172109402,3.835166343444882,0.5482638800858016
3,1,166,0.15131929575682385,0.23267308538617937,5.4310800014191605,4.8345498805297416,0.6642721153805335
3,2,165,0.1529165732906664,0.239198774846438,5.332168348313879,4.558803225456842,0.6605962679586888
3,3,164,0.1553807547125956,0.24247491541047422,5.285322746734057,4.580378054021403,0.6378305691742967
3,4,163,0.151915388183016,0.23783427926449519,4.924887395474326,4.0275304082779915,0.6484279120309967
3,5,162,0.14892546265651835,0.22758379135949167,4.776536931723155,4.370818372338035,0.6528386364657457
3,6,161,0.1600486986220205,0.2448042389635879,5.2496057249667105,4.892888598122164,0.6359506549613425
3,7,160,0.15366089719188283,0.23296243309294787,5.146696757010178,4.678125867232698,0.650177317775699
3,8,159,0.1580377511171464,0.23801880854899965,5.552726227161282,5.004698398365037,0.6482087953049738
3,9,158,0.15628309990964356,0.2357007357915595,5.650585478806635,4.581324207695452,0.6435117420276293
3,10,157,0.16212413465764863,0.2438218480569239,5.065105021865761,4.651707008346234,0.648024236872994
3,11,156,0.15459312136157288,0.2371101075130321,4.9972455145382035,4.300326333136382,0.6658918640127938
3,12,155,0.14933185713812305,0.23031414038466824,5.092590444091366,4.78710173963877,0.6640468856211309
3,13,154,0.14877308659545707,0.2299118855893423,4.722712354336302,4.056713611402186,0.656592509150274
3,14,153,0.1514182288704382,0.23162984324463676,5.285741831324292,4.560665246375885,0.656260792172468
3,15,152,0.15704668674672792,0.2411578593953299,5.645700018575206,5.670624061798768,0.6451786051061568
3,16,151,0.15099497126295955,0.23286193011200979,5.210581473753713,4.645635569422677,0.6612037541633948
3,17,150,0.1519809076075571,0.23658455275695844,5.095938726435717,4.136823938819583,0.6717187425789248
3,18,149,0.15264603821091619,0.23755595119711875,5.5072577575690165,4.544528204120673,0.6446718725233099
3,19,148,0.15370341419002678,0.23760363324015515,5.418686678655655,5.066746123025336,0.6611911425478265
3,20,147,0.1558396477127575,0.24434973027855497,5.34913560735467,4.682378449007625,0.6616545341776325
3,21,146,0.15688837194146552,0.24456344640955377,4.9937018934114334,4.464253381931032,0.6159216552428638
3,22,145,0.1531736762489927,0.23688933984344118,5.066026450303217,4.808048810687446,0.6477163246989528
3,23,144,0.15734333968042777,0.2439129939847555,5.272612743507066,4.861385589784182,0.6469190735705654
3,24,143,0.15414461012414746,0.23470836704267917,4.844287615203514,4.196875439864051,0.6536022282214361
3,25,142,0.15934494941969593,0.24454415360760345,5.737784176062382,5.0297900574623355,0.666110997122124
3,26,141,0.15411977859040238,0.23989100445045186,5.649174281792026,4.763145830190159,0.6427245905693778
3,27,140,0.15086044683015376,0.23874279409594612,4.973329124585094,4.5704608221959315,0.6404346813610974
3,28,139,0.15496897009617577,0.2410208331090171,5.89295238648285,5.268386639138758,0.6620570529609993
3,29,138,0.1561168744389962,0.24360564887167283,5.2645180377285765,5.090790771671506,0.6401152207533112
3,30,137,0.15206444053263585,0.23656088083583948,5.301592522223524,4.674453679717556,0.6465185094232412
3,31,136,0.15737979739163635,0.24605013284726934,5.04246780145148,4.852148104079893,0.6367957429520782
3,32,135,0.15974298915726104,0.25132273562949975,5.356540902229402,5.094487871433509,0.6520370239419454
3,33,134,0.16247681121821453,0.25775636471897745,5.063017281230635,4.759698067921165,0.6474518453361299
3,34,133,0.15591809233730328,0.24596500966016088,5.1895332864764985,4.465952877397472,0.648480524216602
3,35,132,0.15212835110635636,0.23991287473936337,4.779778615694256,3.893727311255536,0.6618369636898851
3,36,131,0.16256197182049514,0.25963937767353334,5.440538933399475,4.975409738848197,0.6584332107385013
3,37,130,0.15437948798569656,0.24456660743035125,4.929165474493432,4.344653120721111,0.6559574602192116
3,38,129,0.15432557194677293,0.2455710048076567,5.140372005210848,4.6324025496455565,0.6339589084661601
3,39,128,0.15618975229252427,0.24494530983877852,5.493198843999249,5.101127921678488,0.6386950436744128
3,40,127,0.15793309991696322,0.24871750406094545,4.892477480977293,4.2318580137624355,0.6455455035021479
3,41,126,0.155181590330907,0.24242140666920742,5.028349838416437,4.855473105623013,0.6736751815847545
3,42,125,0.16234206155697212,0.2522840045572252,5.226908986757585,4.4300476051855675,0.6635407825306654
3,43,124,0.1628743074721764,0.2545514927297326,4.843887667658553,4.2474211814570655,0.6244653372808283
3,44,123,0.16162213450422716,0.25440722591446485,6.196818757283588,5.6302110559573,0.6431353609213416
3,45,122,0.15996771772238094,0.24360941517574247,5.291644599075067,4.945727536404396,0.6622661452734087
3,46,121,0.15956720601715196,0.23905360952686525,5.389737524725447,4.620201785679665,0.6725652975286779
3,47,120,0.1647312057377169,0.2445049611383394,5.2562113539869495,4.502082995277739,0.6667686671511682
3,48,119,0.1632060921429352,0.24271860161700126,4.812473204447139,4.326536029951806,0.6385654434514632
3,49,118,0.16031209791241527,0.24162107081102438,5.038726691686779,4.644893529367439,0.6469109205282312
3,50,117,0.16032245635133258,0.24083222248908498,5.396068877004522,4.664074518079021,0.6337836882151223
3,51,116,0.1615712142317082,0.24127144637539275,5.128345774736713,4.44162922762531,0.6417727849537059
3,52,115,0.16600640994845944,0.24630224643754792,5.141194152451078,4.258981163678147,0.6283427961541118
3,53,114,0.16449797906211383,0.24491589114258208,5.502154545478938,5.145831738323474,0.6544122928382109
3,54,113,0.16691040812464414,0.25300385063381675,5.225834865267794,5.059875430441908,0.6232159361920978
3,55,112,0.16502889264498358,0.25158969784257934,5.662747314937853,5.537524753008028,0.6471282736626394
3,56,111,0.16125090972494768,0.24866331312140558,5.1426184358183775,4.62784665505358,0.6506736504466101
3,57,110,0.1630989484706481,0.2505807259002876,5.919313710118048,4.644822849283321,0.6765828070332647
3,58,109,0.16425756416446435,0.25172220271501494,5.411778920517914,5.022820312718314,0.6357141723938347
3,59,108,0.1602448771749983,0.24535854176606114,5.6255384353710545,5.498804895282067,0.656565062038662
3,60,107,0.16434793510371884,0.25265455868840986,4.983106400562166,4.222391852759455,0.6290546335483461
3,61,106,0.1600695709177254,0.2447151025185766,5.55735649113657,4.564908339327383,0.6435153485058605
3,62,105,0.16611316462515965,0.25589382662057003,4.9614986393620475,4.396629420809512,0.643756001293281
3,63,104,0.15868201260580705,0.2434378210094684,5.319781995502504,4.443481630199075,0.6589308169123013
3,64,103,0.1599736034575734,0.24061819389404124,5.01446469453876,4.681360248811677,0.6376805623107643
3,65,102,0.16768073230074487,0.2511595700052932,5.708882944503113,4.991530198770889,0.6462685320957853
3,66,101,0.16440948395430308,0.24914106623369506,5.144908248663237,4.570954156117592,0.6387659483725954
3,67,100,0.17924420889397324,0.26777209607851593,4.785921046247049,5.19685178924329,0.5752602789789819
3,68,99,0.17703890073013853,0.2627581072636394,4.8376307032699915,4.677285081843666,0.5977178010296681
3,69,98,0.18180134887720975,0.27196408889114326,5.055051687518866,4.484963309766936,0.5744408128390188
3,70,97,0.17884911784715388,0.26621029586081,5.227909771676349,4.42791069147077,0.5999250431789879
3,71,96,0.177293097847383,0.2620192284874277,4.902779109163619,3.9624605094021934,0.5763242341880135
3,72,95,0.17912472515124406,0.2626146616711732,5.491103663107715,4.704286665463427,0.5997972840898195
3,73,94,0.18281011740798978,0.27167167330423747,4.738703384444483,3.975975703367184,0.5621686937336146
3,74,93,0.1790247214255544,0.2673466324865616,4.484267285425779,4.0788242524049325,0.5637107639445751
3,75,92,0.1800986168751585,0.2658009292325805,5.238799293397591,4.501223734111061,0.5911909756313279
3,76,91,0.1844009756773461,0.27249038656297536,4.787678214547292,3.997705275439698,0.5772830796232051
3,77,90,0.18386204784398968,0.2784019780943502,5.052738684225292,4.148556215866858,0.5819197092071947
3,78,89,0.17395257427826133,0.2624433899411686,4.841092614119924,4.37895736010695,0.5940714983362582
3,79,88,0.1799601334618983,0.26984799956036587,4.970960042899156,4.709843188188569,0.5668080911739914
3,80,87,0.17953167541536305,0.2686830848419042,5.33195204729929,5.550783235033645,0.6096146786834701
3,81,86,0.1826732530774654,0.2730726986768099,4.725014569677839,4.558333547769535,0.5591337112589319
3,82,85,0.18354197874405478,0.27345438605261063,5.09940086374,4.332466784521987,0.5619895943144878
3,83,84,0.18259570064237107,0.2719766947756295,4.869565275869421,4.074656174459328,0.5819737187775851
3,84,83,0.184947387449198,0.2790463363365529,5.168593544719764,4.256241102039018,0.5795578012080534
3,85,82,0.18359182213369873,0.27725798377964145,4.7805364147247875,4.378227781257958,0.5828428131553084
3,86,81,0.18494350554506755,0.280511106700779,5.033684319478063,4.596467428655734,0.5652949035490894
3,87,80,0.17132608104337915,0.26054064455809806,5.254518009057059,4.931265157562484,0.5978783869322057
3,88,79,0.1790847336241969,0.268150706319998,4.4035967241761504,3.7541543866629694,0.6142322581311815
3,89,78,0.18067924061254725,0.27264132772618727,5.097144250034635,4.8855555371402435,0.5696873900801573
3,90,77,0.1811017108386057,0.2757826550517754,4.5565358266827705,4.405002146876307,0.5836096485197148
3,91,76,0.1833113432743616,0.28142002536012667,4.966632944748335,4.6731944022025145,0.5764699846817201
3,92,75,0.18598255514732462,0.28657982241195673,5.3915763418927245,4.674860930924013,0.5672877617519771
3,93,74,0.1846293617826511,0.28631887698953784,5.641326893920308,4.948072874458912,0.5854169471194375
3,94,73,0.18716633809137698,0.2870558187392614,5.128269328671947,4.897532241716216,0.5867657183202246
3,95,72,0.18105580346161196,0.27999822399928465,5.109694263118393,4.448790190533185,0.5611500073171681
3,96,71,0.18408598702695578,0.2854393984950244,5.076771818072925,4.387388822831477,0.5723020252578326
3,97,70,0.17782195160000935,0.2799052096768242,4.927037552178049,4.39103310212694,0.5785342985301825
3,98,69,0.17649014672696453,0.2798455312075842,4.768000080902962,4.019299824741481,0.5861446059409984
3,99,68,0.18324265656599126,0.2914428884504622,5.08424454013766,4.242444210194681,0.5705178495404567
3,100,67,0.17893017162998612,0.2848407852431187,4.758527758736186,4.4119861984218405,0.5993577250862503
3,101,66,0.17914874983710405,0.28874401574749275,4.783299476225007,4.4892461530379455,0.5852586460740896
3,102,65,0.17884335006982768,0.2850481102765803,5.284695928413343,4.658264094948767,0.5865455664880207
3,103,64,0.18064819558144687,0.2906807121307597,4.936921120376745,4.55271180211446,0.5644947165654511
3,104,63,0.17854141900811452,0.28902723993074114,4.8320688712961,4.005078691904577,0.5896239548877659
3,105,62,0.17540242285657698,0.2819349462232851,5.248625755972215,4.508987801794735,0.5909850145095857
3,106,61,0.1828165820694821,0.29787153752072926,5.370469684580957,4.289800305994334,0.5706226151213257
3,107,60,0.1796174128417419,0.29046933397931446,5.146881348669392,4.717695964124553,0.565307960167716
3,108,59,0.18597569423542218,0.2962174235521673,5.292835119111857,4.475934525412424,0.5670699783781744
3,109,58,0.1821267496743221,0.2914487024494292,4.960507878602157,4.162654923457431,0.5936106647148077
3,110,57,0.178551938551026,0.28843653222352034,4.8974883214252625,4.497694966326788,0.566986151998778
3,111,56,0.18549178286143053,0.3001458053197816,5.2329484835299445,4.462399162198851,0.5984682160635995
3,112,55,0.18341649355834055,0.29237562325390937,4.902583166006856,4.637640562761421,0.575663409521012
3,113,54,0.18346473811892075,0.29335387997464457,5.076053375917015,4.733719446415835,0.5696426802620949
3,114,53,0.18610533308178628,0.2913323875389768,5.03147581890269,4.088822364385915,0.5692718714391227
3,115,52,0.1824692747180079,0.28840884564302205,5.50239509416002,4.7185412154270825,0.5711731016863537
3,116,51,0.18042899107977894,0.2842856857366676,5.099957775063468,4.676426777378465,0.5843704959743062
3,117,50,0.18471023412799484,0.28994889609930896,4.749784366049727,3.9174645403214123,0.578852240222902
3,118,49,0.1844617346142564,0.2896813912023899,5.300957482430873,4.630455079316392,0.5601811379183876
3,119,48,0.1818508827106093,0.28661293996498427,4.95421622087337,4.500770959057527,0.5749730944858243
3,120,47,0.181789529765433,0.2837729692665662,5.106811421361554,4.623409720335816,0.5660918225662538
3,121,46,0.1840591073137376,0.2844901958809124,4.7099650021594694,4.338726842502723,0.5782669113827301
3,122,45,0.18958376627869028,0.29233231750222993,5.237667309817996,4.709239777324237,0.5651821551972847
3,123,44,0.18825317669349476,0.28899977854655384,5.795039503932273,5.186551412309494,0.5814499725013607
3,124,43,0.1803948927229785,0.279683214313146,4.982221024144585,4.7204215881975164,0.5817659455583275
3,125,42,0.18388114005547004,0.28472481675818023,5.071650728497496,4.229451594506037,0.5808758172643511
3,126,41,0.18465609234888017,0.2886472908122712,4.866000234007082,4.672871318962612,0.5664882348227633
3,127,40,0.17850267793112848,0.2792534860357638,5.025824569282182,4.234558754323824,0.5875015818915114
3,128,39,0.18521159473600915,0.2863696170708111,4.65031155248964,4.089542204398169,0.574076772277504
3,129,38,0.19234631408672379,0.3011026709794824,5.127966035029268,4.142434083225383,0.5719541333230124
3,130,37,0.19330932366400824,0.298449477829498,5.063430772439292,4.391001731109876,0.5480194135725346
3,131,36,0.18736131065039444,0.2858148654156794,5.101663523181159,4.321393437250495,0.5682757417368565
3,132,35,0.19190360540093054,0.2889071646491975,5.133180220463425,4.9331330580021175,0.5523211757220448
3,133,34,0.1945377484135237,0.2929808096947477,4.866576047191346,4.72469940703042,0.5779814462543432
3,134,33,0.21764693673776062,0.32560876936041144,4.80922731899901,4.159654290054753,0.48755607416521785
3,135,32,0.20893755168310565,0.3115945539781772,5.0966610111769,4.420384488999066,0.509701004090812
3,136,31,0.2001966986412905,0.30280833652897665,4.665742160959152,4.5545255859255525,0.5297276428909928
3,137,30,0.20498389458624075,0.3138336816367666,4.756463837418039,3.947669463910248,0.5080339150343237
3,138,29,0.21255581452707448,0.3222813890317045,4.74563510721608,4.108642555195204,0.5148045608889603
3,139,28,0.21665431310488445,0.32842413569181406,4.54741853018033,4.4187192496109065,0.49497625774425397
3,140,27,0.21238226252198586,0.31382367322127624,5.164858140382857,4.918825401419084,0.5124874402152515
3,141,26,0.2052702040985951,0.3013788327812981,4.896095610718163,4.240482217149494,0.5316974422872417
3,142,25,0.21044753929695162,0.31010560694359296,4.787095425855155,3.9802993989636595,0.5345067954591207
3,143,24,0.21422332251989434,0.32061748550298824,4.478282546373121,4.005559788628326,0.5089137247020454
3,144,23,0.20453211924205927,0.3083611820572068,4.977787358230185,5.1851651304782,0.5559602925213271
3,145,22,0.20938900989989814,0.3146215427350546,4.837402541995992,4.206815076584897,0.5320894771005189
3,146,21,0.2245244003959003,0.3402756461528616,4.801068192508886,4.157343891715953,0.4857961021968502
3,147,20,0.2186124374170135,0.33239764282781686,4.691281640363327,4.130403092012137,0.5014499516512897
3,148,19,0.2048761164637025,0.3107980945997544,5.259958626633578,4.634462119728676,0.5433804652320597
3,149,18,0.2085351306558672,0.3161147404952568,5.5685244405504575,4.5643045283453025,0.5449713452293604
3,150,17,0.21278636855618885,0.32345215533365024,4.966678232119063,4.723820042708091,0.5319778655029334
3,151,16,0.21650836000612278,0.3261390294141333,4.856620838179806,5.026645328805988,0.5159143923183845
3,152,15,0.2200356151328066,0.33334775499328034,4.558293262673212,4.478217728507453,0.4897780679059685
3,153,14,0.2059651133378766,0.3127835750240961,5.024064010028917,4.23147529635138,0.5440737748542435
3,154,13,0.22012850987519408,0.33446478876630187,4.543660820840473,4.128464586138082,0.4984161486216059
3,155,12,0.21883726521034763,0.32961725091151134,4.373777608704277,3.9192279858002004,0.5119845065947495
3,156,11,0.218561808657164,0.33159603500864077,4.326393474092064,3.7166308455206254,0.5157331578944475
3,157,10,0.2117182391729928,0.31727450091508624,5.083243310481812,4.5071139153721385,0.5186836765857581
3,158,9,0.2177153769508375,0.325113443164616,4.533284446664574,4.055876254568177,0.5112781294797539
3,159,8,0.21074149367199682,0.31442724086452295,4.795993462080341,4.254100406857429,0.5220180458468963
3,160,7,0.22050132989563206,0.3305111229669391,4.720774925528616,4.309506680834794,0.5122197850610217
3,161,6,0.20273800582306353,0.30610497389209856,5.0769075686381795,4.523978878870948,0.5582810881356173
3,162,5,0.21846760458054787,0.33358098432827077,4.639673703474648,3.7603211865668746,0.5217284524139814
3,163,4,0.22473270156115044,0.34694002993037765,4.834354932774428,3.9247919005365475,0.49027604894285076
3,164,3,0.2163604357749881,0.3327107190794323,4.712953403370456,4.555068717005874,0.5178158296504844
3,165,2,0.21933309247123506,0.3438382926315426,5.0062404409629675,4.257991594555503,0.5271088430686485
3,166,1,0.2130548584370354,0.3267883458731775,5.191171151898584,4.672772258502371,0.5361593694706025
3,167,0,0.21855464148570947,0.3331766232628536,5.025560929743126,4.664822121543656,0.5367821949577202
4,1,198,0.14629758376204896,0.2321944654798354,5.209577174950749,4.452674484533149,0.6636239942409471
4,2,197,0.14930750053481084,0.2370200174917253,4.624437681797445,4.066420616748604,0.6454108253068813
4,3,196,0.15594410385764088,0.2502060456137232,5.286741538273549,4.215570630868807,0.6230341627828542
4,4,195,0.14952929904207846,0.2424690991248325,5.207413348744286,4.848444248163451,0.6471134466871314
4,5,194,0.14950957240502155,0.2399384685249126,5.408696680061115,4.809844686134643,0.6660502123349387
4,6,193,0.1497821489821562,0.2411289532870117,5.546541102887769,6.183983144043165,0.6418689124071966
4,7,192,0.15384346410889532,0.24527764200170538,5.4992335197436635,4.70822267520869,0.6564088147724277
4,8,191,0.15299642897780752,0.24276388210484615,4.920424470660098,3.951333482204678,0.6323982602486543
4,9,190,0.15091474645745667,0.24291623411153987,4.87558913455795,4.596190884152243,0.6715101264292342
4,10,189,0.15210444573674636,0.24395748939110917,4.992979108879702,4.509271640032375,0.6491302995136428
4,11,188,0.1503842457513926,0.24033049149218597,5.493407448733816,4.434218582823483,0.6617257506712864
4,12,187,0.14882713894209315,0.23914083465202082,5.6563548221664695,5.515458661002731,0.6446564474729883
4,13,186,0.14999401026775278,0.24673562295979534,5.085375206915205,4.325388822932967,0.657760282158907
4,14,185,0.15483313270934643,0.2483546622379428,5.861683767195098,5.825751440033107,0.6659742729813685
4,15,184,0.1518603471779558,0.24397104935701758,5.0052047410860165,4.38637162001637,0.655797754573399
4,16,183,0.1520585204942537,0.24603222346368675,5.861038533979194,5.274991831615553,0.6433965386684721
4,17,182,0.15083224007682478,0.24623550725097337,4.996196699176351,4.804592434197361,0.6415487433094137
4,18,181,0.15228118620325568,0.24950708042148448,5.140057542887676,4.210799957248086,0.6437067321707997
4,19,180,0.15038716887135242,0.2478306601576039,5.035276758556811,4.107744907124913,0.6381246074609456
4,20,179,0.14942129637502452,0.25256521881450567,5.803103073159875,5.134060217105826,0.6557692735929271
4,21,178,0.14712920449053205,0.25092340206101743,4.9970599155846465,4.2414807660542,0.6578600074301183
4,22,177,0.15054802698859968,0.25340847005000383,5.508455586283192,4.661690869860272,0.6334138074369609
4,23,176,0.15728313844353797,0.26076452367011566,5.534795381402459,5.416711274800629,0.6479659726650768
4,24,175,0.1497417129926558,0.24592029488399872,4.723892459930468,4.896702960060696,0.6454780155476405
4,25,174,0.14945465005775457,0.24874827438406077,4.93635218117711,4.380079189743857,0.6671295215623536
4,26,173,0.1574033019375189,0.2606016177185917,5.065071710727261,4.2757210947470075,0.6440696489889681
4,27,172,0.14834234483068817,0.2464532666746875,5.091697997539459,4.33052776745242,0.6749145953707254
4,28,171,0.1575454464056157,0.2607310332762158,5.493073770892572,5.056580973195028,0.6488852336058935
4,29,170,0.15254544542315193,0.2571517381467345,5.36395536672571,4.897208412563169,0.63552098051135
4,30,169,0.15023800723954028,0.2541158693699394,5.077393325970497,4.969921279917796,0.6613140992765446
4,31,168,0.1527550128914322,0.26135741911795524,4.721184678052174,3.918686771635912,0.6253193977575779
4,32,167,0.15131028965450863,0.260009443733553,5.7528828274799615,5.038737787472533,0.6549891482365683
4,33,166,0.1440140805185474,0.24819535693179193,4.876011172511129,4.201757717801324,0.6356048546519805
4,34,165,0.14706147211024656,0.25456690891659056,5.526224779598195,5.360579244325952,0.6507430750742828
4,35,164,0.15323106626918984,0.2626213586019123,5.671677915362524,5.60384360883886,0.6617857303315685
4,36,163,0.15208134851008648,0.255186594428687,4.770131998426995,3.8179777019588244,0.6405062643151069
4,37,162,0.15439189340169338,0.2612785448087891,5.573185707893457,5.425997516015143,0.6606288369323292
4,38,161,0.155643449705448,0.2601043721191087,5.332513807751576,4.473978402939854,0.642470259893804
4,39,160,0.15713334240535906,0.26880830074190615,5.278550381595525,4.679871645292161,0.6394707326118714
4,40,159,0.15242004502118314,0.259537071305748,5.372020395963242,4.870809178621668,0.6506467337633458
4,41,158,0.14716825470181039,0.2569944731285992,4.905371914749606,4.281351291260706,0.6315009195121991
4,42,157,0.15037724294750981,0.26003111788236843,5.111605611187326,4.1015788479390825,0.621591293022819
4,43,156,0.15081131260178476,0.26067514211609927,5.587627190166167,4.670610341983881,0.6482498691899723
4,44,155,0.1450888319170772,0.25087708296856487,5.408434576854411,5.287803959668078,0.6792378549777555
4,45,154,0.15673517158142591,0.2672417613800826,5.687895161669245,4.724264552200334,0.6460574761424868
4,46,153,0.15406018150054387,0.2614177889075466,5.5336442138171265,4.700439133471653,0.6457326674874259
4,47,152,0.15546146554963655,0.26403217847000654,5.1282008068142755,4.422577205684866,0.6396859675273896
4,48,151,0.1494807870872247,0.250894976806082,4.909237523592486,4.5506587913760965,0.6182975683809987
4,49,150,0.1540088832898452,0.2605712455798058,5.161536861144802,4.559028111826809,0.6390744751794717
4,50,149,0.15227936081701152,0.26265210559681773,5.105317286249185,4.426753624525026,0.6598922914347616
4,51,148,0.1512190635772704,0.25854435091329364,4.939362720187043,4.373004474666793,0.629852870160697
4,52,147,0.15493300354482054,0.26609527738102356,5.191334076990623,4.770039222878306,0.6373698810350382
4,53,146,0.15688504650775492,0.2701549010008113,5.277332979090121,5.025839260006498,0.6347527290006405
4,54,145,0.15237969389130887,0.25923694233665734,4.989798129922361,4.394031450218642,0.6341608613466261
4,55,144,0.153346438387499,0.2606313655686145,5.445292886915093,4.366673148265621,0.6490820723503531
4,56,143,0.15690348796681144,0.2662204054910204,5.707036163913754,5.4728562083261,0.6404472467130208
4,57,142,0.1569422943261563,0.26411161843470765,5.192429381986447,4.814781316109024,0.6461583096931549
4,58,141,0.15621894311160395,0.2590873690804154,4.7849344693339955,4.719798610385681,0.6453017153482475
4,59,140,0.1584831965354182,0.25729315101910327,5.041514234183376,4.664214817166974,0.6326121984961538
4,60,139,0.15875602284534984,0.2538195761413956,5.184373034021345,4.526316546492678,0.6411238475010265
4,61,138,0.15034440255770407,0.24024802359252267,5.349975150025747,5.052376931470897,0.645933464316959
4,62,137,0.157798126133053,0.25346249699898943,5.208027981479313,5.790264172178037,0.6496585661704022
4,63,136,0.1522833125005552,0.24288697590557926,5.431783669289564,4.74255482904276,0.6538731333624979
4,64,135,0.1578475911011286,0.24838968416261692,5.192624771782595,4.942431586274789,0.6462439453859474
4,65,134,0.15897874916897994,0.2517269641853941,4.732371698914752,4.1136649323004235,0.6480388214142337
4,66,133,0.16039405254682193,0.254217880322348,5.03491309433169,4.63593596141858,0.6374544067458342
4,67,132,0.16048007538978615,0.25499289320093266,5.121120015218626,4.477542261575911,0.6384395566808921
4,68,131,0.15764066492564957,0.2555138535523579,5.309468790227063,5.636937130772645,0.6516969271741436
4,69,130,0.15798576256346306,0.258977816634869,5.3220557765546515,4.788703607822628,0.6481941302806282
4,70,129,0.15914283409823496,0.2582881364363205,5.301978095346251,4.980661952270583,0.654047198131944
4,71,128,0.15961811747816043,0.2543609747206716,5.01168094358197,4.219167054326316,0.6589831393219296
4,72,127,0.15950078565994916,0.2577664744379388,4.9641758411256305,4.455976157210624,0.6381920920533098
4,73,126,0.16133821068479928,0.255944893650432,5.246825019611672,4.2307291274772565,0.6341267265604245
4,74,125,0.16004060819697916,0.2554870987985715,5.312433231702266,5.001901873996432,0.6506954404069366
4,75,124,0.1590683959577648,0.25270096321822405,5.459754096394036,5.008601679745847,0.6539695723211127
4,76,123,0.16320964153839843,0.2570537166565318,5.660891086639573,4.561135021449874,0.6532913901724562
4,77,122,0.1673026688029047,0.26223417103045443,5.365185032354822,4.547470682658333,0.6219922790356276
4,78,121,0.1594724994042634,0.25143299232357247,5.534931275963622,4.500911931604306,0.6530422694117938
4,79,120,0.15676913311250218,0.24998476732339392,5.533896443788331,4.729920702529473,0.6348313558604396
4,80,119,0.17875674358106103,0.2884951763340256,5.03679657965113,4.219096767720928,0.5882370071912966
4,81,118,0.1742532764224602,0.2773664337910936,4.68258287661876,4.308133062459714,0.5916623525984982
4,82,117,0.17771957085697623,0.2823581466709479,5.195421363424614,4.7702619380659295,0.6043159605541928
4,83,116,0.17752210330719723,0.28359466921059706,5.0765128841382285,4.030084720740237,0.5829799207929808
4,84,115,0.18387151724692993,0.2948126458131725,5.000361403840513,4.496120905803881,0.5564123996495561
4,85,114,0.1817270376667035,0.2876516830690111,5.153983766247144,4.8285575799770974,0.5859000917039998
4,86,113,0.17636323011323946,0.2822656499411256,4.894280347231646,5.2139965321254715,0.5765846541365873
4,87,112,0.1777133839222901,0.2888242385920308,5.3721853305150145,4.935895339980687,0.597099456045645
4,88,111,0.1775625428106399,0.285635185049402,5.384731510240593,4.550058933425757,0.5786314609527513
4,89,110,0.17865453698830405,0.28535015727137475,5.154658736312357,4.535208520172545,0.5924061974445786
4,90,109,0.18088410841307376,0.29518713275114294,5.638581086635713,4.696892944113057,0.5714511301134592
4,91,108,0.18314966988967427,0.29755657683717107,5.798108383352,5.383425292698861,0.5860847096246606
4,92,107,0.1821930529747236,0.29517010102399244,5.004277804863583,4.111338006446386,0.5724648360214557
4,93,106,0.17666616027284515,0.29122252256352493,5.294861573529561,4.6741039056603615,0.5874970937637238
4,94,105,0.17408036837267402,0.2896387017535699,4.902507890164377,4.58519002051522,0.5853202870286376
4,95,104,0.17460636342554922,0.29146868459411895,5.2935124895720325,4.759497902247927,0.5963948945709655
4,96,103,0.17445789862174513,0.2892348498825162,4.866016080124199,4.183701983196376,0.5689180528008244
4,97,102,0.17062685898427876,0.28310681637485136,4.872731155642642,4.051416633073998,0.6102130068886116
4,98,101,0.17319783169407882,0.29098912918770975,5.016368811473107,5.210887126014144,0.5844782626254804
4,99,100,0.1743480220219971,0.29543137105764333,5.253586533009108,4.771188366999932,0.576765913769765
4,100,99,0.1715174994054955,0.28504976777184066,4.705495244343064,4.0525651861119165,0.574361435927758
4,101,98,0.17240814778618624,0.28901031081563816,5.077352452505531,4.42906711686196,0.5954948571462131
4,102,97,0.17890067389008735,0.2999745730804392,4.832883220048018,4.715594671464195,0.5686844020546827
4,103,96,0.1757120158413856,0.28949606877517453,4.989511789082107,4.14182992495846,0.5808505993093345
4,104,95,0.17937050221199696,0.2963180602826259,4.53133237661386,4.290948113380416,0.5705767389007995
4,105,94,0.17743188704807178,0.2901012467017101,5.220522117102133,4.744330673227302,0.5769598677614415
4,106,93,0.1768573716577214,0.2919146340539558,5.081669564085401,4.448881312178752,0.5871350622950974
4,107,92,0.1794555423287553,0.29523199745975404,4.824939069903387,4.58218190748384,0.5721737161468609
4,108,91,0.17837014113669808,0.29731995258574306,5.18028256762585,4.673098998251025,0.5913815398658318
4,109,90,0.18070729762092516,0.31028281980512357,5.592708172360478,5.3689723936540705,0.5734824221589134
4,110,89,0.18073872962505627,0.31312297421022844,4.885200683220489,4.209715530807439,0.5712520420224473
4,111,88,0.17590015829954952,0.30185995542427696,4.598710118279382,3.916337175270224,0.5858980997091898
4,112,87,0.17464543178860162,0.3057099335079157,5.465881056256741,5.022028240569218,0.586444602258532
4,113,86,0.16962799761968284,0.29549458858580346,4.935087726989453,4.936840978756506,0.5862984919237023
4,114,85,0.17401402695733095,0.3031301384852816,4.732141266154568,4.2506116945849,0.5792471236401762
4,115,84,0.18116902875326413,0.3078885953025393,5.59244107064683,4.638792339732933,0.5793121632847107
4,116,83,0.18211658042567802,0.3061334726479546,5.053689161471324,4.750883603941173,0.559207413410976
4,117,82,0.17053904721996394,0.29235637029546885,4.853729681498635,4.430627849471406,0.5913010911011637
4,118,81,0.17947164406258437,0.30106927870481054,4.9932648912860005,4.451572337101984,0.5570365827953139
4,119,80,0.17817791517337078,0.2991476501552308,4.9139016306677625,4.035476445779292,0.5865680796734807
4,120,79,0.18113277441783268,0.3028255087045976,4.9002347914419655,4.57693396538083,0.5858281140212582
4,121,78,0.18115150403489422,0.3081281447863529,4.923671402913744,4.420457518083261,0.5556114469550968
4,122,77,0.17985734428170363,0.3046461713902666,5.182975264007977,4.893027485300048,0.573796760059429
4,123,76,0.18197872395483433,0.3055495113827429,5.541369063340176,4.786650607032468,0.5624310132950032
4,124,75,0.17451472597774795,0.29671776405626243,5.39176260208277,5.227218466460206,0.573276691595282
4,125,74,0.17966746406581363,0.30175723809148175,5.190824986454036,4.853737767639253,0.5780674298827226
4,126,73,0.18047159242112862,0.3020480634485437,4.773525775372216,4.47881777913063,0.5634575424485905
4,127,72,0.18219569614379266,0.30373230426492276,4.759880792944819,4.036342368296435,0.5627772953444102
4,128,71,0.18479159879453205,0.30943051487738343,5.335859011046465,4.629886009758924,0.5758297595583406
4,129,70,0.17829566240521502,0.29746963295695983,5.042595034224279,4.130845400563612,0.5629831548976668
4,130,69,0.18637982351886312,0.3096628397006315,5.278120897665724,4.718395248295598,0.5571678229128757
4,131,68,0.18131089033329092,0.3046008307826026,4.961502097616422,4.358181858382825,0.5887106562256822
4,132,67,0.1860603796341225,0.31006627966896855,5.072661592905739,4.569443188314136,0.5648822430263433
4,133,66,0.18060261391503363,0.30279458971814327,4.445135522808783,4.069196884195415,0.5573220731033833
4,134,65,0.18278921468926965,0.3050707097437323,4.992290623257935,4.756012503811474,0.5824272684664111
4,135,64,0.18033446936593525,0.2946295794132269,4.974283008124716,4.71304580463681,0.6043737043858897
4,136,63,0.18216622999782706,0.2964203017926914,4.582951844428594,4.320337717694558,0.5600339265365744
4,137,62,0.18658283325988223,0.294812763447818,5.305881445300864,5.581586908238981,0.5600500891732416
4,138,61,0.19124615751636542,0.2987614012106024,4.69266519021909,4.071587781192525,0.5704156006607538
4,139,60,0.1878501334301389,0.29341125640774857,5.235894312841211,5.096188729762614,0.5985267198273173
4,140,59,0.19194324722741463,0.3011074055476188,4.671968934379146,4.1719104379792045,0.5708534955009936
4,141,58,0.18828852854976444,0.2952377538394688,4.618913072372201,4.345489041453643,0.5820928030725061
4,142,57,0.1838930078989894,0.2921580885230579,4.908525423791745,4.083092105271458,0.5811110547920889
4,143,56,0.1880484039758491,0.30280733501440754,5.4432384198146835,4.456428994586266,0.5570929460066641
4,144,55,0.1938070543072243,0.3119271171176321,5.313997839571071,5.370359032394613,0.5529945524785332
4,145,54,0.1930209867984918,0.3116123781048059,5.181894610163429,4.838131473070308,0.552773746059615
4,146,53,0.18394462695281044,0.29682702087345714,4.974942380532873,4.971071381511266,0.5833388830088583
4,147,52,0.17866116965637283,0.2868828698687986,4.790350065794259,4.0760166523398675,0.5751658329538689
4,148,51,0.1858362995355239,0.2969879435294426,4.843985828128286,4.372480460314748,0.5661292271865171
4,149,50,0.18654964420125106,0.29764652792487456,4.894307975056641,4.567812087041299,0.5804697830302425
4,150,49,0.18902057810721087,0.3043018843763807,5.380648037206192,4.754739467021377,0.5645991660155604
4,151,48,0.19067724214086038,0.311773612578635,4.872735241181118,4.40392932128468,0.5632145530675952
4,152,47,0.1956098716026937,0.31920093750250705,5.099664808599745,4.316357997754938,0.5693219149894398
4,153,46,0.18653242231418043,0.3054006792815616,4.960670993621421,4.524196203644404,0.5625130445543058
4,154,45,0.18649878971621892,0.303454545627647,4.956913471510336,4.306024650076988,0.5785060016458395
4,155,44,0.18610786974225904,0.29953369204814734,4.780095802099558,4.294461723503319,0.5565070802263
4,156,43,0.19263777812513455,0.3117565177997482,5.0454385479698205,5.083231395576822,0.6033303217866285
4,157,42,0.1887030033929022,0.3053817691917376,4.792676666139775,4.255427325173515,0.5605299158316491
4,158,41,0.18654164050312114,0.2994972555516306,5.2526637424711415,5.053326511263128,0.5783932184773976
4,159,40,0.19345158489545813,0.30531956413727224,4.994193766928666,5.591413346312486,0.5651508372774687
4,160,39,0.2209417357327019,0.35081162010262734,4.889113868648975,4.598256069811861,0.5111489402748038
4,161,38,0.20889598844889,0.33426816548505434,5.081571394000335,4.303194529491062,0.5269091744924178
4,162,37,0.2085794918855863,0.33060773422452505,4.986579008267803,4.343436408373284,0.5226235717940482
4,163,36,0.21904673102560904,0.34954960539931273,4.849367796567354,4.7380363396602485,0.4881693316170359
4,164,35,0.21083753646190598,0.338742892571507,4.823296386332292,4.7749111533406605,0.5158557418059354
4,165,34,0.21224816512172653,0.3483216652699993,4.88267224094337,4.039385099565743,0.5186982729222441
4,166,33,0.20390931962909373,0.3346744886136766,4.355768472321442,4.318855757765455,0.5249618155543386
4,167,32,0.20761272971236755,0.3432286189000789,4.618861986073853,4.002266096319075,0.5339553307711382
4,168,31,0.21704368310369707,0.35650942213640413,4.688428252011463,5.0773084896185035,0.5155877448383827
4,169,30,0.20801973121295095,0.3418599428004425,4.566538023628183,3.80273775637536,0.5298809420657379
4,170,29,0.19664608425801997,0.32768918675966074,4.89904136171862,4.1340156727141135,0.5254778676641231
4,171,28,0.20970145977204344,0.3430427576005372,4.777243343925397,4.397985211679403,0.5225074731540663
4,172,27,0.20962632351509652,0.3487350793572768,4.401223826579147,4.0033264391187,0.5106148069939525
4,173,26,0.20031173862256857,0.3385840342115327,4.59759808610136,4.09120993143603,0.5222131260785691
4,174,25,0.21195527595422953,0.36124046585479413,4.843686907656734,4.1808927877403015,0.4976278546835242
4,175,24,0.20492915243930457,0.35211464449044244,4.824815503275839,4.101542346423026,0.5220381336319041
4,176,23,0.20865883819033876,0.36436405724514576,4.208318318768225,4.012425586576702,0.5034089029504165
4,177,22,0.21586783293810374,0.3733073918483131,4.826584155420623,4.199352017970246,0.5054765096332724
4,178,21,0.1972413904050791,0.33986062706581477,5.397294592865539,4.98208429583952,0.513282819702286
4,179,20,0.2052869290472742,0.3572451311921776,4.595793061159421,4.175821930092308,0.519711316218592
4,180,19,0.20857213132118793,0.35321895959207855,4.698734857721762,3.9858121346954105,0.5186342499686893
4,181,18,0.20696128724564777,0.3490896552729168,4.8814595249913655,5.138154660775417,0.5115963378856841
4,182,17,0.20234865216953074,0.342243154353522,5.235090718494739,4.487170088453108,0.5441554940403318
4,183,16,0.21652588572366258,0.3657773534458302,4.982093041896563,4.1977885944335,0.4795105753995292
4,184,15,0.21015536110572808,0.35054577189386116,4.755831701353011,4.425502905724396,0.5110247711666945
4,185,14,0.21583466966997292,0.36819385992665865,4.785654028758721,4.29156561490302,0.48214827159866924
4,186,13,0.21773461739404124,0.3738432296763693,4.667040925005995,4.346692245820807,0.47312460468093387
4,187,12,0.21497363302148684,0.36957754001237875,4.8297858880808455,4.486077168655246,0.5019508381638513
4,188,11,0.2167935229851666,0.36983840225860054,4.930182467206013,4.5239693851954845,0.47927630387132486
4,189,10,0.20897353450315986,0.35318838062105357,4.834122473045424,4.70440675433576,0.5172928180414492
4,190,9,0.20896702240574247,0.34985248501245314,4.47263903697971,4.6563217194931905,0.5025611705826113
4,191,8,0.20291470227797423,0.3381502417165794,4.443175167902789,3.833481064809611,0.5193927333052082
4,192,7,0.20150551134223096,0.33816175691785494,5.455510704683094,4.662249544572324,0.5462459298818161
4,193,6,0.2137866426556783,0.3626768841324384,4.989061340474918,4.285108493521657,0.48692160798166967
4,194,5,0.21982364725608963,0.3712327480212204,4.552919711387203,4.205267306039156,0.4824352021659744
4,195,4,0.21944679190851865,0.3683627977071908,4.964889367255313,5.042538298839628,0.5076265540447987
4,196,3,0.2218929230801079,0.3736074177519292,4.826051037740933,4.30770090976618,0.49794660726761986
4,197,2,0.20568501912663079,0.35136828785752267,4.938425997068849,4.654846940109084,0.5366480523263544
4,198,1,0.22338039430885143,0.38637516097084923,5.024786632301113,4.3573235912672486,0.4905007308994545
4,199,0,0.21664941439841798,0.37571944051491635,4.728663455014274,3.9452209963131946,0.4934257532079026
5,1,364,0.15673098664990132,0.21394433264642176,5.107890494947637,4.7489515670778,0.6831219373822096
5,2,363,0.15965563343966838,0.22734778997921945,6.057897240907673,5.48864772863112,0.6577453451456506
5,3,362,0.1550976833201475,0.22336105152205968,5.400137439878669,4.8660761971453885,0.6433879155500825
5,4,361,0.16692719978618578,0.22879260013174876,5.648714653152324,5.62530257177134,0.6551747283098339
5,5,360,0.1665309192374652,0.23346399974609977,5.50510732044002,4.8783930887975995,0.687483397969221
5,6,359,0.1566457424396314,0.22715160596559725,5.321985851087973,4.753663659234675,0.6770839867304089
5,7,358,0.16177207686637432,0.22548892769881515,5.364466840452449,4.975553550230838,0.6706524825030626
5,8,357,0.16313786069527453,0.2298672410574544,5.484720959287653,4.9513750058820545,0.6464007492933953
5,9,356,0.1578804201242243,0.2190248790024801,4.879906312566466,4.1978633523734805,0.691199607928666
5,10,355,0.16397647926851094,0.22187070770467732,4.9047490023069376,4.988450626348299,0.6626929241698846
5,11,354,0.16712765300368224,0.2202614669450758,5.03825027510357,5.209387214032681,0.6586511574647956
5,12,353,0.16652169487438614,0.22542495216234457,5.431739294604453,4.778684858234904,0.660705398454827
5,13,352,0.16101946904997047,0.22555767362894166,5.83169694042887,5.31862507444222,0.7004953420639539
5,14,351,0.16012958249596362,0.22890273733316416,4.97873878521986,5.0877739871005785,0.6569819724820549
5,15,350,0.16298539696016281,0.22763737952286736,5.144559123103766,4.12198212453351,0.6530693295263417
5,16,349,0.15824203050046184,0.22154582558937924,5.637079688725522,4.905203409249228,0.6771356177178101
5,17,348,0.1612978784399153,0.22854600797649113,5.276665546645241,4.456060393654746,0.6702742042190889
5,18,347,0.16151150873724296,0.22838815304362764,5.473130001342266,4.759860154498103,0.6681398382668735
5,19,346,0.16194003325494774,0.23332313172700958,5.149727918121384,4.217404771277737,0.6547816413758222
5,20,345,0.15886408987962658,0.22275809937266813,5.486921918311138,4.301896894451283,0.6406299072385881
5,21,344,0.1702420443604939,0.2273678189840807,5.139856334164213,5.112970112629691,0.6493795576351968
5,22,343,0.16632600593296426,0.22740838248418793,5.331097561829166,5.312377008454209,0.6536846910901215
5,23,342,0.16236764286869182,0.22682110042042544,5.420472337204428,5.171546025323266,0.6679329634823259
5,24,341,0.1609388564684936,0.22211168367642223,5.185852973704841,4.936012045839042,0.6654467566863712
5,25,340,0.15925713569363456,0.21829685662608997,5.227702537533117,4.586089506041118,0.6733350332439446
5,26,339,0.1618163071781097,0.2302230386652198,5.516150182223804,4.90666517787626,0.6560611958960919
5,27,338,0.16140898439370324,0.23680425887672513,4.940497727212067,4.142020812503873,0.6674152178038798
5,28,337,0.16819807271169657,0.23461653784632774,5.083796467444712,5.20577278434217,0.65804950415013
5,29,336,0.1610839986116205,0.22692974853738923,5.058630775449456,4.237737426173137,0.6681003812286863
5,30,335,0.16349104241462403,0.2331366682034852,5.116798601107089,4.296835031269549,0.640764985786252
5,31,334,0.17059939913316455,0.23434982091355458,5.136172025104703,4.504285711219919,0.6587106397025894
5,32,333,0.16839287580254556,0.22691312932873306,5.307220466806777,5.296851545183182,0.6682315928332027
5,33,332,0.16554884854499802,0.22040162245491682,4.827087134826645,4.879387510580385,0.672344779694593
5,34,331,0.1651153192648492,0.237571880612537,5.383797875638699,4.7737849201029965,0.6539116733071502
5,35,330,0.16654832713355233,0.22915246862926167,4.8441199525873255,4.0790693573985415,0.6326471293504506
5,36,329,0.16402183244706112,0.23063254694642535,5.652361717150285,4.7833596232249365,0.6603963123353134
5,37,328,0.1693952887564887,0.23007635851742037,5.6097275696531845,4.692974946451971,0.6549650463416679
5,38,327,0.1674762772935666,0.22523816877582192,5.55245069426435,5.688325373673903,0.638299881278604
5,39,326,0.1659428192208259,0.23133297980874865,5.1450011291897155,4.544354921555502,0.65842330969379
5,40,325,0.16810224447049119,0.23233376016047486,5.47223965069353,5.188367907017252,0.6608761117229741
5,41,324,0.16539284515227476,0.23589195840528174,5.768895755114294,4.555496292893065,0.6458194248258642
5,42,323,0.1630741392272225,0.23188217862174598,4.823010158168651,4.235756056687692,0.646056593544416
5,43,322,0.16047238472664127,0.22476635729251662,5.19451400522725,4.654082886321574,0.6784523534250865
5,44,321,0.16451600274589656,0.22979017189756432,5.6365297100883005,4.572897829987473,0.6515078248403948
5,45,320,0.17085181182532924,0.22919860991111557,5.377724240318811,5.3195203716900545,0.6491431618127022
5,46,319,0.17099496261265162,0.22627563208361198,5.500030665789179,4.451398845631871,0.6614206225769089
5,47,318,0.16770035255902524,0.23250840076831242,5.262832259613153,4.38688875040214,0.6542188731143612
5,48,317,0.17134164968579532,0.23310777264960666,5.271749742316755,4.228846008244321,0.6508069802897855
5,49,316,0.16485859798018326,0.23442352662879068,5.247396654867698,4.5519892920822915,0.6580605974737614
5,50,315,0.1662082429303213,0.2346242184087427,4.959619439029728,4.284123264472954,0.6450408940259126
5,51,314,0.17313572790017412,0.2379723129269768,5.15428764572273,4.966405382034457,0.6514698064280495
5,52,313,0.16955823063157044,0.24267123422379694,5.177767177339685,4.5882210437504165,0.6639494524092008
5,53,312,0.16850109907024358,0.2375379840119783,5.2411318727829475,5.200965078018065,0.6542573811579855
5,54,311,0.17102675295653935,0.23778698961477604,5.2335178561402955,4.705468539920872,0.6438742325255458
5,55,310,0.16777876977892972,0.23967094069458766,5.404468416663555,4.78955962358954,0.6307276996152568
5,56,309,0.16462257424563484,0.2366642555956726,5.1534949811632185,5.0483094320283195,0.6604897995893465
5,57,308,0.1651225036792404,0.23058290235096907,5.081395802889182,4.484638606837778,0.6542129052414059
5,58,307,0.16277007898523116,0.23844804279902412,5.066283642318158,4.52020333514306,0.6567418108741734
5,59,306,0.17179106632798866,0.24878206739916742,5.407177859909908,5.341219031039677,0.6366093619006118
5,60,305,0.16489972219143226,0.23311440288016427,5.576566833694589,4.93191176109984,0.6579345017668721
5,61,304,0.16025774230331988,0.2397827711899741,5.461375710081068,5.337641983213466,0.6266731209405926
5,62,303,0.17154465373139857,0.25059626412331804,4.682004423419144,4.443324636060695,0.6259733347695231
5,63,302,0.17427142577655133,0.24601730090541515,5.35385743372038,4.605538121688011,0.643137416154354
5,64,301,0.16441306714318804,0.24276496963725752,5.291752339183585,4.125042708512526,0.6526352132144209
5,65,300,0.1656731798330748,0.23671359143504705,5.252772246446756,4.639344580782795,0.6477369882199286
5,66,299,0.16102751738167506,0.23538769696863257,5.424577065914487,4.774261411230795,0.6763071823096395
5,67,298,0.17589649774155255,0.24468336155371856,5.357366409143305,4.652766012860677,0.6225652805796401
5,68,297,0.1718687813212305,0.2367919436040349,4.888418304199863,4.444017604506504,0.6283331889109801
5,69,296,0.15995876201226525,0.23134760528667,5.330652124267145,4.656710950759891,0.6661800651360315
5,70,295,0.1682198761138965,0.2293303004504361,5.693075042800413,5.39337453297813,0.6675922856553019
5,71,294,0.17319047384649597,0.22448649659274628,5.580874867500949,4.516092077518807,0.6782648744552268
5,72,293,0.17221807165861674,0.2422465213076279,5.516512535758303,4.727749640976438,0.6694515794756187
5,73,292,0.1730649056396125,0.23033315273097285,5.067002906346908,4.359085831225735,0.6587048793591397
5,74,291,0.16825147965766957,0.23471855018998938,5.315005183689592,4.445271809611979,0.6661506937778174
5,75,290,0.16276264365539783,0.226382297086151,5.407705195636726,4.419057048372374,0.6768709788341685
5,76,289,0.17536548351618358,0.24061967528534983,5.73363388595674,5.391273833798549,0.6603569265819568
5,77,288,0.17435707390385516,0.24133906584197584,5.20102054022397,4.725594601558216,0.6496966051680809
5,78,287,0.17183257990164869,0.24209932750403926,5.042372002243841,3.9695492715555702,0.6599952677339593
5,79,286,0.17123473102264747,0.24127166724875215,5.509565432932855,4.825993002973991,0.656792854291729
5,80,285,0.1693438479078683,0.2337036103254078,5.574981807227947,4.663651012415817,0.6659552827334495
5,81,284,0.1768525389990528,0.24186453410875902,5.626290275293616,5.0106394680538715,0.6474420488576602
5,82,283,0.17411806741457378,0.24767786784205306,5.144335190729967,4.598448406709972,0.6558935832042468
5,83,282,0.16982642253613464,0.24523371036469258,5.381420397246771,4.607025524374415,0.6554783217051164
5,84,281,0.17294907293646436,0.24513466134884596,5.653340179722889,5.150711345272991,0.6443958151629765
5,85,280,0.1702492610469716,0.24901733902551054,5.354575611371569,4.683964712368904,0.6445161896273754
5,86,279,0.17483601946678934,0.24525444368428356,4.984171525261706,4.754281002995806,0.6360828338236135
5,87,278,0.16883160808437173,0.22846755056369705,5.417090004413,4.32539887219783,0.6732259158703117
5,88,277,0.17631249603957175,0.25239677899507346,5.4745665887054775,4.812336818301338,0.63380686360561
5,89,276,0.17155294713036115,0.24290839198230282,5.278488297840059,4.667039591639156,0.6582196287841355
5,90,275,0.1764163133502389,0.24393525679535707,5.416134450247658,5.048418926034412,0.6534091982542266
5,91,274,0.17795797657793397,0.2486091309583469,5.246977749479374,4.686904377292467,0.6248915257898271
5,92,273,0.17532466808054395,0.24195485134147998,5.123404939165515,4.837894391315124,0.6504652820452326
5,93,272,0.17344862291584862,0.24256322224659146,5.8171000275939955,5.32102564969763,0.6481570774559559
5,94,271,0.17257606348695945,0.2475564485613981,5.380001175093907,5.3715784716359085,0.6353484768191358
5,95,270,0.17290832727979122,0.25321645267543924,4.917880582528184,4.081115411661329,0.6580471345429758
5,96,269,0.1743911523771543,0.24796504569547492,5.520958043631698,4.712335824821589,0.6500887840430422
5,97,268,0.1805754669986086,0.23688969716258576,4.993737546131522,4.457832548827554,0.6752841422166002
5,98,267,0.17429768106632004,0.23629572562782375,5.015969874428443,4.475135671089017,0.6365988923144182
5,99,266,0.17403390594713466,0.23736431958659446,4.559362578264364,4.184584468048036,0.644634065539079
5,100,265,0.17783591688452519,0.2488168139736709,4.7275257992759965,4.34360921352279,0.6365920892510133
5,101,264,0.17338376440259565,0.2496129417422261,5.0439452581903605,4.654502735079886,0.65962392554444
5,102,263,0.17483579633317717,0.24272104008311876,5.73066166030593,5.784980220239593,0.6510941478331551
5,103,262,0.1745969246477719,0.23717768086011895,5.425543974872545,4.378688850569643,0.6609739667016057
5,104,261,0.17688367994939685,0.24384245937646676,5.544339268809456,4.842551914436203,0.6612012854748684
5,105,260,0.1707746316354722,0.2504892040849103,4.803073915210048,4.160390174801098,0.6418131732488065
5,106,259,0.18072464351003023,0.24943478759521637,5.29033724368316,5.040299434637562,0.6264758806728148
5,107,258,0.1752919760028016,0.24556649001580086,5.089706476006006,5.258287840459758,0.6521143612137151
5,108,257,0.17585791535118744,0.24521859296875465,5.795870906012626,5.047709186073845,0.6695611230019999
5,109,256,0.17619902429814516,0.24137846311745287,5.637106047171663,5.415492467833962,0.659376861720164
5,110,255,0.17204294724481434,0.23918928496627195,5.116928953907439,4.615922228219543,0.6795213726049117
5,111,254,0.18218431316175593,0.24980388552045787,5.0737215803134825,4.529931523384094,0.6385042815372293
5,112,253,0.17477268969858525,0.2530832754410835,5.289831268815452,4.778575089385068,0.6657783986435805
5,113,252,0.17441959086925124,0.24817940298238947,4.976940477235548,5.267688799952064,0.635444917373366
5,114,251,0.17568902702172742,0.24196385372317114,5.404153093310359,4.422669278283051,0.655852213033189
5,115,250,0.17912568683107152,0.2395039817663569,5.339538334461568,5.168441799662038,0.6578362783150732
5,116,249,0.17638656027034874,0.24590874445002706,5.291864156519612,4.587613695215086,0.6483491821790206
5,117,248,0.18406783245244232,0.25336405066397216,5.627100200268833,5.2572238291211075,0.6422312393471759
5,118,247,0.181119517196383,0.24639496644903877,4.557799199647194,3.9586683829073235,0.6260512450743592
5,119,246,0.1751578477490372,0.2464342356996644,5.198035158170116,4.79280074829203,0.6562707439234383
5,120,245,0.17556550413528443,0.24181864220156,5.123820004782139,4.540432102064738,0.6613213924259492
5,121,244,0.17672091842064966,0.24156590805470782,4.591824643818384,4.282249813589794,0.6457349209605178
5,122,243,0.1757929474395695,0.25104435792408103,4.86214294701714,4.557092346254631,0.6497338745313339
5,123,242,0.1824497619056062,0.24833948290600175,5.254685568343854,4.893553201134083,0.6360114987556013
5,124,241,0.17756713572035082,0.2478822474887131,4.983047920323404,4.585978961524598,0.6693280897760838
5,125,240,0.18053114800929285,0.2426875379990669,5.820548190977192,5.309836621753662,0.6534823852651502
5,126,239,0.17559427253049353,0.25686207931895727,5.4612349018769955,5.550897247354821,0.6360606787779627
5,127,238,0.1863774604583819,0.25467216131769477,5.337445251735238,5.449659355168389,0.6394879097990172
5,128,237,0.18705045568782763,0.25714275747827814,5.577138930251955,4.913260305302754,0.6296353942694843
5,129,236,0.18804805144982653,0.2646496689797812,5.405933785989754,4.915967740465022,0.6208320008424263
5,130,235,0.17995981051180643,0.2584941292016317,4.8137761282131795,4.185384089272437,0.6350647748317997
5,131,234,0.1761240663640942,0.2458240286539909,4.702290130448534,4.039951598261852,0.6539988819209924
5,132,233,0.1802166692397784,0.24427030976122938,5.4980654002160465,4.528772069926973,0.662207254052287
5,133,232,0.17992053019341572,0.25401781627934444,5.1176146831543345,4.722457713214087,0.6497199448999544
5,134,231,0.1816733163817726,0.25256786655357943,4.958249220863076,4.2567488816855095,0.6129972007962641
5,135,230,0.18075036679020634,0.25343207590912276,5.211889585755164,4.539399369739442,0.6687528770689188
5,136,229,0.1764738334998674,0.2397899594552743,5.3945571232661305,5.16705490773024,0.6599778484969554
5,137,228,0.1799508306485281,0.26335337062640113,5.416334446144794,4.931886866237534,0.6508397849198225
5,138,227,0.1838247820606894,0.258935774769395,5.670469341882322,4.4735652331242,0.6404935938098694
5,139,226,0.18358081389251044,0.2618112276090725,5.41245812084933,4.477503563259112,0.6328679748343091
5,140,225,0.18171854948192842,0.25612248689083805,5.1438173831810765,4.672814774090889,0.6483558432652883
5,141,224,0.18263925213278226,0.2436483650942844,5.078873981018832,4.143628095426804,0.6494216474438638
5,142,223,0.1805423876431249,0.24893890235231037,5.288256517822368,4.787480755642429,0.6627989617751442
5,143,222,0.1877884424683858,0.26537807073761793,5.498277787238232,4.700716899071832,0.6488554778434571
5,144,221,0.18067868139760318,0.2545369515046744,5.244109651012849,4.579589077275762,0.6474408544690153
5,145,220,0.1835724403023134,0.26983049551593113,4.755617330785757,4.1670624141087105,0.6376515318935659
5,146,219,0.17681240862434522,0.2563123619094177,4.859430613305719,4.37905409538374,0.6582277529052307
5,147,218,0.20411424285040397,0.29279546777871107,4.953311956977457,4.346130749716897,0.560994124813919
5,148,217,0.1976992402868991,0.28502579165897923,4.939184325570238,4.264616770203343,0.5645353053911415
5,149,216,0.20756862294618664,0.2846365529974627,4.8808411431233,4.051124684035797,0.5905080392844209
5,150,215,0.20153127194677647,0.2881343046656767,5.173317612380259,4.2389330371837275,0.5951619771052534
5,151,214,0.20039185468472487,0.2902410184218128,4.678843064660906,3.973136981544027,0.5679839916150667
5,152,213,0.19882349988603526,0.2859310137639184,5.585891159330979,5.1035308872159755,0.5881020877707092
5,153,212,0.2037662835871002,0.2698480510763314,4.968605520086627,5.059669556094212,0.5828599529494806
5,154,211,0.204400013847399,0.28289889324577344,5.0571320389624725,4.336424763249525,0.5752342160029542
5,155,210,0.19910882544265468,0.2866604619211733,4.923292378330248,4.847721405643928,0.56442475055047
5,156,209,0.19998741685859012,0.2899269862194497,5.342045416481086,4.911979932601192,0.5909008815136917
5,157,208,0.2079147425790951,0.28796667549515204,4.883477025888418,4.11927812455902,0.5600045377953395
5,158,207,0.19891720902949914,0.27730154166528914,5.1621606148854,4.919219290507938,0.5860057563529096
5,159,206,0.19564978180169215,0.28272365921803755,4.8555133556224686,4.127311194336914,0.5866570116603758
5,160,205,0.20223504805909612,0.28014910037243107,5.196235740599517,5.040156488877988,0.6126514952682454
5,161,204,0.20015656462895112,0.29125028538749537,5.433858899060947,4.8858314020587645,0.5985632860976123
5,162,203,0.1980576306518085,0.2885673891131736,4.999084714522412,4.408036652140724,0.5674734328476013
5,163,202,0.20500392672651038,0.2871749382059379,4.740788378842673,4.476430093139839,0.5828047966587909
5,164,201,0.20364071093799202,0.2898502027431398,5.341478336000753,5.135741136114954,0.568125868485662
5,165,200,0.2047697404399186,0.2962360398576518,5.0871109223831965,4.496543909544374,0.5875067703722288
5,166,199,0.206081659048726,0.27939364399576194,4.893322214468857,5.194702610693334,0.5724251532729158
5,167,198,0.19801872350644747,0.2733533796400082,5.121627664075765,4.3139220815308725,0.5864118778865991
5,168,197,0.2035688726883302,0.2856929325745555,4.834629874027044,4.898252401844255,0.5787413654421614
5,169,196,0.20565816713233412,0.27767297135556557,5.141019796554627,4.127427315718233,0.5932577988005665
5,170,195,0.2052814105872962,0.2800027053691625,5.59056778484436,4.8577239656956674,0.5877062840379252
5,171,194,0.20469464115961367,0.2825863440677807,4.846104925305944,4.273487151586167,0.587108466484725
5,172,193,0.20176021270003786,0.28233798525896747,4.9750400010074785,4.626066426869479,0.5733675005461748
5,173,192,0.20409145577637558,0.28829836353465504,4.7706428042271,4.657523119964216,0.5594930120859801
5,174,191,0.20607229711841019,0.2917344561699666,5.018844657940182,4.333221057382746,0.5845363304189289
5,175,190,0.2008657835543304,0.27608693654650035,5.167977921912032,4.303556378221231,0.5934651148917437
5,176,189,0.20407580940805126,0.26677868738632604,4.777499965541798,3.9705148788009326,0.5797787571230052
5,177,188,0.2084760935303533,0.2859812524858465,4.844854811895196,4.086587716037029,0.5852334220762782
5,178,187,0.2134281215973285,0.28535295262489707,4.959419193140023,4.396267229113759,0.5788671936771419
5,179,186,0.20027663428524434,0.28564931150417133,5.390496453473522,5.912970571097286,0.5991129155120074
5,180,185,0.20438361867710075,0.2958941028016694,5.3455037140351465,4.997697052313706,0.569008236845422
5,181,184,0.2051047227988778,0.2933824341151395,4.632516303791471,3.8319182461959125,0.5879544133611265
5,182,183,0.20256906537464045,0.2900755148464752,5.237514989220129,4.561373364588494,0.5662147804715901
5,183,182,0.19911175996710462,0.2799732790436511,5.360381942505601,4.6947560757732525,0.6122102850685796
5,184,181,0.20421181624494852,0.2789781889022881,5.256814018035966,4.055301936225925,0.5977691186954821
5,185,180,0.20145371415003216,0.28360132515489045,5.001529398373542,4.16315416435115,0.588562619297266
5,186,179,0.20518832891556715,0.2814453760610226,5.260416155419485,4.825628874334317,0.5720923866842625
5,187,178,0.20492323706334956,0.2932389792669422,5.141107322064001,4.574155421361136,0.5882246662085575
5,188,177,0.20726013492020562,0.29323329186972197,4.826478547687262,4.355885039272549,0.5904527627642082
5,189,176,0.21157933142766852,0.313967096012209,4.723810394111152,4.3287709207979645,0.584978491514096
5,190,175,0.20500576608938284,0.2854412233568603,5.785097389933769,5.092985888996975,0.5837980668763473
5,191,174,0.21136483333374578,0.29882774441246995,5.3295391090561886,4.746450265816107,0.5792640980413455
5,192,173,0.20412511723415364,0.2881075620427298,4.960359513131525,4.501719623436506,0.5984950002772073
5,193,172,0.20780935987990784,0.2973091013529605,4.990565269908588,4.610387586447348,0.5812488876054639
5,194,171,0.20813956919507715,0.3018844192443446,5.342901932319522,4.833085167071979,0.5698947354504028
5,195,170,0.202641169160724,0.2998141076158107,5.086065425587162,4.5324801173983005,0.5695275484058095
5,196,169,0.2077349031605203,0.3084396617498522,4.979219584426192,4.302241573428656,0.6028372866887923
5,197,168,0.2115286392098922,0.30129147526770317,5.244494091962467,4.341836379868868,0.5592858087189816
5,198,167,0.2117286694971715,0.29900469996968326,5.239851642543254,4.991396190799083,0.581462744879049
5,199,166,0.21112574221452254,0.2930751820031349,5.0881370812144855,4.63102936761479,0.5710308408237894
5,200,165,0.21479382296311525,0.3009603511628791,5.329336293435747,4.422977006677288,0.5893980100540658
5,201,164,0.20708738706332802,0.2987418399635888,5.137569088945199,5.576648992619277,0.59140149018069
5,202,163,0.198411163124643,0.28461381256680507,5.083455231538645,4.383961540261763,0.6033869565677041
5,203,162,0.20899192581597598,0.29967336044666837,5.345811418014769,4.604686941788848,0.5799472323097935
5,204,161,0.20576736095603673,0.29841996378537894,4.935704339958933,4.1388455715244605,0.5840728503346277
5,205,160,0.21129137109008927,0.3092823861727533,5.183797301675044,4.582969641651469,0.5638334502145607
5,206,159,0.2069052095180015,0.291263426560834,5.058128946834556,4.810971972090537,0.5883342561665185
5,207,158,0.212488382268201,0.30855321846085265,5.1859542436440424,4.587497814790851,0.5929907112369781
5,208,157,0.20074729662822277,0.300192423903695,4.9999945768803835,4.849258750352005,0.5914867686943
5,209,156,0.19767237784318512,0.3022187032627063,5.068425135999965,4.3333869730023435,0.5704754154857719
5,210,155,0.20903552182869842,0.3055584347503418,4.7178219111217725,4.869286849011538,0.5757827898724506
5,211,154,0.2151605996123719,0.30454942459777945,5.023357527551353,4.891892328366104,0.5647275221323989
5,212,153,0.2118701167879267,0.29949074293662514,4.723971899311539,4.853561424481249,0.5608601637925195
5,213,152,0.20467432244212827,0.2993712557985771,4.837993771693225,4.837755205914228,0.5695412240678582
5,214,151,0.2148677430610051,0.30387516997792374,5.176306383899813,4.698009054286437,0.5908133674064462
5,215,150,0.20314433171893279,0.28648875300526866,4.954747094825445,4.2452114174820785,0.5863313737017181
5,216,149,0.21220968080322336,0.30406656402773075,5.915544274872898,5.181244934843522,0.5762353177030344
5,217,148,0.2107975599443533,0.30167101024364346,5.765887436622732,5.079958961749249,0.5750187577992731
5,218,147,0.20968658825119665,0.30090428769822686,5.05210862262412,4.5070484748928195,0.5801818495958913
5,219,146,0.20845680312966466,0.30995829226058613,4.789577241718125,4.115482513013357,0.5812970116239362
5,220,145,0.21220737410651835,0.2991357955440466,5.410449619362815,5.204494394372403,0.576304443458735
5,221,144,0.20569738629444917,0.30693613079204485,4.755986241222314,4.25626195417398,0.5809527122604367
5,222,143,0.2099566724853623,0.30579670437562706,5.0396353908821805,4.794601941264398,0.5720543772789634
5,223,142,0.21536510088271252,0.3020731860221426,4.803729992799976,4.418268381542364,0.5643610904720602
5,224,141,0.2092706930857477,0.301974410669718,5.167217692826846,4.159935247360136,0.5711257956824248
5,225,140,0.22002562186891117,0.30051179395810806,5.565174668967656,5.0347404388330705,0.5806269956151215
5,226,139,0.21844324021978948,0.2880463425236526,5.245785424013015,4.593708792023158,0.5895924893328266
5,227,138,0.21630433769925497,0.306022598824877,4.763676640219222,4.182556134789675,0.5653178183763895
5,228,137,0.2099006305728738,0.2980410190448953,4.6876310542664985,4.239338998454641,0.5763877466672649
5,229,136,0.2155216233974008,0.2993461081401072,5.295849907097209,4.92264609066846,0.5882798665889886
5,230,135,0.2107544104949085,0.3001161415735941,5.179680950182139,4.487198134713983,0.5864111847392761
5,231,134,0.20778184747917555,0.2913015334846622,5.3997503077199624,5.511470143625472,0.5817552353780767
5,232,133,0.21761031973947845,0.31255929497052065,4.857684767132794,4.275952154555423,0.578909592158912
5,233,132,0.21470816951462784,0.30153424946791085,5.1212856599825205,4.342258036693924,0.58658552525581
5,234,131,0.21865408696036326,0.30626595022325986,5.385401294341662,5.855369918103018,0.5832285846186297
5,235,130,0.20595107115394187,0.3062791345489632,5.0214643892059545,4.2688130942472435,0.5845889388456526
5,236,129,0.21518850618022145,0.29690235471602383,5.277671139127399,5.14945201241118,0.5859544859674694
5,237,128,0.21922972501608592,0.31665204359480786,5.089165500849608,5.012209889606433,0.546876759205163
5,238,127,0.21592996379823656,0.314098498874799,5.207418059107042,4.5516544585918535,0.5793208958404118
5,239,126,0.21735985604419267,0.30244808064874024,5.784508303083609,5.671831847184159,0.5823129762523106
5,240,125,0.21853389270114773,0.31772912863119546,4.96309520586694,4.397467898424033,0.5677421945953974
5,241,124,0.20724690384020072,0.303345494999474,4.598725101463778,4.353950219647512,0.5898157237883626
5,242,123,0.208653631709069,0.2982095573284298,5.150996968520774,4.364038162880222,0.600094263912268
5,243,122,0.2148211527808423,0.30285770527956724,5.021323374029817,4.5149324134683635,0.5745287990236103
5,244,121,0.21501743052198521,0.31355158315459547,5.040679922932816,4.477908927537835,0.5803389073614447
5,245,120,0.20938754960769979,0.3076165552084884,4.648021115701871,4.063357559473723,0.585389135621146
5,246,119,0.21927366635829193,0.3096780959692303,5.051285265947385,4.8308233364648485,0.5803949744077787
5,247,118,0.22226162162723567,0.3148722978493888,4.971861972252697,4.381104536188148,0.547496540680172
5,248,117,0.21846029458433305,0.30999837878701225,4.779573916995506,4.656205364565509,0.565194551388652
5,249,116,0.21709990522676043,0.30355486674494636,4.943465565640049,4.550571334806616,0.5900607688924945
5,250,115,0.21556070950983372,0.3045838526817967,5.374583827657506,4.923960307921711,0.5740272558898643
5,251,114,0.21846610830214974,0.3121515651948517,5.425196723736702,4.785524903791869,0.5677775128708713
5,252,113,0.22398723550745994,0.3123928503398304,5.253243226238158,4.923503765351381,0.5712549658568187
5,253,112,0.2203907608822746,0.31272422949809275,4.938594611669026,4.066576424378643,0.5744435194740861
5,254,111,0.2198750154705573,0.3007632166322409,4.798100492059776,4.767698864944467,0.5839006996828127
5,255,110,0.2278008980236891,0.31546113388948094,5.28663875370955,5.07477268384565,0.5620066863932373
5,256,109,0.21225175610481173,0.2905925813276951,4.5513344577342885,4.329843278972327,0.585387563968603
5,257,108,0.2204154718512382,0.31272826809744236,5.55382468685781,5.033478151204577,0.5641232576742693
5,258,107,0.21632546924105023,0.30785038857674346,5.2519600251666425,4.481535512708418,0.5913328407043353
5,259,106,0.2172488136339744,0.3003618846983882,4.907794192106206,4.9543351897073755,0.5873523722140572
5,260,105,0.23047703330566235,0.31413017840822516,4.975117657045071,4.391893955216819,0.5511826985156713
5,261,104,0.22182677246724106,0.2980821737512437,4.975437244523304,4.547391665328657,0.5763984675800414
5,262,103,0.216334042119604,0.29460652648395397,4.826120956231783,4.0544569960460075,0.5746775799816227
5,263,102,0.22160675736717264,0.30539918678313493,5.53321219833734,5.380440377675227,0.5870654005665914
5,264,101,0.21884969837303528,0.2911077580424801,5.7822166671507365,5.008530417207236,0.5884015668784028
5,265,100,0.2226727860136116,0.3135839332495832,5.199219215482165,4.2264821336516345,0.5536556841702918
5,266,99,0.2165349717756211,0.2964963377626072,5.057980799443412,4.099921462954606,0.5778469263106213
5,267,98,0.21152404089683105,0.3088533029896899,6.045427715575609,6.229532366494189,0.5843574773120301
5,268,97,0.21575593760640632,0.3075771887233096,4.4448639230744345,4.027941349632747,0.5761107907427419
5,269,96,0.2205825715064369,0.3037952512944299,4.7451118789596745,4.778286403614855,0.5689681183831649
5,270,95,0.22129854209103525,0.2945831568444482,5.025016513684104,4.569071900874086,0.5704939694676527
5,271,94,0.21516570622389478,0.30320862614945476,5.240728644999372,4.615295778807753,0.5824524192796325
5,272,93,0.2190229457757091,0.3014641548752438,4.687683365201988,4.154020679675679,0.589783208249639
5,273,92,0.21888355206872726,0.29486572487961715,5.253670569503905,4.62113353360652,0.5769991919598565
5,274,91,0.230246395699723,0.3151274450634409,5.334661689294576,4.6300131891230984,0.5621415647591788
5,275,90,0.215661535247486,0.3146504794187694,5.279483203016413,4.513292291700693,0.5699543848917265
5,276,89,0.21978591514331905,0.3036729486290578,4.699377201120649,3.940418471989254,0.5679086361812288
5,277,88,0.2177977540246722,0.3124968767084206,4.71598098480878,4.017136849933478,0.5804957542010444
5,278,87,0.22463976253336168,0.33398200768679953,5.719829305222377,5.909637539999121,0.5596961423000735
5,279,86,0.22896935831995222,0.3234252784353577,5.208122106001028,5.058909591372334,0.5678327702126603
5,280,85,0.21883755841748226,0.31384824043982684,5.10956438326214,4.2071078152210175,0.5759682976226917
5,281,84,0.23064871675732038,0.329540964283186,5.045018817605504,4.457203098950438,0.5640448646318242
5,282,83,0.23128075421769723,0.3091425634769549,4.804540718376607,4.5286373010979615,0.5435601221650864
5,283,82,0.21656466183849837,0.296201189212942,4.73939372056774,4.071475688239447,0.6086899984061194
5,284,81,0.22044230926939945,0.29542714900288203,5.461319772897177,4.6371776433396805,0.5663738557199824
5,285,80,0.21991070626202597,0.30323241334658446,5.09722038960739,4.533195249906782,0.5758385959249598
5,286,79,0.22114779273473195,0.3004026070423077,4.823871655363871,4.162947785181605,0.5899738032421693
5,287,78,0.2184058218540433,0.3122182258834935,5.009608099738358,4.279493370186128,0.5700084188668105
5,288,77,0.23444976796698414,0.34053832487573826,5.345172520872122,4.850652109463758,0.5667639875963517
5,289,76,0.232172190586553,0.31686766166038594,4.774112951723292,4.095655830147779,0.5508434381334024
5,290,75,0.22936382138852365,0.3167729768768475,4.9870311883277605,4.350677613629581,0.5616080856480811
5,291,74,0.2308197958448295,0.32034024125358246,4.882308817362331,3.915253388555615,0.5731614306724017
5,292,73,0.22622256234484076,0.32443617449057227,4.974440653898354,4.3408122551410555,0.5794026814969309
5,293,72,0.23806089123902852,0.3467931399862415,4.607685892610533,4.8782848092841835,0.5659344327453757
5,294,71,0.26524341827494435,0.3704128610987675,4.481812940710019,4.181332845516488,0.5014457043732785
5,295,70,0.24346190785488714,0.3557271446552594,5.202074933552053,4.798546029675727,0.5143334415743286
5,296,69,0.24153356116235677,0.3401599036390399,4.78416850605388,4.326112441122383,0.5179918702457359
5,297,68,0.23639567036892808,0.3572636506934527,4.553877514154898,4.086100384161135,0.51792933109988
5,298,67,0.24410353160121184,0.34079308810834646,4.5647976752324855,3.9608937046853674,0.5244014330965651
5,299,66,0.24652120828671276,0.34310950268405976,5.100961196927219,4.423442902506929,0.5417813609826337
5,300,65,0.24661494306568357,0.35426141676970796,4.467253411244434,3.9315098923463068,0.5228527032960791
5,301,64,0.2641884086607884,0.3683090939691408,4.7042660457405745,4.374028934922693,0.5022514420232452
5,302,63,0.25683398151537207,0.3710785161673465,4.736861453130501,3.9805632814188816,0.5077927302371108
5,303,62,0.24416007149791316,0.34768994901888073,5.197565896105774,4.465708890940105,0.526296945841857
5,304,61,0.25505963652594066,0.36745810243283705,5.119079727205957,4.568012467627127,0.4987113560785049
5,305,60,0.24861652034188425,0.3610623160690883,4.505459342513811,4.557734460020461,0.49309831018933753
5,306,59,0.24995687523103735,0.3617738220220973,4.58475398411521,4.169258597209045,0.4852950028279211
5,307,58,0.2540677651575561,0.3717490564605082,4.83687192076002,4.713019449632147,0.5100153069057114
5,308,57,0.2597007063460056,0.3757383486386292,4.460918187509238,4.064365390410404,0.48359288940508927
5,309,56,0.23485373928329437,0.34164656627141626,4.946499911265542,4.758602972983692,0.5506508532970897
5,310,55,0.23981304082350505,0.3513003546984197,5.047862014270855,4.089042313047919,0.5409192597518863
5,311,54,0.2336265169860312,0.33622641370489015,5.443323475817299,4.6499229669201085,0.5255819561056074
5,312,53,0.2626637917791412,0.35959464272433045,4.693745239998451,4.22036673457685,0.5162253545657998
5,313,52,0.26522921522887427,0.3786264586070074,4.408546406430532,3.5334902234526284,0.4947230728014101
5,314,51,0.25164728484360727,0.36670430710402274,4.913623683962502,4.347979876228396,0.48502321649706204
5,315,50,0.2584226083634267,0.3652177405399941,4.692164077324642,4.6614377072572415,0.48250516944952426
5,316,49,0.23267765892001518,0.3342012877317971,4.964944087275885,4.625160895028482,0.5595177666861595
5,317,48,0.24991847056852723,0.34626215037914543,4.812786405072003,4.769983968311417,0.5198178610073384
5,318,47,0.2527242818029616,0.3587309865248946,4.7405327373571104,4.793929351726831,0.5124458377720605
5,319,46,0.24191351527487473,0.3296954491856006,4.9872882250247335,4.386682328483209,0.549082640003126
5,320,45,0.2438390003793292,0.3515430552153388,4.724034637507385,4.546670964687328,0.5184314642478581
5,321,44,0.2494863054061184,0.35818143079501596,4.669991044579525,4.260864666398124,0.5043155207589497
5,322,43,0.25277881865136603,0.35974130322509607,4.615166420417194,4.250618940218259,0.523580874984199
5,323,42,0.2711188373014897,0.3935398938993702,4.733802800618104,4.5998743311531465,0.48448757129082554
5,324,41,0.25438455829682866,0.36097637746694106,5.188800205176385,4.448242572347222,0.5109249071733463
5,325,40,0.25930303380449243,0.38385599763823797,4.620214066376178,4.370363728045515,0.5115365145759917
5,326,39,0.2594518993541914,0.36785718510590737,5.39943829164887,4.580064075298136,0.5253865299778574
5,327,38,0.23928035905900724,0.35759281624154743,4.529975529371725,4.175692012789028,0.5444876528470619
5,328,37,0.26359123998197975,0.3845284710994375,4.953430502878747,4.699892815697014,0.5071293387836023
5,329,36,0.2571826204988069,0.3715062920638824,4.796841486992115,4.0668192555704,0.502810715903145
5,330,35,0.2712697637943806,0.37931073560121437,5.2060255714208274,4.298503480146795,0.4919977012446657
5,331,34,0.2552235290240131,0.34719879053764174,4.650392398347159,3.7847589576769023,0.5449547939069944
5,332,33,0.23629998075849448,0.3459429150726295,4.707348120445125,4.0035531662417805,0.5528887900476854
5,333,32,0.26513049647350145,0.36729219323627166,4.784161190165421,3.8763156226070468,0.5085356227518885
5,334,31,0.24540755979931625,0.3541048293163776,5.489405470467977,5.681964079106131,0.5331570901804118
5,335,30,0.24978780320986366,0.35688223823863435,5.022905986530114,4.666887596533941,0.5302442959944488
5,336,29,0.2711102927834975,0.3945435891631465,4.824209906891133,4.330674346454295,0.47391153409574827
5,337,28,0.24642756046905195,0.36112563506884315,4.557523831023719,3.929735991229446,0.5245864494506807
5,338,27,0.25724940080690534,0.3771161071021327,5.30125542779404,5.001460855330891,0.5061991506930135
5,339,26,0.25681696515257413,0.3617859900531722,5.394003871749754,5.074138259402941,0.528192648699056
5,340,25,0.2617531197868712,0.3707105123979805,4.551525136524376,3.9624280979423157,0.5121335693008994
5,341,24,0.26338944003635484,0.3708957258787459,4.361900218391243,3.7880949606440293,0.5169969606122691
5,342,23,0.25701651572163026,0.3522520203397717,5.113747774370156,4.75214783889247,0.521982386410858
5,343,22,0.2577614496746009,0.352086865911537,4.663569262084322,4.244937206165465,0.5206959128310288
5,344,21,0.2575781573103424,0.3734344871837772,4.674951200086492,4.167508312896993,0.5194756725960054
5,345,20,0.26021459276139564,0.35425334461304386,4.56137616062388,4.379231872202155,0.5235589842758764
5,346,19,0.281264961884468,0.39197738872012333,4.780033484206875,4.279621728413693,0.4896031373540144
5,347,18,0.2612336524699986,0.36152191801442685,4.808880284696264,3.9278543228189435,0.5256783010631948
5,348,17,0.26982552867724036,0.37623225236558533,4.870007099910752,4.592738511801081,0.5034914612771082
5,349,16,0.2585674956706684,0.36818952946052647,4.765025900634415,4.671022919952738,0.49783207309335303
5,350,15,0.2578336580826923,0.3745128642562467,4.792948315824399,4.137017759830779,0.5082039085583547
5,351,14,0.26088452941072204,0.36064817893749845,5.265796683886311,4.711819188044729,0.5084891174598573
5,352,13,0.24406015329655859,0.345095202385151,4.983106339142735,4.737396747878823,0.5363856457559082
5,353,12,0.25718062874445846,0.3719913621481538,4.793936121641337,4.352261831040057,0.49920184267781803
5,354,11,0.26052542917160515,0.3693210455091108,4.7959027569741375,4.247281618623791,0.5073709503957227
5,355,10,0.26852839465665695,0.381515354703126,5.1343236904712874,4.737743475157192,0.5073911616487267
5,356,9,0.26567355545651183,0.37746088549688006,4.896972608089803,4.27052008572175,0.4966740756181258
5,357,8,0.24824751663956784,0.3560494245927209,4.637268437027792,3.9557301606693636,0.5277542233703174
5,358,7,0.2666412756835761,0.3938306106607574,5.272784670286915,4.69598729112394,0.5075771013951824
5,359,6,0.254206782513354,0.365249040050734,5.1500051680376036,4.451630997224155,0.5306909927834231
5,360,5,0.2662853249283277,0.3725580735965871,4.384984104153789,3.8411542665490828,0.4874120443836143
5,361,4,0.2564776504992711,0.39278907462790685,4.965121319190889,4.3844068566171,0.5098907565855795
5,362,3,0.2549739196235361,0.36958590172767897,5.228093454644648,4.191136949789014,0.51773572961333
5,363,2,0.25828629250567814,0.3792351147666383,4.955480743995238,4.252691964939778,0.5153652944624506
5,364,1,0.24718618639013987,0.3475300694672081,4.644167045618147,4.133183066921863,0.5352213964616195
5,365,0,0.25984367579749384,0.36946056741498673,5.391567823181445,4.844568614313726,0.5186498095816551
7,1,308,0.1558385007992763,0.24482726470167668,5.644710992179048,5.552478252975961,0.6329198441490866
7,2,307,0.14865453381940272,0.23377131689203348,5.400310549437578,4.796277207317617,0.6605142628483849
7,3,306,0.1563118643650466,0.24620101238662884,5.262197807216162,4.385470358136619,0.6586379517320207
7,4,305,0.14991013605472628,0.23993243104212036,6.020473068117096,4.968311175489051,0.6386047828621215
7,5,304,0.15516334695544887,0.24600081024956758,5.047640610484354,4.614806635498871,0.6535555891896959
7,6,303,0.14884057350283286,0.2364725285119672,5.219855227527853,4.158879854610094,0.672337571178416
7,7,302,0.15270213999500334,0.2421163762656447,5.785091807845074,5.756921026157359,0.6236002211065792
7,8,301,0.15140934869533748,0.2386638563989444,5.585490947911218,4.699021290764828,0.6572650369591642
7,9,300,0.15096469565168255,0.23827226177723118,5.253064965198407,4.411020520573413,0.6641424583481566
7,10,299,0.14685869057965167,0.2304783531867412,5.13023794908622,4.81556897213368,0.6660688774878071
7,11,298,0.15262144636696587,0.23955844041897528,4.94603421269425,4.154427293770101,0.6498573939355337
7,12,297,0.15447575099278213,0.23957130010685887,5.055107806374025,4.305597404194106,0.6769230496019757
7,13,296,0.15539179634878872,0.24030980129100063,5.017129970891556,4.28779640367952,0.6550151677822824
7,14,295,0.15865420578547842,0.2438422476939917,5.230499402034612,4.866071516850183,0.6409159982867425
7,15,294,0.16188397304461827,0.24976634730811081,5.332737091948103,4.615873097751638,0.6557765866979381
7,16,293,0.1559445473031679,0.23770107478881272,4.937223561264027,4.613321195001612,0.6407104698578229
7,17,292,0.16205363689419808,0.2491022658455759,5.4170254648429115,4.280114784150995,0.6302000069801998
7,18,291,0.16009558305957236,0.24533275281028535,5.258853459387742,4.5491167145193065,0.6612445909515394
7,19,290,0.1554907975111968,0.23701260451640066,5.260684734727402,4.987537281700398,0.6714895893502344
7,20,289,0.15753965222251504,0.2402988159355686,5.141668185343802,4.587840051494923,0.6630174856165929
7,21,288,0.15396459842409682,0.23729623703175842,5.65269894744698,4.987639510126293,0.6763912111069439
7,22,287,0.1565569457242813,0.24416822571794186,5.188749846663012,4.682596440327564,0.647671137348487
7,23,286,0.15732513892026462,0.24214509956130373,5.062948853145569,4.232378057436142,0.667967262776684
7,24,285,0.15749605165270977,0.24097331357020646,4.8303071033500276,4.085784028711649,0.6253750208417256
7,25,284,0.15397663855170862,0.23500380167039803,5.268783309003382,4.5811494267311295,0.662325042608551
7,26,283,0.16258041823838115,0.24704590383531463,5.547968146037222,4.834529575934941,0.6580204429822066
7,27,282,0.15756394133850074,0.2396966735618465,5.028792155159552,4.91525564270889,0.6473867106268184
7,28,281,0.16154681785853633,0.24315690760089523,5.474095323337892,4.3653487910692945,0.6485296065932528
7,29,280,0.15337937174723085,0.234096387703083,5.298947771454516,4.378140810284331,0.634291235185727
7,30,279,0.16027350237852456,0.24136375183610834,5.05216772438956,4.735797071070579,0.647884674157654
7,31,278,0.15929143987176408,0.23808773347042947,5.5070911190198535,4.874472072325325,0.6542242953210652
7,32,277,0.1573931094323863,0.23741807988428418,5.296869466873411,5.557079707203818,0.6307738826964592
7,33,276,0.16353733679571933,0.24449145705923264,5.5279100923073905,5.038164192574884,0.6424138029725167
7,34,275,0.16163125884221238,0.23918317837002803,4.601364435498075,3.82998820646017,0.6664380001633964
7,35,274,0.16393730225885664,0.24323604017597358,5.032406394420926,4.119875438434364,0.6509707773463564
7,36,273,0.1636006454951642,0.24654956847966109,5.515917622762894,4.2715770244368025,0.6619918890538521
7,37,272,0.16649186048531522,0.24976317314006097,5.2864784110715775,4.931006424574746,0.6513355918909187
7,38,271,0.15621738963118423,0.2359253556757029,5.022788237618375,4.8410707805445305,0.6146951130446107
7,39,270,0.16420428648515925,0.24668784109694902,5.24029886047142,5.13893615128294,0.6512758272966479
7,40,269,0.1613270405479213,0.24222867155797392,5.334760138449609,5.183705160343298,0.6654504741273666
7,41,268,0.16471667608284898,0.24671477174071166,5.332435425163597,4.727636253536735,0.6400326863214844
7,42,267,0.15727937114359927,0.2399092301556617,5.202186297304775,4.343119035341466,0.6564746189905337
7,43,266,0.15827293336250128,0.23903965600995725,5.496118920599085,4.539801811925055,0.6681533492125074
7,44,265,0.16226401746689412,0.24207888519103196,5.113052111953172,4.263643955384167,0.650621489299635
7,45,264,0.16049661316700436,0.24413709494571464,5.19423649769676,4.386972002871893,0.6544508173428369
7,46,263,0.16397015164004966,0.24782576014549285,5.4403817585053815,4.264112453260025,0.6572927416692521
7,47,262,0.16383052271867599,0.2504472161852208,4.9087893537104215,4.594679247509688,0.6310137506077101
7,48,261,0.1614728572854284,0.24928357466229048,5.340207778395551,4.626886062129285,0.626716406663553
7,49,260,0.17000543287266603,0.2610996277580632,5.241866664086572,4.70227648682127,0.6148796173005047
7,50,259,0.1601883274743201,0.24675460716223188,4.741676436548901,4.759354558457387,0.6296754258969721
7,51,258,0.15837876340528168,0.2450811413653583,5.059332112416304,4.284138757056294,0.6589061169563143
7,52,257,0.16506181860521268,0.2558146118623186,5.287014245639508,4.147868121516191,0.6334738315454252
7,53,256,0.16242860648801866,0.2525104880678446,5.242400244842342,4.837652525656504,0.6538155795826502
7,54,255,0.1667867335512707,0.2592393217502536,4.952071142196383,4.2056662133392635,0.6595616641318558
7,55,254,0.16495904688292282,0.25563932420698654,5.861189895801468,5.875046564471572,0.6448685854806891
7,56,253,0.16031998210265258,0.24972428563512114,4.940704111933314,4.246074676034824,0.666344562471535
7,57,252,0.16349497048377115,0.2518600854701936,5.149615157104183,4.375408392733219,0.6489556786090799
7,58,251,0.16315169448367636,0.24915764786272263,4.6900487881503015,4.220337264969108,0.6649285789508462
7,59,250,0.16195869365066784,0.24770342042436172,5.543807682662571,4.803498651838627,0.6511792809017971
7,60,249,0.1646461752153583,0.2545762169592584,4.888208495678283,4.312485195892222,0.6467793567385083
7,61,248,0.15790509890005533,0.24793361139345588,5.150056637273838,4.205547513878761,0.6239658799471678
7,62,247,0.1670901060006683,0.2548644113652458,5.227785402375351,4.418472723551371,0.6499269670798142
7,63,246,0.16812223357615838,0.25577661334430646,4.9014749700431555,4.7950021554948465,0.6391835083247085
7,64,245,0.16897032370541282,0.259353534423105,5.447247922141571,5.347991806227793,0.6511497910284058
7,65,244,0.16212043208195584,0.24657181568064268,4.972427116522479,4.779601702028743,0.6754237240047475
7,66,243,0.16027694342489887,0.24593461705178804,4.814334278582502,4.091953516003365,0.6547914229349556
7,67,242,0.17036777367641648,0.2650664798356975,5.977797437234136,5.282860933522981,0.6493338733101826
7,68,241,0.16539468305161897,0.2577604082020692,5.8246829019277815,4.731360737807433,0.6445463508662688
7,69,240,0.16537685898896015,0.25464855844135564,5.134474515206469,4.997557984509039,0.6573050133472262
7,70,239,0.16712137024462806,0.2508939766955761,5.177861680473585,4.8868502846184,0.6461003559256295
7,71,238,0.16715931700721312,0.25679868130081696,5.194577699665976,4.122012763531555,0.6532115244643891
7,72,237,0.16902365186593651,0.26080021984809926,4.61567805023158,4.1663555021969385,0.6409795572119293
7,73,236,0.16971423391518486,0.2609050217661966,5.2124558221716235,4.77873206465328,0.6333892826863038
7,74,235,0.16546626151592309,0.25231246334430363,5.397081180862368,4.816923133674019,0.6617693773054659
7,75,234,0.1646704625528885,0.2512813553481108,5.743700400714966,4.900648258313407,0.668188843736427
7,76,233,0.1676174679380056,0.2570610106754668,4.970772039652273,4.49253825401626,0.6469990644904446
7,77,232,0.16881897796795903,0.2545064801139608,5.517366489617483,4.965523708210872,0.674310819102109
7,78,231,0.16241536790231195,0.24779205294463075,5.283053147382203,5.064834302783883,0.6687074270830322
7,79,230,0.167734861541743,0.25420831062994365,5.063011927130482,5.0217709254669165,0.6352108533590898
7,80,229,0.16926484422269825,0.25391086258095574,5.283957327162767,4.609499206937123,0.6568846032146246
7,81,228,0.169967187002435,0.25418095633862314,5.15411135871244,4.711532083921289,0.6402969503000405
7,82,227,0.16627751877055474,0.25398393735765745,5.186891036915536,4.553049625282183,0.6442752412880688
7,83,226,0.16429106011502678,0.2521385207498878,5.068914426394331,4.657598457040349,0.6461297242454253
7,84,225,0.16886623600109474,0.26393260629394777,4.931835214909608,4.261103108404397,0.6387598762310417
7,85,224,0.16203852310435612,0.25453500239820964,5.496752054394908,5.152677267233614,0.627835686078086
7,86,223,0.16686117473197723,0.26510442116045974,5.129744451117176,4.262973070474532,0.6371226703114015
7,87,222,0.16450284740203935,0.2673874703281465,5.209044313686176,4.640780970127766,0.6486129774767537
7,88,221,0.16835972152200632,0.27020390710079517,5.114389311445397,4.459719562104462,0.6471523360459533
7,89,220,0.16696401097849833,0.2715850363579044,5.313748575612831,4.67392093750989,0.6373900025987725
7,90,219,0.17177760567311096,0.2719188994264844,5.410388376338805,4.377150888463948,0.624347128370774
7,91,218,0.17170447149955695,0.26726271145665625,5.006573739980628,5.2503508234296286,0.6464695038629458
7,92,217,0.1755456438802004,0.27128106779904965,5.1479398194295705,4.411173289853201,0.647775256087165
7,93,216,0.1719328980274272,0.26466181742906786,5.402566627654976,4.5032904529085815,0.6249888799819299
7,94,215,0.17121433456356247,0.2631801192005942,5.789162270194881,5.721062263180238,0.6535393361217354
7,95,214,0.1752424812954127,0.2678714989356591,5.972356811412123,5.749772437718917,0.6268171888041659
7,96,213,0.17669114498763971,0.27139167691607213,5.694347287146519,5.33474728602237,0.6500164341743002
7,97,212,0.17369290478954302,0.2691290358828922,5.589127679280235,4.716989969480139,0.647186663254539
7,98,211,0.17055017233129388,0.2672561271727609,5.492721373322395,4.941630438996075,0.640281259390632
7,99,210,0.1676932542412218,0.262602284755818,4.940048506983932,4.219568843069907,0.6567612916663831
7,100,209,0.171752699268244,0.2713972490389413,5.081011927818375,4.406469248040633,0.6346774791198411
7,101,208,0.17173903017673667,0.26980053151070865,5.41965426807457,4.806874889004573,0.6349212880643257
7,102,207,0.16792017535852755,0.268585697740851,5.186384411725996,4.3623810644283285,0.6195829962711785
7,103,206,0.17346620046918548,0.2732584199014427,5.064230139870312,4.705955278880412,0.6391449692174588
7,104,205,0.1671376488369282,0.26446132336075506,5.5218776374130965,4.5764934545389,0.6264093147547513
7,105,204,0.17338595604933965,0.2788254863577124,5.0608313302604735,4.794628093534122,0.6211485183470496
7,106,203,0.17447447151159898,0.2781235673460262,5.002942152902241,4.50809325884533,0.6424718828542737
7,107,202,0.17182419347455277,0.2691930344368151,5.498992346959469,4.697350457483383,0.6538360298450772
7,108,201,0.1702764313718149,0.2656237959811409,5.886035641335665,5.191978051738244,0.6414752302218167
7,109,200,0.17466327825803407,0.26872681011793614,5.72091714370074,4.813209274019198,0.6441117789708997
7,110,199,0.17015718822124914,0.26613828339340884,4.558229264413795,4.023566934219803,0.6272013172799907
7,111,198,0.1839592250146663,0.2596652724875306,5.18184730122986,4.4478193773386385,0.6358067554002369
7,112,197,0.180936235427529,0.25432445272419196,5.417401568585291,5.487860765395533,0.6302193218389158
7,113,196,0.17786881793459136,0.2518813447920309,5.191001880688415,5.19841997022026,0.6541300189470955
7,114,195,0.18233817755790252,0.2550535910203088,5.122338551632314,4.508173935918622,0.6271730156474894
7,115,194,0.18435920878090578,0.25725490123119,5.221164899803172,4.529790506072133,0.6232181722120306
7,116,193,0.1742821063186947,0.24437812829360475,5.311855567351657,4.902969216684953,0.6552648456809859
7,117,192,0.17950908333230065,0.25278850064796965,5.674814315925397,5.369087049406056,0.6707577762682125
7,118,191,0.18160251936976354,0.257986597348639,5.163997293855349,4.6534752981320535,0.6645853534146148
7,119,190,0.18314939305162248,0.2627560516344,5.247187643418231,4.699180580472014,0.6432369521219227
7,120,189,0.1775548274036907,0.2580366752803987,5.474430026233069,5.00354945782213,0.6530322126099188
7,121,188,0.17807236881948782,0.2579403408269364,5.291950150667775,5.5410794359390305,0.6278318141381561
7,122,187,0.173876283355466,0.25492513683401635,4.820138199637545,4.21422454357102,0.6443062365621538
7,123,186,0.18081654657173987,0.2636685470133031,5.222740917707084,4.743049708744885,0.6327876707726982
7,124,185,0.19484624074163331,0.28333769930155844,4.870712909536988,4.9589016400973795,0.5972734934535899
7,125,184,0.20533397171952092,0.2963322993406601,5.010996401851843,4.476299079244607,0.5686497707129027
7,126,183,0.19650499626971252,0.28552137053927135,4.9428909290829965,4.607497538662457,0.5841036805626938
7,127,182,0.19603983789564836,0.28488095034788774,4.396583217974399,4.594833537398802,0.5724015908903204
7,128,181,0.1926543399348332,0.276487089492272,5.017595676838164,4.372780109634642,0.5935407141950805
7,129,180,0.19885058546242673,0.285568421511537,4.859291434306618,4.429433473487431,0.5655745574837235
7,130,179,0.1996776305046221,0.28615917211202213,5.0804793991692865,4.669900280792695,0.5907010455584087
7,131,178,0.19748138898810116,0.2873374555377138,5.103949999034532,4.5678748130332005,0.5683962176306234
7,132,177,0.19621096845832472,0.28812315333511734,5.043505061768957,4.660621459261221,0.5696678561992905
7,133,176,0.2051927919464091,0.3034404990653537,4.874398092686221,4.2295216280970696,0.583152640409541
7,134,175,0.1941713258522461,0.2900822051213729,5.1983217869629845,4.677002978400441,0.5885665361999632
7,135,174,0.2030905259755335,0.30089872805253026,5.163248859917646,4.366553731421499,0.5895745783782288
7,136,173,0.20142973964672625,0.301223523620687,4.767697662013634,4.4974266607906515,0.5731446563565489
7,137,172,0.20689372107748763,0.30623949488806285,4.984738478226399,4.16604307267508,0.5648224828612727
7,138,171,0.20014525749687287,0.2956431549983595,5.082187678420211,4.284206684183286,0.5843128439906868
7,139,170,0.1982041577085354,0.28759959658335943,5.159297615865356,4.390416793836317,0.5939265311392948
7,140,169,0.200757570217501,0.29206897892381345,6.0324217527597055,5.569227779560969,0.5742051431588265
7,141,168,0.199533751574866,0.28947464513824384,4.939059681381886,3.9715960258626026,0.5698695160985511
7,142,167,0.20354433787608048,0.29045658757568493,4.924910831065532,4.55520786003828,0.5858216781410264
7,143,166,0.2110334480095401,0.3028688045786622,5.390337373041099,4.954300710059237,0.5673996515632788
7,144,165,0.20499525050711542,0.29504788093266926,5.036209692188773,4.469061224676234,0.5672799806731574
7,145,164,0.2028147604717745,0.290484526550602,5.109803717540158,4.37764310158982,0.5983613059875316
7,146,163,0.20512489878000262,0.29889315778171355,4.655323134766278,4.6159887981746115,0.5744625906292361
7,147,162,0.20529895566935474,0.2969762924812481,5.114843685347024,4.513740313096059,0.5813579419546715
7,148,161,0.20069408298288044,0.2932066635961358,5.16037416481109,5.126898944845872,0.5727526262058882
7,149,160,0.20345482631571848,0.29861652715566783,5.658871226555162,4.973443557811104,0.5684883738324477
7,150,159,0.20670705021399688,0.3001654846026681,4.7119996244326785,4.61719730017249,0.5644118862513893
7,151,158,0.2104572000455391,0.3020331485821194,5.301720677760938,5.2245255608738965,0.5680751739535891
7,152,157,0.21125208631242012,0.3005071106743691,5.263337020631683,4.920361369383731,0.5724154787827955
7,153,156,0.20532800466156984,0.2916667110867905,5.337455185797674,4.573692999210075,0.5683705817497975
7,154,155,0.20718596808892054,0.29271255479486624,5.480871227775711,4.702408150580008,0.5679989464428304
7,155,154,0.20644133322251082,0.2922220732989584,5.125164786172084,4.634629943757642,0.600802886549416
7,156,153,0.20415900650249855,0.28726963872040806,4.797088010045478,4.469249343953878,0.5827219445718179
7,157,152,0.2076724375681608,0.2905371534232547,4.889036295781613,4.012836255189309,0.5999095928965333
7,158,151,0.21474138103190524,0.2992496013706898,5.1167744727278475,4.482543159518522,0.5856554024552953
7,159,150,0.20572135515661638,0.28868401570352276,5.4212589392531765,4.665128314381235,0.5834087910246151
7,160,149,0.20200015454045755,0.2852380762303663,4.742337605076501,3.7837395651889736,0.5966421609182654
7,161,148,0.20314165133368753,0.2859692089551429,5.1705887163538815,4.949197826257678,0.595934293665016
7,162,147,0.20993524491830423,0.29674263790690636,4.591505263960181,3.8788326136276834,0.5816341792045819
7,163,146,0.21227132034413945,0.29874262963785253,5.358159478081348,4.678605913534225,0.5807976000210145
7,164,145,0.20774521327315776,0.29328847255189044,5.6036757114414915,5.208363464778057,0.5849152718226136
7,165,144,0.21780375657451326,0.3066458755503745,5.590499635811828,4.629693652916717,0.5937885693328665
7,166,143,0.21461883716842647,0.29824144872202274,5.250484936773769,5.8021034168753145,0.5795070828705209
7,167,142,0.21124173404751942,0.29442457251423554,5.448077128531342,5.062966007627913,0.5796490061112836
7,168,141,0.21358027017858267,0.3003147630811275,5.242723953722365,4.401716327065856,0.591920882667705
7,169,140,0.2112246419904561,0.29608458121777925,5.49634677964114,4.786009564248612,0.601713737408293
7,170,139,0.21180156080323684,0.29471287653356104,5.40984652624842,4.7887095015877055,0.5992200864412001
7,171,138,0.21426478976043276,0.29484839023083526,5.287612661885062,5.230117305551705,0.5895997751855322
7,172,137,0.2171203547837706,0.3028364845931458,5.2490788190303315,4.789102976051018,0.5740470378063744
7,173,136,0.21240035015113579,0.297427942036366,5.387455430953267,4.872186698589718,0.5840652216737572
7,174,135,0.21925394996521935,0.3107594830478813,5.386781857927765,4.533390869458483,0.5676254291648537
7,175,134,0.20951803643042333,0.2954836877856104,4.95327489976806,4.500624309001779,0.5929133007870964
7,176,133,0.20521726687222358,0.2890699969136481,4.739946191721266,4.0616903672251325,0.6046513974818724
7,177,132,0.21680837313641896,0.3034662483604619,5.032605423885988,5.2600684489549705,0.5781052778185484
7,178,131,0.21242472209059296,0.3015311719217721,4.728148716643172,4.032849510751445,0.5736143175818254
7,179,130,0.20685571446339496,0.2992045670963977,4.904605040234698,4.470501243908279,0.5770844391433698
7,180,129,0.2106139123556087,0.30213122594491254,4.916198912486795,4.4743438911239455,0.5896218122875876
7,181,128,0.21643866578011897,0.31539825713680075,4.564763103409353,4.234395690106256,0.5776152089551861
7,182,127,0.21308602258007836,0.31653721571703675,5.1972843002942275,4.535575697696972,0.5792166557662747
7,183,126,0.21864014553683775,0.3228130855322567,4.685547402940578,4.35032491195803,0.5697349772988293
7,184,125,0.20867391935353882,0.31249603879565097,5.35312147710537,4.711358378865878,0.5725927043410489
7,185,124,0.21284107611019354,0.31486396316428455,5.1343238906192195,4.503649470704946,0.6011189705107908
7,186,123,0.22298454201863224,0.32908887107874035,4.500379250088729,3.9140531535612464,0.5492661784794173
7,187,122,0.21496272817467216,0.3122326058306512,5.035102055654744,4.925971530847399,0.5956971339473502
7,188,121,0.21944435801955345,0.3184891166197725,4.709166470898147,4.555415285148588,0.5673712154923246
7,189,120,0.22082373282481654,0.32248155914821425,4.652744966344731,3.8761690701254365,0.5565213394307023
7,190,119,0.21616313655643363,0.3160139673671877,5.090546415851986,4.4805158152815405,0.5945197446738686
7,191,118,0.21663351578483014,0.3196477582134065,4.839918128823946,4.224681887357282,0.548441987022826
7,192,117,0.21337203012855754,0.31861037780835966,4.828464420095587,4.674283181875517,0.5808429947622624
7,193,116,0.21686981637764774,0.3230337219946862,4.718492302552992,5.159622061191919,0.5627076557973001
7,194,115,0.22297552014935723,0.330524480726189,4.908464367738819,4.332446482802465,0.570829891607266
7,195,114,0.21206675180415874,0.3092074613201574,4.743646162211789,4.709084245711164,0.5811579159750728
7,196,113,0.2133721693756063,0.31115392447033063,4.513823901627784,3.9692182343122937,0.5679433239099889
7,197,112,0.20339811739958152,0.2956962083876635,4.948231603176783,4.530574226657523,0.5878308070326299
7,198,111,0.22371697689360004,0.3256296028431983,5.012306249216637,4.609173994099996,0.567746221973441
7,199,110,0.21627466936686013,0.31940910231182434,5.728290121031494,4.651520450248829,0.5706165861008025
7,200,109,0.21228630037814247,0.3171968827783399,4.382063525434332,4.208814290950082,0.5530218157955926
7,201,108,0.21330502212096739,0.3203357682499582,5.211540312992472,4.6360735766161705,0.568687739206167
7,202,107,0.21230544562874892,0.3181500800782391,5.287075872261671,4.7959141815829955,0.5767029803110578
7,203,106,0.2138213122802003,0.3183421536743575,4.811300893741452,3.9716618571412248,0.5742786123725819
7,204,105,0.22120133252327617,0.3293173162149476,5.103809565881408,4.589084274840929,0.5639205659551796
7,205,104,0.21728768484265928,0.3227751431965975,4.825499273006164,4.371978090429364,0.5486276256175152
7,206,103,0.22139663492155834,0.3284338489152961,4.954849999197102,5.058146455425199,0.5748584779061519
7,207,102,0.21523805498703044,0.31690023934395456,5.324782783066194,4.659220030428639,0.586916813839519
7,208,101,0.22283931984014538,0.3281755961286042,4.890982482903418,4.246957163513631,0.5511964537935495
7,209,100,0.21795448551066324,0.3133252855565424,4.687479505151047,4.536996311728663,0.586691888310247
7,210,99,0.2196524863664917,0.30998457324391127,5.280724647314508,4.550000898847638,0.5672953991596925
7,211,98,0.22209397459659508,0.3149674323478155,5.370042512543,5.268790545257947,0.569303212963453
7,212,97,0.22812595844628875,0.32331563981997374,5.219361912327661,4.450779313351624,0.5583249188809838
7,213,96,0.2245261076730484,0.31843660123310186,4.6532982700338525,3.9492068376578326,0.5723035812666002
7,214,95,0.2204681540907746,0.3108296967660866,4.811685214233709,4.079672259301736,0.5739654539894671
7,215,94,0.22721533168753769,0.3218042505762543,5.048329881422241,4.300810370567635,0.5747636733641246
7,216,93,0.22171058798399645,0.31969925316380793,5.118406335061774,4.838373862521824,0.5688667226245762
7,217,92,0.22276114182286802,0.3199091175046749,4.707171745307228,4.052048762268532,0.5767933802458172
7,218,91,0.2206099491516422,0.3178680500873929,5.231581831503805,5.18867404653289,0.5723144319265844
7,219,90,0.22603428609619727,0.32183071052341927,4.723608548983121,4.030192202529155,0.5801111148475907
7,220,89,0.2332119246347521,0.3320458077340608,5.136173186542179,4.316779043780516,0.5642080639135283
7,221,88,0.21973736305883942,0.3164950652718443,4.853588069858045,4.231767373599589,0.5562133859042693
7,222,87,0.22200312589614582,0.31920266881075654,4.920907848414365,4.382573582126865,0.5739545315102296
7,223,86,0.23209647592030927,0.329337958947181,5.730910635770223,5.313466404591931,0.5487041022286638
7,224,85,0.22332260280193536,0.31857222693246506,5.043121845919991,4.220678138231642,0.5663002497756802
7,225,84,0.23358565294814201,0.33296402945923365,5.001181811996926,4.774084427946163,0.576695446777762
7,226,83,0.23347023499946792,0.33233392795044725,4.902169839970478,4.26254847022234,0.5571584244194642
7,227,82,0.22777702077919543,0.3221205582502229,5.3029680506895085,4.617010412313666,0.5771432621464769
7,228,81,0.23344387632240238,0.3285996860767476,5.862120967437125,5.287213368738757,0.5568932940556318
7,229,80,0.22434560978393306,0.31807620660673136,4.315849406281309,4.453788728031322,0.570755543157234
7,230,79,0.22548195626921813,0.3220655292825428,5.182629258970078,5.061122056651292,0.5777080763234532
7,231,78,0.23558567978691397,0.34223332506932946,4.8629133784159375,4.363543325460372,0.5528389719014979
7,232,77,0.2323075634604741,0.33292364339102093,5.283773000697314,4.535387398097582,0.5810177994464414
7,233,76,0.23387159057635393,0.33563512122776934,5.144625811706699,4.1895547339049015,0.5649445790719398
7,234,75,0.23179173719522747,0.3377500128596357,5.083761937902647,4.19090549049597,0.547648049323089
7,235,74,0.2328018800650194,0.33591683413649126,4.988461588156859,4.2466121181323535,0.5607118193879398
7,236,73,0.23067885144874511,0.3328312748729676,4.818948095846855,4.1604559914562635,0.5624490275243581
7,237,72,0.2336619708313799,0.33658893948214536,4.40494851610326,4.139030950068142,0.5516333911914961
7,238,71,0.2348791225229718,0.34202214953245463,5.299960324287481,4.427684423495461,0.5734904857547857
7,239,70,0.2344157723745556,0.3374362214511729,4.884003402025339,4.331145537084947,0.5776147496673342
7,240,69,0.23776703057257903,0.34425502130691776,4.982687980972337,4.650872073163828,0.5555989108502895
7,241,68,0.22660450053489198,0.32808328886019017,4.995509579375073,4.583303034642375,0.585289457921531
7,242,67,0.2369052727996468,0.3472652853881451,4.892389418888263,4.702586837355089,0.5545989500639495
7,243,66,0.2298711968372202,0.3359927077131732,5.322813759119024,5.211920481954922,0.5956086672482662
7,244,65,0.23094432626871267,0.33979045327603336,5.648642432434501,5.215263972926165,0.5590542533196966
7,245,64,0.23755295789718367,0.3564621815511418,5.365864949279748,4.671859990793653,0.5333998321528899
7,246,63,0.23352281724624221,0.34674866782900254,5.38739835146775,4.842325594120854,0.5458708042674215
7,247,62,0.22493490892457052,0.3305036345433991,4.964689391636221,4.418703004844753,0.5794182364337647
7,248,61,0.26154192937153137,0.3904412721596964,4.594998097452713,4.22093018274367,0.4887406234745389
7,249,60,0.2546114598879268,0.3814011528955299,4.351773659896432,3.7562655636418785,0.4918196759533045
7,250,59,0.2559330195092843,0.3863920998959387,4.590120215098138,4.522648998461345,0.508930208014596
7,251,58,0.27285136420504413,0.4070658485394906,4.990660507122643,4.530462082150551,0.5065982723340199
7,252,57,0.26886197474770174,0.4065660712924218,5.3726282979949485,4.656169815054821,0.505622708730193
7,253,56,0.2734802748711722,0.41471055660534406,5.115708103962872,4.3912884637028196,0.4891341284508064
7,254,55,0.24662205806756649,0.3722063602592593,5.18663183282896,5.056262382208976,0.5457102245676247
7,255,54,0.24199354345800855,0.3658599822543785,4.911633942364933,4.340594292336937,0.5359160331446223
7,256,53,0.2561687165078625,0.38414327924745983,5.011091108278599,4.497123929266885,0.5318637818518362
7,257,52,0.2669011734570909,0.40491180741459887,4.827441990052275,4.436827777390237,0.47571211330887286
7,258,51,0.27028291242237684,0.40900455993518114,4.789262010199501,4.590217002347096,0.49961327787959364
7,259,50,0.24907998616985855,0.3800798114683731,4.3541663551507925,3.8896272299394092,0.5298259708050712
7,260,49,0.24385887599510003,0.3626064386121288,5.136631995149642,4.180994023524653,0.5164294506545932
7,261,48,0.2598247782044354,0.38102972977633426,4.903846095691138,4.10443593206423,0.5080853334015439
7,262,47,0.2705630783535753,0.3929769914696128,4.400619568393454,4.0293814684918905,0.49505971540742183
7,263,46,0.2694215973840938,0.3872816595327131,5.302003258142401,4.93117671785364,0.49393173654656336
7,264,45,0.27131959943013034,0.38882334189049755,4.783803307714475,4.409056285914199,0.49298375004804107
7,265,44,0.2625019697656428,0.38188648621157345,4.832704035401701,4.219219526940772,0.5218957483897463
7,266,43,0.2738872071360982,0.3983820743391756,5.0163468550331896,4.4130958546256345,0.5139331336385892
7,267,42,0.2709519011846175,0.3950024694535365,4.548054664503303,3.753780312592123,0.4971104962291869
7,268,41,0.27512550734853397,0.401815681682874,4.619954564733005,4.1452059047769545,0.48832494821998335
7,269,40,0.25111859293747196,0.3730744385506166,4.519800880115634,4.530858735986683,0.5165498824189049
7,270,39,0.2584274170572594,0.38635691758723634,4.939129072335682,4.3263684833231935,0.5239725916045401
7,271,38,0.24570911225574982,0.36618227018003313,4.826809904764534,3.9630071124956805,0.5312683575982488
7,272,37,0.24449927191661128,0.3655971728447211,4.736279256251223,4.056779470051558,0.5214621036978095
7,273,36,0.2523498000791713,0.3755400768722675,5.1051469544778465,4.796984809390981,0.520742950821417
7,274,35,0.2566897771584947,0.382045630400059,5.421097285698902,5.1502510156881485,0.5200530389271243
7,275,34,0.2629412907105582,0.39353339936821496,4.69355528727554,4.543996605532901,0.5284214554639233
7,276,33,0.26976481496880955,0.4056788253733323,4.793686000691309,4.574018058572294,0.499371247848429
7,277,32,0.275842018349296,0.41368761810213883,5.244114506319772,4.900664620974876,0.47268097825404887
7,278,31,0.25485312818057637,0.376206525257668,5.120199686616996,4.28697427702905,0.5407715444931511
7,279,30,0.2853694709522895,0.42545616645035933,4.570125373591084,4.0778798556587565,0.47516109819091973
7,280,29,0.26264167251686155,0.3881468331090803,4.83795350788702,4.228014905895405,0.5227007819556824
7,281,28,0.2466283327274561,0.3637445949559622,4.64959914695977,4.232149552478305,0.5353902677062062
7,282,27,0.25807592336968915,0.3754703284562498,4.880266516388252,4.241277446231706,0.5442416710090587
7,283,26,0.2769174010089634,0.400464073148194,4.770953099567802,4.309580374627402,0.48461863618178086
7,284,25,0.2662055760747221,0.38616438566441597,4.909244887176308,4.4753134239289505,0.5293674996321853
7,285,24,0.26357976568934377,0.38050590145429664,4.305849504922913,3.9629627613304903,0.5036003443269872
7,286,23,0.2745311387343418,0.39867567794739506,4.6760993620409135,4.345854848015753,0.4891886174560583
7,287,22,0.26151270759418,0.37995103946810627,4.8227198287774105,4.836091886873052,0.501638824594762
7,288,21,0.2677678124640721,0.38941597011343465,4.785711990773102,4.7227156986417835,0.5117292361563572
7,289,20,0.2944670871907714,0.4219461045297326,4.738050469466989,4.321570945951391,0.4663824412595106
7,290,19,0.2834952960508724,0.4052459866276981,5.146348289936986,4.380384732946376,0.4928296527730806
7,291,18,0.27065525346194186,0.37871903048098066,4.690953226751722,4.112598815094301,0.5368077641734634
7,292,17,0.2766000817006401,0.38980199617624145,4.829614576711641,4.3470905592145925,0.5066190988801555
7,293,16,0.270120763309281,0.386396899711979,5.276846967826156,5.391219220412381,0.5077206321105028
7,294,15,0.2627624954581554,0.377044370732507,5.311458193520233,4.7433098450996,0.5532329231957749
7,295,14,0.2597156362838257,0.37529007556381727,4.535688419745082,3.8402886908823444,0.5283655312597023
7,296,13,0.2572318358864064,0.37193200459436954,5.0534884528168265,4.807794977243451,0.5470845063779671
7,297,12,0.2645760929395293,0.3813620850309394,5.010829337695905,4.041062609494155,0.526832297159287
7,298,11,0.28348705206256897,0.40726650464117115,4.83103636106541,4.10882166993363,0.49812033272037426
7,299,10,0.27238471358515504,0.39285549535973563,5.315993523268718,4.388158881992991,0.5017044942336482
7,300,9,0.2618994025310193,0.38298241160762597,4.5250003996920345,3.7390083641515055,0.514969077886333
7,301,8,0.2722791108533738,0.40189745675064215,4.7623311130896955,4.552029809036434,0.5016152894982676
7,302,7,0.2733486969387262,0.40490968144161277,4.574342861542627,4.5601766104187815,0.5119173382800436
7,303,6,0.253955183272584,0.3782371065198786,4.615586682245507,4.142930081675176,0.5421390801741004
7,304,5,0.25904194615378584,0.3887651749704918,5.16532921017692,4.441924268991456,0.5246574540283114
7,305,4,0.28159629772218486,0.4331012376195084,5.018103543640326,4.649793828200263,0.4883237739378368
7,306,3,0.2769285009897737,0.42684781451289106,5.252062698950351,5.2239937184751035,0.48209088125775323
7,307,2,0.2684905545316627,0.41031573783259523,4.9487643084171085,5.179296435865747,0.520035533084142
7,308,1,0.2841042206910165,0.43910418250354966,4.266906241495571,4.23649360913662,0.48166948684049254
7,309,0,0.2597030822124038,0.40518307875657494,4.561559035368905,4.052815530942271,0.5296493003580369
8,1,189,0.14055893189950455,0.24155157204555663,5.721862407701947,5.276369644890355,0.6773980978196182
8,2,188,0.1418266717867848,0.2420274515823634,5.330307702914144,4.488474278198649,0.6719408867451494
8,3,187,0.14840480650624654,0.2525163993660926,4.937843658220453,4.132310598335871,0.6515172744194775
8,4,186,0.1463062008357881,0.2500193543439747,5.804721851543627,4.615364949839559,0.6535843835966114
8,5,185,0.14867151159962005,0.254846600870474,5.196648208073277,4.926100086251494,0.6418662578115905
8,6,184,0.14562897672559538,0.2517676443829645,5.120610077923141,4.426941808778785,0.6293843184745151
8,7,183,0.15233544278840486,0.26206252000924435,5.044472369053649,4.198444423543973,0.6493236533312762
8,8,182,0.1407713289371686,0.24707313703725753,5.46977512686029,4.923592552868467,0.6812840730947045
8,9,181,0.14609043986521317,0.2659534939794843,5.008300236001995,4.528222862693599,0.6316137379916549
8,10,180,0.14279266852402317,0.2572509240193703,5.64918219017842,4.510759135630745,0.6587875200670815
8,11,179,0.15181827522314753,0.2632827300717364,4.800415271534467,4.440362072254372,0.6440942108592415
8,12,178,0.1447481645076788,0.2552058448084284,5.616305965767776,4.655053028954686,0.6495877957217715
8,13,177,0.1501389779892246,0.25759964711473865,5.091264988695965,4.503175934627648,0.6479321072924582
8,14,176,0.14654368949331859,0.2573238403227195,5.662612647524535,4.979445036064695,0.6621476232368391
8,15,175,0.14696718345460527,0.2529815250222753,5.105208919188147,4.906917024248962,0.6477949808184879
8,16,174,0.1422015520941776,0.2518069644666917,4.970638098789948,3.9443894541635434,0.6606858115343162
8,17,173,0.14638173493372483,0.25535544101324137,5.145250134154362,4.466768974773502,0.6668140862834677
8,18,172,0.1497085480452702,0.25699217088119886,4.86031740680178,4.234450578233645,0.6298301497094543
8,19,171,0.14745673518100033,0.24941388427833985,5.6442005136610085,5.649145645054073,0.6463872626304286
8,20,170,0.1466527967778099,0.2520743027514281,5.769376975216073,4.60762978635709,0.6612956393473572
8,21,169,0.14637382263381152,0.2411611660461453,5.240082913917915,4.098336130952948,0.6656141632048772
8,22,168,0.15476964052001588,0.26119738493632366,4.945209876516889,4.5075771736132575,0.6481212754063624
8,23,167,0.15765849258571954,0.2592673940347561,5.434525532939508,4.832156357950258,0.6450279029403255
8,24,166,0.14373604153153377,0.25434919334888384,5.295418612878272,5.607831113829503,0.6324574352528621
8,25,165,0.14914851882561156,0.24502933903061944,5.179395297303511,4.74191218057523,0.6397786013626169
8,26,164,0.15256200917460955,0.25686821305232127,5.935712761149067,6.417922261996144,0.648038389061589
8,27,163,0.1490438800415803,0.2509981094082891,5.305075268779884,4.304371948780449,0.6481810533086756
8,28,162,0.15042013193067108,0.2607074100644225,4.935796837208056,4.035115507260971,0.6464028175689471
8,29,161,0.15233251623097735,0.24998007357143745,4.920454047761741,4.799343863807245,0.6448620365614329
8,30,160,0.1529915526917919,0.25776784186328494,4.834755793618662,3.9782691275060618,0.6518725374646666
8,31,159,0.1509321554703287,0.2449806454802687,5.340196307256763,4.596398880955607,0.6497313398406402
8,32,158,0.15564984624622963,0.25276666207962956,4.900215231700907,4.098132904203904,0.6381250294973818
8,33,157,0.1516771375488804,0.2586324490571965,5.379679682675342,5.100914891364499,0.6493623891660611
8,34,156,0.15131939768947936,0.263712494367608,5.2617911583175125,4.8012584092316,0.6287539883601715
8,35,155,0.15244060424430605,0.2601872858851103,5.712342238263728,4.835272142331925,0.6636953845429779
8,36,154,0.1501974767001029,0.261644069930921,5.492206419722743,5.130631829520902,0.6672315250667272
8,37,153,0.15381696968881345,0.24415485752374352,5.451906171085192,4.968157565799659,0.6363502047402916
8,38,152,0.1503336617088824,0.25100006306257616,5.267748433328862,4.969015904052254,0.6564269500023467
8,39,151,0.15175201589973716,0.25100152972709416,5.581670879779621,4.914820149044357,0.6568431264827824
8,40,150,0.14876340185730014,0.2576293567179767,5.009573078734901,4.281473509004989,0.6296843501100424
8,41,149,0.14586873085263496,0.24678423679389197,5.657487250613186,5.14517171752419,0.64518567927852
8,42,148,0.1517191412954492,0.25860172591636366,5.276644936505212,4.649601650701261,0.6556874980570307
8,43,147,0.15038997151715133,0.26843212093178415,5.443600540305128,4.4834487061648955,0.6524306719261399
8,44,146,0.15429139502475403,0.262842524667956,5.216852567110282,4.847321699490262,0.640211495104202
8,45,145,0.1514279540532196,0.2653538645676488,5.261666027730037,5.342010946745443,0.6394481701500457
8,46,144,0.15649533366597412,0.275964789347526,5.33266548702481,4.60848957532343,0.6282394244050312
8,47,143,0.15588878144950394,0.26177456441464797,5.312433688502246,4.4820382503362035,0.6379096399155875
8,48,142,0.1578811791487267,0.25958114029489837,5.386356053072246,5.529904132134092,0.6388957740124048
8,49,141,0.15537343073421905,0.2560871190023136,5.096129122837649,4.660265375598881,0.6231556566193576
8,50,140,0.1527323543856115,0.26226236320454915,5.1660945513798335,5.436109049745773,0.619814058631211
8,51,139,0.15524652445941972,0.25753968660545823,5.156836450273403,4.818962751307953,0.6363641901447644
8,52,138,0.1588798134099789,0.26524347773254925,4.93659179996904,4.167372299129523,0.6184192807799914
8,53,137,0.15228071991696077,0.26883574523066833,5.436452097967433,4.296959172056438,0.6334704585093592
8,54,136,0.1582121003116374,0.26274907796510694,5.510018050545989,4.94917802378548,0.6366387800117478
8,55,135,0.1541158256876757,0.2552826054779345,5.089636211631735,4.641077139121532,0.650836126404057
8,56,134,0.1509173137414768,0.2695630428847355,5.531844702379209,4.641701560012349,0.652182316572691
8,57,133,0.15118820881181924,0.25177434927048786,5.172682260514185,4.829030419777827,0.66369609692096
8,58,132,0.15856845172968098,0.26674507564749333,4.799283270323592,4.0824728602128815,0.6444806880024797
8,59,131,0.15592057998871828,0.2653639848012205,5.7287732785891725,4.962236599623024,0.643893374110111
8,60,130,0.1507035204813249,0.25978753355367246,5.00569914141764,4.518082783682935,0.6264521570189608
8,61,129,0.1541087593341554,0.2636761635952522,5.026577969953181,4.320024542543942,0.6410485626968443
8,62,128,0.15198484906570914,0.2700876563759999,4.785872442296585,4.244654140011727,0.6370743910907977
8,63,127,0.14973493153988887,0.26198919357365086,5.481127358713191,4.512496770873127,0.6353645949336838
8,64,126,0.15650539844074363,0.26398237112792117,4.728081207337292,4.039022977396329,0.6474872520820203
8,65,125,0.15879793603484985,0.2805400952514473,6.243492059070094,5.281748389590561,0.6347317837598637
8,66,124,0.1537898955828781,0.27940277086729914,5.17399342382986,4.609440432084387,0.6221984601082423
8,67,123,0.15114628660207552,0.263826004168666,5.322187660635693,4.309803604043224,0.6237893076615382
8,68,122,0.15404479633054033,0.2700873000316684,5.367695173486718,4.467096637626482,0.6537024862427846
8,69,121,0.15330356033374282,0.25920522247612454,5.055744518918374,4.443161312785126,0.6301542128147425
8,70,120,0.1515837170500823,0.2677684625820975,5.567117251908438,5.098458288084605,0.6341191459973197
8,71,119,0.15763350917231667,0.2624505661154276,5.076021214192875,4.788028052325458,0.6621674484204068
8,72,118,0.15171507993302724,0.26535185262678734,5.029551579866105,4.832184226425671,0.6509727589256659
8,73,117,0.15591882402337445,0.2702640892792553,5.073222506384806,4.045460659270905,0.6400043370326315
8,74,116,0.1540707215673595,0.26690408399971416,5.1595414976168215,4.444822707104587,0.6368274339709634
8,75,115,0.1578168488390983,0.2705121553458415,5.004449292912073,4.2012719859177725,0.637744090155779
8,76,114,0.15566341644182377,0.2807937621675307,5.07528374689754,4.1669723694901535,0.6253473839497379
8,77,113,0.17317688899667602,0.29032093636857315,5.576057124427679,6.2140551508321495,0.5792900512038535
8,78,112,0.16755293377246858,0.2789028258141937,4.671978098968392,4.226959843920862,0.5820122593437437
8,79,111,0.1763844311758283,0.29110469546587603,4.931050058202601,4.637222293359929,0.5671022393529591
8,80,110,0.17876714430113647,0.29451638736521346,5.380472150097388,4.590873414912085,0.5861572372391297
8,81,109,0.17663586262252484,0.2936601442197364,5.563095108171792,4.6384021171459215,0.5835106143571336
8,82,108,0.173134408183716,0.2853530338500403,4.798507367159432,5.068096431259475,0.5818848824966393
8,83,107,0.17354343863443839,0.2880858529262988,4.8346377741229976,4.545985359841868,0.5837874693061467
8,84,106,0.17488747483568623,0.28632977283706845,5.0838727233321155,4.355980657090273,0.5906240083433466
8,85,105,0.17377879074992228,0.2833876259885814,4.9436575925570265,4.224779154554738,0.599138845610923
8,86,104,0.1746141859216933,0.29212534498209775,4.728088320869944,4.7518299001916775,0.5720365575698856
8,87,103,0.17791722113094213,0.3118253746767949,4.955517844050126,4.714487685244948,0.5764098416354176
8,88,102,0.1730882364959086,0.3001868615549291,4.758907589409586,4.651009044317674,0.6083074164906691
8,89,101,0.18208562043672935,0.30277403772192896,5.572686276434004,5.296557474779543,0.5927564096107459
8,90,100,0.17373109311336726,0.3004754249640497,5.002557052122267,4.607742610120113,0.5814056420434566
8,91,99,0.17607675606005296,0.28105562235936676,5.300535542772986,4.7147786858997875,0.5804267207089807
8,92,98,0.17589869271037162,0.28725199745545255,4.727139676160734,4.12139611605519,0.5638255311128204
8,93,97,0.17426100575047862,0.28612374473384267,4.956615602952516,4.3447559506967925,0.5728559243874966
8,94,96,0.1783707831892803,0.28703153416652105,5.219323166263754,4.697258467038301,0.5725257157019225
8,95,95,0.18200676491549386,0.2863098131583097,5.199082181751383,4.446942326860186,0.5800629173116791
8,96,94,0.17469705979008412,0.3024875607715449,4.806987526908135,4.269076774831565,0.5759190341759532
8,97,93,0.17852263393547455,0.30340315264264694,4.9141743454483855,4.812307831217812,0.5852310732160922
8,98,92,0.17686781465310775,0.29202228278757536,5.0604179112528715,4.392562963465179,0.5834327194118709
8,99,91,0.178882757501118,0.3023969833270692,5.354311551459901,4.746470037537234,0.5849242048535611
8,100,90,0.17658040237058656,0.28485094796559474,4.714250722920482,3.947879472759712,0.5874880537876424
8,101,89,0.1787313697609091,0.28699307946580704,5.08875845492147,4.622461408693254,0.5789670113637388
8,102,88,0.17490600985474697,0.3037108236209091,4.865116887178932,4.129934342131411,0.5939220658842822
8,103,87,0.173077419524973,0.28342093678236413,4.6043923877400115,4.447190177855622,0.5652128908017884
8,104,86,0.17384852462372635,0.30018753126721964,4.854460205886267,4.009419485402963,0.5620339674661426
8,105,85,0.17729734079754123,0.2903922301288625,5.181346166607858,5.24378555081353,0.5715154446593752
8,106,84,0.17715466364269583,0.30365507883161286,4.654569494589781,3.936215608314944,0.5556473345795311
8,107,83,0.1862333615358233,0.29943263193850006,5.03920250148682,4.228020359519085,0.5829080489492562
8,108,82,0.18100287833131984,0.2934876717054801,4.893126524899584,3.993818356891213,0.5847973857989137
8,109,81,0.18277019506614248,0.28890054199317244,5.69890879016604,4.942335904422325,0.5853071469849565
8,110,80,0.18410407456654632,0.29758618287343697,5.672715179359015,5.0647755453337995,0.5950455108721827
8,111,79,0.17958685197525948,0.28970870391514636,4.95594229231705,4.563078988189225,0.5753232801216883
8,112,78,0.18568406050183514,0.299987016014794,5.0582442401500884,4.401592746440966,0.5797413368467085
8,113,77,0.1810631997998761,0.29607756030839993,4.902209730077953,4.66718891132222,0.5963823905814439
8,114,76,0.18231708188484483,0.28816383232931503,5.153331555660454,4.465405717842031,0.599349461921786
8,115,75,0.18344146338919076,0.2865179816716298,5.117537529256499,4.776246609989799,0.5800988720315036
8,116,74,0.1853812546847439,0.2892834522280501,4.952660130461414,3.9109768859787506,0.5894606094724613
8,117,73,0.1894953524158116,0.2901473989957332,5.2545837006995075,4.313352168707948,0.5650880074307003
8,118,72,0.19063555837687768,0.2983361418903354,5.384888245061024,4.65694130277327,0.5695130789353207
8,119,71,0.18253715136372822,0.30348402793273577,5.281159175260115,4.68001831271261,0.5799026261818684
8,120,70,0.18645097827527266,0.3110699127607312,4.802755365232781,4.393199455342068,0.5749306950796849
8,121,69,0.18246512806262405,0.29077880300413655,4.995176206498766,4.890915873696597,0.580752334430769
8,122,68,0.18077401267463913,0.3001598620210873,5.005153819704928,4.538918483750726,0.557037776785099
8,123,67,0.1836472396037693,0.3029671488453478,5.0730321623315655,4.829914891182188,0.5648233221917732
8,124,66,0.1801178826319911,0.2884686520542687,4.9187601101800915,4.74141505104706,0.573090472120198
8,125,65,0.18196690933549764,0.2822267325357021,5.1155799311150325,4.560491488511927,0.5882988089450545
8,126,64,0.19083796984456977,0.3059340084539875,4.886267191274513,4.643511684741881,0.5904138768785764
8,127,63,0.1802389614319961,0.2934745289850357,4.75524227412315,4.619786856726747,0.5818081292565221
8,128,62,0.180060493474059,0.28768640316603855,4.5388191063681695,4.29996135553532,0.5832442714304038
8,129,61,0.1834064257474407,0.2996577954975894,5.240686753695313,5.232758972665739,0.5576262069501894
8,130,60,0.18312995925239567,0.2980035879264979,5.092624451001832,4.1648905629910615,0.566669945693804
8,131,59,0.18562228977787032,0.2939557548843941,4.848608644769737,4.175163596552,0.5706918655862124
8,132,58,0.18859599535661267,0.2946596796664403,5.384082419250994,5.4587010899324016,0.5568680849989334
8,133,57,0.18182679963060044,0.29866298792872087,4.75238798847707,4.744907157173743,0.5801856726162148
8,134,56,0.18218943696370457,0.3045899538277799,4.83200711218806,4.817833682312148,0.5786001363074216
8,135,55,0.19209938973383264,0.2947447164678801,4.828833290275477,4.026515050358636,0.5748140542186714
8,136,54,0.18054292959517926,0.2966651094407544,5.123952673584725,5.302632929321458,0.5844559821703512
8,137,53,0.18864698815867195,0.309353701283251,4.975313951656867,4.4224592456628224,0.5660661224794007
8,138,52,0.1856778147287787,0.302231876522101,5.592289363294767,4.632372597619717,0.5561112556354212
8,139,51,0.19764281727632585,0.3159579966905747,5.073837514490199,4.772165220586853,0.5441548665720137
8,140,50,0.18818195745586214,0.3079138474632596,5.187446909567157,4.61041062632164,0.5651916692570685
8,141,49,0.18477376811586219,0.3198560084654549,4.751952405996516,4.056863587207432,0.5497059396632985
8,142,48,0.17526978063351512,0.2886476206714112,4.744335256637639,4.620643068140472,0.6072349470966205
8,143,47,0.18237269035063003,0.3023671638536747,5.209253428891158,4.2394326798385835,0.578797764706644
8,144,46,0.1850056371904876,0.3161744197798452,4.3781015842070055,3.8813416374617655,0.5601513493792826
8,145,45,0.19272820865592716,0.31070093328088044,5.190682617304184,4.732662930567711,0.57281042810897
8,146,44,0.1830514417328863,0.28260268192116833,5.424035819138998,4.866154461074426,0.5580595243290708
8,147,43,0.18950996192980699,0.3057825327503047,4.869074055747097,4.338898814353675,0.5656861378398783
8,148,42,0.1892311650338441,0.3103837265623681,4.911505556630053,4.550688533506205,0.5704589971266335
8,149,41,0.19098196094299233,0.2992632202410562,5.146678471688747,4.6186665219187795,0.566839952036126
8,150,40,0.18687332360025122,0.2919402672974609,5.567869486009485,4.524216866652445,0.5775570635720761
8,151,39,0.18723926895527931,0.3036668644873819,4.762144705259454,4.011188019373151,0.5583087524473294
8,152,38,0.19819338665501116,0.3110686933234344,4.87267902962545,4.120146454659601,0.5603361713973082
8,153,37,0.218208061881582,0.3550448691357517,5.177715481329821,4.856620927806998,0.5031376190554493
8,154,36,0.2122813178184213,0.34333830890677197,5.056706976842763,4.34394806846375,0.5407706827735372
8,155,35,0.20373804116442282,0.3316413093997483,4.6967659111035776,4.187272778383237,0.5513582038151953
8,156,34,0.20561869847521833,0.3343170578799909,4.818075054576937,4.466011179736907,0.528022638387144
8,157,33,0.20664875997113527,0.3256600869678057,5.288663171405261,5.159394693963631,0.5499308726106208
8,158,32,0.21899387023812353,0.34348044648543447,4.8791227419607175,4.6061806449692035,0.4961177177980762
8,159,31,0.21696827445780198,0.3478757565913153,4.516704410657207,4.223045810914944,0.4867975439071997
8,160,30,0.21028064412800224,0.32358614081755194,5.33826361845656,4.700133561097815,0.5360756878671534
8,161,29,0.2146321168358526,0.34530969932736627,5.263546132385222,4.800033826569921,0.5216028822925981
8,162,28,0.21826495666028983,0.3338753736501688,4.714020771365584,4.265186644340974,0.4915239928881625
8,163,27,0.21754372477104,0.3471728138907903,5.170519589543527,4.350044633137712,0.5004145452834173
8,164,26,0.20645612519161877,0.3435805678391574,5.002373660637268,4.609357475412777,0.5374191368724859
8,165,25,0.20848225425853686,0.3296385354870171,4.635420655068953,3.4899444653411296,0.5128677615749412
8,166,24,0.22200921157394854,0.3574773962004,4.899767533121275,4.020322076899454,0.479174595648125
8,167,23,0.20837324313295472,0.3446598338265821,4.382206110049745,4.020360854247302,0.5110812974311078
8,168,22,0.2065719473258156,0.3435963656679991,4.49504942761218,3.9017974129159274,0.5131424288738876
8,169,21,0.20892916651044066,0.3374687442986562,5.16374179734259,4.216236927911247,0.5164740009429742
8,170,20,0.20987199645976023,0.3522511606401307,4.772839615087489,4.224085524899923,0.5046595392005075
8,171,19,0.20841492246781523,0.3368145158917004,4.858077798862527,4.840815353995541,0.5230054073765443
8,172,18,0.20549602204285886,0.3445367645412616,4.639375896324658,3.8960312584371284,0.5039012601010533
8,173,17,0.2092296652796731,0.34621151336674494,5.109079403925707,4.033376290659634,0.5178849657593206
8,174,16,0.20098956373516835,0.3240376279823378,5.25223874932934,4.667581340787764,0.5506000447842796
8,175,15,0.21616729072513416,0.34979047616952297,4.807094202865969,3.8612405889654826,0.504893507395811
8,176,14,0.2184130040124427,0.3649646769749986,4.583309891553991,4.055037881622737,0.4941676075819901
8,177,13,0.22265065867155112,0.367274555767507,4.68610498161857,3.7724611088853286,0.49198380917475126
8,178,12,0.21978673140205449,0.3724668630612286,5.1669353293237545,4.651777986182663,0.5047950536636249
8,179,11,0.20897982724283676,0.33036903568065573,5.0090001219164595,4.481902051001345,0.5392631460761665
8,180,10,0.2209579476464018,0.3602260977433536,4.876101225536083,4.094111360015885,0.5052289661098718
8,181,9,0.2221113409416057,0.36216828272171714,4.959162422697298,4.0545443166386335,0.4940746320114109
8,182,8,0.20682642247639565,0.33216999708487277,4.697605142660375,4.325752924389665,0.5142347722354611
8,183,7,0.21365311907868767,0.35929334149132475,4.631742973014272,3.9885298044667716,0.5022269339250479
8,184,6,0.22308259174814354,0.3640040798416318,4.37717501214319,3.9509183642559935,0.4807668601049377
8,185,5,0.21709341777895366,0.3470351240775354,4.422708738689946,4.098380889125683,0.5006696207207386
8,186,4,0.2223660952421268,0.3525780792170208,4.8628116262281385,5.0285605080636895,0.5120036511384005
8,187,3,0.20831198927103306,0.332875047904232,5.146360401283804,4.8221496594966125,0.534924237969396
8,188,2,0.20988191810290216,0.3368867634465251,4.830119331690126,4.438523545604979,0.5217770377613657
8,189,1,0.2195182199168503,0.3349315299624386,4.861313540087568,4.265888825723476,0.5149634504659696
8,190,0,0.22309574406789354,0.3678500911659878,5.035835667980416,4.564598835848196,0.5013141128711671
9,1,186,0.14476142787289775,0.24365509812118016,4.774158118303295,4.411084193553143,0.6598288383608352
9,2,185,0.14161847892738239,0.2423346196181499,5.011587449702774,4.440214324137161,0.6636742156566319
9,3,184,0.1480624402839155,0.2508352316481377,5.212554359235909,4.667725641670604,0.6440899351174098
9,4,183,0.14819990438782146,0.24967775461335065,5.060944632522231,4.183483029005579,0.6613872793218947
9,5,182,0.1442174311361617,0.24315570617971585,5.391531827959723,5.1356212657098705,0.6616885458788423
9,6,181,0.14663831338807903,0.25075722947007795,5.831550455145548,4.905752802788137,0.6634109080986195
9,7,180,0.15026948072485372,0.2552133491881404,4.779837723105286,4.364976865058205,0.6165704035638943
9,8,179,0.1451251301305202,0.24592654075142475,6.125043061424181,5.731409860292678,0.6673837919758635
9,9,178,0.14875561868487158,0.2506150153190687,5.201456077073338,4.842839035299448,0.6460481999647696
9,10,177,0.14765326821500233,0.2417052099553904,5.964145629846166,5.119518387895272,0.6699392351003499
9,11,176,0.14832632152200528,0.24390157155456393,5.532496226933222,4.611442913437989,0.6491530801715133
9,12,175,0.15294655921442002,0.2537836812859758,5.082229475325525,4.290977516071693,0.650014702776008
9,13,174,0.15330810978698287,0.25267757512071215,5.085206344531271,4.597078476334905,0.6583378987205454
9,14,173,0.14930969060691923,0.24507385460078898,5.156586200077296,4.795126295644977,0.6578093730588561
9,15,172,0.14953872487022354,0.24694186021739548,4.927829733997962,4.306100397337769,0.6489364207437223
9,16,171,0.14505582987988247,0.24175337563147556,5.179602785449141,5.019543882163415,0.6546412508692887
9,17,170,0.1515137845774285,0.25299026526589047,4.87947592731067,4.143055515523041,0.6480732101563883
9,18,169,0.15125838084573406,0.26012635223875763,6.0557145409794515,5.451286385648533,0.6519257833156277
9,19,168,0.14227523306593146,0.24194698692401903,5.125512733840648,4.850467509757566,0.6534064680196733
9,20,167,0.15041279665774196,0.25327539235265445,5.138797147643507,5.346671108652431,0.6520112390352296
9,21,166,0.15019573827815577,0.25018641796672914,5.305104679650322,4.927869509800131,0.6659276409951839
9,22,165,0.15680526436855263,0.260698255340738,5.244438244840925,4.903810838352281,0.6370353450902797
9,23,164,0.1498343324846533,0.2495977655089537,4.58270369797613,4.079807950624729,0.6408484450193349
9,24,163,0.15066970972414903,0.2563286102041457,5.091755497117708,4.180730101379857,0.6597128287059445
9,25,162,0.15025792812775077,0.2529327919944707,6.003473802314046,5.4670004468523405,0.6409138083873299
9,26,161,0.15642024584140643,0.257599110505298,4.964333059272171,4.068098960731593,0.6353954506568488
9,27,160,0.15234796976602238,0.2531500846968982,4.66047286761135,3.8581411944173163,0.6551522886733623
9,28,159,0.1594347579564636,0.26399222336684425,4.970966170447243,3.847980187460979,0.6380907682682772
9,29,158,0.15098573592277464,0.2515044803246656,5.379489554254013,4.534037243811708,0.6540750778772969
9,30,157,0.15152205705480865,0.2503054947411619,5.352705088259018,4.780515884896767,0.6392097397031563
9,31,156,0.15360860694254844,0.2516558082704317,5.368323162203087,5.0752036271213345,0.6590446535887595
9,32,155,0.1541247094483058,0.2512253584506985,5.700042153659322,5.322028868926418,0.6535869501358709
9,33,154,0.15798344877105183,0.2559434073368322,5.41784203799477,4.31401879120665,0.6405769031551106
9,34,153,0.1506524225486986,0.24851294406360944,4.8375245223639745,4.326030680077152,0.6387902328450296
9,35,152,0.15573959316863722,0.25443505019692025,5.080340254497324,4.834689743879745,0.6507963580615507
9,36,151,0.15368144536035272,0.2479776434658106,5.022121533228421,4.162741684009733,0.6560515803823479
9,37,150,0.15354470824253702,0.2427896140143123,5.304882997737708,4.59116914677661,0.6645835498133521
9,38,149,0.1568236556057022,0.25220221018356803,5.061167671448932,4.708117768009153,0.6311200962604211
9,39,148,0.15227906863516305,0.24779335359904142,5.089362683385838,4.2186118283930485,0.6510649963153543
9,40,147,0.1529220720626067,0.2503537340413336,5.05764802572215,4.527047029014046,0.6340763592878264
9,41,146,0.1507485173595579,0.2487541070440237,5.1061137272455905,4.393537395272229,0.6383149262263775
9,42,145,0.15109938340998924,0.2478251672122589,4.851006003554928,4.073250972813992,0.6573024626735736
9,43,144,0.15595585177722832,0.2543570480990826,5.376597463543991,4.559686851378376,0.6474953722900142
9,44,143,0.1489407052393888,0.2427485547483847,5.38673758848125,4.690524582858389,0.6441087731768285
9,45,142,0.1563920241442327,0.2539028792895975,4.955490868145178,4.07862361895201,0.6588794867613376
9,46,141,0.1557722087451031,0.2525775174260297,5.370422734313119,4.158691924323519,0.6683493087148367
9,47,140,0.1553188065262907,0.25055829186041406,5.509217256916754,5.395473863366482,0.6590181406309962
9,48,139,0.15260249944354254,0.24504364730106545,4.942290545391524,4.082348491864505,0.6533926702712188
9,49,138,0.1606403315975177,0.259332805491323,5.910996890908153,4.617520165233589,0.6508808712566326
9,50,137,0.15106850005285938,0.24175782710243937,4.781954174938873,4.045720123516581,0.6528030666465121
9,51,136,0.15743156280879714,0.2537674539837566,5.499260553616814,4.408378358684378,0.6604367231455066
9,52,135,0.1576816202168717,0.2524405831863232,5.842259042320116,5.090075446778029,0.6397003595762638
9,53,134,0.15247706334908653,0.25031942306044963,5.484902479980022,4.297213654649817,0.6291018281838302
9,54,133,0.15826240274991377,0.2607947869393518,5.338187929330163,4.9508120404852916,0.6326093677198614
9,55,132,0.16072601921244442,0.2623370071285935,5.5640065846068225,5.031999553156994,0.6137075382360357
9,56,131,0.15060096638629317,0.24451365412279685,4.720940452011467,4.04047075103563,0.6590177940861323
9,57,130,0.155045896958554,0.24907847767994698,5.162186649053705,4.746207081335291,0.6566356451320697
9,58,129,0.15752672692637773,0.25273170533008676,5.352102479437805,4.9251434766765705,0.6675690264013118
9,59,128,0.15682830926813873,0.2554948769246749,5.192805850503388,4.448816495462208,0.6650887729988704
9,60,127,0.1596732199359686,0.26173184627060614,5.017485208435738,4.146051164303056,0.6392580956154512
9,61,126,0.1549372147917882,0.2547478371850641,4.969169847438324,4.62254785037913,0.6327998652399918
9,62,125,0.15928807167267012,0.2616502272370981,5.539787617733954,4.817234796877351,0.651458795886057
9,63,124,0.15231720654131858,0.2508136257071502,5.2587877115160335,4.766707733769907,0.6707955929117073
9,64,123,0.15934842609880598,0.2602237932088082,5.208221033108149,4.677304726209558,0.6354223151149566
9,65,122,0.1561037304398914,0.25828384056571396,5.095864103077547,4.022962151790367,0.6486215648006064
9,66,121,0.1544851864629173,0.2561924175813395,5.1676342401565165,5.1333835842071185,0.6524133013365587
9,67,120,0.15654858937467117,0.2593850440027722,5.114998072115091,4.2302967846765185,0.6456334030407881
9,68,119,0.15737206666472953,0.26001653399241237,5.51284959229162,5.2453377456142904,0.6576902180483627
9,69,118,0.15892585728937544,0.2678106425049876,5.801558102755006,5.529922758256749,0.6333146272400082
9,70,117,0.1539547035620483,0.2566092775464653,4.765049327691269,4.499289080607742,0.6523731330649307
9,71,116,0.155864114113074,0.256363130719298,5.225485432736044,4.389417418158501,0.6319679107470344
9,72,115,0.15939657563612764,0.26682689989765124,6.035543765930125,5.245853420018263,0.633537989732126
9,73,114,0.15573821489421755,0.2579433976011776,5.34870500448637,4.8006464620380775,0.6481962403685103
9,74,113,0.1567354153362356,0.2610848274911353,5.1973439734572136,4.209147122702081,0.6432067002928926
9,75,112,0.1747147928848314,0.2940726659807925,5.157432297889876,4.621490216228054,0.5870110769157451
9,76,111,0.17203815556119775,0.2888949951652825,4.739843820308812,4.181981316417509,0.5802712123166952
9,77,110,0.17196809968996823,0.28755652531314435,5.360072866622931,4.15103307504373,0.5786070950330806
9,78,109,0.1767931692605512,0.2956802995233834,5.586768295091286,5.278667482012415,0.5739072579922216
9,79,108,0.17438361219545415,0.29191017981564377,5.090793798987939,4.907271243552778,0.5704662976246613
9,80,107,0.16917715011954626,0.27831381186208887,5.169964544931403,4.80416682253346,0.5728813063479028
9,81,106,0.17360246009428246,0.2835380705922648,5.029844124201997,4.449743782497769,0.591067350700242
9,82,105,0.17811339610543794,0.2922689388491464,5.14682570740054,4.744975026168487,0.5893831026878573
9,83,104,0.17121163049917332,0.28177476541173646,5.22686551703252,4.599465089935175,0.5865395345460256
9,84,103,0.1741876529405666,0.2894773814749224,4.832172791201822,4.735742203278807,0.5871799648086025
9,85,102,0.16516039288572648,0.2735755751588969,5.033719039854472,4.730719070912598,0.6122374224843978
9,86,101,0.17329127704150205,0.29231786928501446,5.217349539434916,5.058087849288469,0.5878307665545397
9,87,100,0.16903002254734187,0.28735624559982603,5.188449507632213,4.999462450335857,0.5693417935405297
9,88,99,0.17295156127180983,0.2948537846347217,4.905958857881058,4.558225789953659,0.5733664167085055
9,89,98,0.1693125338186325,0.28827693443090324,4.702465183433384,5.085538769517833,0.5864405129589636
9,90,97,0.16859476975685253,0.29042211121151856,5.340864938785398,4.948805609837336,0.5937096833261357
9,91,96,0.169976352823358,0.29194128882653475,5.197052896977349,4.4211484382517305,0.5572183248892894
9,92,95,0.17255461431598867,0.29261260155397084,4.898946750798272,4.3384952628463695,0.5848869303448962
9,93,94,0.17733679289972815,0.2961735267939292,5.028603710510656,4.806929302419321,0.5740128552835976
9,94,93,0.16929405662722755,0.2810521117831521,4.7683451520295215,4.216219649925705,0.5790745247530928
9,95,92,0.17574138051436286,0.2928120138067009,5.168476836672239,4.747788535673024,0.5708600946184255
9,96,91,0.17057458239503775,0.28395191226017175,4.74059738607952,4.23622769389301,0.5712505554469072
9,97,90,0.17812785660332303,0.2956363353515536,5.037247604176026,4.9945187815285506,0.5778669179558239
9,98,89,0.17557375431130648,0.29677635888577897,5.802023304026084,5.412210006390896,0.5872193432703774
9,99,88,0.18573754103900528,0.3130622792213702,5.117461838877503,4.919189183254695,0.5555358797243932
9,100,87,0.17887165458784018,0.3042861282287609,4.512027000154861,4.250278309262327,0.585827445441689
9,101,86,0.17533046040524175,0.2976534259683732,4.693598993313662,3.707647745585569,0.567982982306349
9,102,85,0.1766427104619295,0.299456814843351,5.04685156532377,5.075951335701531,0.5674334587972687
9,103,84,0.17840197472677546,0.30082463034824036,5.047561506432558,4.481133109550123,0.5720917967289442
9,104,83,0.17964937111304036,0.3055861862435722,4.938753109500966,4.839296393848047,0.5616941321843519
9,105,82,0.1713975884950749,0.28898896128764706,5.167490106935476,4.089524608438419,0.5733671016709165
9,106,81,0.1701426377875959,0.28497643475833917,4.872714545332803,4.053915514770687,0.5878270630723703
9,107,80,0.17871996119253078,0.29967257098649963,5.03926244575298,5.061518129810241,0.5568235583699667
9,108,79,0.17674337959089406,0.29689343535383894,5.729352370302367,6.5801947880810845,0.5644966159884008
9,109,78,0.1708685346609569,0.29417490991526735,4.9263652489857765,4.352819421491631,0.5749808055987751
9,110,77,0.178878596055694,0.30465634865457586,4.83164434150987,4.423194734030297,0.580284703286467
9,111,76,0.17646923619702315,0.30376984497763426,4.957020605309664,4.125474325079538,0.5755756405789842
9,112,75,0.1780667588793951,0.3022473790049675,5.104726943290402,4.157571591837655,0.5719419177507442
9,113,74,0.17811338912770602,0.3053934762704838,4.711410832404621,5.217740486183128,0.5769678405248699
9,114,73,0.17984603675780753,0.31131149524980994,5.373840274161298,4.980564435916735,0.5517142810610582
9,115,72,0.17548205125275154,0.3040205231637027,4.999137187210425,4.540041226226509,0.566341397313362
9,116,71,0.17220242203664046,0.2992869262872719,5.456571626756604,5.376594341706483,0.5674553958719822
9,117,70,0.17485605356325815,0.29967939837684365,4.8281395712321,4.2224354281084455,0.5894425031677923
9,118,69,0.18160287823900645,0.31006020111589,4.986782319799264,5.513541043609217,0.560749816929807
9,119,68,0.17586550359966663,0.30052083481410363,5.069991421535299,4.236879785441311,0.574760877563939
9,120,67,0.1793814560041171,0.3088548470963824,4.984935733289121,4.437372051224686,0.5540177111183037
9,121,66,0.17730245024516397,0.3042526742077444,4.745749323508321,4.364028100603915,0.5555627167304352
9,122,65,0.17282798627963059,0.2968372390090228,4.64461848097725,4.3351168738892705,0.5716008230130454
9,123,64,0.17995191526287516,0.3076717846557843,5.024868727353125,4.191834069687483,0.5508133221915051
9,124,63,0.17913609391459523,0.305246269800426,4.778049150695696,4.420905077448359,0.5505535034873349
9,125,62,0.17730731556687554,0.30283992753568684,5.122156802137029,4.834474558435492,0.569960225243286
9,126,61,0.17645513470750493,0.30351019367361043,5.242146212314323,4.434318913362478,0.5814091809660433
9,127,60,0.1799372449257115,0.3080259074901805,5.121810452608781,4.2828558716246965,0.5850536205577207
9,128,59,0.17895269631398517,0.3047175917925777,5.221075441379603,4.30378739961324,0.5692214198932903
9,129,58,0.18118034864094473,0.3096752620869373,5.3396288447473506,4.614991926889992,0.5446642869790236
9,130,57,0.17858651892348984,0.30939484225010333,5.142615009920881,5.432727360074554,0.5632803834202875
9,131,56,0.17986111710882108,0.3079589826089794,4.677126106167496,4.209747485725311,0.5682719596575259
9,132,55,0.18486968462054942,0.30909535027780244,5.75478123146403,5.432068282130138,0.5543787437402815
9,133,54,0.1790149906022784,0.2988753118303006,5.777551165673177,5.565506361551824,0.5902612801278624
9,134,53,0.18199362763689725,0.30797215603927125,4.875459165976245,4.366151876990085,0.5569365921021897
9,135,52,0.17514813669504928,0.29673777544028745,4.61532873600276,4.243367028811375,0.5663622843347741
9,136,51,0.17137128340487473,0.28590600455929854,5.038832373145062,5.011878720741031,0.5688834376117013
9,137,50,0.17846286291640062,0.29611520437502975,4.764095258071632,4.376273543832034,0.5612546854217652
9,138,49,0.17754733662880587,0.2972738804550272,5.334713924566774,4.318957491125154,0.5679329376634773
9,139,48,0.18077267664536614,0.2965757675226827,5.483509542825561,4.762863937781351,0.5656064357750337
9,140,47,0.17413084140101556,0.2899570873630282,4.73892196199137,4.110769538617631,0.6007425569265114
9,141,46,0.1841584549584544,0.3018461537209188,4.920054389019472,4.580828522771229,0.5609945401494922
9,142,45,0.18729610477621778,0.30590702484736715,4.808581242443806,4.443540851179723,0.5548440094651402
9,143,44,0.18325938506048747,0.3010606190617382,4.799761154003779,4.024872505879152,0.55337077476113
9,144,43,0.17934421660187239,0.29329026594078805,5.213488687536385,4.198984859672854,0.5570659671360088
9,145,42,0.18382211511043148,0.3014755332470253,5.375571029200422,5.5388534708297,0.5598141820915068
9,146,41,0.18585036914038175,0.303919026978937,5.1815398513529285,4.520783734155902,0.5661544478250933
9,147,40,0.18816868728245534,0.30727751043726576,5.001603269986357,4.261215894797179,0.5736452017362497
9,148,39,0.18852333536862492,0.30566385998339207,5.319949332692791,4.479256677982071,0.5901682630695161
9,149,38,0.18786790274423487,0.30609623676136755,4.953948863605195,4.215101528078111,0.5569178845104975
9,150,37,0.19541156932596945,0.3132927707579807,4.705689557504472,3.8347491456762097,0.536896484911749
9,151,36,0.21569376980234542,0.3503515169245112,4.890746442886105,3.883885397004686,0.46704904347245757
9,152,35,0.20855838426349887,0.34377109126504796,4.807340231182181,4.596607042882097,0.4944414442862688
9,153,34,0.20024809286286605,0.33102726793220594,5.090453885413844,4.7443023176320125,0.5251655962166737
9,154,33,0.2018142727632447,0.3401308450574878,5.145547601997674,4.903960070159424,0.5052569949630942
9,155,32,0.1966918165914733,0.33371407847143797,5.223505635818107,4.870751618158118,0.5345437698536107
9,156,31,0.1985179374790205,0.3351987966902826,4.461257460794869,4.114876189771295,0.5033066419644079
9,157,30,0.19060582709555635,0.32324555798202664,4.627193007551424,3.9491219491042604,0.52261342417273
9,158,29,0.20643341561947015,0.3561700161092652,5.198201903334362,4.634998239020019,0.5043050674156145
9,159,28,0.19396109393610086,0.32937218636876325,5.546880018424366,4.441748084900356,0.51936059028715
9,160,27,0.1990590583299122,0.3390362873597379,5.056970662601527,4.6564995680007,0.5008913322715995
9,161,26,0.18642122236169656,0.3232173232524054,4.660641640877284,4.206802823388225,0.5355182935428345
9,162,25,0.1903780955995062,0.3331020035063223,4.776069478236407,3.874937821286839,0.5221650113429342
9,163,24,0.19962569405601116,0.3463265564202889,4.996446944359926,4.131129659479779,0.5204272669302851
9,164,23,0.20649174532200884,0.3545776461151313,4.279628799103548,4.361082743613521,0.4902157709200622
9,165,22,0.21726686703899675,0.3723921610489275,5.329455872418886,4.35787367182899,0.49201023157483886
9,166,21,0.20021666205840988,0.3460882511095614,4.607567831296389,4.0733985146953815,0.5143685692833145
9,167,20,0.20669753987619222,0.3545602631386209,4.438066822286778,4.440997626656393,0.5071496490693724
9,168,19,0.20355476923186067,0.3507484196399878,4.987925448030053,4.078376757651282,0.5061654742095952
9,169,18,0.20083575515094862,0.3403350087123644,4.665798204580195,4.170629617385532,0.5182836347130595
9,170,17,0.20226825276218693,0.3395506821037627,4.660369638099047,4.275332855100818,0.50915745234121
9,171,16,0.194518746439706,0.32922227718243113,4.4584520011269895,3.966546135592545,0.5176913126715101
9,172,15,0.19037065029253053,0.3193631075423469,4.9544902866515725,4.553241259921354,0.5496062657496975
9,173,14,0.20055999372897756,0.3365479964504935,4.840376795713162,4.309368572548939,0.517734612996708
9,174,13,0.20341120034372895,0.3388671178726419,4.980512020391412,4.086158250525232,0.5188171188562198
9,175,12,0.20808977851584384,0.3529693947473846,4.763100721573428,4.3919925268765985,0.49345830840624133
9,176,11,0.2011161773351734,0.34296106621852646,4.55246964180097,3.918977608283011,0.5114581673647774
9,177,10,0.2067931689059523,0.3478221039464726,4.403736833668999,4.148182931285697,0.49697056313981525
9,178,9,0.20951169776543171,0.3496495428312281,4.82938822346497,4.595608670791032,0.47937165400060916
9,179,8,0.20073659427345852,0.33644054647395466,5.256391125981317,4.435265870561761,0.5154698486205673
9,180,7,0.19646603431624796,0.3319501304739183,4.57420586375549,4.067968483883689,0.5309566307066584
9,181,6,0.21627238397623888,0.36613664737574236,4.248267547895264,4.041046989258265,0.48419731051825377
9,182,5,0.21294363265332764,0.359908183538451,5.086682688546134,4.438947277225695,0.4926484910711042
9,183,4,0.20582217069616568,0.35233409993881226,4.367852925865466,3.734202187157699,0.4812721421980822
9,184,3,0.19845391293657444,0.3451663272637754,5.242765414182303,4.735921418489697,0.5442063911361079
9,185,2,0.20797424980220436,0.36205875383635977,4.844586791301772,4.603818214135223,0.5013304504331911
9,186,1,0.2005840214967846,0.3438587559010153,4.721907060625476,4.346733954318964,0.5227061380852128
9,187,0,0.19982532232724767,0.3512574558388508,4.642055626301518,3.978182792394677,0.513813569520504
10,1,319,0.15677910921053315,0.22141415155947936,5.005628157694736,4.540323856800237,0.6562491059705926
10,2,318,0.1485155278982702,0.2144581137430558,4.94675339669668,4.085291991045833,0.6605929640399008
10,3,317,0.15843544528424433,0.22418709580369722,5.099301112051892,4.838749704312747,0.652308587328261
10,4,316,0.1599391645898825,0.21397386551817296,5.489074260749234,4.635027755550491,0.6594543764995222
10,5,315,0.15592193370093527,0.2214358690735374,5.42753106251277,4.615325323926543,0.6705044920968557
10,6,314,0.16261986193708552,0.21871509270770967,5.015793132200923,4.514231642212269,0.6377321323176318
10,7,313,0.16042665693900998,0.2237022562029278,5.315067873699361,4.604930717611944,0.6586864735366169
10,8,312,0.16670093768788827,0.21822771461404825,5.038517321283281,4.5401275896140785,0.6410204748663121
10,9,311,0.15838349047485714,0.21278988661433026,5.285256908727131,4.7766057313232135,0.6616861975893844
10,10,310,0.1619309065155444,0.21870638239789203,4.718688733252511,4.830498004786724,0.6443615647461661
10,11,309,0.16694676458677676,0.2158937951849608,4.988113192164418,4.848742790497339,0.645724851860964
10,12,308,0.1698263671866346,0.22366009329713968,5.057742632272797,4.5078366884290455,0.6620240097633834
10,13,307,0.16540817690292384,0.21220587625294976,5.453355714480081,4.483477944250997,0.6870000787491155
10,14,306,0.17048484331305422,0.220587273587435,6.051300072558371,4.905416754454326,0.6554545185118437
10,15,305,0.16254660063521534,0.2169647428179657,5.024333311691425,4.608360664082045,0.6674044881774945
10,16,304,0.16392982150998764,0.21952435968626197,5.600948198311976,4.643338308155126,0.652772759498933
10,17,303,0.1662565566421258,0.22117380502440118,5.147675395589781,4.855239602568963,0.6743675570294615
10,18,302,0.15933885904547368,0.20934116575093198,5.0963282522450335,4.675370948759075,0.6843388958885638
10,19,301,0.16122184376181806,0.22401497517256186,5.37310608952836,4.760057515171738,0.6373019283527702
10,20,300,0.16675365174559417,0.22236212104602227,5.405121302629582,4.360355052299477,0.6664812724027465
10,21,299,0.15914454213485013,0.21858846936752255,5.3215949496548305,4.906123366340978,0.68282219973016
10,22,298,0.16284666502642778,0.2211062259553362,5.251854494452496,5.605983412282808,0.6596407175053556
10,23,297,0.16294801945890602,0.22489709994715254,4.917507046014363,4.545445720768497,0.6605634507549791
10,24,296,0.16819681827348387,0.2276694244188457,5.088254041940031,5.561275075411886,0.6300246520304642
10,25,295,0.16621345143738314,0.21717306635328354,5.054002406742964,4.584194004334984,0.6811913133400589
10,26,294,0.16440550919900632,0.22541268695086997,5.1960134234267645,4.940139871640033,0.642739186646116
10,27,293,0.16542067330014754,0.2142721376510723,5.3816441312184455,4.482299911221116,0.6629417770251281
10,28,292,0.16625750323694746,0.2179303445682682,4.918779401140291,4.670570063863865,0.6518826566265804
10,29,291,0.16205151796743583,0.2189339608085241,6.054086197227454,5.7875268449830335,0.6879346470781159
10,30,290,0.16305670449111698,0.22468986690171658,5.502816752173279,5.281186559835288,0.6426983656712305
10,31,289,0.16775942860820658,0.21404024922470524,5.204287820569631,5.3847019365322515,0.680094864348813
10,32,288,0.1608531380721254,0.22367480540746906,5.435830934168131,4.649489576774178,0.6654835476483129
10,33,287,0.16996668305497586,0.21949933782605716,5.213280839911327,4.384128250171894,0.6742929074426323
10,34,286,0.1655055754048249,0.2214602388457057,5.830463812197491,5.172095993159274,0.6507925975971575
10,35,285,0.16574411277205142,0.2284816498242056,5.807618942012937,5.899835020819401,0.6707416480688465
10,36,284,0.1660758787930028,0.22342484316287534,5.5420940559306455,4.44731826752196,0.6740707381466889
10,37,283,0.17148097377120314,0.22811796312398191,5.134830271323677,4.138538853292302,0.651181636601128
10,38,282,0.1668531881813449,0.22637206705948792,5.384021591045558,4.469500602122691,0.670482896103095
10,39,281,0.1608098275204586,0.21963246102016687,4.965608804549593,4.347432250328885,0.651418270468805
10,40,280,0.1692327846209988,0.22451737552225404,4.749508728223745,4.699163714081736,0.6751000604839883
10,41,279,0.16964659437233084,0.22490721156671228,5.9148117879307875,5.012730429889575,0.6523912433053355
10,42,278,0.16536474645065016,0.2200598776274327,5.577328579208249,4.705434273670181,0.6627883673301873
10,43,277,0.1665900375057422,0.22123015195910659,5.081278237853652,4.05457439873767,0.6658630234230601
10,44,276,0.163342551130269,0.22767662803271985,5.297382607204814,4.378142948829835,0.652511992644882
10,45,275,0.16795136781424322,0.22065283768304247,4.906990205980091,4.752316314548715,0.6665937067392982
10,46,274,0.1686718999559489,0.22941708580848408,5.266456812870424,4.8889748391047725,0.6382595251533676
10,47,273,0.16517041642900446,0.22501661504281853,5.076626763252348,4.643621676768779,0.6855666315433673
10,48,272,0.16942770409241897,0.22549465943875865,5.331937643705514,4.964434561562494,0.6625186736217531
10,49,271,0.16715759088461243,0.23155594079600325,5.4571498445436815,4.6966790643988485,0.6762784763170728
10,50,270,0.16982356526069717,0.2304019635236001,5.088385083901178,4.899449503711955,0.6593525242149478
10,51,269,0.1689196093703935,0.22617446570329053,5.263658667464013,4.721666041718422,0.6627751253854401
10,52,268,0.17976604159844234,0.23061262551375908,5.417167543152354,5.247160898323735,0.6528056162033692
10,53,267,0.16943611837631523,0.2323021964961775,5.114806903366866,4.868180548269901,0.6755954097077954
10,54,266,0.16569114460600157,0.23555849146415547,5.434880827657768,4.510107582294429,0.6703553405020121
10,55,265,0.1614378660315769,0.22730386895280427,5.124241492291599,4.737134871708794,0.6516930476823093
10,56,264,0.16748676680247507,0.23379672771944537,5.301895611977137,4.310589256951742,0.6535334828332288
10,57,263,0.16639579013145167,0.22831445208134135,4.8336590140306175,4.653175917681571,0.6343769309344003
10,58,262,0.16986258462745282,0.23015693327043776,5.363806417802282,4.931782798385684,0.6619269154341103
10,59,261,0.16508910166508445,0.22451163239421956,5.651762441496654,5.390216703398836,0.6573103564367174
10,60,260,0.1683090311705689,0.23335443020479127,5.453185435585074,4.1749072892205294,0.6511347331830899
10,61,259,0.16844199287706368,0.24058452059762434,4.721359653590888,3.7765869189625954,0.6356316469061958
10,62,258,0.1740595533871235,0.2406799720981451,4.806887306977138,4.152761281125364,0.6422610553652227
10,63,257,0.17438086056049987,0.2402695752553381,5.104961688330855,4.7565138784406145,0.6508656446959782
10,64,256,0.18112730144603983,0.2316805933843298,5.490275519809089,4.401273297644639,0.6726316695992304
10,65,255,0.1739060708631754,0.23886239891155114,5.667796838277267,5.022602773397012,0.6583696182761184
10,66,254,0.1704252977047,0.2266227289340471,5.285128784278172,4.252449174396708,0.6666026036904699
10,67,253,0.1705004425139909,0.2317118166357845,5.2619283729987805,4.776739578264474,0.649843444357827
10,68,252,0.17322370758183228,0.23783257968258806,5.310343475869641,4.962309489117072,0.6479055285308604
10,69,251,0.16740623963878362,0.23202991594731495,5.626028839241698,5.02447699602798,0.7068272885847102
10,70,250,0.16895696622921344,0.2297456278064741,5.5152719776317625,4.416064728867529,0.6436253221515089
10,71,249,0.1719144951427013,0.23321599829582929,5.333275805897694,4.478174122355302,0.6617107519976088
10,72,248,0.17507410378129007,0.23933356953438606,5.177603521172175,4.386871300217504,0.6406215441562387
10,73,247,0.17397321225959536,0.23911873500387876,5.583028026486906,4.924101661061748,0.6565990308100189
10,74,246,0.17311763103820385,0.24016742318033407,5.418532078660494,5.316482047066672,0.6461960201871072
10,75,245,0.16573202342482612,0.2328872576071308,5.563227236518774,5.297431266272031,0.6540947362486137
10,76,244,0.16424443640401887,0.238274574947913,5.378146509398618,5.740157955369375,0.6702346090756862
10,77,243,0.1723426762782161,0.2408824838942316,4.926804749028754,4.202579529076904,0.6386221406543411
10,78,242,0.16974978964608292,0.23593662962047898,5.316473142943722,5.318013341427127,0.6413356087230202
10,79,241,0.17137810832935113,0.23680739469869083,5.11893307110156,4.672715501375485,0.6522050986149488
10,80,240,0.1629311143514776,0.23208154734096095,5.131579714950552,4.8331803344191195,0.6682872751447642
10,81,239,0.16608437660761374,0.23422143558273656,5.091912698600205,5.0217710227598085,0.6702325914068125
10,82,238,0.1748988995264608,0.24169129537932485,5.35376665106902,5.201288061043788,0.6509622128130349
10,83,237,0.17174891947318038,0.23387965799289495,5.582953052927786,4.811969142912885,0.617338575058987
10,84,236,0.17572076505847753,0.23825206253896072,5.048309857050608,4.188641780941955,0.6339347313928229
10,85,235,0.1682668547616498,0.2266003140945561,4.963426947853565,4.910408854547321,0.6648379788940035
10,86,234,0.1731687921206473,0.2415393531800123,5.65204413054129,5.975378418843705,0.6534772591190856
10,87,233,0.1680708108939821,0.23653025394507415,5.456566864860822,5.523522402978959,0.6586840917496404
10,88,232,0.17110909147964998,0.24711313114229,5.2574462306126115,4.50005579440483,0.6465258920623003
10,89,231,0.17139509083824916,0.2375150041178861,5.84601075877352,5.277797822700864,0.6506190690800405
10,90,230,0.17827085129251627,0.2426155464512149,5.573520085073486,4.516385958595878,0.6446791882889735
10,91,229,0.1747760732113812,0.2466028725927464,5.344077437397724,4.029188663965504,0.629391495193257
10,92,228,0.17245238866870685,0.2433969594054206,5.6281656450159305,5.023683831714763,0.6561981468773916
10,93,227,0.16743627601680672,0.24064607443101269,5.071914160041575,4.9661894904902235,0.6653015975367834
10,94,226,0.16883990806740817,0.23810635868372063,5.120723494404148,4.7587876548819406,0.645457890865524
10,95,225,0.17140435961935122,0.2374859046339868,5.688000173589684,4.895422304151018,0.648132257787209
10,96,224,0.1768397937426832,0.23718189255031275,5.35924725603692,5.505224127232638,0.6463956201087167
10,97,223,0.1678038276544711,0.23377550306680017,5.284841412013037,4.665173348980824,0.65470208383063
10,98,222,0.16683098635553384,0.22795803602227618,5.0016412849480325,4.60434213349177,0.6692566519227597
10,99,221,0.18374323719999439,0.24578642979708934,5.492184943885357,4.432726350256459,0.6262570459300464
10,100,220,0.17179826550726118,0.2384369303643824,5.049618329349723,4.558945992496763,0.6568692101739563
10,101,219,0.18385029609118145,0.24010762853997092,5.404143180144933,4.923763402212647,0.6377334073059049
10,102,218,0.17012788372940416,0.24325370939955082,5.570215895389623,4.86024169707197,0.658917613926436
10,103,217,0.17578918005381394,0.23822252490904838,5.354249213146055,4.744935432608536,0.6544640734935255
10,104,216,0.17051499115523988,0.24744156060467667,5.4488436751474545,5.4780577458071615,0.6706516403139136
10,105,215,0.17624907215759417,0.2409983135349505,5.09529879440051,4.365114813647988,0.6527525265317196
10,106,214,0.1793717399129441,0.24705217058946569,4.9519072410673335,4.70416618168338,0.6466101380596554
10,107,213,0.1740786724865764,0.24032869142551413,6.06350149476925,5.011570933503341,0.6716419333188026
10,108,212,0.17839926387377894,0.22898006637812526,5.248338004599985,4.7945554443231275,0.6226543877606424
10,109,211,0.17619449319846095,0.23523575538396396,4.929901312318538,4.197473252091764,0.6456554649659286
10,110,210,0.17524695763095996,0.2431933514067793,5.5096368405709875,5.1305743619330295,0.6695751360127282
10,111,209,0.17976377989640174,0.24700328728151796,4.9722584969807455,4.154100789675744,0.6367581768166853
10,112,208,0.1803521724230784,0.23532422012041146,5.222095608473428,4.431342298448769,0.6616797309575487
10,113,207,0.17867883974443918,0.23050001528385114,5.229436752866292,5.551236867423061,0.6492770095262548
10,114,206,0.18221543696607628,0.24002277256976168,5.206909214736564,4.551721308984807,0.6520843565945019
10,115,205,0.17706577055972098,0.24154690736384077,5.450470117431609,5.488412573545495,0.6381266709752571
10,116,204,0.1827857488769303,0.23874850187910385,5.013363414541929,4.4285051319048305,0.6452845672152492
10,117,203,0.18651639461076322,0.2466068026944566,5.478512608733688,4.902259295829803,0.6418381617292194
10,118,202,0.1769783598540289,0.24226673210683222,4.87504649622489,4.25631540366642,0.6271031606774227
10,119,201,0.17970696638299416,0.24315043422863603,5.051589859560045,4.182091004148356,0.654417653354177
10,120,200,0.17834731549729385,0.24255485078407493,4.883258906928043,4.110641619010906,0.6327152952984605
10,121,199,0.17842456061656675,0.23096946491536643,5.243482771503514,4.911496124376882,0.6643408661662416
10,122,198,0.1766768869254839,0.23012321361504612,5.269929034621052,4.674536646819823,0.6697809016774837
10,123,197,0.17108933683126812,0.23049295057051072,5.7460632457673055,5.640619163672716,0.6610236046247024
10,124,196,0.18293843047459335,0.23329878008123317,5.589321771762037,5.167722048803204,0.6645491758475335
10,125,195,0.18185102824671043,0.23851976207995826,5.0761072338344615,4.219003599144662,0.6365226873108242
10,126,194,0.1759332651792136,0.2435053315326291,5.549510660301166,4.506467683161579,0.6476183265202357
10,127,193,0.1812907158829622,0.24116147150812073,4.859567643292266,4.005456592831504,0.6507236995441756
10,128,192,0.16964029768155034,0.2319877993118205,5.4336218650794965,4.548720557216202,0.667560372073263
10,129,191,0.19974108705200055,0.26387662574767484,5.108872408941417,4.44925550976807,0.5951218530099972
10,130,190,0.19984148707850002,0.267779122086857,4.871648027820443,4.173742460854466,0.5892451700581663
10,131,189,0.20010946875550295,0.2730772837204557,5.0862106297770096,4.702795811016253,0.5759397689740292
10,132,188,0.19332363998508964,0.26933425645473885,5.298339608452451,4.497184167531585,0.6039137341267522
10,133,187,0.19798048141904265,0.26613852056445125,4.641211878993962,3.8113469137813643,0.5885373111460392
10,134,186,0.19449647799539904,0.26129267051336874,4.880291761508952,4.8128333796612965,0.6001289372626434
10,135,185,0.19836721091491324,0.27596700417769576,5.004955600153352,4.664397575963239,0.5753305182084152
10,136,184,0.1962908632253364,0.26588866748569734,4.992572752659476,4.530335117790361,0.5960946959604992
10,137,183,0.20228193445902,0.27913796590524365,5.383366475685907,4.242536752159678,0.5889333284571983
10,138,182,0.19181997357092137,0.26759923488074544,4.9185844858832235,4.941911861591403,0.5866447815159325
10,139,181,0.2003647396925187,0.26553209593426774,4.650405334246264,3.9409511107988218,0.5881874782010733
10,140,180,0.19782429680123678,0.28384190378798063,5.867996619881923,5.0101106935397155,0.5952934091598274
10,141,179,0.19907035041689045,0.2687281317206512,5.068274385977219,4.42599165633985,0.5861327377511009
10,142,178,0.19622134548025297,0.26888256575191455,4.875291399848816,4.2513199163276845,0.6013986745513454
10,143,177,0.19144078080830837,0.2730062510881274,4.838683993892861,4.395165850884266,0.5887606007605466
10,144,176,0.1999826617684718,0.2775246973562728,5.243937566606571,4.675967019337954,0.5762399181068608
10,145,175,0.1929250493987151,0.26777412922694,5.314476306806614,4.6964160338944465,0.5811378606614518
10,146,174,0.20265450940275231,0.2692540410238059,5.037242015237621,4.981007455225164,0.5937428347571923
10,147,173,0.20424990916436894,0.2685781557657282,5.021797610558274,4.593110455517266,0.5911395928458063
10,148,172,0.19919232984636476,0.2692472431585849,4.544046408344756,3.904247060573784,0.5867380742612893
10,149,171,0.19616980154789906,0.2662994242350901,4.958719934847279,4.475891372696908,0.5979623476375949
10,150,170,0.1980672415109884,0.2728460461575094,5.025479665949096,5.016385188762601,0.5932807716135211
10,151,169,0.19657091221604467,0.25146318611194257,4.584349717326421,4.0124463419767125,0.6058087464281549
10,152,168,0.19635381846511027,0.27055225989823123,4.959161452391234,4.18732909966332,0.5645905421943501
10,153,167,0.20121676416086903,0.2771490626036086,5.026083540342208,4.293972199592026,0.5884139720196555
10,154,166,0.20233616410790303,0.2812034348297358,5.197404526444176,4.84702121918224,0.5900280692494446
10,155,165,0.20281993154238118,0.28457918534771487,5.133569104325874,4.7859635109949625,0.587668447258871
10,156,164,0.19243287041653748,0.27642762229829,5.024502023610113,3.9429162626096073,0.5662961373151801
10,157,163,0.20224395643906237,0.269070655261569,4.864830905775976,3.8614717299767563,0.5885873628010154
10,158,162,0.20280210916314095,0.2726836689712993,5.2901381531608695,4.482349046083641,0.5782791963529196
10,159,161,0.19847334461304741,0.26411123289172156,4.86196987653987,4.452294374880479,0.5879233266016692
10,160,160,0.2046921421631628,0.26714679345243875,5.206253948330347,4.752394219216797,0.5840390483606015
10,161,159,0.20463767516531656,0.280849299615063,4.8261925695424726,4.832611796885893,0.5688195179797719
10,162,158,0.20046956055732051,0.2772095174501275,4.757426765943801,4.556895514724127,0.5898821757101977
10,163,157,0.20233365395233183,0.2764363125822951,4.642245920095668,4.159005109013849,0.571268157523324
10,164,156,0.20619083880732772,0.2808224767599188,5.024358184343674,4.767757456273273,0.5737268952317743
10,165,155,0.20459560608494617,0.2701813803324531,5.274597723780182,4.628716525566088,0.5803916491239801
10,166,154,0.1974045150617078,0.2713020873938256,5.207276274355991,4.225851048472128,0.5804596327569433
10,167,153,0.20183125651738673,0.2764305458558024,5.096217798491882,4.57659336423667,0.5865434425785991
10,168,152,0.1967927287683914,0.27350067095871317,4.680294661992522,4.337814310191448,0.5791265992751027
10,169,151,0.20282856162031587,0.2771723681925047,5.3383019439523665,5.858429563716735,0.6155319151196331
10,170,150,0.19431222150297348,0.27178644836905114,4.479185589808486,3.8688325661262826,0.5818005993221042
10,171,149,0.20637949649613843,0.2700776131559859,5.287865425921918,4.377697303184811,0.585846477180938
10,172,148,0.20460200029520723,0.2824687883118936,5.1210850197027415,4.337598628009397,0.5628212102589351
10,173,147,0.20490104918183408,0.27976970172017374,4.786408372564646,4.737651975978275,0.5541379912687537
10,174,146,0.20963159484202673,0.2760568625310899,5.421593794622754,5.6504251862488495,0.5638932794763443
10,175,145,0.19899616946440196,0.27018506350445337,4.769529409330868,4.323641150807076,0.5979222757782515
10,176,144,0.2004305986713338,0.2721962849035016,5.211545626182977,4.225623970387156,0.6215662897845313
10,177,143,0.20032193757323707,0.2673755708733468,4.792375097604129,4.30453236423168,0.5922599853228527
10,178,142,0.2030868299915686,0.28585589509171094,4.886037121831875,4.464318811493731,0.5648031775213983
10,179,141,0.21066952637676958,0.284047518213685,4.8675587536688685,4.300287695353461,0.5827383797270376
10,180,140,0.2086665771347115,0.267099001000309,5.347667351906254,5.040279912244871,0.5874557236770845
10,181,139,0.20801758056834485,0.2737504623562588,4.984682668555819,4.089842643389683,0.5697947460021873
10,182,138,0.21000389953541052,0.28801094332684757,5.353479125874996,4.646544232697824,0.5709655611034533
10,183,137,0.19624594577349455,0.28751947488458574,5.257514865522175,4.462073601545974,0.5904216754746202
10,184,136,0.2004953796280898,0.27182333352538757,5.080106563153366,4.53323288905112,0.6179022686649058
10,185,135,0.20562684081936208,0.28077541129526545,4.6545095708934845,3.9141046729281332,0.59169325598678
10,186,134,0.19926872846584823,0.27597192732880976,5.6279806503300405,5.9140526069100865,0.5955306772279754
10,187,133,0.1997621054676759,0.28044107926519196,5.445232928536107,4.479980655212723,0.6061910768262025
10,188,132,0.2029504205898886,0.2909012548030402,5.018909099226545,5.172877667529183,0.5863553430447728
10,189,131,0.20221026764519395,0.27829293865560784,5.090191469638002,4.314476902670503,0.5857642397065185
10,190,130,0.20952944230595952,0.2780731637426325,5.006729650749997,5.477842813026898,0.5885947166759217
10,191,129,0.20277591827589017,0.2744389087200679,5.105427585141084,5.293525226126763,0.5888439501309808
10,192,128,0.2070912465045668,0.2877774804850462,5.085871330294152,4.2927884450467735,0.5621576325105028
10,193,127,0.20008108394437704,0.2708992118767603,5.328725340606683,4.844957751265265,0.586973149487063
10,194,126,0.20235359880127593,0.29505222938096765,4.606555823809893,4.216970529760311,0.5624138307147573
10,195,125,0.21029362984634595,0.2913628185145703,5.245951380984823,4.966844011189044,0.5730712301390644
10,196,124,0.20392623346283828,0.2878305389091469,5.196473055510857,4.787505184103707,0.5737682551909644
10,197,123,0.2028204849792593,0.27789785531888356,4.399637722790747,3.6839324936034963,0.5717692028611951
10,198,122,0.20868456074581984,0.27635050379653264,5.157424071287604,4.201425644768451,0.5953658512123308
10,199,121,0.20191294921739777,0.28610195199560157,5.025883091502028,4.602665002681277,0.576797157837385
10,200,120,0.2070330519901317,0.3034271173516111,5.285050365478355,4.451519940584681,0.555810972685252
10,201,119,0.20756582949159494,0.2902642008742416,4.949527682123495,4.1020200688916235,0.5921927980782017
10,202,118,0.19812543006761169,0.27846505333538013,5.048872354964521,4.435936831215757,0.6097338264841082
10,203,117,0.20483202039783535,0.2989573867416231,4.996712460920096,4.460050647210369,0.5646929123486757
10,204,116,0.20283322776364404,0.2923268134763021,5.061321546602752,4.473633686035752,0.5704958621405684
10,205,115,0.19781996783136663,0.2880387264225559,4.750942157736617,4.951170823619574,0.5802580993854767
10,206,114,0.20701380632948477,0.3026296245761019,5.19331050710484,4.360089481365924,0.5857511379878467
10,207,113,0.21026423664029814,0.28355809596037124,4.861615349116528,4.924391531217414,0.5681981051983341
10,208,112,0.2108286902148973,0.2921582704489572,4.983743540964646,4.059031820085673,0.5717178436207809
10,209,111,0.2056676521175352,0.2772679186499487,4.527088649216779,4.517077167253214,0.5671540498558141
10,210,110,0.21557317706705242,0.2974540123780944,5.9617317181809515,5.747482736632711,0.5732424498291893
10,211,109,0.20136216598910148,0.26972250984281054,4.801440537255912,4.580354539891199,0.5748114053181467
10,212,108,0.2096169136640517,0.2777676779163016,5.042757372591428,4.939857577552402,0.5944781188934205
10,213,107,0.20800723166727944,0.28071002471962736,5.37947660236766,4.41969679422783,0.5864521638665269
10,214,106,0.2123547136807969,0.2918291451859816,4.5088242580588656,4.08479748497691,0.572773909662017
10,215,105,0.2115477035882622,0.2864739467756167,5.235842488657287,4.410873942317808,0.5839320744043689
10,216,104,0.20603416823994486,0.2781884770724855,4.868907464977557,4.343377305025556,0.5688985322282437
10,217,103,0.199761680847109,0.29607913902807415,5.677148603410983,4.894614068025581,0.5839037682825262
10,218,102,0.20599276933489669,0.29523090154513276,4.910996693294168,5.227860148851257,0.5763603831758058
10,219,101,0.21185978514404963,0.2848237481036433,5.73191976886381,6.392981940452244,0.5684008219278639
10,220,100,0.21426620513887693,0.2974993559934645,5.358096485179313,4.927322284455572,0.5818491485424784
10,221,99,0.2086649277817129,0.29197111302936596,5.413680348987635,5.093691471100555,0.5768374613118332
10,222,98,0.21446910601867736,0.27642847800775217,5.246181692801453,4.289321556468649,0.571708615708549
10,223,97,0.21466858921180562,0.28925672091985655,5.312453539820142,4.226674057029245,0.5638955784487071
10,224,96,0.21110626145494182,0.28984929518919356,5.410730261489902,4.792222605974022,0.5659734765172484
10,225,95,0.21310944334373816,0.2900736884764498,5.157276048765436,4.567059033517876,0.571296453061324
10,226,94,0.21148453092994993,0.2820296316951211,4.738559312673123,4.375012143634517,0.5925970792045505
10,227,93,0.208612959501427,0.284439197475009,4.980659831515586,4.371894690768488,0.580578229983614
10,228,92,0.21364536932162922,0.2795858691448834,5.217416780553996,4.813123641261029,0.561127275673138
10,229,91,0.21101886154487995,0.2807652405708224,5.073654325353241,4.166203092332706,0.5893881944030914
10,230,90,0.2118090931090424,0.2877225609898114,4.8742781902168915,4.140236918650761,0.5704775227264843
10,231,89,0.2172034295329538,0.29680973061524707,5.364629070138784,4.480604665135029,0.5974346461920205
10,232,88,0.2033637020313652,0.2915385634486475,5.266188232459156,4.4532410311726025,0.5843135370293708
10,233,87,0.21557754316321592,0.2940984883869796,5.042478155495473,4.015823614201976,0.5828270698710855
10,234,86,0.21845999023816137,0.2968123094376994,5.281838348748724,4.46135782209726,0.582814740565882
10,235,85,0.21273406010418436,0.2952568400695143,4.633226498849853,4.310070045300302,0.5700121174511705
10,236,84,0.21747708756665124,0.2881877773308314,5.012230925816594,4.844821325384158,0.5844632712206773
10,237,83,0.21467266486285844,0.2904504249890393,5.024639520444233,4.66832920023508,0.5691822177479876
10,238,82,0.21043911032653456,0.3041562564934166,4.9772655354844115,4.1602228577854525,0.5697774898054061
10,239,81,0.2172205970952697,0.30051431047842175,4.785550206275562,4.289775256721034,0.5890793629073369
10,240,80,0.2144696026766023,0.3048832049467549,5.498491772796774,4.7944973696141595,0.5517330109189559
10,241,79,0.21297964594007476,0.2955404085390019,5.316314543458531,4.481398853294922,0.5592087151584707
10,242,78,0.21693910306195646,0.2958448531948292,5.286842419440014,4.443864718277389,0.5808599284800557
10,243,77,0.214115930960506,0.3033488377923971,4.986919258823008,4.452040463435428,0.560978873677832
10,244,76,0.20761024591129051,0.285612367760637,5.1088448885373605,4.442605874974031,0.5933539820542708
10,245,75,0.20995365601096688,0.302054492311136,4.936434184900111,4.293798793257473,0.5779536585516029
10,246,74,0.2198460954008954,0.3014433367758167,4.890147023618128,4.284184809428683,0.5788574080801785
10,247,73,0.21599916385304813,0.293819466593721,5.206398069377076,5.100490510606491,0.5783739613282936
10,248,72,0.21812419180697512,0.2977271615158667,4.73659391874855,4.791460682314329,0.5674535124599641
10,249,71,0.20914614931531952,0.29562424692073297,5.119266014472185,4.152516719074405,0.561282923297529
10,250,70,0.21189684440905734,0.28677801934557795,5.874386106382022,4.972411786019932,0.5924510995437361
10,251,69,0.2069741663042185,0.28135697877231847,5.563486394134724,4.726471835037706,0.58890978602646
10,252,68,0.21954122909203488,0.29997955335058507,5.363650139693521,5.184946980254464,0.5848083254003873
10,253,67,0.21297071401388296,0.30030911863841997,5.019395373356491,4.65168851787932,0.5810907507019756
10,254,66,0.2178474588409003,0.3055945142616512,5.083251091541184,4.547739900388305,0.5761737610808876
10,255,65,0.2141700935390245,0.2976156965699724,5.558255372154743,5.911479149275869,0.5845509524028013
10,256,64,0.21786294601353462,0.3003606787825302,4.986343290827339,4.325017510916072,0.5571707199145639
10,257,63,0.24304588900895593,0.33959248176543,4.770434140839693,3.9533028697155004,0.5046255588968241
10,258,62,0.24111814373930465,0.33447759396316457,4.624551799124041,4.478522523256399,0.5229167150845058
10,259,61,0.23770229259403805,0.3320032228549559,4.881416217370942,4.290158114842204,0.5167971261783156
10,260,60,0.22324846831029882,0.31809598818850143,4.662055568685716,4.142766693784262,0.5579559738541146
10,261,59,0.23195820785784574,0.32793481606891894,4.33728692595902,4.239625288508335,0.5240145136935492
10,262,58,0.23567697151236836,0.3160861768388177,5.146214299350956,4.601764510500791,0.5504256737904265
10,263,57,0.23822337362044327,0.3384998479189988,4.77467412405454,4.010168184576657,0.5052188583132017
10,264,56,0.2443737014226543,0.3349348913990621,4.782722602191608,4.279229499854084,0.5136012677337275
10,265,55,0.23181905715075277,0.33312766475696054,4.631869539216016,4.414483191114795,0.5333691784102479
10,266,54,0.23968148632058234,0.3332420697070238,5.1203050627686455,4.98146870467952,0.528719641419545
10,267,53,0.22860742517720842,0.30930673990029206,4.624868616222459,4.169692427862123,0.5594335653398362
10,268,52,0.24667341450843386,0.33569891125533174,5.020078621503064,4.3215073100473305,0.4975372662283074
10,269,51,0.24796504778578157,0.33696453734375437,4.76853537254234,4.616155035165017,0.51796602566927
10,270,50,0.22705895537239953,0.30919382107954396,5.158787948231209,5.837692847963733,0.5353687126421072
10,271,49,0.23967834006081387,0.32724613326121255,4.760820354406871,4.149963612337839,0.5268979898409927
10,272,48,0.2273043175960564,0.33114807064351476,4.7121581222343245,3.9324454823685326,0.5358567525988258
10,273,47,0.2319966387012229,0.32533305929524386,4.945598454938546,4.1129655019153395,0.5306456733235867
10,274,46,0.2338508572256786,0.3252983730452384,5.173740104423155,5.630878245171681,0.5202166935949051
10,275,45,0.24568712442378068,0.34493760851893623,4.578990325438947,4.505484070038888,0.4996107362763573
10,276,44,0.23440090520704945,0.32988811208981844,4.740038868820568,3.952104342415637,0.5198763976727618
10,277,43,0.23733798065373327,0.31254779623438733,5.121136493349352,4.941577824087917,0.5333215832742575
10,278,42,0.2469757653918427,0.33435637250309824,4.388398243760858,4.073367854404607,0.5046368432994471
10,279,41,0.25387237098356624,0.34411212770645216,5.122322748203009,4.757427715040583,0.5268789448082084
10,280,40,0.22380695838588255,0.32541833511428664,4.64384625780668,4.4320345088256365,0.5213679211931392
10,281,39,0.2383865981099176,0.32386099996876583,4.809261040753972,4.153788897818954,0.5496465605093263
10,282,38,0.24255247786554376,0.3382071745717378,5.324875421875816,4.488693505747387,0.5225898589965988
10,283,37,0.23914748053346582,0.3162424264834571,4.803014209597071,4.135639087212052,0.5445098068796298
10,284,36,0.25060009849215675,0.34149842791000584,4.78697661340639,4.19253706296093,0.501247519779534
10,285,35,0.24204337250016156,0.33318649469542105,4.317104606871194,3.870309343956921,0.5127359481641747
10,286,34,0.25561267980105296,0.36354942091811554,4.686251604715183,5.153294473407488,0.4775255125843103
10,287,33,0.23902763813474784,0.3279411202698245,4.9496396640550255,4.471625481012114,0.5188328521772646
10,288,32,0.2503865346734798,0.348161947672216,4.493127034682896,4.207572357113973,0.5102628941044254
10,289,31,0.24482619400707997,0.33180984467951635,4.655702486617708,4.1571159903325325,0.5134579412360851
10,290,30,0.24557514927601798,0.36148132218459483,5.753726703815838,5.203217412194616,0.5147391904412155
10,291,29,0.22901160071434445,0.33515170120381355,4.8708336077578895,4.177519438311732,0.5194111344853815
10,292,28,0.24907862681730644,0.3502563589795994,5.05811411414448,4.388017440269294,0.5124984591467713
10,293,27,0.243648294811607,0.3394076669068198,4.720827357718935,4.025296739066865,0.512703286294218
10,294,26,0.22458190843406642,0.3193157021899074,4.932266799070082,4.752391164333449,0.5314667215381195
10,295,25,0.23271327848566414,0.32226770159284374,5.1191795556352675,4.931699145535571,0.5242353260458363
10,296,24,0.23332647930988634,0.32105067735533227,4.690492177228073,4.475967311861678,0.5419347273044691
10,297,23,0.25049800450503024,0.3546279049190927,4.889434097577191,5.122651544760935,0.5031497609531899
10,298,22,0.2322665776712807,0.32905406283460126,5.174178053505221,4.848424368718565,0.5625705101552091
10,299,21,0.2319086820266165,0.34057328150854516,5.0357837349366275,4.4056532623296265,0.5126455149411824
10,300,20,0.2411593647833,0.3419741699699349,4.822993912657621,4.464053276754351,0.5282187166205129
10,301,19,0.2589410364521005,0.35801181711777014,5.291937186781357,4.597282237843788,0.48663466381210974
10,302,18,0.2421559721439056,0.3259823056298894,5.347268533733979,4.32683145186843,0.5144742313279821
10,303,17,0.23984903720792108,0.3423202212533588,4.401974671596807,3.5730180441228097,0.5174476460189505
10,304,16,0.25520782007090936,0.3596209141581741,4.676404109640798,4.032187543655344,0.5006403450693695
10,305,15,0.2409365680990569,0.3256705103151285,4.846596545505763,5.086727817066079,0.5217040561821281
10,306,14,0.2570144885486084,0.3621453689044924,4.621133981362863,4.28567644666022,0.49319830264386094
10,307,13,0.25931757083152324,0.3341903169623209,4.461396094734899,4.1424678228291345,0.5044884720946617
10,308,12,0.2551127731570324,0.34791875615695944,4.310713316419774,3.9436211209493175,0.49332938357289463
10,309,11,0.23679712364491914,0.3280930650716091,4.667680202262403,3.853327282915371,0.5368318013715659
10,310,10,0.2458685718030043,0.32670064520565756,4.637184068856442,4.260321666144796,0.5110738776417666
10,311,9,0.26197114095057944,0.3667073765732827,4.709147694555948,4.392559841363444,0.48674337782350774
10,312,8,0.24627377307070555,0.34802653795725924,4.943290018189703,4.496744165715074,0.5082720942716333
10,313,7,0.2518060348520992,0.3454959423479839,4.3931208964246995,4.32909267218726,0.5037047130740432
10,314,6,0.2486070236691566,0.3446621774797992,4.614572710169278,4.1325986290909205,0.4940896893357974
10,315,5,0.23632280688575422,0.3253921248907059,4.979377027352612,4.907088394608109,0.5553211253966441
10,316,4,0.2452691822747383,0.33368331848121346,5.161262337277899,4.307933111172649,0.5240258127869322
10,317,3,0.25039795352265337,0.33847127361484697,5.4254393198170465,4.562511091828915,0.5281375546667342
10,318,2,0.24441105919286635,0.33596538378300267,4.986981627295662,4.816629599757746,0.533360631618574
10,319,1,0.2523025110214466,0.35372639204956274,4.700257992117997,3.9610087421772544,0.505937059647752
10,320,0,0.2520398190890117,0.3707144263079851,4.841494235113107,4.360572363938226,0.49813265640622034
11,1,254,0.1462583323065472,0.24165070344497133,5.308771947733934,4.986085685674479,0.639114798647341
11,2,253,0.1509499440846454,0.24933079064806343,5.224448286692924,4.817321744775002,0.6459654623975853
11,3,252,0.15195669438946158,0.251447284715052,5.072020823698801,4.751864574372241,0.6629652707544464
11,4,251,0.14966092568750095,0.25010603829644695,5.332667454347665,5.188440377608463,0.6325002249505743
11,5,250,0.15056839306820669,0.25094651718729377,5.236340350329316,4.65146534800502,0.6668278035592531
11,6,249,0.14819556955444899,0.24462917533755368,5.4186328673794915,5.827245937498597,0.6554798819613504
11,7,248,0.15267102422414552,0.2476387667082401,5.423803485047717,4.550121416999778,0.6288322158493731
11,8,247,0.14736323354973935,0.24178288638602563,5.429168522079507,5.351934703160936,0.6563265722664616
11,9,246,0.14620719861379317,0.2399179373763464,5.225219291893024,4.523922783790677,0.6449834496531142
11,10,245,0.1542126846165227,0.2522825576921785,5.510100223885942,4.5466455732455415,0.6622258019073006
11,11,244,0.15460887945771387,0.2518368817529273,5.134372132459719,4.570153399190426,0.6390026662865098
11,12,243,0.15313943432363206,0.24996750684643748,5.032289629847243,4.4693798438028765,0.6518719854883837
11,13,242,0.14817302069406862,0.24210290081578062,5.2433069735805,4.458899832476947,0.668483395588348
11,14,241,0.15030131240845596,0.24855196889658837,4.884242046579842,4.579255105169129,0.644947101910153
11,15,240,0.14721652934774898,0.24601201251513402,5.346359357750948,4.524271829662775,0.6343854546370459
11,16,239,0.15065731887417988,0.2470240647354603,5.40939210670545,4.732972629081694,0.6566077261564768
11,17,238,0.15189677605959578,0.2443105026746962,4.696265359517382,4.038482179093995,0.6498819573338698
11,18,237,0.15131253632602162,0.24188728886038852,5.3395808976941606,4.7354767993492315,0.6532704999683157
11,19,236,0.1518477325059338,0.2455989516721469,5.813834041429237,5.447328449095642,0.6661736376506123
11,20,235,0.1552251036748082,0.2521732065450752,5.224642569110068,4.516646806023327,0.6276569885866863
11,21,234,0.15613011678104027,0.2533182658300138,5.013176178861986,4.562285714367727,0.6325163377932342
11,22,233,0.1574533080183438,0.25437146668737165,5.356077631275032,4.688054278625283,0.6402389651523152
11,23,232,0.159289796095364,0.25799767542801894,5.250869006841745,4.446228201112725,0.6562695536121859
11,24,231,0.15430891058777144,0.25275172420346476,5.546650226454842,4.870772856313015,0.6509091418563119
11,25,230,0.15165762649882578,0.24811376120668271,5.1806890286901375,4.541976049606739,0.640573857848244
11,26,229,0.15030276802748574,0.24946670256108602,5.933702877453022,5.660130709123538,0.6424848671236953
11,27,228,0.1489785298306746,0.2455299306623409,5.192420713068147,5.172264176227313,0.6372992208875611
11,28,227,0.15029152343379024,0.2433028419529561,5.8329341077191765,5.524288790293577,0.6794537051012142
11,29,226,0.14990360161709637,0.2396557146384075,4.901955031429003,4.1606917805070465,0.6543154169732018
11,30,225,0.15014038664248283,0.2344054636923407,4.958373411756436,4.207532454850492,0.669350667583323
11,31,224,0.15641602527874873,0.2492519644620435,5.216253337287968,4.594619983939691,0.6529216272756784
11,32,223,0.15752410961663393,0.2459837666632627,4.901914137535753,4.713875837500636,0.6441136676907927
11,33,222,0.15948075576542267,0.25140773518947057,5.440297307813925,4.841904860137852,0.6262571607100362
11,34,221,0.15705615306221846,0.2483235175417003,5.3915117361006395,5.355821395026183,0.6563132091538937
11,35,220,0.15254825303859534,0.24369283255515486,5.483857629583262,4.5730379061377,0.6380440708711879
11,36,219,0.15503398723515602,0.24986627021220176,5.495543378454208,4.622463095370213,0.6563176818481805
11,37,218,0.15110011394698972,0.24123686738967542,5.484978609404539,5.117779954103942,0.660222664081302
11,38,217,0.1556051652074348,0.24944191984814787,5.514456034604962,5.157325245918376,0.6338082709628015
11,39,216,0.1553291308814554,0.2518578729067614,5.2273773562174135,4.308353354527135,0.6614878592190102
11,40,215,0.1533945713684594,0.2538736537784094,5.229754530096822,4.7316351986671386,0.652772022099081
11,41,214,0.15569634796016732,0.25858786682227763,6.021691855217019,5.724881100453262,0.6511581736409531
11,42,213,0.1544084122182861,0.2505428037143426,5.59534400802554,4.616250307190084,0.6749549696047741
11,43,212,0.15846054695206788,0.2590434279652887,5.389688726787696,4.506901938361052,0.6374717871260938
11,44,211,0.15339672750980957,0.2550339056418775,5.095993755323933,4.7043970949722675,0.6257027270223698
11,45,210,0.15603289436050394,0.26256206742307436,5.751777403590614,5.492944560014771,0.6436510198488428
11,46,209,0.14757079124101666,0.2507751785971369,5.361069126126477,5.467781833552116,0.6738640684483007
11,47,208,0.1520871401534063,0.2605333711270919,5.11011391598997,4.44946530156782,0.6460655774244392
11,48,207,0.1501633851902201,0.25844139523273524,4.874182059165921,4.167335981924138,0.6471906475421424
11,49,206,0.153771610595472,0.2582677485032041,5.487314222775442,5.063124947997827,0.6485036584518349
11,50,205,0.15687488118538453,0.26135126156493294,5.373062894652647,4.441823845572558,0.6292421924291809
11,51,204,0.15508379211358955,0.2601719150884417,6.326485540484544,5.374115408221794,0.6484571266649697
11,52,203,0.1535224050195403,0.25666637849735385,5.3760954220270305,4.799775073529408,0.6386585601602326
11,53,202,0.15529623951433133,0.26436211008754185,5.0914094088390085,4.620944936826156,0.6574896437435767
11,54,201,0.15347154283311917,0.2602521090754736,5.418828970007608,4.666967623409293,0.6161579325635713
11,55,200,0.15267655614365955,0.2574526022327353,5.40638232770783,5.18040155922445,0.6433652723710512
11,56,199,0.15717549618411933,0.26583596007674415,5.508960732170015,4.673602364655127,0.6160619785774605
11,57,198,0.1547706004751079,0.26166730611254824,5.087910767336144,5.079196273844782,0.6416046712620426
11,58,197,0.15874969664342573,0.2638403482754346,4.905892926015881,4.923519135353208,0.618704226479394
11,59,196,0.15501525600507837,0.257553569420319,4.720500769668572,4.228512633414105,0.6397243892215169
11,60,195,0.15623378241818256,0.25891720585895767,4.753846388547412,4.251153320781754,0.6331819247175955
11,61,194,0.15095565186563337,0.24926332113755134,5.255360703328968,4.572551536031707,0.6393298724005277
11,62,193,0.1601835056473227,0.2673938773920478,5.3140720002113495,4.760708654512723,0.6411218891285039
11,63,192,0.15719283970562092,0.2657425192656948,5.239376607338176,4.4139775981828615,0.6385191562278506
11,64,191,0.15526169354466882,0.2598446328392034,5.327640727967287,4.849885893456129,0.6501521134081177
11,65,190,0.1591815779015561,0.2638457619224858,5.730885109404972,5.1754695712304475,0.6483401403320214
11,66,189,0.1615414382679431,0.263508129912051,5.318457926599756,4.364559691406866,0.6345092846597064
11,67,188,0.15553238230488073,0.258253583444107,4.810214697489405,3.9868618773007705,0.6476509188863674
11,68,187,0.15630761743017554,0.25919778765913876,5.20512084298619,4.569182221819648,0.6251486072255082
11,69,186,0.1533130973505896,0.25145225882170924,5.5537035552636045,4.783438435140976,0.634463610908729
11,70,185,0.15630020565231068,0.25884683402482184,5.534552239419229,4.670698017249391,0.6415836838248705
11,71,184,0.15867372912769595,0.2645685427752521,5.5045224407066815,5.159187460827892,0.6402944105664503
11,72,183,0.15350374539300923,0.2611546842554335,5.8328382431094274,5.018583941976417,0.662200529495771
11,73,182,0.15677718344556912,0.26818740034301203,5.05659859365769,4.588875353119352,0.6411348616824781
11,74,181,0.15201034835213995,0.25801657398270655,5.11260643314154,4.95001099541926,0.6236029269325332
11,75,180,0.15573985474784394,0.2690825899484358,5.360854613608211,5.495561425931193,0.6075231807079522
11,76,179,0.1571522593572926,0.27260655800888794,5.134145055738901,4.721646293160776,0.6385731067423902
11,77,178,0.1543226169698746,0.26924352350122455,5.37659251472771,4.306067278968278,0.6238331955721385
11,78,177,0.14927054688730187,0.2602789785918152,5.29480959618688,4.699846706373208,0.6388461786831658
11,79,176,0.1623590960149648,0.27679083873240107,5.275737805880064,4.458094279673923,0.6361891200825381
11,80,175,0.1567441361577281,0.2626912372985517,4.919052052262934,4.107653942776363,0.6595520318653308
11,81,174,0.1549382811162856,0.25868475429618154,5.071179116471765,4.379765010584711,0.691445230661701
11,82,173,0.16241186226769744,0.2754038902730518,5.434199792815596,4.777018333203695,0.6463921128736518
11,83,172,0.15311652360874142,0.25619399349805566,4.782770864563828,4.158024468108418,0.6579379833414863
11,84,171,0.1503761442632993,0.25241958225690087,4.9021819618481235,4.376086327392677,0.6478236497618208
11,85,170,0.1582143197266757,0.26152656880694664,5.576636322132681,4.655192159222168,0.6439552896277161
11,86,169,0.16212635262270594,0.266407790635501,5.335968850318606,4.889913240775483,0.6503219098213245
11,87,168,0.16407305536289327,0.2782307412810598,5.492864590815636,4.795457788123823,0.6301786078921531
11,88,167,0.15881011979574416,0.26692743528111673,5.024218942111201,4.289820864567699,0.6353291033731815
11,89,166,0.15692855737696976,0.26294735983438655,5.381360304260507,4.8066544093909656,0.6445353600985619
11,90,165,0.15938350519208577,0.2684707064359608,5.214678641343797,5.297555674596667,0.6386374036364457
11,91,164,0.1561584383909088,0.263138947144139,5.528592492460245,4.522369068599524,0.6595798735438567
11,92,163,0.1586281044554493,0.26577117901531505,5.259228374376245,4.7246275671133615,0.6534318550617396
11,93,162,0.15770131006878554,0.2626054438830305,5.35951375888291,4.945410317011442,0.6302578241652262
11,94,161,0.16180400582412935,0.265993241198955,4.985925204483651,4.2153708076202765,0.6325874146218727
11,95,160,0.16175555744177,0.26584660406773436,5.985289029514602,5.6312679866577815,0.6466915388441197
11,96,159,0.16276131198320165,0.26322285738493056,5.276105340996935,4.34319020149304,0.6330635460531341
11,97,158,0.16124564507982195,0.2614196816223966,4.9558212360978775,4.351999477334365,0.6201063691976485
11,98,157,0.1651199683600487,0.2671079144636412,4.776290609625979,4.43090280271054,0.6562841842040891
11,99,156,0.15590231669807972,0.2521166072543207,4.717798978597578,4.7342605015284915,0.6338783145118606
11,100,155,0.16385582270431254,0.259322668027432,5.423866585120103,4.945122200380742,0.639856407556681
11,101,154,0.15903712924500224,0.2554030049993869,5.369124246604969,5.539560532760067,0.6303857088070614
11,102,153,0.1677104656745409,0.2665721197907811,5.547703354297775,4.333678882642464,0.6740310632274114
11,103,152,0.18380581242873498,0.29437354558195006,5.088932438731462,4.993066538183183,0.5606840508054223
11,104,151,0.1858495732682279,0.2993561219352209,5.11179501453967,4.3206615900303,0.5833784473297646
11,105,150,0.18164780808217992,0.2872861125090044,5.200381084848157,4.58964688644066,0.5749921799533529
11,106,149,0.18265899787383508,0.2909948631349481,4.987031681058989,4.906234149002648,0.5747268809953582
11,107,148,0.1802143637887036,0.2921242331930512,4.946419461803757,4.143578252113348,0.5914386166544917
11,108,147,0.18044447638113695,0.2876800336711632,5.762709360985777,4.512813281991647,0.6086625369700287
11,109,146,0.17671064921332091,0.2814149473060785,4.743026877036102,4.756153585097172,0.601489723678342
11,110,145,0.18108156542804105,0.2914043533718411,5.043665510119493,4.445038080549038,0.5952610944662239
11,111,144,0.17981918723620496,0.2890369896394013,4.8239702743262445,4.096920344861815,0.5799776467955053
11,112,143,0.17892124020773842,0.2895646543199877,5.967778156873819,5.085048680264267,0.5956655998831747
11,113,142,0.17355417842995097,0.2871583632831962,5.123656683647677,4.535327111221155,0.5663158691848339
11,114,141,0.17804752609191188,0.2932666460906707,4.979953252645693,4.395668639965023,0.596998735402452
11,115,140,0.18019917770429494,0.29474342500730827,4.64711471146753,4.100720062715138,0.5696519836583946
11,116,139,0.1847837262340853,0.3048710414679523,5.2489007591971895,4.644136912530601,0.5630799409292816
11,117,138,0.18138406754724765,0.29610770444998796,4.670285123556505,4.119303311149774,0.5677249680882303
11,118,137,0.18047809854199723,0.2939867554894893,5.303164315278799,4.355645790760123,0.5950674554179928
11,119,136,0.17951669842162682,0.29023094009666267,4.484925806121369,3.9476602118315265,0.5951147103814127
11,120,135,0.18102484062088334,0.28996820662769374,5.025774989833859,4.4578614622413095,0.5601015964673055
11,121,134,0.17918960977381018,0.2896283896379188,5.078486964205053,4.95579458022764,0.5807041148634464
11,122,133,0.17736471764638265,0.2802396752768658,5.874029181197061,5.203149792505032,0.5794377439865395
11,123,132,0.18429566816760257,0.2959647038087785,4.651876332252833,4.421898209437463,0.5597395998250335
11,124,131,0.18140811916259103,0.2955168356805802,4.8041229709817275,4.784063870843305,0.5799571129817164
11,125,130,0.1786707920063387,0.2957876554554988,4.59155519663369,4.770376285523866,0.5640481329241314
11,126,129,0.18437227069390189,0.3066679672145523,5.04975842105819,5.15642692258911,0.5714193408283843
11,127,128,0.18024396382648653,0.2967132239460233,5.341812161106221,4.439969676547992,0.5792806684036655
11,128,127,0.1813740047398387,0.29531572294165875,5.369319075852546,5.387508205630349,0.5532110149546742
11,129,126,0.1810824171321608,0.29237136285924054,4.718795269625921,4.604566522676291,0.5653500167894854
11,130,125,0.18757352555917506,0.299971742467996,4.66888878465979,4.11055727718758,0.5682010308899661
11,131,124,0.1829652827198526,0.2961043150110517,4.649820590766883,3.9635892526456855,0.5735143487668507
11,132,123,0.17895436547930793,0.29193117685815434,4.86167767069481,4.57489476106442,0.5726978140370659
11,133,122,0.18005614737130493,0.2927378428884974,5.164034998044576,4.738372617403823,0.569076226093558
11,134,121,0.18842254827027569,0.3061234964823719,4.988657119565156,4.111647424297839,0.573645047452005
11,135,120,0.18556976741539485,0.3060638837254708,5.414331715132378,4.284050439242522,0.5849152612025995
11,136,119,0.18250425421022248,0.3014076953821633,4.746612442064603,3.810306704707337,0.56989008708401
11,137,118,0.1857066713984812,0.3023071907281268,5.243198430842501,4.358069088913,0.5700118947337502
11,138,117,0.18104329065924188,0.29280459168415546,4.978183188632386,4.603532609637487,0.5814835989561223
11,139,116,0.18779730875435183,0.29839930127833636,4.6042509460449645,4.366795132313475,0.5823493641747504
11,140,115,0.18607527749485228,0.29916170833693817,4.962950301018085,4.354182262273956,0.5678918441418807
11,141,114,0.18060373691605575,0.29522854098537304,5.154365944765939,4.372883879025528,0.5772496948598511
11,142,113,0.18657075942415738,0.30709697479450754,5.409716545061286,4.953808310397872,0.5784621229599796
11,143,112,0.1850032929419404,0.31298171804002395,4.850984393702291,3.9975805419353394,0.551893833721528
11,144,111,0.18228871923968626,0.3073484456302836,4.77800162403165,4.864043679762416,0.5616588484375268
11,145,110,0.1861480009048071,0.314925818777124,4.645227827972297,3.9996665839255927,0.5598703182292779
11,146,109,0.18128504286380578,0.30669172619241497,5.496726765978313,6.349416441127039,0.5699527257935944
11,147,108,0.18441644289351158,0.3104030136209488,4.764809223228191,4.155459108414483,0.5729951866628544
11,148,107,0.1823419678205686,0.30691729114264976,5.159968110183355,4.565504883787577,0.5492574856268841
11,149,106,0.17708281475638635,0.29623933906013394,4.994145368081442,4.3107397959293845,0.5877197301676053
11,150,105,0.1853252463321052,0.3052217040690294,4.933255852114339,4.240557469806563,0.5729999045275262
11,151,104,0.1828157461783741,0.3054990405116968,4.971627824964862,4.817081442090174,0.5811123924648693
11,152,103,0.18493699073708889,0.3109589148442177,5.211238815309658,4.3847091689621225,0.5660433661636814
11,153,102,0.18232201532219183,0.3038295836604213,4.899226052939918,4.1363188934657815,0.5730374677499408
11,154,101,0.1800109731047458,0.3063654230316393,4.951331883719855,4.998588489939721,0.5638361312855797
11,155,100,0.1752858196206417,0.3018954409401576,4.522645812290255,4.1925808399468965,0.5929507223719286
11,156,99,0.18005491363042164,0.30513452252028117,4.650918644008246,4.114256152118667,0.5609981011005506
11,157,98,0.19063186092422799,0.32072474292290226,5.602640477531606,5.873692925818397,0.5574102620786908
11,158,97,0.17894468052015403,0.3021223526591026,4.975279522775276,4.616720941483312,0.5799896174120163
11,159,96,0.18410271489281924,0.31559226990038247,4.867051606436391,4.008231586844386,0.5796920965958697
11,160,95,0.17890614637762792,0.3106869952908686,5.253872023149299,5.3491741615800406,0.5862482461375866
11,161,94,0.1846027334878477,0.3231760615549918,4.744806866464255,4.173471171975806,0.5623281180207539
11,162,93,0.18042719202389806,0.3211762511209766,5.104854864377998,4.554112629452999,0.5498092502596549
11,163,92,0.18598196234974895,0.3175766555024287,4.673764217603042,4.098526120390186,0.5768425804565982
11,164,91,0.19178728087273325,0.318775091146614,5.1828783620722145,4.5226943799384145,0.5593061129973761
11,165,90,0.18504773324462098,0.3074161506214719,4.806636971016182,3.9677370817327344,0.556575204460832
11,166,89,0.1826689188711136,0.3040443384584301,5.068052289487843,4.427060138332812,0.5856210946010685
11,167,88,0.18503128445661224,0.31012299558514955,5.081582892594046,4.498739182128969,0.5733654296093711
11,168,87,0.18428841005852017,0.3072911641251719,5.126675685403048,4.336110520229054,0.5456737766816029
11,169,86,0.19490840637695933,0.3254326687625452,5.0219536754674845,4.767130676051376,0.5595681954026452
11,170,85,0.18526473842715932,0.31152924844244995,4.640619736596003,3.9792763848165915,0.5646649845717154
11,171,84,0.19087100434135712,0.32276953910158146,4.981803144530462,4.375554791586202,0.5487164292572173
11,172,83,0.1951769301553601,0.3321724564109738,4.71994887021947,4.562771726136503,0.565362862589477
11,173,82,0.18765940081374155,0.3186435194054554,4.777441957465237,4.565511178520044,0.5719185593699573
11,174,81,0.18828775445634796,0.31694675134706496,4.890076133640655,4.4904249274285455,0.5698927358711038
11,175,80,0.19041747222505778,0.3262091358180629,4.91535057015793,4.583478154103899,0.5685859579824604
11,176,79,0.19012671033718212,0.3235462159167551,5.589415760321984,4.5045571128119635,0.5631230008538116
11,177,78,0.18912922847814592,0.32065364754633935,5.056146644883739,4.319808090389799,0.5732424434268378
11,178,77,0.1896347336936797,0.3178378653412937,4.813265570862828,4.780282539780608,0.5724248991127516
11,179,76,0.18608782655677464,0.3107644083670962,5.103262742710223,4.513517779530868,0.5663141603124924
11,180,75,0.18894452842030413,0.3162724400785174,5.002274826280079,4.58809410895549,0.568782565945539
11,181,74,0.18446981267147478,0.31087971745491444,4.99201015105655,4.812148469044643,0.5873105173663185
11,182,73,0.18294825211944937,0.3070991657254216,5.10894898318164,4.763652143328899,0.5693345275471671
11,183,72,0.18133473665454486,0.31084933958712824,4.587648302720735,4.28010093526119,0.5767304157832834
11,184,71,0.18582645529035233,0.3225380880638618,5.189370208344037,4.887587096266009,0.5546418468542439
11,185,70,0.18690627190241477,0.3236252536726914,4.7850816891800925,4.1270379078580515,0.5393067061350956
11,186,69,0.187963132258626,0.32518464673697783,5.158316140059545,4.249448579247649,0.5600877783627114
11,187,68,0.18953028456991178,0.3257896222736216,4.682178707357611,4.750874775841975,0.5532584549273261
11,188,67,0.19285862879093546,0.29383493294405844,5.789610964918921,4.709195347108041,0.5891432826546786
11,189,66,0.19447209552187153,0.29344858829254494,5.097810481072921,4.452681756031318,0.574935230177465
11,190,65,0.19003710085729938,0.2853201072399418,5.18285909925398,4.550647620040234,0.5917863188834381
11,191,64,0.1936438600212967,0.2957811052531689,5.192276120093122,4.469775449874309,0.588477989980816
11,192,63,0.2004548366643468,0.30094664497856494,4.808029620190407,3.6961931607401675,0.5717557617345763
11,193,62,0.19518726109046655,0.2909245009264823,4.484580210888122,4.556393337648141,0.5774186415046211
11,194,61,0.19780701046265126,0.29080934982891116,4.807262228236004,4.237146724439865,0.54468968855134
11,195,60,0.19890261517840338,0.2974190423549294,4.904391915819836,4.623530610725579,0.5728719763050593
11,196,59,0.19849545621885914,0.2971924368113644,5.425017665601398,4.821430867318592,0.5738516578078322
11,197,58,0.2015913448844196,0.3070808743908517,4.9891551951114135,4.656223259195753,0.5535023535715234
11,198,57,0.19333924033199262,0.29490327427369606,5.0933657005062205,4.663733334998297,0.5719561846758354
11,199,56,0.19546847601472195,0.2978925954181294,4.810308636523144,4.3882440148588415,0.5635258819242124
11,200,55,0.19001147441293925,0.2927835522354671,4.584869299049805,4.255820702477406,0.5681129874733163
11,201,54,0.19959339117471317,0.3101654664568149,5.6638282765348205,5.059200974577737,0.5943711163580846
11,202,53,0.19535466992699319,0.3040626851019801,4.779517027382887,4.359159479040418,0.5678704928448713
11,203,52,0.1952666309701824,0.30089577616235436,4.874681913006948,4.295620977988505,0.5715260274505244
11,204,51,0.19845971515251276,0.30176575696698904,5.711473512047854,5.111260953979986,0.5856883909787575
11,205,50,0.215696438815321,0.3270280384799349,4.856827378341075,4.208671937149298,0.521715624138373
11,206,49,0.22050140557644954,0.33222539525945183,5.136991977289235,4.837632036845394,0.5251723419786134
11,207,48,0.22784101323869715,0.3425220454895217,4.5976327417613305,3.845454930244908,0.5104005941175203
11,208,47,0.22790731344505946,0.3437908163083664,4.883103573411864,4.177347891132049,0.5168495912768791
11,209,46,0.22039454691066096,0.33518181875385195,5.073338667112493,4.352852469876796,0.5153950611105935
11,210,45,0.2077125832042433,0.3178362127800291,4.757494436661046,3.8595343889229703,0.5471376252851059
11,211,44,0.2153492938921185,0.3320259418654402,5.012374135961856,4.519697419850672,0.528345900915243
11,212,43,0.20878369760243135,0.3207834825654271,5.06444985935244,4.521356208107904,0.5352981261411061
11,213,42,0.22454929435006876,0.33944815895676705,5.045579726692392,4.273916905554126,0.4975717734453949
11,214,41,0.218081086263379,0.3305997593194901,4.912750751397522,4.389712256424646,0.5115602828156521
11,215,40,0.22933664135122286,0.3515382916534205,5.249713093693354,5.088077582165433,0.5073972203292799
11,216,39,0.22338665263244337,0.34166032514075434,4.834976577933621,4.101873558988785,0.5128168175605613
11,217,38,0.21526706255763733,0.3286484070107302,4.851217040258823,4.614794395040642,0.551222343158537
11,218,37,0.230237092155901,0.3518418884956989,5.459859564473463,4.216518949928491,0.5080598859150114
11,219,36,0.21841438205941052,0.337394992045005,4.549576158016157,4.053242596680135,0.5249915908697133
11,220,35,0.21963139088230804,0.34546303344341905,4.617302700822644,4.2542702332918605,0.5180065197345937
11,221,34,0.22461580238445922,0.3559605700935431,4.806382809722246,4.32988852491062,0.5068810211647121
11,222,33,0.2255681601227547,0.35655778531464877,4.50492859897121,4.071042384275509,0.513270143056227
11,223,32,0.21496032099894094,0.3323275928277763,5.216826836846714,4.52994758717103,0.49999405073025704
11,224,31,0.2230166121386909,0.3513730021907333,4.718659283793664,4.2480478213719035,0.5098820491770665
11,225,30,0.21691478020791213,0.3425255142137178,4.760406984725526,3.8894029158347885,0.4982704381224407
11,226,29,0.21688282813821544,0.3343174875288765,4.738109512210432,4.051766510121461,0.5210211340688877
11,227,28,0.21719207042130703,0.3351303686146069,4.943819775768937,4.656002922701003,0.5185601822269309
11,228,27,0.2101745887900066,0.3239802246789009,4.78097944837097,3.837043874975958,0.5209403012108015
11,229,26,0.21569054616596195,0.33149142709828483,4.69738973735805,4.111945470293188,0.5234031951709394
11,230,25,0.22274961707401797,0.3413967704832507,5.3475029237875145,4.723367393264231,0.5199410361109534
11,231,24,0.2236362338629262,0.34416425918924104,4.889816710606406,4.439657356855994,0.5375161327704471
11,232,23,0.2194473343121997,0.3378109354725936,5.396110759348162,4.611352649796635,0.5189449119198561
11,233,22,0.23634687137054491,0.3647133844898354,4.502483633951318,4.547111521818758,0.47239889488604037
11,234,21,0.2364014112574174,0.3622874014166988,4.4499140212595165,3.9349767758362986,0.4950158249514356
11,235,20,0.22062619931374286,0.3368911125887023,4.9365469001850855,4.274278139494259,0.5058691392208481
11,236,19,0.223682404327948,0.3382314061604614,4.736400612244898,4.198501228934154,0.5315351642387683
11,237,18,0.2250942987614512,0.34049714164233347,5.05432962321891,4.313224691248859,0.5241817901928879
11,238,17,0.21708535576189658,0.3310092194389046,4.950616377431035,4.387785884006838,0.5048682912042174
11,239,16,0.22796243098281813,0.3478546844938281,4.948519244639843,4.845439128297948,0.5123323599561278
11,240,15,0.22596154335183657,0.3444401522954845,4.9931068722389345,4.127243416528347,0.5239708875487024
11,241,14,0.21840151923102874,0.33356505014130894,5.289444222818387,4.66301571324023,0.5303018615009019
11,242,13,0.22853870689332753,0.3526726862569598,4.740600112121085,4.935619808742742,0.5081368271926177
11,243,12,0.24362862353772272,0.3762278884680492,5.244716981245032,4.239151350077504,0.48691079216226807
11,244,11,0.21992320299727552,0.33837719222310386,4.886530793554226,4.114406033830678,0.5317037088434057
11,245,10,0.22457961484634112,0.351308481937043,5.178002949783894,4.422731419885655,0.5014220506028583
11,246,9,0.22104032601722398,0.3400752904132956,4.85706050597887,4.122084636608422,0.5259624848357092
11,247,8,0.21760860763741288,0.334180029688017,4.63841168949264,4.029832495308374,0.5346857191176165
11,248,7,0.22380652150221556,0.3460909830605045,4.90871207402901,4.471481523530875,0.5232866193743114
11,249,6,0.2153458420636986,0.33202240480409223,4.842126289241456,5.495780217319675,0.5407057308779012
11,250,5,0.2294628502068883,0.3539705688575426,4.781680059149172,4.152607616233815,0.4970087509368736
11,251,4,0.22251945960911765,0.3445296805487457,5.14909633665615,5.057172529612846,0.5286604878862416
11,252,3,0.23550626326680094,0.3639328849081903,5.071214362777858,4.14055299028808,0.5033066862348207
11,253,2,0.22220103696385918,0.3452757631404743,5.47758775837419,4.909889311066187,0.5279511838519555
11,254,1,0.21807159761045786,0.33994920383406396,5.351512910710614,5.065301758637947,0.52851266212889
11,255,0,0.23617875210922182,0.3628403785652913,5.100907934984825,4.509383355704421,0.5042179816730985
12,1,190,0.1490341797359824,0.24069126699404705,5.614792045587993,4.9870511093627385,0.6500915285036004
12,2,189,0.1539939748446757,0.24284785200584436,5.710524840209178,5.4232185039449305,0.6510053110897497
12,3,188,0.14868785907191948,0.2348970172146598,4.995137000400046,4.466271359957834,0.6436009356955524
12,4,187,0.14746999764986432,0.2391561744583928,5.747041732162763,5.515611813271058,0.6404051917806911
12,5,186,0.15208451557657665,0.24501030450349484,5.118257603417174,4.367359929132279,0.662735075161585
12,6,185,0.14733414487022903,0.2399903758150175,4.619009343084274,3.9426144675961114,0.642379552744539
12,7,184,0.15227061998534977,0.24273822442034101,5.204753069033365,4.469431001576849,0.6316962337933826
12,8,183,0.14745520795639278,0.239757094335943,5.246823000218453,4.475168577363051,0.6457000689544764
12,9,182,0.15356053833493322,0.24764316363996478,5.219851390071867,5.152510824574957,0.6653015435427353
12,10,181,0.15219269847868372,0.24777006134378113,5.339545425494231,4.309633936319704,0.6551718580035779
12,11,180,0.14840998803983382,0.24221831832486398,5.125838614888197,4.4804739930943525,0.6538340456072581
12,12,179,0.15377440203124584,0.2439772533215612,5.413621484388559,4.620252683677757,0.6683908804327588
12,13,178,0.15072976767884466,0.23887865998621186,5.075121983728221,4.668835370711552,0.6607102957597162
12,14,177,0.15177361786222057,0.24034059357417328,5.123216744288071,4.513813425021089,0.6446809703185975
12,15,176,0.15493201762523393,0.24903763564087184,5.008704338517488,4.55019029710869,0.641933847897347
12,16,175,0.1550781480242877,0.24474197805695216,4.887462307270926,4.68111159356728,0.6401904706039496
12,17,174,0.1506626210743751,0.24329366080653364,5.597318526093419,4.792617988502107,0.6567816377622632
12,18,173,0.15582045406238507,0.25377556734903,5.17690190813647,4.439428854873327,0.6476532758907527
12,19,172,0.15242401078019913,0.2509687765561335,6.203789377480213,5.563403005128054,0.6293803048167691
12,20,171,0.15394105073642783,0.2599849371009801,5.3225299246305315,4.7215847059907405,0.6404268990863836
12,21,170,0.15485425265171235,0.25303761379545714,5.58551676849619,5.1895957742305745,0.6629092101906628
12,22,169,0.1525037423997929,0.24461647867310138,5.686435348457237,4.942749729254638,0.6513218962861426
12,23,168,0.1530721352871226,0.25371338846046504,5.57361356263625,4.614762877569599,0.6277760646951739
12,24,167,0.14795537532929753,0.24388733503500895,4.882181859133767,4.137285610904145,0.6546082858314392
12,25,166,0.15281007824063686,0.2442276689060453,5.466368091276195,5.562681306993434,0.6562068580080143
12,26,165,0.15439293036443852,0.2523647420108985,5.470039893889,4.915815025351704,0.6348664065652546
12,27,164,0.15432812763909137,0.26122577024593513,5.207267789944545,4.961524178489066,0.632787287453692
12,28,163,0.15391730819755683,0.2483833913704295,4.912935477329722,4.922831638299065,0.6418323597538312
12,29,162,0.14784346882000818,0.2399527795817246,5.04341122994034,4.699977183255456,0.6661067566737904
12,30,161,0.15525053799656238,0.25271571404418325,5.1623742899554275,4.324555347019982,0.6578950839934138
12,31,160,0.15102787867379566,0.24454328321700017,5.51326953600095,4.881117335033844,0.6529782543486415
12,32,159,0.15117117256862228,0.24131965784899195,5.633592357474823,4.718283170982601,0.6694559559021729
12,33,158,0.15469181596315135,0.25299874280117296,5.446256849760717,4.504468953393344,0.6456022361724697
12,34,157,0.15149136986515485,0.2476894624228003,5.400394628355951,4.36894020080611,0.6612901693397389
12,35,156,0.15140012698305572,0.24800154623782444,5.198965285671773,4.597190515040342,0.6803818288009428
12,36,155,0.15643784085521883,0.25060485225049245,4.96716843902537,4.065161853044991,0.6571872797601553
12,37,154,0.1541876791876972,0.2516252785550875,5.31639397959758,4.944410897594465,0.6361166611317305
12,38,153,0.1618738302293214,0.2584501908230795,5.728657688984722,5.095172097129143,0.6526117996363366
12,39,152,0.15281056196970494,0.250843442102518,5.330045384833297,5.201756492314698,0.6442423348391133
12,40,151,0.15051936966487006,0.24402248875252774,5.6563956513777995,4.8073604497846425,0.6830591350758732
12,41,150,0.15344302301478666,0.24609582435503546,5.106638870081747,4.829190884133684,0.6487700987330489
12,42,149,0.1641594091655371,0.2553615407638906,4.957813198401972,4.300812339917811,0.6401955778666798
12,43,148,0.15683894439070695,0.25096524270325127,4.601395430570722,3.717825704241381,0.6271281147456491
12,44,147,0.1562811104639639,0.25276761814470117,5.015389628191197,4.134015598404796,0.6519693623515832
12,45,146,0.1507307135963467,0.24782095034306909,5.2059712096027475,4.764433818214981,0.6534623521139009
12,46,145,0.15519783474985024,0.25517615169936225,5.051119699504701,4.132552506350246,0.6405056942884709
12,47,144,0.15423588914960903,0.25186956610005773,5.511275522400274,4.8239473943105775,0.6643753773073943
12,48,143,0.15366305431811178,0.24993728669322257,5.470146756425617,4.619443058659523,0.6593062664899504
12,49,142,0.15111682227735243,0.2477158427783779,5.216570851926431,3.9452167231646698,0.6435914695480607
12,50,141,0.15462629667183855,0.2583449722404145,5.365412635162399,4.356862275733872,0.6343019726779022
12,51,140,0.15700228100778005,0.2547993958144584,5.296740854724536,4.533793126087254,0.6361638085806531
12,52,139,0.15981858304938004,0.25169468352954316,4.731625461469978,4.19092708783224,0.651840510343185
12,53,138,0.15641721141833717,0.24693012564483025,4.907381749535235,3.9676465283732236,0.6713361579193964
12,54,137,0.15677371512483157,0.24659583320069944,5.310818900303456,4.5977557172035874,0.626445374157169
12,55,136,0.16041041294355649,0.25403948055622066,5.680063186383495,4.899337324378872,0.6405896376826621
12,56,135,0.1572943945808474,0.2522388161955331,4.831142415049381,4.570693088605123,0.621525879730275
12,57,134,0.15752024438380477,0.24534574744358753,5.776832023235533,4.982849425000343,0.6548356008123564
12,58,133,0.16335003670446005,0.2553086415972554,6.090944252308135,5.338604461335871,0.649572838538284
12,59,132,0.15636745878643346,0.2384392076151263,5.80275334365246,6.022294619946083,0.6450039596639467
12,60,131,0.16407457167315995,0.2485466036253,5.215711697597483,4.320259696669358,0.6640376591167519
12,61,130,0.16491813495201216,0.262212787685989,5.244241591619026,4.377574851917155,0.6196119801618153
12,62,129,0.15383431551176163,0.24248871470919928,5.231331751042438,4.30888403127435,0.6538235380223121
12,63,128,0.15672385093958446,0.2597456766082987,5.120063599443821,4.350059106641135,0.6428558141329589
12,64,127,0.15583441068620982,0.25323842271334684,4.879798219554062,4.404402384353592,0.6558091370810246
12,65,126,0.1621628892580543,0.26297486348144783,5.704921948434742,5.150222436821289,0.6533279154214855
12,66,125,0.16282512199913948,0.2602078381438483,5.294086376084665,5.083431638530447,0.6211155739233021
12,67,124,0.16313666965910179,0.26557263662999603,5.485728047152486,5.238409990124519,0.6413161816567611
12,68,123,0.16210689156636465,0.2584342793860572,4.753661497200179,4.768999836809201,0.6397511926874888
12,69,122,0.16578679034666746,0.26254511847231404,4.8238462988049875,4.123478986916627,0.6359994399751098
12,70,121,0.16158389738941953,0.2632726493938768,4.873500027001108,4.0352292371533185,0.6472903525967252
12,71,120,0.16270118356252908,0.2515225873924998,5.4378981113152625,4.813785973550299,0.6433904961399719
12,72,119,0.16074087580270532,0.2535809673792978,5.0242869270982,4.664041564837199,0.6135839259234466
12,73,118,0.15935670807759053,0.25400141894216544,5.2483849790837365,4.613705642744281,0.6445728224342478
12,74,117,0.16038077530547631,0.2558505832029874,4.862298401507303,4.357608686971446,0.6427571141599199
12,75,116,0.15386354447205913,0.25687843084884776,5.251024760408823,4.572931668786387,0.6733733793061442
12,76,115,0.161473063751076,0.25698064796649966,5.037275063458717,4.0995588032448635,0.6301919253043603
12,77,114,0.17495450309943625,0.2811234715569704,4.9445153308746415,4.253762427481258,0.5857385017799803
12,78,113,0.17273029674636817,0.27783656969787274,5.5542465818531,4.630867189987551,0.5993991786631465
12,79,112,0.17346712143080248,0.266208806408871,5.016754724776692,4.770315381751852,0.5910044906340858
12,80,111,0.17621331943369037,0.27380107825969086,5.544771502080772,5.308025322565314,0.5799011354302137
12,81,110,0.18070297119113385,0.2700989740446785,4.766260078748987,4.000057993258265,0.5840797478944714
12,82,109,0.17502398307022818,0.2669580518644578,5.473829882765719,4.981778572411228,0.5998114643048656
12,83,108,0.18435921924179058,0.27569318496227424,5.616386656812625,5.164227162540128,0.6013441744999358
12,84,107,0.17786508096723513,0.27741470929265444,5.569648482573758,4.822604282496446,0.5801686389052132
12,85,106,0.17883245493646316,0.27375909010436317,5.04183119333186,4.73231200688541,0.5785210921774885
12,86,105,0.1751885146523548,0.27879331734122675,4.619544699006731,4.210160648803628,0.5751018074406801
12,87,104,0.18391077410353057,0.28601440178863713,4.347243617155199,3.771234610181418,0.5590585607300577
12,88,103,0.18657727582220335,0.2894651766947693,5.450694523520577,4.915363374245011,0.5902376712621427
12,89,102,0.17582123677580078,0.283839449148344,5.242327344296703,4.152992714383638,0.5893983900174109
12,90,101,0.1769706911785975,0.28055365762388007,5.241376430790195,4.596355583156834,0.5733210418139629
12,91,100,0.17104684674213513,0.29380037699702927,4.861236603131001,4.373834101379413,0.5942958772381891
12,92,99,0.17693641867286458,0.29022045488918247,5.078051516971367,4.269523404989355,0.5867673996772729
12,93,98,0.18055241985930565,0.2936910867561138,5.116005791317308,4.22152537338989,0.5684554230967334
12,94,97,0.1799594723600504,0.2860008216154332,4.76541371706031,3.8541366413958773,0.5755014350527817
12,95,96,0.18009798978072464,0.2762365203557563,4.688252400787197,4.187991005057099,0.5639118728504792
12,96,95,0.18502126549122466,0.2884939824696441,4.58158847210632,3.7376010155569417,0.5797015062124152
12,97,94,0.18763678197371328,0.28204997603693666,4.836337122655582,4.437056976534271,0.5745465259934639
12,98,93,0.1816230535190555,0.28172238702297236,4.95920755706288,4.616356532530079,0.598966342876325
12,99,92,0.1829119127870012,0.2749258580860322,4.898275923925504,4.939157743788511,0.5754821994652608
12,100,91,0.18368168614553607,0.2784016371013631,5.096250508597238,4.724702091818538,0.5703845146091826
12,101,90,0.17979869870426646,0.2712196479654782,5.264893300378972,5.580311718953323,0.6067909210796446
12,102,89,0.1833023841136132,0.27748523245036316,5.112717734644755,3.921495496860795,0.5743077426408635
12,103,88,0.1753338614483044,0.2714923893368566,4.949728789667253,4.41357169441518,0.5856127867438192
12,104,87,0.1843819493346289,0.29283986245363935,5.654082063510575,5.053648002578454,0.5800339433715193
12,105,86,0.17997191762476708,0.28513934786753364,5.533920173406495,4.545058333756435,0.5828205454766975
12,106,85,0.18084727065024211,0.28764748469662504,5.00122782241872,4.306621381605927,0.5759313947807306
12,107,84,0.1834691836903645,0.28936879006066435,4.867237982638358,4.5431019804663135,0.5630732821380784
12,108,83,0.18441988350752372,0.26969722728651496,4.767275594841609,4.168310039384808,0.5907735617403694
12,109,82,0.1823342124073872,0.2773136126743881,4.922613002697977,4.672291302904497,0.5775075887672332
12,110,81,0.1836279846468929,0.2899282306924875,5.124814846990265,4.831925264576566,0.5753179664415904
12,111,80,0.17783088430138672,0.2842989623346586,5.163629233191287,4.425616879475188,0.5776745200531973
12,112,79,0.17894216739040317,0.2749352361961689,4.547694773232793,3.8665288172677705,0.5793371130150557
12,113,78,0.17887142249609783,0.2793989779839,5.145079024949426,5.1077308651030195,0.591689982039219
12,114,77,0.1867265664917199,0.2974657942056374,5.216118943264087,4.517737460732591,0.5792911323408562
12,115,76,0.1840726592402988,0.27982747780341943,5.044099397324784,4.798700288501766,0.5672974115705155
12,116,75,0.18618657446262554,0.2995395469434886,5.318451441620039,4.823571415247351,0.5573058490476972
12,117,74,0.18513040074816628,0.28553173331520604,5.1965742852889925,4.630422433252486,0.5854752451409991
12,118,73,0.18197294703065103,0.2755258926353365,5.332791982115491,4.918741503497966,0.5996218822822829
12,119,72,0.18440316033267767,0.28561843153893807,5.222420656788955,4.0649905030030755,0.5711824086712628
12,120,71,0.18442285345284784,0.291304096685553,5.110875640053953,4.177800578862696,0.5865490747482849
12,121,70,0.1866131554150282,0.28675486751380946,5.153956034731538,4.859881597409866,0.587282601638965
12,122,69,0.1819408507356028,0.27828798342950195,5.671723258101771,5.013662798910815,0.5776580117966779
12,123,68,0.1914196289112027,0.29329289845367856,4.8756335217804185,4.330061484436939,0.5695242094927246
12,124,67,0.18455731600127667,0.2734038159999893,5.081534126905816,5.297444580870129,0.5806758974501494
12,125,66,0.1855546253807007,0.28895850340449014,5.061051108660331,4.326996924272704,0.5970814772057995
12,126,65,0.1816621229601608,0.26984059960915296,5.1309178933915085,4.699124967156546,0.5957168354279557
12,127,64,0.1853697863355292,0.28478261179182507,5.372927336911204,5.234819536166103,0.5688238125880566
12,128,63,0.18525137411235254,0.2832637646473366,4.806831132063136,4.113681685915868,0.5963088464035697
12,129,62,0.1883134425829639,0.28842488912610387,5.530002469208791,4.7934256595655595,0.5817834889729765
12,130,61,0.18201352809489058,0.2748239248088016,5.0278249268013315,4.5182771637361565,0.5945086345283516
12,131,60,0.18651187781186115,0.29151691392348317,4.838163040877102,4.51109037343485,0.5698839695373279
12,132,59,0.18382469990215308,0.2776584657210939,4.925088381738905,4.743162976289853,0.5840115219781886
12,133,58,0.19036147917816998,0.2998133314387699,5.180311149442803,4.744398323995051,0.5659628301809204
12,134,57,0.1912138454970467,0.2961031753012276,4.708787975956637,4.1817309669367795,0.5688164481570156
12,135,56,0.1920201619416711,0.2886608599253641,5.383812981230983,5.217916204450612,0.5951471252493126
12,136,55,0.18832812269468255,0.29671886531101316,4.838852561256973,4.0915531781576195,0.5692433722525881
12,137,54,0.1880105520388821,0.2885219512691694,4.6762849231265164,4.421967149228161,0.5901345083515817
12,138,53,0.1891375158844337,0.2940863342848821,4.835553209030885,4.163404672851929,0.5859687798437812
12,139,52,0.19269653849138013,0.2894951807400645,4.755705596058798,4.026620561720419,0.5551309192280611
12,140,51,0.18550352575648052,0.2821253500952124,4.97952347880686,4.7898996183341245,0.5890213955531608
12,141,50,0.18740954475181326,0.2853322591827654,4.78284159550281,4.502963875711653,0.561127715846038
12,142,49,0.1851468334727731,0.28642935229807004,5.1701783094499,4.900636257410616,0.5857212246252561
12,143,48,0.18857954689580927,0.2896780591752901,4.885696633984002,4.883926078478486,0.567967992502663
12,144,47,0.18698775553068409,0.2925623456206508,5.012347845551095,4.862889173524102,0.5638714673733305
12,145,46,0.19187540349457202,0.28794761823045095,5.096807743094802,4.246315149137103,0.569525342548693
12,146,45,0.19453805595639648,0.2913802161979396,4.767200010494836,4.378294814458986,0.5542271999597469
12,147,44,0.19128296151746144,0.29031234651015103,4.898904438095195,4.3398787764517275,0.5667972458496192
12,148,43,0.19174147823121343,0.28543800719585793,4.9687611576925566,4.622316712227783,0.5765466311251402
12,149,42,0.188991082781497,0.29420996087754814,4.622587969753491,3.9279744583100005,0.5618719126201209
12,150,41,0.1896041148991351,0.2923553311761434,4.673566186135773,4.01447496972371,0.5874698914878986
12,151,40,0.18475666827977064,0.2830751746228944,4.84406644354928,4.127929101820186,0.5667548701646898
12,152,39,0.19197736678367802,0.29912015593078956,4.776431119332971,4.116141606110572,0.5785460193423426
12,153,38,0.19707429425183812,0.3053948897302433,4.55037087894744,4.419040195643708,0.525804514165299
12,154,37,0.20843455846483214,0.32082617132167623,5.001770026777084,4.413624371769603,0.5172027837959479
12,155,36,0.2048887700643305,0.32300430310650374,4.855187752963161,4.6494077341752575,0.5208484820951199
12,156,35,0.22250797233799316,0.34148827031432333,4.837352225481595,4.3182577565347415,0.5013278226506857
12,157,34,0.2059890528313142,0.3079174995209949,5.165063451626338,4.307541902614882,0.5501314556011471
12,158,33,0.20683748515311257,0.3154300424836903,4.229759808833014,3.9619130953359845,0.5213183062095039
12,159,32,0.20447571005316695,0.31357701345167516,4.261955678469775,3.7711789220985783,0.5227738153215563
12,160,31,0.20736964598266297,0.31361766500290694,4.633449733536684,4.091653867200029,0.5287351884786128
12,161,30,0.215653284746203,0.32069750066713804,4.968958119766134,4.304144581004168,0.5415784120889339
12,162,29,0.21580763658993882,0.328782176611752,4.9000659388619905,4.040520363700865,0.48913875127197587
12,163,28,0.20917786848358058,0.33292573561246563,4.306416467311499,3.8228183296795204,0.48541576276021026
12,164,27,0.2122675521149102,0.32787904467560286,4.622250591200804,3.94432228412617,0.5165075300356801
12,165,26,0.2066596090150572,0.32038245297469553,5.479294835196181,4.968977827399283,0.5327508332724116
12,166,25,0.20358703172901185,0.31030003543192786,5.195192250044222,4.706309590500365,0.5438445697094052
12,167,24,0.20570076487369476,0.314248201679769,5.143444210017949,4.128595425536641,0.5376202514251335
12,168,23,0.21993635651418775,0.3474058034451999,5.203102541419323,4.679570130510316,0.49669472104370443
12,169,22,0.21114844123841622,0.3204032412138513,4.988023459524609,4.637918550160504,0.5134583092170019
12,170,21,0.22448057682327976,0.34963106361809726,4.177692787955995,3.931907214097567,0.4758274977836113
12,171,20,0.21305572046583132,0.3212494146832779,5.089185476453271,4.910313490709723,0.5429137532387135
12,172,19,0.21817715957079253,0.34544542258921873,5.335759939724047,4.423272888165077,0.4757670542506007
12,173,18,0.20302716175875743,0.32445604274848755,4.662441195305407,4.227056375297475,0.5478283565413988
12,174,17,0.21277371977836376,0.3418079938383208,5.5827199741548315,4.900452585149147,0.5034141887757528
12,175,16,0.21733934233934296,0.3365283165689121,4.899437812779767,4.48501722800865,0.5322195033668987
12,176,15,0.21676161144928693,0.3517398496138878,5.052418278065366,4.587447160015158,0.48438871402933753
12,177,14,0.20910108919250026,0.3309177689909073,4.5727294013124835,4.1214574297315,0.507918350705464
12,178,13,0.22492063633524892,0.3563127988899821,4.717245175528979,4.00533786130346,0.49326135070082733
12,179,12,0.21480845644803337,0.3328944595854221,4.466180030814135,4.31997960647082,0.4962378933446
12,180,11,0.20408286903163453,0.3271048654938629,4.885817378581335,4.92143369457619,0.5486163111380346
12,181,10,0.22458378446894908,0.3596737266703198,4.8557577293066485,4.084832069813772,0.48712223180561676
12,182,9,0.21419787571761276,0.33273461967559553,4.859150233433683,4.2807683786324064,0.5293442823364465
12,183,8,0.21708941446462246,0.3488852086585917,5.2745855963552675,4.123037919612219,0.5007080966384417
12,184,7,0.20988020892251766,0.34889487416862425,4.44064527295183,4.008139719050454,0.49593029823009055
12,185,6,0.21801182500281416,0.33115805804002163,4.695395887627325,4.731996825523819,0.5103992184145228
12,186,5,0.20580640030213754,0.31459714353137214,4.600880800008145,4.029964582238819,0.5538001740477102
12,187,4,0.22466231644331103,0.34473849168135956,4.851081537614184,4.095875876797348,0.5112298803109495
12,188,3,0.21699078546915906,0.33885873412741574,5.006737316144212,4.1186637596799915,0.5039718259714754
12,189,2,0.20867171510027352,0.3235113532658467,5.284378208045693,4.315189846477371,0.5308499873485502
12,190,1,0.23109869990369541,0.35672443934539094,5.520233973204624,4.416606518821129,0.49498610077265653
12,191,0,0.2218907939476156,0.34667282138554545,5.129379772122201,4.482402941010085,0.5092878449364004
13,1,114,0.15175827509375414,0.24119531298736838,5.223844862460741,4.704182559814288,0.6475277912669005
13,2,113,0.15043684036779106,0.2323478095635655,5.047514302294315,4.862298849093239,0.6551197190283846
13,3,112,0.14729332106601503,0.2389321589970734,4.744457403508557,4.249554363748303,0.6535096289001385
13,4,111,0.15710611650449133,0.25415136050715814,5.543780618238426,5.40989072747251,0.6351509742911067
13,5,110,0.15165099894200504,0.2456203105001672,5.470518254768001,5.346319617760633,0.6516171718433199
13,6,109,0.14938927843833966,0.2563515600169621,4.879964886492241,4.280074644756027,0.6439720412794995
13,7,108,0.15452635663934772,0.2518482089549438,4.996861836017274,4.024249913802075,0.6239732139852946
13,8,107,0.15334012360766683,0.24719332798846058,5.421823564747289,4.715369286636072,0.652938474232469
13,9,106,0.1544234878381315,0.25078557473453655,5.005406357337253,4.0593600804848275,0.6498356489364847
13,10,105,0.15242067415659044,0.2480060265816129,4.763623285062113,3.9410337682506458,0.6570397232683794
13,11,104,0.15085619317115317,0.2510953968982929,5.102108738886851,4.812728537467854,0.6381950633936245
13,12,103,0.14918951804854957,0.24952997450815126,5.1730744479269,4.34371676777775,0.6381241590778575
13,13,102,0.15385735284157592,0.24351954469757162,5.906314648524542,5.061444829566539,0.6633711740886311
13,14,101,0.15531485257458272,0.2485863001686065,5.476859021990747,4.657733058572163,0.6317418361240115
13,15,100,0.15123562909492094,0.24205289796638965,5.088740004634893,4.684247668051921,0.664195441565981
13,16,99,0.15662511030208065,0.2563233633352334,5.100154835673592,4.2135172630078035,0.6465953889148512
13,17,98,0.15409215534565723,0.2496120264428938,5.201734772056698,4.575097200973502,0.6324992131186109
13,18,97,0.15127290687628442,0.25560042634456626,5.25287633766085,4.746661087731693,0.6452836207565235
13,19,96,0.15022255324331785,0.24422467831314532,5.521828582319367,4.582849019186075,0.6700470652043632
13,20,95,0.14846775320401193,0.2566167694546709,5.534254146737206,5.11588635660956,0.6319116676510237
13,21,94,0.14908826334547218,0.24468955465888512,5.2221651653383825,4.637759245035892,0.6658986278581922
13,22,93,0.154574202648581,0.2538191273745996,5.608881190173143,5.321728139998565,0.6461338716956496
13,23,92,0.1588069738703081,0.2621768816615693,4.971222705507207,4.260498777770845,0.6434973747235756
13,24,91,0.16046636642671938,0.24625209821990582,5.570260863476631,4.82243911883647,0.6405861248045981
13,25,90,0.15060715819559836,0.24772640768893942,5.443524788151408,4.742582684836485,0.6720825131532939
13,26,89,0.1581501661237911,0.24411208561411774,5.233089774127501,5.01939153409545,0.6531820605969821
13,27,88,0.1599739735599227,0.2559165500395674,5.937241596713887,5.295338269230744,0.654481821614582
13,28,87,0.15487707843477383,0.2565154010714969,5.657543545393785,4.98663244551548,0.6371401914574593
13,29,86,0.15792544806057845,0.24363333934481515,4.858488717581638,5.442982188121394,0.6346116259496909
13,30,85,0.15534000014040877,0.24481523365583066,5.105032849450916,4.224243356338619,0.622566830807459
13,31,84,0.15470516900616912,0.25701569012587916,5.737562150951969,4.998145299982933,0.6406231175315165
13,32,83,0.1526381132192228,0.25408465773954053,5.07649842475124,4.606385663666785,0.6550320862602123
13,33,82,0.1592055380628542,0.25621977598364415,5.191757140494525,4.1478714311765765,0.6191837414173794
13,34,81,0.15637975655631822,0.25277308033927426,5.7171200745216115,4.908663256651518,0.6388590792071717
13,35,80,0.1512259966315684,0.2464597765143364,4.782352883312836,4.067113003150137,0.6183989503427089
13,36,79,0.15770955783762577,0.24869807115355538,5.588918046783984,4.51058638899613,0.6828786521008767
13,37,78,0.1517110976106511,0.24790592756153956,5.190665905638099,4.828870260018796,0.6498538290529781
13,38,77,0.157361716585295,0.2528196442177413,5.094288271136207,4.444214376008714,0.6600470016585619
13,39,76,0.15546019781527637,0.24242309185138497,4.827267330220666,3.9106244248469446,0.6504810658259459
13,40,75,0.1564984273409687,0.24756687328934537,5.21425877991778,4.976362902871902,0.638318455337674
13,41,74,0.1599685015027975,0.26691026653311256,5.511165579131196,6.192552152765317,0.6576703205571717
13,42,73,0.15061769104982023,0.25094475037693487,5.077112227556411,4.803490950591221,0.6580301080727828
13,43,72,0.15916796964445604,0.25513015134241057,4.9087498854938865,4.401381116422315,0.6291885962603991
13,44,71,0.14812862224247858,0.2507189772081055,5.105914664303821,4.901673011652608,0.6330154511745121
13,45,70,0.15454048291996628,0.2517905325384007,5.113256108717389,5.195070029877765,0.6505438822868698
13,46,69,0.1554264410864412,0.2510329113264931,5.2359089465307935,4.293720838113665,0.6695581970983937
13,47,68,0.1656399121956276,0.27868073745090804,5.332486444471434,4.880226832177064,0.5946906243530267
13,48,67,0.16805127051113797,0.28179757471020245,4.811525875952533,4.06519358520844,0.5794477371970382
13,49,66,0.1735272234565108,0.2877909420192662,4.84728124307709,4.036897718552949,0.5934337475100542
13,50,65,0.17138625140611677,0.27172634729280476,5.2967610009834,4.619284362726874,0.6151928785426628
13,51,64,0.17341116027195183,0.2717810761719244,5.347227049995984,4.8340775566646155,0.5759894353265061
13,52,63,0.1739229836924456,0.2778559460667767,4.791254827032729,4.0053151889301155,0.5890359553114004
13,53,62,0.17528880539154512,0.271868987257518,4.936228696915145,4.959862045458577,0.5900971397516059
13,54,61,0.17741751729786942,0.29905274182320496,5.164615833436054,4.248900615022592,0.5711533205698359
13,55,60,0.17549431848705688,0.27392190460411425,5.12466865353142,4.4871078570422815,0.5897709618950407
13,56,59,0.17745838479459639,0.27125774965933397,5.325284628568527,4.388630588896221,0.5827712706272673
13,57,58,0.17718646213464595,0.2972620414527799,5.353081152700941,4.61545872260328,0.5853813293752259
13,58,57,0.17476284496767266,0.29466369791714975,5.116209496469419,4.463259476066351,0.5793841601441617
13,59,56,0.171790462338948,0.2870126445751563,5.19095129754418,4.130696759613644,0.5780459031965536
13,60,55,0.17273353535739294,0.27691987014569036,4.9437921968724385,5.098332079462671,0.5842068765986567
13,61,54,0.1777623246537631,0.2953400230978673,5.616931708445069,5.005095004796267,0.5882766839351653
13,62,53,0.17850612911170782,0.29481222617181063,5.547839514464233,5.638351919237077,0.5991395030107142
13,63,52,0.17528414422541017,0.28407727804187805,4.561083670866063,4.240946641836266,0.582584653209834
13,64,51,0.17878586393462562,0.29175646726636967,5.133877155080628,4.771767865429219,0.5584619155024314
13,65,50,0.17682672027523852,0.2812165274475964,5.054624549085144,4.394728984596146,0.5950344534682517
13,66,49,0.17468299669424248,0.28479657328693403,4.8048176963147196,4.180241541179289,0.5714165457417978
13,67,48,0.17533929083214372,0.2822127554293903,4.968317495823978,4.413264185742576,0.5933450021994536
13,68,47,0.1771983489855932,0.2918100597145579,5.456195617629234,4.621211047716248,0.5796977643860518
13,69,46,0.1782725048340113,0.28465497091210695,5.1719574944905755,4.502245679209353,0.5678355889953605
13,70,45,0.18001585034966494,0.2960773828305227,5.3736419565809195,4.476503738307323,0.5547113479125803
13,71,44,0.1823455626899129,0.2945400415133774,5.296588221450325,5.051312773867743,0.5620980492365687
13,72,43,0.17687395884632634,0.2926504738550277,5.124256633187979,4.18216923224673,0.569229868421402
13,73,42,0.17706417677166872,0.2827763282000218,4.982152104258167,4.711713733130192,0.5787298012755203
13,74,41,0.18189064134700061,0.28024294905118147,4.899591642529461,4.254974825502476,0.574762018282498
13,75,40,0.1767950296915945,0.27356579078405824,4.96868249454274,4.6957388606911215,0.6076416383264136
13,76,39,0.18689814492705964,0.2958915810286033,4.929395129176399,4.319631090586841,0.5723763530925895
13,77,38,0.18632915773433945,0.2803499819658122,5.093467415307094,4.088612076607002,0.564982483955171
13,78,37,0.17976924332859542,0.2929237238420569,5.039633417232643,4.584415351020514,0.5750588595874866
13,79,36,0.17465174871707326,0.2795625232181442,4.948624265566973,4.936821168839998,0.5901487093947727
13,80,35,0.17567530313352242,0.28398263610276114,4.997260532593206,4.560381557793987,0.5573139380749668
13,81,34,0.18270374306909198,0.28467499679569613,4.971165085444877,4.021485873431622,0.5907840173795322
13,82,33,0.18259153372778233,0.27935400679251665,4.6450754115912165,4.523388424719262,0.5853089006093101
13,83,32,0.1834696211025982,0.2900106576234969,5.020769675878547,4.698900018127639,0.5685803827783331
13,84,31,0.18505446503268655,0.29220995780335984,5.217508853338616,5.1313488706890125,0.5721643716296728
13,85,30,0.18035421387687264,0.2949469334176166,4.805082798755609,4.098971710428297,0.5656561021064467
13,86,29,0.17874366005052517,0.2968695818501706,5.336507861381557,5.368504225433144,0.5757461124704011
13,87,28,0.17794685154374737,0.2917710635825197,5.270029492977555,5.017723400743875,0.5713615379306592
13,88,27,0.18427725487472643,0.2951441559249178,4.998577915353234,4.370696669466541,0.5630872717955696
13,89,26,0.17983400364092927,0.2881019771090669,5.22152496472745,5.984720537627781,0.5735527752887181
13,90,25,0.18493995629221022,0.2839116444207873,5.532410441315717,4.804358965263506,0.5891820210569395
13,91,24,0.18869416789253923,0.29251861436259385,5.667090271489803,5.6382078730783585,0.5736428874058439
13,92,23,0.1781254198440065,0.2820139609750125,5.328665156874072,5.5475139019345265,0.5764268007667228
13,93,22,0.20613973306184738,0.30994342883016784,4.795409965497085,4.175244708828107,0.5119116533412983
13,94,21,0.19691363212829333,0.30373982831346785,5.04120096439188,4.343999745385655,0.5216049806543465
13,95,20,0.20815355364392718,0.31739694831575327,5.08417571507746,4.630212318550603,0.5039534921609359
13,96,19,0.199350273694916,0.3043945800378697,5.807336741594457,5.434764819594144,0.5379484118726963
13,97,18,0.20443589511729734,0.3313908488579355,4.7377771171420875,3.858896848043041,0.5105674331676383
13,98,17,0.20171568966283845,0.33544206911729724,4.871712747205759,4.5417178688907045,0.5291946443838887
13,99,16,0.20421164285858587,0.32944204898662494,4.747866326525147,4.664634345052566,0.4861539313450368
13,100,15,0.19238816281309457,0.30308164503588764,4.650638867175573,4.432057309284099,0.5305327523532547
13,101,14,0.2108272344860633,0.3247015210287718,5.047527482033589,5.0481161087525175,0.5246265567741505
13,102,13,0.19535131976832606,0.31073203702864804,4.9273197736259675,4.6128419239604925,0.5164027137844788
13,103,12,0.207354759452087,0.32470186677682583,4.697872243060157,4.6380806586902406,0.4956427662467136
13,104,11,0.1975997093031923,0.30971604720151974,5.03884167239236,4.6458226694224365,0.5250895652393242
13,105,10,0.20681973986720523,0.33379225523616096,4.769344696284152,3.847022495619854,0.4959887445717795
13,106,9,0.209820150738811,0.3418859905523947,4.5008777808841085,4.138989667266792,0.49805020104329356
13,107,8,0.2120248997537252,0.3393462599090598,4.9492307291257935,5.7828127816542505,0.4970979912780765
13,108,7,0.19835669985269952,0.3338172880535835,4.985787717171675,4.363763092835704,0.5028871462766237
13,109,6,0.19893468866248493,0.31033126517588006,4.979965306744265,4.975910785753038,0.5224043386958994
13,110,5,0.20879034656545287,0.33763295299345947,5.011572268590381,3.935001279371123,0.5170137441718267
13,111,4,0.209678410529694,0.3542258378774353,4.939896907403302,4.587264998522716,0.49587065427352744
13,112,3,0.20698844419861878,0.3404875444330755,4.851771782075775,4.223059829704299,0.5086181113030649
13,113,2,0.2026545434829037,0.32571065977630154,4.791609117291035,4.489596128335397,0.5210078432011425
13,114,1,0.20859409958397387,0.3344479571757777,4.59844377122125,4.269828755561144,0.4997976146394371
13,115,0,0.20640269508033582,0.31501586361527306,4.4100929795955786,3.743981881907657,0.5173235041606586
14,1,170,0.14842169021353452,0.23598498408932683,5.365401998389871,4.61149127750389,0.6638239809351711
14,2,169,0.14924701027125772,0.23933178233754338,5.1236504362596715,4.547735187137973,0.668378131661598
14,3,168,0.15377016610356856,0.244926706801968,5.066016730996853,4.608811663559055,0.6299027552246079
14,4,167,0.15490998372776213,0.24503449583504439,5.381217500062068,4.162891308474043,0.6574196806595877
14,5,166,0.1518584103286666,0.24394299859551316,5.020053342043962,4.103138758568907,0.6517962725496301
14,6,165,0.153120669084203,0.24441278084798762,5.264054397492195,4.649789060275234,0.6355797118720543
14,7,164,0.1503859278082215,0.2425717458247937,5.747121846809813,5.198015537018107,0.6515062545817255
14,8,163,0.15138514075776566,0.2396567803188526,5.0350378754655996,4.158440079192582,0.6697619805456968
14,9,162,0.15307200585668077,0.2444003277179094,5.623914437228427,4.942560294167495,0.6647264617174136
14,10,161,0.15591872626911682,0.24753031835946498,5.343897513850958,4.613987656732478,0.6447436573318596
14,11,160,0.152381759686796,0.24185437616724287,4.736631247960332,4.424526604117371,0.665428169116455
14,12,159,0.1491431011363788,0.23430813357309446,5.314162546096107,5.008978999259231,0.6404001291957712
14,13,158,0.15925622124293443,0.25066538217868434,6.005541755647534,5.0225470995121,0.6486919976199632
14,14,157,0.15598043325908478,0.24840730444569126,5.698114011537802,4.563550326779901,0.6582647208245922
14,15,156,0.1494515723101533,0.2395037581720973,5.861089180842967,5.18242500238035,0.6504049652036319
14,16,155,0.15344958235476494,0.2443135448322576,4.989817423766833,4.355191119431859,0.6483361225864923
14,17,154,0.1498045888833438,0.23731707630854332,5.723195802536374,5.858654572631761,0.6556198100275662
14,18,153,0.1578855825184856,0.2450710778611738,5.099857256916144,4.373788159282491,0.6304306292927818
14,19,152,0.14899717553234715,0.23158318818263818,4.629819944745111,4.091344862034314,0.6551741060892582
14,20,151,0.14949314324257731,0.23270404743410417,5.068476290105243,4.722524350298514,0.6858663135014336
14,21,150,0.15850135942062,0.24626557803776367,5.149405826871325,4.2922230876794485,0.6536823480822054
14,22,149,0.1608313137760144,0.24211922435432431,5.328251768333715,4.445578100544105,0.6298095507068827
14,23,148,0.16177366469575988,0.24351073983393706,5.201090043511438,4.361928082324068,0.643026751646525
14,24,147,0.15921098422522278,0.2416976686444097,5.274067540931043,4.062131506607574,0.6556883099899696
14,25,146,0.15796991757903794,0.23949709307570144,5.195623696468495,5.155184461412058,0.633220251634326
14,26,145,0.15996384717359516,0.2451593958575952,5.3025446653344375,4.738590228165199,0.6372056522541687
14,27,144,0.16227591538181743,0.2466869452089658,5.363523412224806,5.502518040135014,0.642640143923625
14,28,143,0.15868053926422557,0.24230426551539927,5.334637123436318,4.679939736143033,0.6433144814431035
14,29,142,0.16135471348026123,0.2469327565247513,5.319410773661958,4.41464110220025,0.6482893547234628
14,30,141,0.1555838585901236,0.2391008794133973,4.840961542137567,3.996094978965118,0.6466958235220944
14,31,140,0.1633016678910619,0.24937593768308983,5.550808209677636,5.158779757742882,0.6679194231079846
14,32,139,0.15561542460331737,0.23590506293342492,4.845251712972768,4.187283376349874,0.6469827901250975
14,33,138,0.1564226979023591,0.23567917402650315,5.440666819249897,4.421063243272216,0.6587549733082645
14,34,137,0.15989854294566194,0.2416346430156476,5.744510024712651,5.243227949830917,0.6568375444646045
14,35,136,0.16828760638847795,0.25762967827354516,5.379115438989102,4.2778565635131285,0.6405370141937999
14,36,135,0.1651820436370612,0.24998676910737622,5.285683954069132,4.526499139552309,0.6505983591832564
14,37,134,0.15428691162448854,0.23515800376592372,5.113359742084535,4.244051629674974,0.6564007646026726
14,38,133,0.15719867711486316,0.24081381345661687,4.978810348280371,4.194473598452882,0.63818994062817
14,39,132,0.1600793602351296,0.24678286225336477,4.987881968066569,4.079931608906725,0.6451965895146321
14,40,131,0.16107596224106605,0.24649162729876722,4.930354364596173,4.666878231350476,0.6194827981785591
14,41,130,0.16268863275002646,0.24709678946425837,5.133087381996139,4.300188309135998,0.6408838211182502
14,42,129,0.15352302814147467,0.23632620000524818,4.769689429070391,4.398492054027978,0.6557153063923346
14,43,128,0.1620134003894238,0.2484414960256662,5.1747846734874265,4.822375412742134,0.6218469579162689
14,44,127,0.1595479845188538,0.24374761637212292,5.464486057297069,5.231169467995274,0.6404020667803859
14,45,126,0.15622834182566905,0.24296410846793537,5.256761453188201,4.8916243069746645,0.6753488428192358
14,46,125,0.15429372439016256,0.24232441763322807,5.031036588356944,4.350540838977241,0.6597060018768854
14,47,124,0.1561522490932935,0.23991891696033313,5.738411813690637,4.715215996436942,0.6447728554354437
14,48,123,0.16190444853069558,0.24786202851815684,5.157480468785256,4.511616732736469,0.6418762582757902
14,49,122,0.1616822109720331,0.24896143039707294,5.746416910084523,4.961673865024284,0.644593921866697
14,50,121,0.16044454897736957,0.2521396044946174,5.392962385777803,4.728226418403916,0.6383647376583482
14,51,120,0.16194204198434387,0.2526653990031393,5.356246445912026,5.081072483113287,0.656203767997533
14,52,119,0.16135954234140867,0.2515499615761842,5.0222447079960215,4.58782635983675,0.6482749671240878
14,53,118,0.1640248073333014,0.2563322037415223,5.165581685600922,4.403491778969212,0.6281071893421334
14,54,117,0.1642974317981382,0.2613090659420388,5.357794593106011,4.518363916697197,0.6472867083349676
14,55,116,0.1614905685623014,0.25650591075095536,5.741450459480921,4.714869004924443,0.6285366658698475
14,56,115,0.16213761956518355,0.2588865126642978,5.209577614872462,4.765519934968127,0.6293089859818526
14,57,114,0.16307477438756185,0.25806207631487227,5.435646413175119,4.172835263284451,0.6524873895219595
14,58,113,0.16370642746319547,0.2573748582256564,5.217906943384604,4.625181612771914,0.665186188169425
14,59,112,0.15671086366858428,0.24696064169068122,5.050521623227247,5.179945840746854,0.6469807190587282
14,60,111,0.15499059697215198,0.24493316545523522,4.455725786185594,4.021408785638802,0.6502695231885084
14,61,110,0.1649183388053297,0.25903121935575146,5.305828171149195,4.384529132931772,0.6532390986531756
14,62,109,0.16709962544399526,0.26342831019390045,5.262804415296565,4.913550013174673,0.6383537597604989
14,63,108,0.16223144337898587,0.2527971213811743,5.838927459917262,5.784264526801864,0.6449074353678793
14,64,107,0.1598601136591078,0.2469571305139757,5.340926121103001,4.800034511107091,0.6795303215501809
14,65,106,0.1618996861702945,0.24960925458769836,5.3611935865944655,4.756818588345846,0.641422532748807
14,66,105,0.16113826418275992,0.24746608410562773,5.048989519084303,4.108427689658629,0.6635356837890023
14,67,104,0.16646477741633556,0.25363496762031196,5.107477260232778,4.56501332842598,0.6563259300201769
14,68,103,0.16049196526013304,0.2497747356723195,5.17670138917692,4.764056605113575,0.6406271758249166
14,69,102,0.17798407296853533,0.27595178544230525,4.634751078024532,4.438942312977214,0.5792824757559246
14,70,101,0.17819938652521586,0.2724574098749943,5.096430578393889,5.101563846043859,0.5991048329865247
14,71,100,0.17752761645996815,0.2743343186960657,4.705571182339307,4.569594232116131,0.5775368732308963
14,72,99,0.18027150005805456,0.28072793274307734,5.108582488837453,4.165165847325314,0.5858708716727076
14,73,98,0.17799969496847784,0.27980876975924457,5.377405307819743,4.9358043453414595,0.5798709090482005
14,74,97,0.1772033603376966,0.2825932905256171,4.786590383092296,4.37302880333635,0.58032561064701
14,75,96,0.17670380056858057,0.28333682205805427,4.40725339250276,4.308788360811199,0.5737730756486507
14,76,95,0.18069607081043018,0.28824777500528187,5.108672679329759,5.03884661928535,0.5908414945450055
14,77,94,0.17544893181178592,0.2794143717311557,5.359154225166947,4.385833377178886,0.6131887491757517
14,78,93,0.17922420391019192,0.2804784307885434,5.326798050478381,4.78746843820269,0.5854818970342386
14,79,92,0.18154036483720204,0.28477240013001376,5.1554183312320605,4.591797375652933,0.607654206082549
14,80,91,0.181842071566315,0.28349786320348247,5.154871513061174,4.3610008800712095,0.5633023303158141
14,81,90,0.1782178744304306,0.2780742893078811,4.91289192124635,4.042200914987005,0.5731320842431521
14,82,89,0.17237282992927652,0.26902614250883455,4.966321636645755,4.293565129143776,0.5965045630798027
14,83,88,0.18308987215035552,0.28362554577501237,5.329160957047804,4.302224861839004,0.5797159079303055
14,84,87,0.18510862763770705,0.28667917771213014,5.224857384742265,4.606622893672484,0.5797348603859437
14,85,86,0.1761306305463744,0.27197316449349596,4.702292331133274,3.9694269854943087,0.5863728532670535
14,86,85,0.18488559003699365,0.28396966614133423,5.305720187653847,4.31984090494893,0.5796891127486179
14,87,84,0.18549235803886355,0.28615902505858154,5.061604275700997,4.314189293320115,0.5687752400425649
14,88,83,0.1759679482598956,0.2753648606804436,4.770522128639479,4.464756954575016,0.5875810055964823
14,89,82,0.17963074964508724,0.27951553705031557,4.799046354742748,4.751247881734954,0.5738556652115079
14,90,81,0.18730898281469088,0.29232680726953547,5.018817380538846,4.637314322277371,0.5922646264192026
14,91,80,0.180002619919669,0.28189088940179075,5.001020298042927,4.688898759912098,0.5697208910346957
14,92,79,0.18191562246358212,0.28453753089183065,5.606096654317097,5.817342519928488,0.5815951498546953
14,93,78,0.18217390223338875,0.2824998253499141,5.163303618163584,4.329372215052467,0.5754389136990277
14,94,77,0.18624392986839997,0.28682698243192484,5.267684045693315,5.235238712981831,0.5819722530573973
14,95,76,0.18918911480071357,0.2938886240000734,5.040294076658663,4.332614030824419,0.5773681328951238
14,96,75,0.1846528360773759,0.2915571201142158,5.0351311751286865,4.451408133029787,0.5653778003326088
14,97,74,0.17908846442204449,0.2812474930498026,4.820684754588738,4.085717629046022,0.5707852403151192
14,98,73,0.18264677317351188,0.2924806347989027,4.957167203471458,4.037346275288438,0.5782672818086578
14,99,72,0.17793147062246012,0.2853609843471229,5.459354933746375,4.935987268309969,0.5927770621708731
14,100,71,0.18741687199061022,0.29942181420249436,4.975115174234255,5.021568689831923,0.583864492400083
14,101,70,0.18168278362800203,0.28303481165759337,5.1286072707252455,5.309282579409389,0.5864130350696398
14,102,69,0.187985561490046,0.2931161154786677,5.087863040947731,4.52212885885812,0.5565671446611349
14,103,68,0.18224993667677977,0.2807958851220745,4.9710803557116305,4.546438748057556,0.5765249426243297
14,104,67,0.18987236692765028,0.29805104572453317,4.930060235470194,4.14781557739004,0.5646281670229387
14,105,66,0.17980351077233622,0.28466968115820174,4.9374685653666734,4.025776016626515,0.5833521396283425
14,106,65,0.18645270941623127,0.29943707653473545,5.485819092455028,6.223926542595122,0.577657608253637
14,107,64,0.18245975481918644,0.2889056247794602,5.148009742452135,4.724628663839083,0.5769037426205199
14,108,63,0.1817513135310408,0.29061159648253176,5.072090254004509,4.494945237133629,0.5744440886078244
14,109,62,0.18732910503922323,0.3001926918688366,4.91456731266004,4.598937654187506,0.5607464501942807
14,110,61,0.1849708159615469,0.29981061057876857,5.349581158010567,5.46390827225638,0.571182083208998
14,111,60,0.1848142545795424,0.29963939352825925,5.137814383112317,4.391026103990354,0.5647485642119495
14,112,59,0.1844359825286613,0.29789177763593605,5.445888431086631,4.579680946499723,0.5721405094975937
14,113,58,0.18569326612825068,0.29657773677663246,5.607234761248991,5.072462295870665,0.5865493501875074
14,114,57,0.1878996508273716,0.30136388008387,5.005734197532369,4.556659304421781,0.5706713239113312
14,115,56,0.18559420930942747,0.2956200968453925,4.996733636121862,4.2179786588682235,0.5690775248352176
14,116,55,0.18947875521276525,0.29487819061495973,5.0242788061147134,4.434201184622408,0.5536898427566027
14,117,54,0.18744115062676125,0.29239144451157584,5.298459102251348,4.387732427755652,0.5687998534646143
14,118,53,0.18457056870238808,0.28787278206353223,5.447043215167209,5.201479148814947,0.5936182414550024
14,119,52,0.18350837849256427,0.2866596050268605,4.868681529646359,4.943962278019298,0.5820094123664777
14,120,51,0.18953963342409896,0.29490319739866294,4.63945050758343,4.850085959011252,0.5428775091022594
14,121,50,0.1903079024822628,0.2930032838327962,5.603595519257167,4.432220074312177,0.588153467420073
14,122,49,0.1845535278661912,0.287581026906411,4.882930588642109,4.215588474378111,0.575582406658839
14,123,48,0.18614674427976294,0.28899210792789515,4.934778546569883,4.669236580588857,0.5654239446869069
14,124,47,0.1914718851090878,0.29567704768940317,4.969892301531431,4.4491996955430375,0.5517970932866533
14,125,46,0.1882849601696131,0.2881336171877871,5.631254286819266,5.263816466574779,0.5769579819699218
14,126,45,0.1883318326945068,0.28248294695417064,5.296637497433424,5.575734364953204,0.5735129031790055
14,127,44,0.18944961710737637,0.286274597423419,4.679786651214155,4.089128018151181,0.5756650133471327
14,128,43,0.19321942772425155,0.2912302645158707,5.100441345653712,4.714797171194353,0.5688407706350027
14,129,42,0.19563674900079936,0.2953237057548569,4.749557794614699,3.9080706123994577,0.5677793105168389
14,130,41,0.18747653363949765,0.28742193883745737,5.4942483778692335,4.916145113761925,0.5717581554223534
14,131,40,0.1911962848289707,0.2937220900802052,4.954823250027108,4.282403930247275,0.5705474839275053
14,132,39,0.18514450416310635,0.28157580518146913,4.873920000420341,4.225166047185153,0.5916799800219263
14,133,38,0.19928884809566558,0.305881911472108,5.325183795689686,4.812768245653114,0.5645654576879738
14,134,37,0.1874146911708242,0.2872540296076423,5.064169309768653,4.631780028644145,0.5783164353188859
14,135,36,0.18959415380384262,0.2917729816688991,5.833355268770427,5.374410924613673,0.5858957612761739
14,136,35,0.18565731614593198,0.28516402230213544,4.769546958536001,4.835769891703231,0.5663321724573843
14,137,34,0.21555992965132584,0.33337148857238846,4.688279978486861,4.27028657430887,0.5203028330877488
14,138,33,0.20210763071538665,0.31176457033461896,4.9174582458908755,4.3945106739660975,0.5377907567637846
14,139,32,0.20549652561238935,0.3211856495629994,5.146228519363705,5.634387478017646,0.5531724090250845
14,140,31,0.2205994552349065,0.33863770514727964,5.118987934679111,5.307089287636822,0.5098490905970166
14,141,30,0.217262910641496,0.33123944741649225,4.838058934380394,4.071739833244675,0.5096641204103972
14,142,29,0.22262527948439692,0.3420980960730063,5.048561738430276,4.406562886244477,0.527937792269271
14,143,28,0.2028328927814842,0.3124649791884722,4.975659342102103,4.1911380724465,0.5357064136726455
14,144,27,0.20836024651572196,0.31998083445960185,4.552449106685599,4.17867891298415,0.5389294449985323
14,145,26,0.20676052658427013,0.3167357422518852,4.6739688227281935,3.931973556671194,0.5284982878886386
14,146,25,0.20864376005724983,0.32459209352293034,4.958304622286938,5.094731458925791,0.5321431591963
14,147,24,0.2141158491681499,0.3246568673018337,4.565771931861843,4.100251260816031,0.5451676272738042
14,148,23,0.19854875149545145,0.3007969641207402,5.053974750986834,5.0644931078669355,0.5492002945557567
14,149,22,0.20094368799327553,0.3036137125723615,5.513519222085911,5.062481238147838,0.5343697077107153
14,150,21,0.2213300180527341,0.3309506851688953,5.812401102551314,4.943494374228522,0.5078154137686806
14,151,20,0.2248370480508692,0.3372885149312315,4.497846405067751,3.9815350859905037,0.4924353901859423
14,152,19,0.210077716216269,0.3164170865953115,5.290553987285767,4.936858374182279,0.5157056954552581
14,153,18,0.22299204422556276,0.3346107440631068,4.679395368319756,3.9412924345164844,0.5105925746663529
14,154,17,0.21237826283117048,0.31862331925954623,4.782363514481949,4.284326396230203,0.5130219075078856
14,155,16,0.2123671313913556,0.31539112570649863,5.0794920349163615,4.44028746527995,0.5348489975021654
14,156,15,0.22833013567135638,0.33417271790449765,5.310794300338904,5.077379394081232,0.5177740167973799
14,157,14,0.21622321588727877,0.3200101409240923,4.518995424524541,4.115168076611115,0.5101102786020323
14,158,13,0.2213410913756182,0.3342608206169002,4.758204523191894,4.078106718944169,0.5005144562876604
14,159,12,0.22400527985818355,0.34283256945438206,5.471151495969972,4.47059084674403,0.495865762059555
14,160,11,0.2256165480047274,0.3451512082583947,4.753145041785816,4.564255383301453,0.49060979022814116
14,161,10,0.20520609754185626,0.31841547683522065,4.74660117327258,4.167598974691626,0.5298712051017357
14,162,9,0.21483565119580775,0.33546246886695247,4.404106251052828,4.160022890842312,0.5265694729170176
14,163,8,0.22024583619402302,0.3429710507258994,4.672960107737056,4.505712251038996,0.4977949592772742
14,164,7,0.22111014964348352,0.34591288331642056,4.735049487875695,4.186759852486298,0.490177928597623
14,165,6,0.21874928679493488,0.31789402580374765,5.258754584933351,4.804691374783499,0.526873204228104
14,166,5,0.2238374933055701,0.32806441205706227,4.813057677792153,4.40926875121371,0.493290470972598
14,167,4,0.22999819235712313,0.334045709971804,5.193563971903569,4.753279001221887,0.4996474064719232
14,168,3,0.22936040938619,0.33539099088661956,4.8323111165181425,4.284559620409687,0.4991719442003912
14,169,2,0.22970588239364034,0.3349704843101671,4.924194546972833,4.878493767546425,0.5144166992967947
14,170,1,0.22143187860331903,0.323842560883421,4.971497945313356,4.317061879554978,0.4987703047755483
14,171,0,0.2264195764262315,0.33388012372778464,5.018692686707958,4.860248673395478,0.4951344238790658
15,1,358,0.14870538709759232,0.24356719185707718,5.327668204791035,4.662042562405314,0.6431431382573161
15,2,357,0.15205523505946578,0.24777957826250477,5.834733342185808,5.493859350199616,0.6506936417616768
15,3,356,0.14956341533685852,0.24429753749878994,5.22417631675213,4.406606641951054,0.6474159564375912
15,4,355,0.15021798188175367,0.25628019675610797,5.396943009093038,4.481794002515474,0.649685524359944
15,5,354,0.14658838562876406,0.24614654381867965,5.515525912081223,5.166946825978339,0.6523627588708416
15,6,353,0.14361956006268015,0.24701064795071737,5.1186610182272165,4.460791947096067,0.6619476082685092
15,7,352,0.15335661473268763,0.24955769939274888,4.589160018254455,4.122639681015314,0.647119857764254
15,8,351,0.14727624882779058,0.2415792505043508,5.652979557636413,5.597917060474359,0.6508304379259975
15,9,350,0.14771763144267722,0.24416789763945876,4.894023177338525,4.2940941033953335,0.6551827324301364
15,10,349,0.14411183360811786,0.24763848303054783,4.766648996730467,4.286386578385146,0.6375262676734249
15,11,348,0.14623096231534968,0.24480347975218508,5.057617667559606,4.598208400238539,0.6361139303429132
15,12,347,0.14752159956799743,0.2515256439162144,4.842540044961941,3.743618210814462,0.6778870323219658
15,13,346,0.15142253746727544,0.2544123604903857,5.878581019265783,4.791141548073785,0.6621894601604889
15,14,345,0.14861712886635403,0.24766071784646593,5.417325946442764,4.472869386204007,0.6468110000317637
15,15,344,0.1511816153037552,0.2524121024022806,5.297860371931703,4.59183443906458,0.6330226302755403
15,16,343,0.1483335636950441,0.24103346991245558,5.6945438352032305,5.048383287741655,0.6731111819563861
15,17,342,0.1521224545426021,0.24797466575895988,5.513525756483668,4.629080841031725,0.6570247398591988
15,18,341,0.14942438205028277,0.2537127479408113,5.2603279787222235,4.7267943516635,0.6592264626451712
15,19,340,0.15326886198006703,0.26388397032085903,4.977077935464486,4.533024150366075,0.641345282288344
15,20,339,0.1525030493412866,0.26252889322629536,5.286339649693735,4.315518737793808,0.6350043329982846
15,21,338,0.14793592977530862,0.24273385674108147,4.983056264797616,5.115056961971295,0.653854812003473
15,22,337,0.14639451476817245,0.2503434533005163,5.242212336118019,5.988146781916301,0.6610647287296992
15,23,336,0.1524169861258718,0.2563830159781274,5.075570975241,4.281253946285805,0.650829288096168
15,24,335,0.1486308845436887,0.25352992387587797,5.221566916995453,4.526573661149188,0.657295545994652
15,25,334,0.1523746325766331,0.25403638171252596,5.0556251463859745,3.971119378275936,0.6458685295972031
15,26,333,0.148874520819704,0.2419389700968049,5.444586342218079,4.817228979561933,0.6796275231720714
15,27,332,0.15237216693916716,0.25951188421803595,5.401614067584971,4.743814497596422,0.655002884415713
15,28,331,0.1541316368566394,0.25259252679338184,5.67326943510221,6.378117918830774,0.633965378627804
15,29,330,0.1523780582918905,0.2566143340599627,5.399470502769548,5.002536536108477,0.6283887567144677
15,30,329,0.1501539882571759,0.2467006922847521,5.252871307360852,4.245220524946947,0.6415024877426889
15,31,328,0.1534840515825342,0.2556758735325527,5.3575138481218225,5.233896836827968,0.6420377794874697
15,32,327,0.15420854639387344,0.2615506017757835,5.455321467657884,4.9276826742422735,0.6468308118515733
15,33,326,0.14586578815831397,0.2515847875362476,5.03506067958169,4.445910589590643,0.6462766339298892
15,34,325,0.15123897769103417,0.2547139217434175,5.56286224425593,4.63480032258307,0.6448981968737919
15,35,324,0.15218846272989026,0.25034318515044607,5.843438953181929,6.372714830699291,0.6736773421448384
15,36,323,0.15077405696469645,0.24754377803194375,5.19784347966755,4.3781472494895395,0.6758414864763517
15,37,322,0.1541627124303198,0.25299277132559683,5.395885849485936,4.846222406297021,0.6544691151450048
15,38,321,0.1549105164515342,0.25425256056949797,5.186312198951528,4.380020426145836,0.6642467130739035
15,39,320,0.15371975897921325,0.25120688395960145,4.865086886374737,4.244975265901074,0.6420746011973707
15,40,319,0.15731736634606064,0.2468464811846295,5.638244775421727,4.955748497048234,0.6711891754879084
15,41,318,0.15215041620788203,0.25595016571952844,5.16534489184899,4.336057905875212,0.6482985614954179
15,42,317,0.1594399670342055,0.25624080972153773,5.474989285751973,4.754262314236781,0.6402941581123337
15,43,316,0.15374508081661462,0.25839175197563863,5.042849709871243,4.088397647413768,0.6610138878300712
15,44,315,0.15533823856497406,0.24598347328828302,4.246620158726891,4.029882224873703,0.6508464430223864
15,45,314,0.1541000378637138,0.2499006668068992,4.63102496943209,4.424554627610235,0.645825717563353
15,46,313,0.15595381686516396,0.2479519214849627,5.5242719247079135,4.555190273125485,0.675355219009118
15,47,312,0.15275525702540424,0.2611751645741593,5.4611354436346,5.174370862521121,0.6289180050827892
15,48,311,0.15570825450003958,0.2570052990239783,5.090212972177955,4.096202700407714,0.6448294750742862
15,49,310,0.15756374762250652,0.25408501508040743,5.958108235261979,5.914214732936699,0.6542497703526011
15,50,309,0.15568230034069203,0.2560306709752176,4.961219037274026,4.181719111711299,0.6565587728308567
15,51,308,0.15279514579604023,0.2559344654940942,5.896484375209342,5.43790799360797,0.6442951986647827
15,52,307,0.15044169975593255,0.2539709631294732,5.185703849589482,4.297770696224404,0.6735193395090974
15,53,306,0.14967404106107213,0.24538015017000198,5.111655052429204,4.441505592894771,0.6607781245080321
15,54,305,0.1565965490820814,0.25685324679490534,4.980788633895282,4.115822411850865,0.6552925493465096
15,55,304,0.15406990274023363,0.24943640810163736,5.134468266343337,4.903036101821229,0.6364409848286074
15,56,303,0.15907617169225427,0.24915385372209717,5.299732888940536,4.683758936965239,0.667963913073473
15,57,302,0.15086293892377087,0.25118141219513723,5.160570153978005,4.77804442455496,0.6689141550198237
15,58,301,0.15480356279350538,0.2587075165140703,5.530368556852524,5.16096494698807,0.659397132761851
15,59,300,0.15323747889596986,0.2530306598223113,5.412157596712402,4.366202876224637,0.6420124378581027
15,60,299,0.14901931071344124,0.24672780659054308,4.983849966178549,4.373156077420017,0.6607128916432994
15,61,298,0.1546378394755611,0.25258121821650625,5.233829546189715,4.545628429531591,0.6297550278927534
15,62,297,0.15916199262506783,0.26919130755973697,5.384882198466686,4.626375632170855,0.6200477378990307
15,63,296,0.15342223679939515,0.25092403160476423,4.99390171905901,4.808969748203934,0.6467844723099511
15,64,295,0.1646266300489642,0.26851310024727576,5.480252375299314,4.961444824465881,0.6423482100177733
15,65,294,0.15130634900582943,0.2530250808319604,5.587433015692091,5.007988162256098,0.6637864668302895
15,66,293,0.15939514077319825,0.2559197521141155,5.588637948261479,4.721245961982805,0.6473646257815756
15,67,292,0.1577019728552041,0.2686981104078911,5.50536370256795,4.994001426934805,0.6326080188204214
15,68,291,0.15338656068683146,0.2505540619453844,5.615012259767555,5.872036717269462,0.6578772456108312
15,69,290,0.1551408583290267,0.25082247150518533,4.9884280229716005,4.226865990657918,0.6463775241882121
15,70,289,0.15700451201310792,0.26274815942151547,4.79188677838129,4.889514356067724,0.6576522634632677
15,71,288,0.15254717797842737,0.2526086944477738,4.899372147118957,4.074613890700425,0.6360189195935059
15,72,287,0.16013781617756345,0.25983805175812125,5.190426011993127,4.443773777855562,0.6338250929068819
15,73,286,0.15633651608379162,0.24681236701794934,5.00821704723813,4.710496417580565,0.656535919744217
15,74,285,0.15677019416773366,0.25516316329543764,5.111372684408254,4.986906323115051,0.6632375013221039
15,75,284,0.16522025662082385,0.2685204368830636,5.601999675925672,4.522862031788901,0.6440261723547096
15,76,283,0.16287818625003914,0.27062640492921763,5.483644685611283,4.549682730810653,0.6416128873463155
15,77,282,0.15702349852640587,0.25311946237764626,5.339978384628971,4.219031996969462,0.65481993535994
15,78,281,0.1573285976021009,0.2590105959061553,4.805496512627388,4.198235111773745,0.6399930725026738
15,79,280,0.1546504258371622,0.2633193644084682,5.564283736834499,5.210815381155531,0.6338848752272116
15,80,279,0.1531920485006263,0.2627324534862938,5.119616531493658,4.609383292761356,0.6403721590146977
15,81,278,0.16028400764254347,0.2670871489374895,5.640133748453289,4.944796603991317,0.6456759430243972
15,82,277,0.14865887273357406,0.25705956697479465,4.659044063742565,4.282834459651469,0.6345870916317972
15,83,276,0.16201153975583776,0.2665702940909395,5.7278205553389565,4.88452559642345,0.6506950952339902
15,84,275,0.16089160966534172,0.2601700822762872,5.223375041236761,4.824318197388522,0.6622363325660526
15,85,274,0.1621542830337834,0.26495753217931206,5.394625533314622,4.240900848557639,0.6414202577641667
15,86,273,0.1605299745532984,0.25431425970967064,5.41735606962664,4.414685559788151,0.6399572272423789
15,87,272,0.15984419455771615,0.25438146311623755,5.450272179895569,4.560118760044169,0.6295458418366771
15,88,271,0.1602312116196997,0.2659389082240345,5.025081459568744,4.64452641428662,0.6455098574580075
15,89,270,0.16270117409897125,0.27204492960132265,5.317932284001493,4.859233172152245,0.6446828890519777
15,90,269,0.1589266420858809,0.2666879745026542,5.201391383302785,4.8799182913851,0.6369511044489683
15,91,268,0.15985853753847382,0.2650991848046182,4.984433140210973,4.285902754766351,0.6174565183725542
15,92,267,0.1603926051431641,0.2589733838338816,5.086260176570159,4.155044557841553,0.662783097227435
15,93,266,0.16068300716546147,0.26273186323285486,5.190875536045208,5.143308567261818,0.6388969298959032
15,94,265,0.16663665326654795,0.2671832343371114,4.84436024467518,4.060043931657256,0.6287058146745972
15,95,264,0.1604490612300229,0.26063847375848614,5.260623653519767,4.923121954431793,0.6481668185717445
15,96,263,0.159799290721393,0.25626742183357526,5.1825528702524055,4.111998415219589,0.6451509317646265
15,97,262,0.16041995791161734,0.25884007025381867,5.274437858537933,4.500743054399018,0.6624367737507547
15,98,261,0.15482523497670042,0.249365462302433,5.192633266845073,4.701135691938735,0.6524987594971542
15,99,260,0.169510909455817,0.26909560338642974,5.338267123576173,4.385790769771622,0.6452434445227656
15,100,259,0.16623926831939712,0.2609745347159256,5.348012742254175,4.854834463076151,0.6371874338876579
15,101,258,0.17129462590783098,0.26329223045406874,5.47483596437535,4.4948554874844495,0.6402011343567505
15,102,257,0.1613172100424533,0.24867884425800307,5.311634012541732,4.535198439364453,0.6595335703560004
15,103,256,0.16475003587229953,0.2700894223958584,4.720852861560163,4.1922239593299775,0.612030816537978
15,104,255,0.1638807833441035,0.27192971513678854,5.231921158222761,4.64772736796097,0.6594900493109488
15,105,254,0.1633907399892942,0.2618232838369447,5.320907351653604,5.42365060473472,0.6436170985437734
15,106,253,0.15999324077209595,0.2575337970962277,5.529545838928348,4.711824354575894,0.6432783670046549
15,107,252,0.16484679051218204,0.2768174959839853,5.239688502987068,4.785830636582089,0.6360687083078791
15,108,251,0.16484168209579014,0.26992386047787276,4.981408572488332,4.527635772415058,0.6225104240222747
15,109,250,0.17283693179387416,0.27117529101254473,5.419084301757856,5.1734918750379135,0.6546701375348895
15,110,249,0.161347897739261,0.25836791723401986,4.698191038969017,3.9955447811838978,0.6086280852524449
15,111,248,0.16492689774907335,0.26483957214569276,5.429343058907133,4.838909861158603,0.6687891747561397
15,112,247,0.1642844155425967,0.26309821548687284,4.945674875768482,4.377968281699857,0.6294404907855049
15,113,246,0.16833062896572235,0.2622733150056653,5.407932994455326,4.697501999365818,0.6281264791852949
15,114,245,0.16597472177807876,0.26152324179012254,5.11682743325693,4.439691664248851,0.6371320640786418
15,115,244,0.1650844440957478,0.26551382123276496,5.007724403621908,4.877277139909498,0.630118735988036
15,116,243,0.16642826689137982,0.2664678529135982,5.34995640936533,4.609298296299974,0.6445785935519842
15,117,242,0.16650231665251014,0.26332895182958965,4.915645364839973,4.042797477692695,0.6277449734018757
15,118,241,0.1679281871284399,0.27046619722139725,5.187266730920264,4.877150557013322,0.6351161335462235
15,119,240,0.16165340906176062,0.2644635331847808,5.23206963991777,4.894469604189089,0.6305151697340237
15,120,239,0.16875421395754292,0.27545234387991124,5.16037530319163,4.876469238013718,0.6229592466339628
15,121,238,0.16814464264615514,0.2642569461714784,5.015375600326845,4.530504277533659,0.6366316817634645
15,122,237,0.16629137286510548,0.2654052184361332,5.335878669737732,5.231856182503994,0.622005507607365
15,123,236,0.17131056982469156,0.2713299351129942,5.224151708760411,4.920396428301021,0.6328793329195564
15,124,235,0.16637683310296766,0.2676159692012062,5.312780255792676,4.9789740838329735,0.6373444051620644
15,125,234,0.1668563840491943,0.26565115637562026,5.2196353723635465,4.44147855881573,0.6318486045908237
15,126,233,0.1617296736055834,0.2654852293975126,5.521483504463557,5.6601783407652375,0.6411218075835634
15,127,232,0.16449119656186575,0.25868071867298686,5.667753845512308,5.5887845799992855,0.6406120468785742
15,128,231,0.17043933624310184,0.2711518986312197,5.387990338630447,4.897044859915512,0.645998677569472
15,129,230,0.16637335057043096,0.2645496463937855,5.535571422410188,5.350447866560905,0.6236477982796277
15,130,229,0.1672658150318716,0.27660732756156936,5.416310519825247,4.490159624859525,0.6544047891783812
15,131,228,0.17062789580960036,0.2719991459586833,5.418177012153357,4.69730754550123,0.6187685697728508
15,132,227,0.16998201147592287,0.26548824874927757,4.931233305266457,4.481263179129414,0.6172798952175367
15,133,226,0.1642937353786979,0.26001077211384876,5.432095509740696,5.709328974985678,0.640783073706723
15,134,225,0.1668346671988384,0.2646223287441886,5.355149760562101,4.421405615495141,0.6532695495621935
15,135,224,0.16946548128753922,0.26377472524024587,5.133698001651334,4.492836477198139,0.642954990674063
15,136,223,0.17189410714247721,0.2634723062194457,4.949805650024558,4.248990855119948,0.6556126942813902
15,137,222,0.17278957796168845,0.26994391792366046,4.834616218628695,4.591992390625694,0.6198575244560196
15,138,221,0.16650271421745236,0.2625802086942209,5.356574030405305,5.007260124906367,0.62877921911006
15,139,220,0.17020584054640098,0.26490149951177366,5.125471092558836,4.512101091333535,0.6270357806894997
15,140,219,0.17208814169539136,0.27442856878526434,5.2841267703754955,4.440165196751983,0.6000366431225986
15,141,218,0.1692386900782377,0.27411726556407684,5.251699745371428,4.467947196454375,0.6487201134976117
15,142,217,0.1728372267677751,0.27642816916419427,5.369276181003366,4.238160697136731,0.6273516792925734
15,143,216,0.16497977888149945,0.26547034058007307,5.775165233585826,5.075018354455215,0.6808668711073348
15,144,215,0.1820408254280134,0.29182964031263137,5.3633940942958205,5.734694156298294,0.5805933143810488
15,145,214,0.18468045447611728,0.29721260539738176,5.226681405987092,5.2145211083372205,0.5862106983086257
15,146,213,0.1852305748789551,0.2971810282059795,5.117881630392302,4.237891022423907,0.5901034146165487
15,147,212,0.18209800157387868,0.2968058846007512,4.787389250099303,4.113206562142626,0.5735520318748438
15,148,211,0.18759145062720817,0.30281977893265905,5.37543968086831,4.475477137889288,0.5667498681738768
15,149,210,0.18737748291663797,0.30501486557129825,4.923666959799058,4.083497908913682,0.6010364006717376
15,150,209,0.18710160792651417,0.29941946468223446,5.22203713406908,4.433300603135885,0.5918513106601623
15,151,208,0.18511009473291343,0.29415310139807244,5.054892534950779,4.602679576214928,0.5707083226881945
15,152,207,0.18574229643355175,0.30057157904153897,4.634469450657899,4.327114293891598,0.6021061427438525
15,153,206,0.18934840090816404,0.3129250609282112,4.857356473340271,4.171905266655819,0.545696879693729
15,154,205,0.19304357688049095,0.312944035131131,4.9936081773351075,4.585084847569354,0.5526461971738249
15,155,204,0.17926730354358755,0.2882743344279943,4.864726845036233,3.880419078846235,0.5842801167839016
15,156,203,0.18842126910780288,0.29810024097615545,4.684326956968987,4.3230886741167405,0.5867051230282471
15,157,202,0.18437057022696848,0.2901351404078376,5.581480603199649,5.234165528087576,0.6112369242916443
15,158,201,0.18963567424188546,0.30012374917425616,5.693814730173882,4.9101639494838025,0.584933370326229
15,159,200,0.18477433420994296,0.29384871030788245,4.806745524305527,4.111668067412302,0.5799113296281881
15,160,199,0.18630452173769474,0.3025140929652171,5.477041103758001,4.369989235910204,0.5719238562482117
15,161,198,0.19011933623157315,0.2945292257163222,4.540918368787342,4.387208216454936,0.5589270046193168
15,162,197,0.188547509822003,0.29648985514821324,5.200598061243187,5.215462545455336,0.5873831500353084
15,163,196,0.19189238172873807,0.29955647530336355,4.8012347442039385,4.552960929975872,0.5680461983243985
15,164,195,0.19846177617836097,0.30407940962767815,5.16347740678792,4.3792440394937255,0.5690038352692781
15,165,194,0.1835512418277119,0.28654491234701224,4.4322075926476,3.629119963013287,0.5726117776999013
15,166,193,0.19184793707959052,0.28134021521502695,5.276793237132317,4.596705456610811,0.5900791874143666
15,167,192,0.1892966124426938,0.29956113395876144,4.812647174813218,4.577808925828675,0.5730387238245799
15,168,191,0.1933491296633342,0.29550907156080475,5.251749274293716,4.618539280317068,0.5873540385946818
15,169,190,0.18955789677582247,0.3011383592847102,4.721008294298029,4.302337513723103,0.5672315011806804
15,170,189,0.18531785494468486,0.29230177629960863,5.041219793193465,3.8495962125237,0.5765154295678637
15,171,188,0.19793693941497312,0.30272701216609527,5.74901269114028,4.9662692150439165,0.5815516006937435
15,172,187,0.19739356511115208,0.3035372079959861,5.081425674832751,4.032169526667307,0.5715471743996035
15,173,186,0.19588559815387419,0.30337178248356717,4.875713561419319,4.441845343392446,0.5726218725487793
15,174,185,0.18917373611637184,0.30428367605533607,4.7540347836919326,3.859750967010874,0.5898613844852489
15,175,184,0.18931373658305084,0.3035932219215409,4.758862988933109,4.886020875146719,0.5893355787822356
15,176,183,0.18594692763497203,0.2982441187743353,5.274168560519373,4.718887757581159,0.5840603104122191
15,177,182,0.1898999709866163,0.29652403953636647,4.985592709358645,4.840000464994879,0.5719342655617888
15,178,181,0.19163930628185877,0.314753130585782,5.214185145344089,4.173330876055222,0.5918712770503596
15,179,180,0.1955825070616344,0.30475666701197013,5.592474970231192,5.343012355928538,0.5636522606551301
15,180,179,0.18955181992663203,0.30534528460791754,4.722548019679921,4.273729027807661,0.5542418329591365
15,181,178,0.18882811281322537,0.31202200048926626,5.167962171585314,4.1764147865928285,0.5722748945758044
15,182,177,0.1879574611318403,0.3147392506121175,4.7971471398617584,4.657447382705849,0.5449528804181375
15,183,176,0.20251838250900595,0.3260834371711269,5.079135316491995,4.574556967276505,0.5662812042949051
15,184,175,0.19428717996221445,0.31162610391812934,4.7656388365948255,4.933409605809228,0.5635078585329346
15,185,174,0.19550086401425423,0.3015176956611027,4.951961553741976,4.495736909789445,0.5785383930984833
15,186,173,0.19556987388898414,0.3067296258379749,5.258660521521007,4.685759079812094,0.5681183816626902
15,187,172,0.1893077125034929,0.29721868081109887,5.013365496737461,4.194483760250853,0.6008454903119691
15,188,171,0.18931040446605787,0.29412977475847285,4.967145810549821,4.6025313195812565,0.5790384775418579
15,189,170,0.19292416101831394,0.31241639975981245,5.080933213745174,4.649555946484161,0.5787491254912936
15,190,169,0.19214007841704284,0.304207871717569,5.0131159088153225,4.367807417018017,0.5914286603367178
15,191,168,0.19497348045635376,0.30335594630645046,4.804547229315885,4.581939103986573,0.5699825108275592
15,192,167,0.19245854250148844,0.31589914976740757,5.4865671989730735,5.4107148133575675,0.5678774367415231
15,193,166,0.19736825497752755,0.30924250113362384,4.847626326750138,4.448495151217945,0.5677412585832406
15,194,165,0.1849906536502278,0.3039364068361921,4.814283994307109,4.033971468862932,0.5776795425066693
15,195,164,0.20041729080728815,0.32401202425054054,4.927507494949581,4.135769612531154,0.559458685936849
15,196,163,0.1885705046435196,0.30790652146203557,4.535213274622874,4.203320952556475,0.5572007941466194
15,197,162,0.1930951973244259,0.31413835735012224,4.4510455703794225,4.0084789554832785,0.5701890707358869
15,198,161,0.18871759956527934,0.3047795039147531,5.124357891607154,4.940973933178733,0.580496264771518
15,199,160,0.1981190424675098,0.3016890577977495,5.112186581364452,4.5269831727915655,0.5756782617635018
15,200,159,0.19219605350894267,0.30790664556261726,5.741680400214948,6.008623377658432,0.5899751926221879
15,201,158,0.1937782733673446,0.29942885513848805,5.324745977766908,4.318667397896592,0.5952550922072632
15,202,157,0.1948176767039716,0.30121497641305756,5.048486505843818,4.451619016499731,0.5728444401907394
15,203,156,0.19501234087304328,0.31574152160289704,4.899871199514348,4.237477372216238,0.5636300498151481
15,204,155,0.1972301129126752,0.31141841891572125,5.041209643589079,4.419229939086586,0.577514339302939
15,205,154,0.1987277470949237,0.31276587839966036,5.266778709671412,4.736159701593684,0.5550538247858074
15,206,153,0.19267862788201,0.30267705114283394,4.566531729701982,4.292613324183418,0.5725921014351205
15,207,152,0.18968259305271842,0.28935870436539834,5.014784525773506,4.741814957573868,0.5944699549416038
15,208,151,0.20519869964977758,0.3177155342433558,4.759282577173419,4.108275753262371,0.560554534412854
15,209,150,0.19351101467716394,0.30322298837001077,5.490662222596024,4.699602534256482,0.5814940767568048
15,210,149,0.1953858697920287,0.3169598807175332,4.839749187294936,4.197931588051469,0.5629004158312333
15,211,148,0.20659194786334992,0.3199365868924635,4.735623881376011,4.2659685261786855,0.5651497555117223
15,212,147,0.19873575387925013,0.30522000038813674,5.7634099174801054,5.22282479623582,0.5845254963683361
15,213,146,0.1951987739832028,0.3107667180027236,5.236939654242743,4.784009321015914,0.5858142644024011
15,214,145,0.1921781902061553,0.3045077225269407,4.916270995019772,4.788414172483214,0.5834628524263884
15,215,144,0.2032145150815283,0.31532728741978905,5.177444735458931,5.1336231227759,0.566674321719674
15,216,143,0.19191756888956596,0.2962743752185766,4.9129824726219145,4.866393409496228,0.6121661307364537
15,217,142,0.19942417569956533,0.3133668522794667,4.865827182436351,4.410046019135619,0.5709377296746645
15,218,141,0.19169995872650578,0.30618218299085304,4.768733740976875,3.982870836006288,0.5643904384746781
15,219,140,0.20636464870458943,0.3276223572804542,4.914570091328373,4.323740683155221,0.5538005254482885
15,220,139,0.19519306693294544,0.30784859671637027,5.087483055396239,4.817650311885418,0.565932854135281
15,221,138,0.20020309710224793,0.3160267381382452,4.899055584812418,4.176927204475156,0.5752735995175544
15,222,137,0.19493415448379067,0.30533489968248156,5.003448456726291,4.573627700510592,0.5949367106117083
15,223,136,0.2030009117599233,0.3065396418200354,5.2746494253707645,4.360765835973796,0.5659402412442555
15,224,135,0.2065674265081546,0.3188726565454414,4.887410051188532,4.095188528171638,0.5759504849791678
15,225,134,0.20663367677048586,0.31041939004939945,4.698256911419238,4.167984142946672,0.5668853743458363
15,226,133,0.20946995403364552,0.3179628239167738,4.737765669854383,4.379916346248547,0.5626882439256359
15,227,132,0.1977806773556133,0.29817380456814574,4.798478760037561,4.648515090261003,0.5700077370849133
15,228,131,0.20268062613504634,0.30189090335336105,5.21721422934313,4.707431891794934,0.5845609922395396
15,229,130,0.20134139987047248,0.30133665826025485,5.22419424441679,4.809608594336229,0.5840610788519317
15,230,129,0.20060774274034307,0.30217537334819183,5.377335126178368,4.750949311871375,0.5975873193991851
15,231,128,0.2103730150383243,0.32599564512632073,5.335600996616595,4.526454488285923,0.5602444845987569
15,232,127,0.20223029169703086,0.3099160365904127,5.71063481802153,5.228541371048994,0.5631425241692787
15,233,126,0.20352298156034018,0.3216097400814001,5.22203956813903,4.47811023657104,0.5910956703806421
15,234,125,0.20890605094365328,0.32551190357211607,5.239996565865379,5.071528465046953,0.5466586506663336
15,235,124,0.20409724988446723,0.31374461662882647,5.206639796534462,4.484147681516655,0.599119951145405
15,236,123,0.20788232536316337,0.3138477467444152,5.185934333682383,4.864338323308024,0.5625509907313321
15,237,122,0.2010259326621736,0.3171163119013875,5.01986638220769,4.909721391548719,0.5448799491446986
15,238,121,0.20067441555608734,0.30931105271236115,4.875751801331772,4.683714656290605,0.5827363226840516
15,239,120,0.20687536511269566,0.31682700260987656,5.416510348023666,5.0347566774954675,0.5720601671122234
15,240,119,0.20327177979207464,0.3156264569418372,4.9826942572689354,4.740977524269879,0.5746644173778265
15,241,118,0.20558153345164598,0.31559749357675704,4.941973341086371,4.332228806438609,0.5661995820199629
15,242,117,0.20724997697357944,0.3272477200927208,4.955571670466561,4.341858038658525,0.5678877891771198
15,243,116,0.19430722329119204,0.3102070876770732,4.899757241521227,4.708374345733371,0.5582699807343207
15,244,115,0.203986731459379,0.3175253162935204,5.257356285058475,4.6169565243372235,0.5746223029806766
15,245,114,0.20137030873599832,0.31785154314289993,5.02104608081253,4.105777671851006,0.5832290060055517
15,246,113,0.20202409927717813,0.31766880593081354,5.773118969519645,5.023518830286022,0.5602510835817325
15,247,112,0.1993366271584324,0.30979176706923034,4.903448589489036,4.526520522809609,0.5730678462494134
15,248,111,0.20536139628608827,0.32414639818328417,4.938951412006089,5.077199813867498,0.5692138091421505
15,249,110,0.20249762662049384,0.32802727884226046,5.044102457094385,5.0238125105103135,0.5789388459103262
15,250,109,0.20778549501527052,0.3237072578324482,5.19348667433918,4.507237826734563,0.5536650224339794
15,251,108,0.21400344640554517,0.33863348811735194,5.015749958109307,4.466535039055516,0.5703019344440222
15,252,107,0.20333527299512472,0.31392434025945776,4.601050576944521,4.173463413198934,0.5832915288403683
15,253,106,0.1981258479756237,0.3126181331742092,4.938436860240801,4.73600428740306,0.5742878886655114
15,254,105,0.20787228761420276,0.32399448498943545,5.178330335057578,4.873465954383855,0.5808058996107073
15,255,104,0.20022157961040057,0.31935247741804096,4.799280721280014,4.517283012415715,0.5465563711214437
15,256,103,0.2037398365802717,0.31578347448728883,4.816029719771551,4.458631544671086,0.5767778502482097
15,257,102,0.2049993589926944,0.31836841308432945,4.729458425112664,4.218902482020103,0.5846048001362089
15,258,101,0.21284450521013568,0.33140889693509185,4.9279557174474125,4.992216072765217,0.5768120820869688
15,259,100,0.20765957853178535,0.3178879021074248,5.229904622280953,5.079537491584219,0.5523072675794634
15,260,99,0.21554869901461363,0.3308830076438061,5.196758818758084,4.646539149507816,0.5731659953159166
15,261,98,0.2103778362249517,0.33344479321355497,4.856674108637833,4.5490617989451305,0.5755510007858538
15,262,97,0.2015732631058751,0.31215126796656667,5.1130003781943465,4.607928606441586,0.5850173685728632
15,263,96,0.2044629561007869,0.3382673962045462,5.523674892149488,4.772477263862116,0.5749149329463965
15,264,95,0.2060966934980016,0.3238051403277486,5.486768653754736,5.194268199766178,0.5620677478490422
15,265,94,0.20157957011566496,0.3147901817268725,5.321498290265668,5.2093240036113455,0.5793797042962758
15,266,93,0.21215260681827833,0.33279744041385806,4.783224504828523,4.66675106502288,0.5791831755009231
15,267,92,0.21248391300517872,0.34139122472263955,5.107212613408455,4.686859233516951,0.5532886152731251
15,268,91,0.20469111594887937,0.32270864677237343,4.89542047783123,3.9632709592003725,0.5857706864184862
15,269,90,0.203243752926772,0.32460128378280884,5.005120536500767,4.4132060637586585,0.5659919718339562
15,270,89,0.21691602984406388,0.3418866603413605,5.038149602797013,4.6884952414994165,0.5473701073671122
15,271,88,0.216918540210796,0.327749017654777,4.910265100788088,4.102786151386326,0.5520247330553306
15,272,87,0.21102213212743587,0.3338032317159422,4.912918764042042,4.4507785644395526,0.5637727226460585
15,273,86,0.20962352261140574,0.3320250006355991,4.823464526868353,4.216991910549385,0.561029355590454
15,274,85,0.21257409799748586,0.3257148499530034,4.52757786022647,4.2903284572415865,0.5697890216400431
15,275,84,0.20531993289903686,0.3158657089808063,4.555025098692368,3.8095292584062808,0.5639779312252972
15,276,83,0.2156839411890006,0.3291535518441112,5.324855062086071,4.247693211190648,0.5750217834105864
15,277,82,0.21486256473344797,0.3251059570766402,4.823119355120063,4.706532044064565,0.5711343102589557
15,278,81,0.21149377643302109,0.3277779795063755,5.189418359439126,4.961057430131406,0.5737745064010792
15,279,80,0.20831538824762452,0.31779925553978,4.855560704837312,4.177822281022809,0.5780352465645786
15,280,79,0.2032880936884228,0.31637619781255655,5.4353772320705644,4.506117370239098,0.561954800484868
15,281,78,0.2142665059065208,0.3425469035960967,4.901406668085635,4.161878785105061,0.5579664321597545
15,282,77,0.20850632701176924,0.33539625470649875,5.10999768857133,4.930323705643645,0.5902210956836642
15,283,76,0.20690821265527526,0.33583352084195084,5.628320161818262,4.849586549175866,0.5632014309161464
15,284,75,0.20904487497001356,0.34174469004277114,5.151551372643807,4.149533585703996,0.5627386427525094
15,285,74,0.2168003120273117,0.33678491083631346,4.8114924183396415,4.548856683148616,0.5597881980540531
15,286,73,0.20765962514526326,0.3308286100403225,5.13738785328856,4.6876914760025015,0.5620091567662505
15,287,72,0.20835549035436862,0.33081128756824657,5.253309874127904,5.698156158657691,0.57049685649087
15,288,71,0.2502064708925136,0.387052373972029,4.532784904161193,4.085549648939671,0.4936118249916003
15,289,70,0.22075800965206777,0.3549133312548064,5.072904593375398,4.238183303684089,0.5242670809528935
15,290,69,0.2168491664751938,0.3443043656842849,5.216584320527534,4.69743494032058,0.5369050730534031
15,291,68,0.24987359136244897,0.3769347770824087,4.7049893095088855,3.8980265247303074,0.47929936524642264
15,292,67,0.2294718805260177,0.3476633739911774,5.125160481086175,4.947187057468929,0.5164550513099073
15,293,66,0.24307713983604795,0.38403033097902534,4.992239716974731,3.9601317324895655,0.5076783754981223
15,294,65,0.2448993021443375,0.3755689542108151,5.438311650409741,4.617736758340621,0.5110203545285554
15,295,64,0.22234116564695708,0.33452565102086984,4.554438205749759,4.351938014478994,0.5243402218151663
15,296,63,0.2364914289726515,0.34764418582549056,4.650617691346843,4.29250062931721,0.5288714840722083
15,297,62,0.2429369373326551,0.35756722597918467,5.006027545924732,4.437838363061399,0.5007773435935367
15,298,61,0.2462268334898926,0.379919826489145,5.022137240369087,4.351191535571044,0.5033688988106223
15,299,60,0.23923002872683125,0.3643925258786484,4.952771619242278,4.497675260086265,0.49514272423360867
15,300,59,0.23047101305003634,0.3504988909238598,4.527336049194916,4.365925388243707,0.5177034012915832
15,301,58,0.24011148085862233,0.36652514474455117,4.8928287810250914,5.016360322525213,0.4993482604963062
15,302,57,0.23900263390119675,0.3639964910729058,4.835303541622595,4.033477341739209,0.5280672739913874
15,303,56,0.25125087612255687,0.3763339741564191,5.356429295676787,4.412577166471621,0.49770085733988784
15,304,55,0.22609884633073282,0.3516257781442126,4.759517806580497,3.8105465127307405,0.5201568999390583
15,305,54,0.24486621152665441,0.38281023664668384,4.6550424089499085,4.580801951878876,0.5011909725042131
15,306,53,0.23007627844844972,0.35316344942067474,4.718915576039736,4.601934302808837,0.5326015092501892
15,307,52,0.23286817902664955,0.3565599456735197,4.658633521311277,3.750324287023519,0.5054305071610072
15,308,51,0.2402870842936651,0.36407116097554215,4.148988759183435,3.700531924664289,0.5089386134927455
15,309,50,0.2327829144571098,0.3518750756478361,4.98342815405638,4.514227943492707,0.5279921106889763
15,310,49,0.24230734364192308,0.38893599051012356,4.893568366913417,4.184530525848868,0.48398724180583824
15,311,48,0.23695622430569763,0.3703072727066322,5.208543073410475,4.604651350011899,0.509968598661751
15,312,47,0.2406351118460703,0.3709923574823588,5.0458000832459575,4.914445414717651,0.5062380233701931
15,313,46,0.22937882447494662,0.36788087806036707,5.124010223765864,4.779817524162033,0.5258341385847329
15,314,45,0.24728066781233585,0.3863694401323653,4.648943618031824,4.1007245593088815,0.4935143874194094
15,315,44,0.24768334946503312,0.36358270166892676,5.1787759981097645,4.150908219397409,0.5096280612235573
15,316,43,0.24494650941585885,0.37440895844843386,4.832642912836449,4.225252931589757,0.5021875001186392
15,317,42,0.23062363063845642,0.36628391528608073,5.461852032960834,5.161968491870804,0.5295199838325487
15,318,41,0.2312581237373746,0.3615094788200888,4.985739356527291,4.489416302119904,0.5294203470836119
15,319,40,0.2410887346472829,0.37585601201239643,5.236812105759055,4.4650597696054435,0.4935436025240242
15,320,39,0.2567263526239537,0.3978326578321842,4.4914231743279815,4.1165039909105134,0.48235578159085657
15,321,38,0.23925912036245697,0.37773661875459746,5.017606837501981,4.108150980425372,0.5140189094588242
15,322,37,0.23235259067691946,0.37485029607594994,5.101624107423641,5.143891568145212,0.5135697977702219
15,323,36,0.2412883654324973,0.3672598072258093,4.976181490424997,4.082601311267606,0.4983468168190855
15,324,35,0.2315166108981871,0.35117956439720416,4.937479919582318,4.731033497213238,0.5394762144773059
15,325,34,0.24259420594732856,0.37543763542511355,4.693662047557629,4.488981636698723,0.5092804484582515
15,326,33,0.2397462471681153,0.3734965092070989,5.243948970641459,4.530972307452764,0.5204396975361306
15,327,32,0.2568723284228335,0.4052977335346545,4.827579989996215,4.008532817800647,0.4812888358185917
15,328,31,0.24761063996177846,0.3849515971643958,4.980771017653092,4.4278788056881915,0.486180477218075
15,329,30,0.24881980399010806,0.37279950163234865,4.783737846431187,4.219459565888701,0.5196159369040224
15,330,29,0.239494272006267,0.3660517188854981,4.513481443974709,3.9550992881133498,0.5286121231686266
15,331,28,0.24768012553479465,0.38799117525182114,5.016011559549954,4.114212615819455,0.4950416497976081
15,332,27,0.24799874896748708,0.3857631036733244,5.406844991769059,4.971586968719085,0.48816653547157624
15,333,26,0.2449439095991504,0.38431912828219816,4.833929323271182,4.588733298034935,0.5082234486487445
15,334,25,0.25583879701754664,0.4027107339665508,4.85589319887964,4.285239343148664,0.4929258622245772
15,335,24,0.25263798894192907,0.38485529312841843,4.43816845217197,3.812222180754649,0.5092143918780613
15,336,23,0.257543166013841,0.3958594288486124,4.815790908754247,4.514872606725048,0.48692279953753714
15,337,22,0.23729552389508052,0.36943253022651107,4.843593720969605,4.189489430847486,0.5209656538699333
15,338,21,0.24072671638143278,0.364779396034985,4.689997002587493,4.1049349748037,0.5179990184004676
15,339,20,0.2450882143815542,0.36965622504097356,4.734766093519443,4.176929705702785,0.5090580823113013
15,340,19,0.22994866240200668,0.347146285681388,5.718990090592909,4.9866410896654605,0.5402182083051968
15,341,18,0.24914547867853085,0.3743757268667013,5.208139203182112,4.952113976972166,0.5140731638830248
15,342,17,0.235138839786374,0.3677167201647745,4.708455883360482,4.172647061331665,0.5145679469790597
15,343,16,0.23804243329797037,0.35581829399837045,4.33623587462384,3.7290545313345747,0.5161121754531073
15,344,15,0.24648648534248657,0.38323163951123984,4.892628955844258,4.4130810806792224,0.5180332552628896
15,345,14,0.234749585621946,0.36483495468156446,4.687864867706912,4.823257420042049,0.5428906269244637
15,346,13,0.2538743068988965,0.3802214244424641,4.978387140267438,4.865851107855672,0.47760410918228136
15,347,12,0.2457883213853848,0.37242904237073915,4.47614507907641,4.2809054059371805,0.5027705728399967
15,348,11,0.25241501148970524,0.37384358614608404,4.6747457311951806,4.158543020417533,0.5007336550796689
15,349,10,0.2506308886517099,0.3750676978505385,4.493100732348805,4.027677979437143,0.5069595528042454
15,350,9,0.25026473896169915,0.38095928190803685,5.223769629265254,4.797099238167014,0.5193317809559087
15,351,8,0.24742142313635673,0.38540564852884596,5.08732517122394,4.642034027468337,0.5071526541416991
15,352,7,0.24039842372078638,0.37557975789750464,4.741664432337203,4.1216680759801045,0.5195016164068305
15,353,6,0.244293170998731,0.36606308043057145,4.901079345886922,4.28446149952495,0.5397107066795955
15,354,5,0.23666946928107907,0.36010498882035985,4.382037504156363,4.0641488073015015,0.5040418390404929
15,355,4,0.2557938379105531,0.37678837775818935,4.388263536614684,4.313577380510112,0.4872069344470779
15,356,3,0.2675521837368649,0.4041881918675795,4.661024063791394,4.1561428987804545,0.47883790537850934
15,357,2,0.25432810794593985,0.3915327191002308,4.3109272744216245,4.128928823187617,0.5013026620980031
15,358,1,0.23790611246984603,0.3684869291260048,4.9917051564532615,4.429908724263485,0.5378608822664167
15,359,0,0.24303446210630117,0.38091091617567346,5.277768710534532,4.514451783738577,0.5057652049984536
16,1,189,0.1596802305014568,0.2068279437786166,5.398171092597911,5.019764674503257,0.6448184832335002
16,2,188,0.16056417100978576,0.21884563947635963,5.322853261649302,4.851747785332535,0.6559722764675704
16,3,187,0.1618374088701147,0.21790597426768205,5.085497765006073,5.016807861318657,0.6592828874441552
16,4,186,0.16658160450065013,0.2252676369523306,4.943674440048014,4.367523029049061,0.6697065219820345
16,5,185,0.16727686794209157,0.2170397295787337,5.8047942760664,5.060789356809315,0.6744411185362649
16,6,184,0.1597776061675606,0.22198128956008872,5.292629500710515,4.22769441401815,0.6733639952984742
16,7,183,0.15729576021123587,0.21353298673186,5.223782275952027,4.460181974374819,0.6688702774209312
16,8,182,0.16280235554759284,0.21897838978547485,5.160213463087509,4.178593578402614,0.6632578596984018
16,9,181,0.1647690255317745,0.21642008704363283,4.872540597399572,4.590169092356807,0.6655025749599206
16,10,180,0.1593799027863297,0.21656142114880894,5.37931216114853,5.155412741972527,0.6699400291625905
16,11,179,0.16752713022098506,0.21775499528195721,4.759252515669226,4.058085044412402,0.6660863064865599
16,12,178,0.1607398519438574,0.22091617519559645,5.1262907421048,4.276882861780009,0.6617879056250799
16,13,177,0.16080635971964907,0.21124620688780987,5.347516066506498,5.747843416060507,0.6681126408512289
16,14,176,0.1675004270823074,0.22880250360127746,5.076486595795334,4.865963732720716,0.6450163946991416
16,15,175,0.15809642793194678,0.21242423254807985,5.352193168068229,4.327986996658598,0.6592495576783849
16,16,174,0.16176706429755158,0.21311258568593489,5.280572662985582,5.088192519297643,0.6840547646524756
16,17,173,0.17514456841624151,0.22659579154122242,5.345663944584874,4.605761920886831,0.6531846451195604
16,18,172,0.16887379877402717,0.22764224078846215,5.030281857858612,4.262070030388822,0.6675132377409038
16,19,171,0.16639429307078235,0.2237200781701394,5.304574925581657,4.5671591701897665,0.6501694174684491
16,20,170,0.16754203120399824,0.21783990649239499,5.485272721979939,4.991158113321539,0.649605358089501
16,21,169,0.16497185473140852,0.22043501095114976,5.170105299490093,4.31149950788341,0.6626144831181783
16,22,168,0.16556966473334944,0.22970776726124364,5.434773820289156,5.706174739817354,0.6457442298189848
16,23,167,0.1650989643189632,0.21666823260733625,5.898857775877862,5.50699413552282,0.6609272028075552
16,24,166,0.16179069341468252,0.22684134348785037,5.384553549526839,4.236413743823346,0.6653171342567445
16,25,165,0.1625582357126967,0.2191378015304255,4.948932216555508,4.098128571165358,0.6501456995875169
16,26,164,0.16496319648123675,0.2308276116765924,5.429837920418647,4.474706627604974,0.644116848494857
16,27,163,0.17351224605175902,0.21746259935927068,5.426906246759069,4.681607878990581,0.6498653476671189
16,28,162,0.16354647823670126,0.23671835512024164,5.3767792316972685,4.371082063642733,0.6335606953071458
16,29,161,0.16862790002254058,0.2240024011696117,5.371204909659012,4.555872535861549,0.6413286892103887
16,30,160,0.15911638434698103,0.21756353734117517,5.3267269754144575,5.589466068026502,0.6516696208899672
16,31,159,0.16788779279529542,0.22211233991156992,4.862081681557142,4.28976598878002,0.6367878555800613
16,32,158,0.17047604291623947,0.22077095563160382,5.1639006191061085,4.678168677651569,0.6773792085368088
16,33,157,0.16537925408300727,0.2201126660075693,5.0482112501465615,4.839894674470235,0.6629602669395078
16,34,156,0.16158088395726794,0.22908171758148135,4.762444832518962,4.297211987002434,0.6475161060871746
16,35,155,0.16476790896944374,0.22144761940018254,4.9223136178122155,4.250450393057541,0.6763833844377212
16,36,154,0.17119857270055522,0.22865600561219443,5.518481691611518,5.409369613094259,0.6556243985805786
16,37,153,0.16441785213384652,0.2194776394146757,5.271548945728674,4.526962733915091,0.6709513522236542
16,38,152,0.16371674761709196,0.2207709060380931,5.053372646238355,4.583305566591922,0.7082707416519272
16,39,151,0.17042220432852934,0.22807979487695537,5.545691976652693,5.341005481393131,0.6620186195903539
16,40,150,0.16549880000823539,0.22610619036578472,5.265043125713593,4.33727680211557,0.6586984399780176
16,41,149,0.1653117612974263,0.22457617953741615,5.0462702882658625,4.197574462719783,0.658965164149125
16,42,148,0.17821239401777825,0.23963140094545704,5.089789728137118,4.8178731276000555,0.6462802388832933
16,43,147,0.16602741036979474,0.2284172968254999,5.364395067123371,5.246117902539737,0.6767161015409664
16,44,146,0.16763457486567562,0.22329657563026709,5.258148434587243,4.688844087076093,0.6426420246440608
16,45,145,0.16980884301955348,0.2336292307400481,5.1468526955107965,5.043532149764773,0.654521902898323
16,46,144,0.17271029809514538,0.23410094584827468,4.608541582748994,3.6457608364448126,0.6593538286941193
16,47,143,0.1687900309033411,0.24164350906538817,5.668649275213034,5.6544275577957395,0.6494622935867305
16,48,142,0.17153147184621229,0.23816368765937013,5.1708833048249385,4.406575452796741,0.6460814902772065
16,49,141,0.17096065172263267,0.23798316465744085,5.8233789135239595,5.187745255067167,0.6508979841870538
16,50,140,0.17160386159592506,0.2308947443297045,5.257086802771189,4.32782784170096,0.6405041198905043
16,51,139,0.16447676368924527,0.22414317347629237,5.05809985098927,4.607006770624841,0.6650641518905344
16,52,138,0.1690517553941006,0.2388726762331637,5.151194147864722,4.117648819126805,0.6500651499686659
16,53,137,0.1737504190257965,0.2307742321514515,5.148154552098356,4.479225993666938,0.6606028541121849
16,54,136,0.16945449377987967,0.23148551899340744,5.1338789446043736,4.398981440434686,0.6486288920913464
16,55,135,0.16847615655971923,0.22629694575372925,4.905016882501391,4.240794104725132,0.6676912534764364
16,56,134,0.17383238530837442,0.24095658233994927,5.521429144881686,5.109406310857044,0.6492763986400147
16,57,133,0.1654265407053069,0.22941869135396645,4.7603203699751955,4.254954913110596,0.6509970736240648
16,58,132,0.17241877628556215,0.2349770062679583,4.77405945998953,4.587527371193204,0.655674265691106
16,59,131,0.16453957686695644,0.22859219382232718,4.910268768764205,4.436534100943546,0.6726827057691342
16,60,130,0.16965363016450785,0.23765357878244883,5.526042848281538,4.626542428776278,0.6478313129546432
16,61,129,0.173048284255788,0.2367310090018778,5.118050422998483,4.449606336455985,0.6611743377160793
16,62,128,0.16920711770519825,0.23175255528633612,5.355866605775256,4.674284677847749,0.6453211869530682
16,63,127,0.17298948295601557,0.22967594394658042,5.3848730625296515,4.658414457670471,0.6360914707880105
16,64,126,0.16634779665606977,0.23009674058934998,5.480852408547857,4.639004452859701,0.6663921856593725
16,65,125,0.1754728386426253,0.22943904672868531,5.175660296953824,4.417832532375922,0.6546486516310791
16,66,124,0.17388614752564616,0.2422677364769565,5.24561362027525,4.332069500230295,0.627032723658526
16,67,123,0.17148867962900835,0.228529016644665,5.219433905794693,4.546083294649429,0.6469989837713687
16,68,122,0.17237980841286693,0.2454942016034997,5.461817382844902,4.701318033657476,0.6368658158765801
16,69,121,0.1745317697659385,0.23012671695535905,5.1372919080708055,5.013670124571511,0.6731584703293481
16,70,120,0.17364246228778174,0.23278917903476692,4.944048491701597,4.575721013799932,0.6463743050896973
16,71,119,0.16920946711713186,0.2318204685263416,5.9349160758239865,4.741468433102298,0.6479012036681147
16,72,118,0.17559767678313068,0.22518390025763893,5.318091584164694,4.601369685373762,0.6556146188883665
16,73,117,0.17195317020309878,0.23096797307929928,5.095699393619588,4.708650610006567,0.6434076868953519
16,74,116,0.1802630066473203,0.24290733997638955,5.45977537778151,4.885146024008193,0.6484775140620767
16,75,115,0.17402998454671623,0.23860905609918462,5.036831000259918,4.188444600450867,0.6386034123652286
16,76,114,0.17681797877342859,0.24025015078859954,5.339793070204013,4.9910980927705095,0.632920858893744
16,77,113,0.18971404747560391,0.2556112832918935,5.362421851045193,4.229028654155281,0.5940797982830948
16,78,112,0.1916215450931601,0.2566276743690482,5.062952684296245,4.928843405121188,0.5913456563368367
16,79,111,0.19148727372759516,0.25571613888781236,4.758917978046143,4.276673964992796,0.5843282151682464
16,80,110,0.18842200217061944,0.2557159241205909,4.855216761930469,4.774779483181872,0.5785745359867658
16,81,109,0.1925605483619562,0.25719720991832024,5.580176561670076,5.412566550744787,0.5968659697128481
16,82,108,0.19008673877798613,0.25707837044754467,4.9944741652846325,4.384655826351296,0.602333119527789
16,83,107,0.18718033964219444,0.24870734150658771,5.269267904520619,4.545981552116451,0.5969083969171843
16,84,106,0.1871703198479858,0.26104839439252037,5.171676669870273,4.950009721446353,0.5683916661833421
16,85,105,0.18659111143381257,0.25102361196771417,5.119521913761226,4.697774428780529,0.6030577786836295
16,86,104,0.1865439840882468,0.2552554069715456,4.925663796756889,4.1786267231634255,0.5999159339694138
16,87,103,0.18912857147555492,0.26243691223210563,5.877349035374227,4.979574008721001,0.5972634768547748
16,88,102,0.19034670732590991,0.25519261301835083,4.897652789553893,4.126846878064655,0.5892369674583641
16,89,101,0.18775037533088995,0.2509014117114602,5.074026394977041,4.806558748707449,0.5922778457993733
16,90,100,0.18075062200670744,0.2628275596563978,4.568487240636706,4.619485185031671,0.5869851366428909
16,91,99,0.19225704176599248,0.2556345013462323,5.033532890765322,4.569028625796916,0.5972136882583773
16,92,98,0.19243542622043663,0.2709141033408383,4.834878226645042,4.290671170872481,0.5792001501967478
16,93,97,0.19211725747241015,0.2730617461286081,5.145643570274191,4.821803866018516,0.6067527857239567
16,94,96,0.19407290496718468,0.2597695816751824,5.031472824335168,4.367972723355778,0.5985880610108496
16,95,95,0.19222063329026232,0.2747016648504732,4.87625062722457,4.411223977229374,0.5590740476508763
16,96,94,0.1935438477012925,0.25554538171076757,5.751624737915442,5.4448752305003065,0.6072885581831986
16,97,93,0.19523230270286668,0.25877810657226735,4.9926590413851075,4.978967885195384,0.5812440368790328
16,98,92,0.19207175483700595,0.25156923457411484,5.406563816710014,4.980117104311023,0.6081381268451258
16,99,91,0.19707549306370298,0.26139447415398953,5.878935427280409,6.412156739606627,0.5883443470031237
16,100,90,0.19434470964019585,0.2672680064255253,4.876363215625623,3.9213991749043813,0.5829876180629142
16,101,89,0.19314712000110867,0.2730726162707587,5.261860626992423,4.593314339203468,0.6088738883772775
16,102,88,0.18973900040229494,0.2700605252376107,5.120648891146366,4.5009161226412635,0.5612386863743091
16,103,87,0.19021857525686955,0.2630981328563132,5.116670587134918,4.784360012067429,0.5774594372114773
16,104,86,0.1972430816373164,0.26873743569308123,5.187369076288764,4.5264454373869185,0.567633414910486
16,105,85,0.190933941486917,0.2583921793526808,5.466119725017644,4.545976488819438,0.6077923360702859
16,106,84,0.19811827354333694,0.27738333562932854,5.034672423571317,4.6986334094496405,0.5502269858336792
16,107,83,0.19192518825434632,0.26163202966055643,4.663371609570777,4.369943767581124,0.5827908698045395
16,108,82,0.1785676969754745,0.25797378831764856,5.185494188395446,4.52769239562256,0.6156437937680177
16,109,81,0.1914512106784878,0.2641213838890325,4.935425869113135,4.182684030398877,0.58113697326166
16,110,80,0.18860914839178075,0.2529195795367259,5.257912861435658,4.546486691321373,0.597710378043705
16,111,79,0.19251463159232574,0.27168096214107307,5.284922689660701,4.395579498524752,0.5913763118696153
16,112,78,0.19575732743916785,0.2727036204759149,4.647031454805036,4.001827870698839,0.5715550570242441
16,113,77,0.19403727576343396,0.268156543523839,4.786807083306772,4.624849981612801,0.6149348976729418
16,114,76,0.19765844148163259,0.26499663631449716,4.695145349322692,4.158160384205498,0.5901466194095512
16,115,75,0.19593523003612912,0.26860867543723205,5.260070096815141,4.720337899165044,0.5658647290392508
16,116,74,0.19032092566759312,0.26102385954209656,5.541407643016699,5.48204670714986,0.5835704520917229
16,117,73,0.1963859807374445,0.26870972468684967,5.672182142668623,5.228763566591883,0.5934297072499157
16,118,72,0.20145815718164062,0.2738855442959121,5.090363288886354,4.51539167910335,0.5657398336593089
16,119,71,0.19772951800726798,0.2607414557497392,4.736256671449233,4.464919639540797,0.5795069564079649
16,120,70,0.20564544408330498,0.2843793037152829,5.229814703333245,4.264151748698612,0.5730158911789338
16,121,69,0.1893171487067131,0.27011151478364254,4.795848229296225,4.383682858965316,0.5855808097717996
16,122,68,0.18707024043616918,0.25844162160096446,4.817842441420328,4.328108644498838,0.6080289932865685
16,123,67,0.19881576874934398,0.27470804199992455,5.046132899085794,4.02625713814487,0.6102560473569036
16,124,66,0.19130248410871054,0.2705146844907326,4.8070407194588665,4.068926158289029,0.5757975536279314
16,125,65,0.19519659458537023,0.2768422268906474,5.088959343676166,5.527356168126991,0.5689298303375225
16,126,64,0.2017973698319646,0.2788205168816798,5.218418854394409,4.530068468949915,0.5531511515317175
16,127,63,0.1961716727808388,0.27579810283011735,4.809570277232421,4.063518366741819,0.5892763663482793
16,128,62,0.19613773688355352,0.2678476440618989,4.7236906374466265,4.053481867253308,0.584877306913562
16,129,61,0.19832996560079583,0.2664266174949663,5.0855656682654695,4.450434309223914,0.5901545730490846
16,130,60,0.20234445994012812,0.272700257005278,5.376138884978069,4.33745375955826,0.5870690840705877
16,131,59,0.20065923936486293,0.267806921962284,5.336225471461402,5.005358403865748,0.5943209430880937
16,132,58,0.2010448740037218,0.2662481974509454,5.732329696793756,5.080987283795642,0.5800861398692926
16,133,57,0.19563868488877947,0.26192229332753797,5.335235681647073,4.4545408130165285,0.5906389081587236
16,134,56,0.20328501822591502,0.27210003990801673,5.674931436391406,4.715274382584503,0.6015050789089308
16,135,55,0.2016584800033358,0.2646696377710264,4.954429398885502,4.106372590393269,0.5714618088441862
16,136,54,0.20175138047606708,0.2669692227305431,4.79912058776018,4.199066707163453,0.5675989103980306
16,137,53,0.19689977106329434,0.2575550606347585,5.26396427259431,4.577129940273773,0.5991768262533914
16,138,52,0.1985340372985285,0.27304032615413104,5.223883384659423,4.555059769831696,0.5719087246653022
16,139,51,0.1996073119711343,0.26360012389656545,4.826853749212308,4.771951409019375,0.6032215203436992
16,140,50,0.19607779149202528,0.26885751479979036,4.917600885838957,4.500795374378639,0.5921088568823755
16,141,49,0.19761991094537187,0.26896322265302797,4.873044218171684,4.260108202363606,0.5850856247527614
16,142,48,0.2063588075404879,0.2687766980197011,4.927224517542541,4.7062106565471264,0.5728599708799087
16,143,47,0.20766517671260398,0.2656538897791859,4.6542239490076955,4.470626876476488,0.5870437575153834
16,144,46,0.20321285874317446,0.25911943031369317,5.125526000954583,4.358521102723236,0.5986219976135808
16,145,45,0.20163347331314654,0.2656377448507623,4.598762068868518,3.9783032014006765,0.5822825597582704
16,146,44,0.20194258845977187,0.2624070076975903,4.955339384673538,3.953313610503671,0.5639193294771173
16,147,43,0.20407187765314574,0.26633796062745685,5.1895191434737935,4.71310751025649,0.5777445874966335
16,148,42,0.200202855254109,0.2552755869304801,4.601063604582792,4.108542993769957,0.594256637826583
16,149,41,0.20379550489159598,0.28201375305637655,5.869037835975143,5.71545365607801,0.5930379071070684
16,150,40,0.20999814300038833,0.26798846133177584,5.536496631525432,4.697579865292749,0.5854374539486944
16,151,39,0.19902143856859345,0.2684161409785677,4.571281373704103,4.129028020276281,0.5854516187748389
16,152,38,0.20733323974724727,0.26744538788029143,5.12779559208591,4.755417082145432,0.5743304195269402
16,153,37,0.2147517416931096,0.27917161328256646,4.620330166108355,4.06148073360985,0.5458960807206287
16,154,36,0.21644119785577626,0.2818083985855798,4.872871084212422,4.5022081804189265,0.5363908733689795
16,155,35,0.23391638746377205,0.3047715497853482,4.836708132986114,3.948664711424998,0.49975249892717594
16,156,34,0.22275460348908993,0.2878429050960066,4.627053417811812,4.150455018616057,0.5545494564046368
16,157,33,0.24458238070123745,0.31179932750411843,4.835496198757017,4.1847637900061985,0.49584155512859696
16,158,32,0.2185192254459833,0.2854410987679573,4.537316305472158,4.03964289037114,0.5462182737130047
16,159,31,0.2291739488594612,0.3051643506453527,4.5246906810319185,4.223298841269508,0.511179305742227
16,160,30,0.2147958828368496,0.28981008075919346,5.051972289586826,4.572914947923139,0.5509864664318299
16,161,29,0.2188138927708703,0.28887392781230237,5.18296187785262,3.9698549778189665,0.5584342198353855
16,162,28,0.22898318972445297,0.3139614053055506,4.65846933068717,4.445279874135022,0.5239532106514879
16,163,27,0.2274299660354305,0.31904817595328827,4.991002626536826,4.602675981401674,0.5056749392976465
16,164,26,0.2298880009778397,0.3075693609581029,4.2544915215104355,3.9632520283310515,0.4977957441060081
16,165,25,0.23214843281680825,0.31893477815961546,4.483825811247785,4.164617189853062,0.48431776282570005
16,166,24,0.23713365504704656,0.30599628131226886,4.287149714908038,4.091474286405854,0.5056230088662093
16,167,23,0.22054808448388408,0.28332828677381117,4.891806544324268,4.358405379735176,0.5457738192326185
16,168,22,0.22437919221081246,0.29613205108130647,5.04029727538833,5.097326706846337,0.5119801855280395
16,169,21,0.23132873335730897,0.30504945779126236,4.970371175641111,4.422661273569296,0.5113451668811151
16,170,20,0.2248430369620163,0.2850755502961641,5.135036765323743,4.678508393554305,0.5387203065053008
16,171,19,0.2351280749178965,0.3127430029174799,4.593210492554554,3.9358974317958086,0.5062910829390235
16,172,18,0.24344991229276383,0.32542348203770205,5.093706078305044,4.250442060688364,0.5044286809077336
16,173,17,0.22494826682260244,0.3030648621920956,4.7277414165430685,3.9772362667887027,0.5259535835294076
16,174,16,0.2244448306991008,0.3005125475454342,4.592469657781967,4.303148117767874,0.5339289284965093
16,175,15,0.229942124273806,0.30556233808708816,5.632535293069881,5.275345739631137,0.5301487859685792
16,176,14,0.21636330846009327,0.29545084121660875,4.712178492109879,4.362441304752052,0.5390945216816808
16,177,13,0.21398551864116103,0.2880074905213714,4.771664579146914,4.050308632635276,0.5418591210963072
16,178,12,0.23494904192993596,0.32588109396049336,4.832253463187204,3.720832350988423,0.5171947776492956
16,179,11,0.2224716891880565,0.31409070444907,5.211399497299919,4.456643458005948,0.5466460026801365
16,180,10,0.22567320151185133,0.29778545248340305,5.056571967475912,4.124670732421981,0.5269024020419889
16,181,9,0.22233937444194485,0.30427155673171236,5.059963335581423,4.4105755754740565,0.5273198102951585
16,182,8,0.22506514243788894,0.3125512183264103,4.908149820905965,4.7303818644693685,0.5069303679026534
16,183,7,0.2381878161400729,0.3161275118153143,4.445847683559369,3.9463635143486333,0.5055605006793369
16,184,6,0.220724798620458,0.3027804466092682,5.077733444233717,4.6874645026632225,0.5187819565841536
16,185,5,0.2315565312026576,0.316811145475834,4.924508725286408,4.5288427061219885,0.5285000066960891
16,186,4,0.23489707189225806,0.3166016506246528,4.838501422889002,4.680005363902679,0.516288114322199
16,187,3,0.24530590747994718,0.3302381646402,4.593101456501701,4.209513695981217,0.4987417999815885
16,188,2,0.23805859406268476,0.3207204874201467,4.430750822003671,4.519349229243672,0.48409597809660376
16,189,1,0.2299972368224414,0.3068013158511109,5.095028657211287,5.29859095959599,0.5328261394214677
16,190,0,0.23063669233018888,0.31209559300774514,4.845023800827274,4.557633108215914,0.5301769862312711
17,1,226,0.1642336205893959,0.21573556805550143,5.246478691964443,5.005281556969665,0.662597505416339
17,2,225,0.16974931781500507,0.22002959749343085,4.9942849931685735,4.248762241442919,0.6529593897598182
17,3,224,0.1590337018075118,0.2077529450161936,4.860539807882798,4.58425717686355,0.6802934792777893
17,4,223,0.16579478496651595,0.2197605357332969,5.072230871584615,4.848317207439388,0.6590436289594487
17,5,222,0.16307389668283712,0.21453409300344833,5.505000661315725,4.7069684630775726,0.6790368544900324
17,6,221,0.16288460571673705,0.21344872645533666,5.835091733968995,5.140728820848188,0.6601589439859922
17,7,220,0.16707722499841593,0.21941613771318474,5.2638515832042865,4.845138207527231,0.6360869464157295
17,8,219,0.1658262665220808,0.21749059873986915,5.0889577337462715,4.187696143789522,0.6673361702718155
17,9,218,0.1657607267874225,0.2193895391342063,5.4283983847614055,4.376727562372175,0.6571902720449702
17,10,217,0.16503381107471263,0.21681012866437346,5.629321429617333,5.722615154551045,0.6684536458208251
17,11,216,0.16378942100256824,0.22259728592326142,5.044695593922462,4.296034442684822,0.6453979780683021
17,12,215,0.16679335362294878,0.21750160463214724,5.276765757554674,4.58629388620452,0.6667502645602251
17,13,214,0.1640772173765816,0.22310285416381298,4.787093363580694,4.0049839020547084,0.6645046825819392
17,14,213,0.16669367275288982,0.22412538795382891,5.258553260515335,4.660892925895334,0.653973254298502
17,15,212,0.1598013721961773,0.21238785198508306,5.326776733553034,4.497595130676876,0.6857599178670994
17,16,211,0.16174470028827284,0.2201994364739355,4.916498128749797,4.639920667175741,0.6561165017888115
17,17,210,0.16393979070773548,0.21874667634495423,6.476506534394481,6.073817310815867,0.6473767810198819
17,18,209,0.1685038688519545,0.22466098748409827,5.302096103945665,4.57407850740542,0.6353885543283994
17,19,208,0.16677615469469834,0.22170696145951702,5.521939429314319,4.630109597957104,0.6619582635954607
17,20,207,0.16710796730048075,0.22061379278180437,5.209774382163339,4.548084177621545,0.6594329189042479
17,21,206,0.16956106193189902,0.21794854239982347,4.918773766999747,3.9874014195867264,0.6819771502044069
17,22,205,0.16848733236530802,0.22426879936083363,5.331954833167826,5.174246384362768,0.655760281628548
17,23,204,0.16719041573850524,0.21642713583211287,5.5781611015274235,4.695422483104279,0.6793399140527339
17,24,203,0.16109061274600175,0.21686621159383204,4.791747372075005,3.985900156508625,0.661453720789149
17,25,202,0.16487214740089023,0.22538044656569567,5.965962730262872,5.28251967310964,0.6551798493147705
17,26,201,0.1697132774791303,0.22566729571618824,5.145044492845544,4.6054986510891815,0.6419181506641992
17,27,200,0.16941569534616063,0.2191636992294391,5.184882143389963,4.6375246768930225,0.6787699892026214
17,28,199,0.17524603847121106,0.23049682590680917,5.495371526695553,4.7803522679081025,0.6596890634027254
17,29,198,0.16416651901359802,0.21660038580675176,5.483845636461968,5.1342313837474,0.6656349849945508
17,30,197,0.172091190263917,0.2258777805969667,5.398617582730086,5.108953541004027,0.6527002061081645
17,31,196,0.176292591023493,0.23562344080903255,5.185113144300295,4.3348136588606465,0.6482260369398098
17,32,195,0.1721113458150414,0.23036237875832968,5.258489840982419,4.862211874250759,0.6464504084142915
17,33,194,0.16414523896800567,0.22008955704414107,5.023790427657061,4.243445601902952,0.6679097331061996
17,34,193,0.16907794569924706,0.22422939770097086,5.434995672422838,4.792127654075916,0.6523661272797091
17,35,192,0.1649839847052214,0.22131025899500864,5.1784113706985915,4.299245525202305,0.6605441147772055
17,36,191,0.17633338511449703,0.23468753476242285,5.123684736254817,4.514102324568331,0.6439733213291401
17,37,190,0.17049996656352723,0.2285838234072282,4.612529215112999,3.77323584568679,0.6441495806050638
17,38,189,0.16321903869690735,0.22718095385585693,5.114589345113194,4.219594092450821,0.6642206728857406
17,39,188,0.16985795055388567,0.23132288893010897,5.2938315162881455,5.517365780809094,0.6432409488514581
17,40,187,0.17613717996091952,0.24131689893667008,5.656768544315447,4.758175513388074,0.6526237422080571
17,41,186,0.16747456127070917,0.22590172396170813,5.42223508060586,4.997105054739696,0.6666185473593839
17,42,185,0.1695850966329717,0.22718775469410232,5.331632207987302,5.287404186677109,0.6625979501081648
17,43,184,0.16724819349612566,0.22290718688907651,5.267545983195539,4.9564487823931085,0.6645697261832318
17,44,183,0.1859216512253808,0.2387354334682395,5.600359115982952,4.789010169681253,0.6247075756525214
17,45,182,0.18149134120941823,0.23409043799442233,4.986907586523513,4.629804614780014,0.6327105956168326
17,46,181,0.17020481731171752,0.22959643732394505,5.5182521856713045,4.782141576941691,0.675629100160792
17,47,180,0.17942169814908523,0.2337862239112586,5.414539451869306,4.624843245672566,0.658044339030331
17,48,179,0.18198436650087685,0.23902292207425294,5.3949736097577485,5.141564615236691,0.6459429647613761
17,49,178,0.166952451315427,0.2269206520226745,4.994848876850178,5.026396495043134,0.6539238755782523
17,50,177,0.168850151534206,0.22865301378399336,5.033054088266482,4.548248492487307,0.6714819859458945
17,51,176,0.17405440123760077,0.23760736370595087,4.98312089312646,4.415806883164224,0.6538776320521811
17,52,175,0.17047521266581217,0.22101464919078062,5.255955997235609,4.752168406899556,0.662613800603624
17,53,174,0.17503544109026714,0.23266768126031687,5.612914981883645,5.692370923570507,0.6549851201772391
17,54,173,0.1722503520196753,0.23021551402076043,5.305044011619698,5.331275358806217,0.651147464779979
17,55,172,0.174644674154795,0.23398868086002295,5.7549216551506435,4.506441912799917,0.6763902722965389
17,56,171,0.17259058712794587,0.22193085868566137,5.120731916908802,4.62322291592251,0.6729497446127828
17,57,170,0.17035164508003986,0.22475835518217888,5.6065746986337714,5.120067031638905,0.6670839556319249
17,58,169,0.1732895736061051,0.23345396406449312,5.0418509126547395,4.200666291943818,0.6472052098104605
17,59,168,0.17415713684380527,0.22550866871832306,5.2914233351095525,4.135074885567226,0.6736770312203086
17,60,167,0.17090916480451265,0.22774184758710073,4.918256225972093,4.318290604634984,0.6771846658119726
17,61,166,0.18162194110999455,0.23516102293353494,5.193084695561142,5.106213490599408,0.6384737097364492
17,62,165,0.17672677144915924,0.23632462496087392,5.437019509856014,4.571181581788503,0.6739189873247704
17,63,164,0.1767424916098393,0.2351860464609182,5.191522759585989,4.636433382962194,0.6390760064832423
17,64,163,0.178640207009243,0.243972756441332,5.15287725650201,4.821269908026286,0.6474167797486675
17,65,162,0.17280300887607367,0.23805565912084023,5.121379985188883,4.291508680453566,0.6486746371366217
17,66,161,0.17958379890555135,0.23667605543196957,4.981918288068464,4.485279081817087,0.653507503574252
17,67,160,0.17181564466261692,0.2322021346705381,5.684748162534938,5.512420673629396,0.6663318557924043
17,68,159,0.1749675317983749,0.23854412583826698,4.9362305015394075,4.113198170491048,0.6500462639616337
17,69,158,0.17860644881466065,0.23898093486185834,5.452038497269525,4.89842190100497,0.6407029498004999
17,70,157,0.17807620123104678,0.2381162999853241,5.329002238585588,4.665050043926324,0.66738114831245
17,71,156,0.18364964305172338,0.23656242585218726,5.645629073775232,4.543133750576919,0.6570439818391588
17,72,155,0.18093423424010072,0.2379303999626097,5.550419638123435,5.466077261068649,0.6299281554642933
17,73,154,0.1733017307134272,0.23478296239964352,5.134363947652849,4.296391316819728,0.6457905171041447
17,74,153,0.1765146548192739,0.22999197365159052,5.194498938585893,5.142351598044542,0.6674074085856306
17,75,152,0.18074102906762937,0.24005400029044757,5.204783257757514,4.749333337056749,0.6647383944316299
17,76,151,0.17989070479962616,0.24526535724767057,5.907424853672849,5.335701814216752,0.6415044204251611
17,77,150,0.18212148050556332,0.24388879778461864,5.3350532062547815,4.531738061814044,0.6490930779871354
17,78,149,0.17956125304701723,0.23205967256353102,5.11920588869582,4.608644520580078,0.6443110808657796
17,79,148,0.18378853847915905,0.2389516051929823,5.424222918940666,4.931836384137552,0.6698689566284841
17,80,147,0.1736154752239516,0.22577250044873062,5.146807690654768,3.9399060836738458,0.68095926101552
17,81,146,0.1778227848559507,0.23990777455953252,5.3253176888939855,4.672430338688214,0.6565353447333482
17,82,145,0.18685696996441953,0.23788100077349453,5.33192757096438,4.305838001120056,0.6391099576502494
17,83,144,0.17583068043134348,0.22675822693647102,5.692396904695173,5.482128680349084,0.6694509106538246
17,84,143,0.1756893866551193,0.22995069152812164,5.419357183720962,4.629080587818897,0.6306435683339755
17,85,142,0.1828285819288008,0.23593074060348312,5.867575269188974,4.562009782471449,0.6360740652357414
17,86,141,0.18199509776197734,0.2347495442838281,4.956001513739725,4.141629526984242,0.6719672013683076
17,87,140,0.1809848192144556,0.23606986291417478,6.01259862667518,5.091096884637951,0.6580414362717409
17,88,139,0.18767545483546583,0.24505408095226744,5.7518037157646855,4.9092943900358765,0.6532676698833221
17,89,138,0.18373686639656556,0.2406853790115783,5.311840171150446,4.9961238762503735,0.6560633249875291
17,90,137,0.18069765483473207,0.24210311022833875,4.797543764164699,4.5534699488971375,0.6516141875285186
17,91,136,0.2006521250255123,0.263018762260295,5.125220760510871,4.906520485842979,0.5886066459851967
17,92,135,0.20119509752648476,0.2616078215688598,4.798817330652902,4.152271763904769,0.5889297273297787
17,93,134,0.21003739698706286,0.2675577794142955,5.211974824564334,5.085270468664801,0.5763912142514687
17,94,133,0.19718360415669658,0.2507198431648434,5.140468787908854,4.495402934490337,0.5906053307530478
17,95,132,0.19343562821595592,0.25427763483877336,5.096340946094767,4.430851572621742,0.599268599791909
17,96,131,0.20630575841612236,0.25910425859543024,4.946568128934635,3.973908280244891,0.5867259907850653
17,97,130,0.20432687908210498,0.2605324922382187,4.906864775646142,4.105547309100791,0.5863039175998103
17,98,129,0.2065255536167094,0.25550724779365674,4.90345750532405,4.21792747553533,0.5722604081212371
17,99,128,0.20750167789133384,0.2607218237213377,5.507925695804654,4.72502968287029,0.6140483959486982
17,100,127,0.21384603547339784,0.2684560735493161,4.5649103480901925,3.909582380206917,0.577118976162919
17,101,126,0.20954165992820184,0.2623005067099894,4.845041726817785,4.325838907847688,0.5899863747927623
17,102,125,0.2105976054712129,0.271863470623849,5.231926236218694,5.02996397053918,0.5564060264549113
17,103,124,0.20777689959975876,0.26791753574588784,5.266120878410208,4.88038169204183,0.5824968670973739
17,104,123,0.201607091031184,0.25905791381849497,5.497100118946112,5.436300018556354,0.6285703653407638
17,105,122,0.20843829264466965,0.2659941910414924,4.900622640535786,4.631902570663621,0.5863518786082065
17,106,121,0.19871317476445122,0.250786858897299,5.282395148845774,4.703180042224926,0.608467031621367
17,107,120,0.20636277928845578,0.26793008207612024,4.521670852139892,3.906036897649038,0.6040954508496813
17,108,119,0.20344080666231734,0.26895001077857633,5.286472233509617,5.488183064062704,0.5936840636620629
17,109,118,0.20655958391815407,0.2749797965332892,5.574950656320186,4.658263998180104,0.5828780718968511
17,110,117,0.20380010379361496,0.28204923751768074,4.758337610290815,4.479504051809919,0.586013382123828
17,111,116,0.20063405528462047,0.26562552924060756,4.732727231567223,4.38342994701053,0.6104787122392848
17,112,115,0.2062075467964671,0.280601116919947,5.18457857386899,4.982742638936922,0.5944272936443556
17,113,114,0.20463471534317043,0.27595356064150867,5.29253559832196,4.523192972478972,0.5971857195083884
17,114,113,0.19990442559381244,0.2789747195396148,5.027532996570272,4.744765710258291,0.5955347474772713
17,115,112,0.20990948685499194,0.27851788219097773,5.324438028848327,4.791736358194161,0.5793921514957051
17,116,111,0.2120506562050977,0.27176247483638905,5.349033025435162,5.012728287326957,0.6021743772366243
17,117,110,0.20660936163001006,0.27101190641829875,4.986383660523812,4.626793707695789,0.593035193472679
17,118,109,0.1986641496408787,0.2664285605358261,4.881610432526223,4.3287799529492865,0.5829440283766986
17,119,108,0.20405342517511474,0.2694383402649254,4.761071404661603,4.079516388527284,0.5930320999429974
17,120,107,0.21316009145019266,0.2758338288729644,4.92225736223969,4.369621627832972,0.5735256780008009
17,121,106,0.21095182482155445,0.27369355586747507,4.967480003545289,4.42316914205095,0.591607885587667
17,122,105,0.2071226369229806,0.26499096141692424,4.7189082990050535,4.000868316961839,0.6032506008418729
17,123,104,0.21122054269035323,0.2648110501659464,4.842168094913124,4.276963808829309,0.595366587998158
17,124,103,0.20131902338715096,0.2575527423410189,4.983572535407748,4.485997283989925,0.5855593101481456
17,125,102,0.20958977528488273,0.274904891315035,5.03034525608532,4.2860612124869455,0.5871393833202835
17,126,101,0.21092652323888542,0.26582352852308955,4.962748736370706,4.372801185634617,0.5890770180239775
17,127,100,0.20924808795125188,0.2591155377871269,4.894804830533042,3.9943472531565134,0.6039210581853632
17,128,99,0.21441448514505232,0.2669065942595245,4.926178631561109,4.22540582595248,0.5989761321813449
17,129,98,0.2078824730598127,0.2604986097327876,4.838572607223246,4.259359186211661,0.593958825506063
17,130,97,0.21149578343715864,0.2709968429349776,4.548230413155125,4.030981779394212,0.5711491015021547
17,131,96,0.21544717480700576,0.27191695598418614,5.544139191798619,4.650636914105129,0.6027195753964846
17,132,95,0.21133456311094384,0.2712832759819929,5.059600473760753,4.6521971427457744,0.5779986250806265
17,133,94,0.22019869709221246,0.2778372217726046,5.177183985932983,4.396994582227885,0.5713441465260172
17,134,93,0.22072167084786437,0.27760381718271926,5.3122196008589935,5.272648178731245,0.5750386575075458
17,135,92,0.21738143054526388,0.26124686467476815,4.90715531957602,4.232505021962783,0.5844962349515437
17,136,91,0.21748787767942424,0.27059362912684826,4.775903835099825,4.522014006243778,0.5745472107509351
17,137,90,0.22029672940433379,0.27850591072737185,4.822508694269104,4.387412219076623,0.5721254145274313
17,138,89,0.2099824383463808,0.2624405895848904,5.503623524180317,4.86051530742523,0.6024514466014514
17,139,88,0.21956885263791254,0.2775690469490093,5.588575570175459,4.532305003855137,0.5621343500242333
17,140,87,0.21490817567836817,0.2708160968568572,4.774017435648534,4.707840661682047,0.5832366962827573
17,141,86,0.21749282578374837,0.28028630252138026,5.509337330654056,4.846375819537598,0.5805286168840204
17,142,85,0.20384308284926553,0.2594972536609199,5.267373006939016,5.156979476113398,0.5896194072861256
17,143,84,0.2147791652448909,0.2720192921167833,5.044801317118127,4.348505671499605,0.6293594559358924
17,144,83,0.22159098429845295,0.28303259283212306,5.163775178905306,4.533560104166242,0.5742268636343406
17,145,82,0.21624661987094843,0.28343228165517725,5.196330171262371,4.6956696694105835,0.5869344036669412
17,146,81,0.2236327552146724,0.2862586789762333,5.408591877011506,5.5840894773518155,0.5775615961425642
17,147,80,0.2156326976308957,0.27974121559301635,4.850485685688541,4.602349601305208,0.5747441952380267
17,148,79,0.21850694708540727,0.2802224762966813,4.514120906461697,4.525875142688943,0.5882172535931336
17,149,78,0.22334064940831286,0.2905187805513016,4.990417687705567,4.551105641077098,0.5630145837065763
17,150,77,0.21480508220932112,0.2796459497984112,4.95489806036314,4.768265636337031,0.578927264866545
17,151,76,0.21121525920215561,0.27415098623516215,5.4504486517905555,5.054791270806377,0.5941722437897575
17,152,75,0.21526176530336874,0.2722966753154299,5.554815328173843,5.5634079669407495,0.6046549073659491
17,153,74,0.2217335058189027,0.2721168925729131,5.47439983765937,5.688126855547681,0.6003901087602315
17,154,73,0.21254410468121346,0.2655651199363675,4.465046037517717,4.023745114962763,0.5945356995918857
17,155,72,0.21337090224605193,0.28001675711615565,5.2964395439684075,4.965610574646423,0.5967427035243598
17,156,71,0.2220737820999507,0.2833976341613828,4.975856057487468,4.529946043367565,0.5793955737884817
17,157,70,0.21840440982028136,0.283265114919239,4.617622987040045,4.061124927461042,0.5947227075068834
17,158,69,0.22457557873403186,0.2873675906585956,4.833287893866275,4.462176254295004,0.579772385263576
17,159,68,0.21594499114539747,0.27410374465917564,4.9937098132421,5.088990703152345,0.5946144539474617
17,160,67,0.219729120304707,0.2778885041020043,4.888713472899445,4.3748617534438194,0.5809454264506674
17,161,66,0.21809868687670836,0.27521207731616304,5.405766048246346,5.025335037385398,0.6074275451978747
17,162,65,0.21987435381227122,0.2889058490185738,5.216650866288614,4.502416940359329,0.5558122272885458
17,163,64,0.21831275333471373,0.27215246670675347,5.319521418799511,4.656866517547999,0.5669450230792696
17,164,63,0.2136176641651595,0.27024186865456845,5.359089119639012,4.5075464643919325,0.5975286161045523
17,165,62,0.23646496691078314,0.30295127547987083,4.86173188746376,5.042741987813647,0.5585659420065753
17,166,61,0.22971689850589277,0.2865096263775093,5.583256404689838,4.762758684079071,0.5635945771539916
17,167,60,0.22422390799760433,0.2912209147244953,5.2619731377194014,4.4622100533697795,0.5685124737584134
17,168,59,0.21907179148869502,0.27569744306071975,5.4706522891490765,5.15638011279056,0.5985124358816706
17,169,58,0.2187425053563057,0.2892239222796537,5.091784678968439,3.9645784362679515,0.5831428652225266
17,170,57,0.22294515288583994,0.2859637444768877,4.925020299296534,4.947894332349336,0.5808164790772133
17,171,56,0.22092361247824524,0.2875580957211906,5.355652611663774,4.726200422757333,0.5937509531912064
17,172,55,0.2253525762107716,0.2871588941133071,5.344555039299587,4.898719694388549,0.579092801067732
17,173,54,0.22668859006779118,0.28613792993650583,4.997081108563227,4.451920973451025,0.5805988666631846
17,174,53,0.222255548105679,0.281062319302717,4.547446103719585,4.872693166235065,0.566548668608105
17,175,52,0.22790495787887674,0.28664423875479206,5.005162923243114,5.139067735447637,0.5640893682336949
17,176,51,0.2231894408662105,0.2920747104396804,4.890866957434174,4.626178153222771,0.6025747906401254
17,177,50,0.22822145649100126,0.28814060825937515,5.090158464916492,5.010094253088406,0.5659270175608472
17,178,49,0.21965501986507727,0.28579168177705583,4.667827917922976,4.439358717551031,0.5679801093873333
17,179,48,0.21965978690191604,0.28329880544554426,4.878840125771553,4.383424512417461,0.596268219586512
17,180,47,0.22832544116811268,0.2862995947824883,5.148583255619005,4.6329438965665295,0.5676559697631298
17,181,46,0.2296438978942759,0.28988799775767915,5.220947007187399,4.327371722154835,0.6006014305782977
17,182,45,0.24173982850886755,0.31395612430267333,5.331982680029647,4.097456240900522,0.5631809031497672
17,183,44,0.2645372208445691,0.3284501503786842,4.397990081502296,3.8820451153905986,0.5026556278146214
17,184,43,0.2563151381081548,0.31853378508210806,4.863183135423377,4.395701378353459,0.5191760578096433
17,185,42,0.25565652758467317,0.32359737280736195,4.924819289666678,4.361620119237334,0.5291234820749863
17,186,41,0.25362912999394716,0.3155982037000195,4.76932263425188,3.872327794264877,0.5240611914002397
17,187,40,0.25405116358301477,0.318618009931703,4.492630133707344,4.082730454265497,0.532661053343064
17,188,39,0.2401543311997109,0.2931422410784261,4.747454467383243,4.636112872271832,0.5541970203212037
17,189,38,0.25449510496045596,0.3089076255469537,5.622812776564174,5.519170473332599,0.5386469293976226
17,190,37,0.26419538065708187,0.3331043580887176,4.955919352759559,4.255270898348634,0.497706100015223
17,191,36,0.2562305027972069,0.325771595364305,5.091215509971622,4.362098368236369,0.5446747130564202
17,192,35,0.26944784871443866,0.34732676892163744,4.84006707033819,4.229037506728386,0.4929112923173953
17,193,34,0.26874013161640026,0.3384680439407385,4.766469082053522,4.888631638515165,0.49508052615702286
17,194,33,0.2561414478617544,0.33198231898315406,5.0128705613279685,4.934436522495731,0.5255362558640944
17,195,32,0.2596984265446252,0.325760698014913,4.539535166937902,4.240721899033215,0.5160076247410325
17,196,31,0.2526560699747174,0.3270596022490246,4.56787526277628,4.270957365553785,0.5272576303540024
17,197,30,0.26286247870655777,0.3343601405368777,4.954318749543106,4.70342853024727,0.5118998425833223
17,198,29,0.266130022184852,0.3381137930044723,4.468696125737748,3.7087474340363027,0.49762533903404194
17,199,28,0.2664828930474893,0.3404833746447255,4.919252700661152,4.094155974942157,0.5155523009301892
17,200,27,0.26098765577270266,0.33801555824971297,4.637452995813298,4.085920372346224,0.5055382765978848
17,201,26,0.24976661286447616,0.3008731414990606,5.171000975977789,4.611776849349464,0.554981475995752
17,202,25,0.25586770897816286,0.32348364508374333,5.0740456722838925,5.276440149653713,0.5118562663766788
17,203,24,0.25429805823365936,0.3320699876985426,4.7495504851398715,4.269696663826702,0.5181383803900763
17,204,23,0.25113276749631985,0.31049361385368734,5.333063205771067,5.007875963423224,0.5246594572465606
17,205,22,0.26927313644297696,0.34147220751471796,4.7694369106008825,3.981542461938399,0.48841382882616213
17,206,21,0.24428512368510136,0.313566151402585,4.944958376804392,4.84631263433555,0.5540145875100585
17,207,20,0.25354587684255575,0.32204926083479346,5.400536903022991,5.637228492660842,0.533506513867365
17,208,19,0.25091667112238486,0.31356006632117317,4.880213357777686,5.248278072609523,0.5373264172139476
17,209,18,0.2540540767585681,0.32036618829127556,4.817019498923257,4.981217941552954,0.5367096125044193
17,210,17,0.2646270818811804,0.335179557430624,4.664458278103952,4.173900450576585,0.4974585942009552
17,211,16,0.24719259128209198,0.31760603257499065,4.7845929688985285,3.808841870830506,0.5568337993292944
17,212,15,0.2465503604004068,0.3190762135969557,5.232893477321682,5.206966739863389,0.5364635074796407
17,213,14,0.2674158487637453,0.3410814293877783,4.546664564881599,3.820563393353795,0.5156887791316208
17,214,13,0.25827915045888833,0.3303588350553653,4.968934278772021,4.701601201845341,0.5223949282701124
17,215,12,0.26621065942069017,0.3351719307187713,4.7355099966114444,3.9809976117218255,0.5166397154234436
17,216,11,0.25890982185931466,0.31812217858260644,4.452522249661362,3.9323993994331534,0.5143356551927958
17,217,10,0.24653922401184533,0.31023761895140384,4.991815655841163,4.103877849226077,0.5769668157081669
17,218,9,0.25432402560303435,0.3218240421606393,5.340980057436292,4.162537000023452,0.5269107789637215
17,219,8,0.25949895958467684,0.32409865165060014,5.200577086613048,5.8440650392256055,0.5208477592411405
17,220,7,0.2751893403745912,0.34099228595232506,4.482988017512715,4.163303191445781,0.4822754776623548
17,221,6,0.27176002635307156,0.3356451350045623,5.1178557817053685,4.5614895495580345,0.4964805938716277
17,222,5,0.261204565601321,0.31773698252069427,4.708242666957078,4.254510766207801,0.5301696505123162
17,223,4,0.25301267462666727,0.31751143912859603,4.813537149237744,4.1312797841364945,0.534458226784004
17,224,3,0.2684567904186649,0.33264384979804534,4.409327884176561,3.94251969753296,0.5087654064108577
17,225,2,0.26246210121737396,0.3257535484617194,4.814614206686857,4.1080380379700765,0.5197227467899899
17,226,1,0.2641803388449242,0.3306376695907215,4.896880489550587,3.8860473905729918,0.518751214942573
17,227,0,0.2746357257306146,0.34782177596113856,5.023163409684381,4.629330536375506,0.5076933119129758
20,1,94,0.15947661657779505,0.21781035132602583,5.150368967315538,5.034499169119262,0.6507613438394745
20,2,93,0.15842451468852697,0.21924734530140894,4.88523002312423,4.361340749125616,0.6396707078613888
20,3,92,0.16023475925325775,0.2189402368678203,5.025401127361505,4.6046721410751035,0.6720523046081434
20,4,91,0.16605373184557118,0.22494228636387797,4.987192360107618,4.120464466664131,0.6693215069118152
20,5,90,0.1635514347558674,0.22097957523436784,5.341754385521487,4.809858469330819,0.6621874409029669
20,6,89,0.16207712285046125,0.21916881160857776,5.028735868976543,4.272602747504179,0.6504458688437397
20,7,88,0.16418591229126103,0.22078188306417168,5.564886163449183,4.866426450377265,0.6588585362097478
20,8,87,0.1630699731258711,0.2215228382304833,5.388713372066595,4.782284760213606,0.676605818712513
20,9,86,0.15927059533613858,0.21644543654716866,5.735878980309064,4.975316015434188,0.6531062078618943
20,10,85,0.15964127958550434,0.2155390703539605,5.63464222596023,4.555600299837505,0.7004553345391201
20,11,84,0.16256768726858176,0.2202202598820516,5.196596034976212,4.843538026059862,0.655373991586823
20,12,83,0.16317457927208406,0.22159784363867027,4.838370626397133,4.049366615226327,0.6657992982099443
20,13,82,0.16571080444235461,0.22802535938972926,5.690648662751011,5.202682472925358,0.6327537691237234
20,14,81,0.15748143740686987,0.21746902244509184,5.179188702653109,4.779302114299257,0.6777308388083613
20,15,80,0.16557776900165777,0.22604443639093635,5.105876597744045,4.248183574785036,0.7016587733284154
20,16,79,0.1579676814031316,0.21402104917642495,5.38429145394314,4.491221391372624,0.6542843567082759
20,17,78,0.16533979818664124,0.2280531522681666,5.310018033516775,4.4603720776234725,0.6689080607847517
20,18,77,0.15862469550267855,0.21834492802660446,4.987400068353459,4.28640184420388,0.6655012992225988
20,19,76,0.16131279165670223,0.22534066227687222,5.831635568757164,4.933763388643903,0.6566400874426378
20,20,75,0.16692607908868354,0.2311704892822057,5.280359272217503,4.511022705579926,0.6221374095202477
20,21,74,0.15969914514709127,0.22437682454268013,4.805323092274836,3.949285237436435,0.6531491599424013
20,22,73,0.16301840533431777,0.2310932280810388,5.406110374637213,4.920146407699988,0.6694442223329997
20,23,72,0.1617043563154523,0.23166481407142245,5.18346216519801,4.744358650341204,0.6297788416768183
20,24,71,0.15877595762941943,0.22794195100074682,5.180068333792934,5.027929979123759,0.6526571641766844
20,25,70,0.1604116665686823,0.23374490031697648,4.684976266645571,4.420874909782475,0.6477655625799079
20,26,69,0.16024469043972972,0.2317237771920343,5.475182932463895,4.876775785115331,0.665491116512448
20,27,68,0.16101236828027693,0.23376681835527488,5.281623503939944,4.5627156386059236,0.6648066410581001
20,28,67,0.16106193413851472,0.23112798192864836,5.258009008993071,4.286628827252238,0.6531777960412719
20,29,66,0.16287657369335928,0.23362266051696406,5.202444292891903,5.136284775808753,0.6387544778433315
20,30,65,0.16888462381396135,0.24270092354048706,5.630025876959283,4.416447174918636,0.6471710105512599
20,31,64,0.16517094694324602,0.2350646463966105,5.670979973394843,5.053861812463727,0.6328615650368288
20,32,63,0.16444730579850267,0.23154311556582247,5.1580482370678755,4.295258206474172,0.6341064906849352
20,33,62,0.16588372940883556,0.2376080253036269,5.11162774958257,4.575170644553906,0.643339261624859
20,34,61,0.1616352914993057,0.23041844118122257,5.3596498015868,4.668349973218254,0.6692880370888062
20,35,60,0.16928875767563806,0.240804747878511,5.429509494627879,5.262929515691024,0.6546770442558685
20,36,59,0.16322090581076945,0.23049731866439077,5.490841141709273,4.596683589420351,0.6631707621288496
20,37,58,0.16056876483540983,0.22886587016172066,5.001466319033883,4.389369805729784,0.660111101959274
20,38,57,0.16670956453830926,0.23936858800665517,5.1602764554481615,4.550138162729863,0.6412300070290068
20,39,56,0.1779868329592278,0.24945722568993894,5.008894127713834,4.537024910618081,0.6035042311927458
20,40,55,0.18304471425260144,0.256372598687305,5.2080044435489015,4.708837651741691,0.5954578047041176
20,41,54,0.1826522183851294,0.25575582084744497,5.185993694156934,4.614518907343115,0.5991949167256911
20,42,53,0.1812955637570751,0.2485328170927942,4.9705627414609825,4.212348600454766,0.6040559000138583
20,43,52,0.18778896232546433,0.2587884600421056,4.706395597333222,4.523864165331329,0.594939743219794
20,44,51,0.18204204691923498,0.2509736323538439,4.996978877577725,4.63204465580028,0.5843369401490845
20,45,50,0.1810562461357907,0.249376373237993,4.468922825753485,3.828449244207788,0.5928960162609689
20,46,49,0.18121420779943292,0.25135261848518436,5.216358956022775,4.466139911846084,0.580253941042739
20,47,48,0.1786339763118472,0.24658888279136484,4.995559406755064,4.499219976936607,0.6126851606648875
20,48,47,0.1840775796234353,0.25553530082975473,4.987281977457364,4.160485885468481,0.5933574916973332
20,49,46,0.19099752503344772,0.26296059642557745,5.303551587407189,4.577556935617144,0.5861564661911979
20,50,45,0.18527259921177094,0.2543933061892255,5.143419767534118,5.568639468675548,0.5989636678045417
20,51,44,0.1853981354303073,0.25815891168088545,4.7596100462731075,4.189192769079855,0.5839196324931293
20,52,43,0.18851860912652535,0.2649999910210916,5.209924091621708,4.566080060707326,0.5803040139933734
20,53,42,0.1907050219319266,0.24747497125934154,5.088369277587926,4.612303934875281,0.593872440695058
20,54,41,0.1910533792754818,0.2458070947682318,4.955965654039243,4.143445355296236,0.5649395366949318
20,55,40,0.19458642631885212,0.24968778248065476,5.097608426652098,4.827547096799141,0.5889133862340422
20,56,39,0.19745823263179133,0.25532849732908613,5.310522947510146,5.274727124018563,0.5686284991982711
20,57,38,0.19513467804651627,0.25299069329470936,5.2949918962402815,4.279718363060332,0.6163106599000095
20,58,37,0.18571538458330777,0.2386288519793063,5.209331807901517,4.847324043197218,0.6006273441877602
20,59,36,0.18957821233353925,0.24356414428268192,5.322452481182879,5.064844490929618,0.6015647180332228
20,60,35,0.19833769221851263,0.25595211572058246,5.115614564016765,4.569029886108871,0.6049120381332065
20,61,34,0.18677981083092568,0.24116194039513322,4.9294145390044,4.611727144300887,0.5881579033903175
20,62,33,0.19017590328016648,0.24799237399816282,5.385210537113302,4.572888140057439,0.5988724047477796
20,63,32,0.19374575923650122,0.2541458715988737,5.078925408580096,4.51477553790806,0.5740355223635338
20,64,31,0.18861838447533663,0.2466938444778574,5.153902187247159,4.675661574376427,0.6024218585650514
20,65,30,0.19667448564821902,0.256193952184994,5.018611165212313,4.838216514347462,0.5782817207052606
20,66,29,0.19303489278294303,0.24831986806291015,4.72586899708058,4.1873622861872075,0.5820711018820129
20,67,28,0.19650103536683175,0.25218931275068096,4.998650533774974,4.606614220933515,0.6138537911208326
20,68,27,0.19213703962645837,0.24668478879157757,4.870708622860189,4.534358355187063,0.5920457620701295
20,69,26,0.19843631606159629,0.2502070851741705,4.878794734907311,4.531188987962599,0.5781036326243215
20,70,25,0.19571300935599859,0.2455811267496535,5.226486129966059,4.616816581334472,0.6006653689155879
20,71,24,0.1981484429900709,0.2539679282208463,5.268869916834401,4.36387303557976,0.5915746501560423
20,72,23,0.19112717751850353,0.2471786683359847,4.777684702007431,4.94987591053487,0.6047529254328259
20,73,22,0.19995310957353102,0.2566575019860896,5.574348017871008,4.931482253619604,0.5830427195608592
20,74,21,0.19415643904644392,0.24938090882257802,5.114805311876916,4.732765024912761,0.5772548159694306
20,75,20,0.19163753071114445,0.2482985408054844,5.5397483941197265,5.275563942144431,0.604678857412909
20,76,19,0.19863908695202145,0.25993926459539435,4.544288921490964,4.526180522920466,0.5956784410652741
20,77,18,0.213264315853116,0.2771960032173614,4.9609153351081,4.483982791893318,0.535283156588483
20,78,17,0.21993975420662762,0.2861094453686178,4.927637488570493,4.529833198143756,0.5227078850118484
20,79,16,0.22407540858275385,0.2942227441800128,4.235996436799352,3.7933848095904747,0.49631692173962316
20,80,15,0.21767873312746272,0.28741091502352756,4.926148054151777,4.402482992268644,0.5465174945163608
20,81,14,0.21562632335546614,0.28208400653849786,4.899341381779494,4.264572095970662,0.5316485564617228
20,82,13,0.21136205962608032,0.2765351238541943,5.0274079002032925,4.37173869097901,0.5532825007244588
20,83,12,0.22019984051571584,0.293220122548032,4.720606931451163,4.1004045081790075,0.5043197635508264
20,84,11,0.2218126544321551,0.2941575582370929,4.958332079686752,4.444653311008206,0.5335385260401534
20,85,10,0.20947040093997063,0.27239300914659165,4.803843714358742,4.171281211383758,0.5424745705147022
20,86,9,0.20832418319202176,0.27181177688188796,4.757157943014257,4.448608737955875,0.535605916699055
20,87,8,0.21131978505275267,0.27650106389750023,4.67525090428072,5.101295241351064,0.5469016562375745
20,88,7,0.21766992611947453,0.285506248742482,4.427701807419324,3.8818703452502645,0.5224194452182063
20,89,6,0.21707658183415696,0.28189574273593965,4.9509421507883165,4.3349684764454395,0.5417845164643974
20,90,5,0.21686496338660302,0.2807853245883102,4.866169833395473,4.3068458715243985,0.5317159873793617
20,91,4,0.21314272115039104,0.27418455330565455,4.785189958547622,4.638967545761086,0.5490989479165976
20,92,3,0.2327681967643567,0.30282803194318275,4.586425171832284,4.410704384521099,0.49117864544282885
20,93,2,0.2159968342759724,0.28393331319933446,5.5243456072115915,5.268632452239243,0.5210588795901576
20,94,1,0.21574177979025372,0.2824391371086318,4.723152565628315,4.168748498588895,0.5440956715449028
20,95,0,0.2172116138013768,0.2840869546472361,5.024313412113674,4.321412806713634,0.5651216954031436
22,1,178,0.1541590746567295,0.23569007779046044,5.492349374685265,4.648959455449062,0.6657590687810091
22,2,177,0.14951989776798205,0.22690147879851114,5.444713818608738,4.65534365574942,0.6764729969243644
22,3,176,0.15242737873431822,0.2427102878359695,4.81215099633045,4.288801161260853,0.6129232592139798
22,4,175,0.15698440322922655,0.24391699917180462,5.593602242349806,4.443740480811991,0.6628979474822483
22,5,174,0.15190301149663288,0.23953014813447915,6.064674737470515,5.428622396853631,0.6783678286457367
22,6,173,0.1544478993973737,0.23701015979728762,5.192675838560243,4.514518451933565,0.6645342600157879
22,7,172,0.15177521917862777,0.24240315505397794,5.5543701076403655,5.528022715289439,0.6642496412438748
22,8,171,0.14788937356173354,0.2253321911314718,5.354052902694283,4.551288553358785,0.6565773276552727
22,9,170,0.1540442183429561,0.23911215297254063,5.805363165988197,5.213827743676998,0.6353989877426527
22,10,169,0.15868663017975254,0.23806676624755904,5.341278197916241,4.735042941892545,0.657971702310024
22,11,168,0.15168535647246736,0.2537385895590249,5.308346211586189,5.410222918352786,0.6571848804161943
22,12,167,0.15431681772171943,0.24528505654568034,5.005829613779708,4.155948496724796,0.6525953514330821
22,13,166,0.1549017741760921,0.2454435125737471,4.9902708695119955,4.66051877102408,0.6770853823346692
22,14,165,0.1570639362785932,0.2413849612232739,5.1684193197169535,4.350914406338571,0.6531117974364441
22,15,164,0.15497907833414912,0.2506859117284579,5.69637341605376,5.2803715520248256,0.6508258085587498
22,16,163,0.15341796553102555,0.24103801825630275,4.860156818566455,4.2543357893863005,0.6741050459374811
22,17,162,0.15975033608515504,0.24151478560881212,5.333844959481215,5.637471614316195,0.6492999765900398
22,18,161,0.1571473242116397,0.250153782470817,5.687122014511744,4.728915428064664,0.6702916379213183
22,19,160,0.15465739211185656,0.23307767842354907,5.7496182343907325,4.823760629985205,0.6575856297958375
22,20,159,0.1551635035580601,0.24437909142211275,4.642121401381605,4.436749339936118,0.6388520752356371
22,21,158,0.15739666798934016,0.2445871224258264,5.6322815308836685,4.653587146017411,0.6690291062368426
22,22,157,0.1563167279090858,0.2431119935960758,5.338160662823077,4.400605634222018,0.6474044026382695
22,23,156,0.15788766549396216,0.22842823319291028,5.169651126978625,4.780689794150112,0.6770180559708142
22,24,155,0.1627107502357519,0.2339441098889056,5.0150610450555515,4.123845726153341,0.6510199972568764
22,25,154,0.1602942218239941,0.25080187729416303,5.602157008087529,5.022795500519387,0.6507206487235063
22,26,153,0.15882591811271318,0.25232197340399715,5.203405377130991,5.43588371446809,0.6265430624966278
22,27,152,0.1586013590316748,0.24443031606499305,5.185936789834697,4.526563805670948,0.6365311970834667
22,28,151,0.1645210387765663,0.24115334414646605,5.225912063917697,4.596244087070131,0.6300545949476964
22,29,150,0.15900710881922434,0.2500501045383731,5.174889260738266,4.632649199210255,0.6260865331368044
22,30,149,0.15790369998112647,0.24164437918081325,5.1963638094923255,4.481216435508862,0.663773600729523
22,31,148,0.16204209546804438,0.24316302253717553,5.3271633672188035,4.4375423052612915,0.6489212948005334
22,32,147,0.16409305426650578,0.25360458576450773,5.289905882568118,4.740895341380099,0.6432629156708585
22,33,146,0.16186307097410452,0.2508685073670719,5.251637433888736,5.179075398955937,0.6581280214966834
22,34,145,0.16392632910047814,0.2465576998414794,5.124722494120068,4.331981254985599,0.6463446475600964
22,35,144,0.15749640043284988,0.2473527671309437,5.111219346353529,4.203827021519438,0.6451811766240736
22,36,143,0.15855565598797408,0.24653153068683276,5.1985496401610085,4.1414784040284225,0.6468700193773563
22,37,142,0.1609085667782126,0.24329205541319945,4.991004001652152,4.585778665739144,0.6419526508141824
22,38,141,0.16024877000608317,0.24752897513297903,5.702620622228164,5.340109149201556,0.6307029903459137
22,39,140,0.16206971389968108,0.24118391688195837,5.517873038148014,4.609073784027818,0.6604474348638674
22,40,139,0.16117600065854643,0.24956000293524472,5.317192258979217,4.844844015601652,0.662761103215204
22,41,138,0.1622569258451205,0.2580194309267389,5.150189759249832,4.523421799959624,0.6437093431891753
22,42,137,0.16233204949262997,0.25921601808467865,5.808553601286868,5.081897515708801,0.6406310311859315
22,43,136,0.15710955518253727,0.24633108232488693,4.936134888528034,4.640697914743468,0.6524785190090125
22,44,135,0.16023251745467443,0.2489458076041448,5.194363675143444,5.066063261286225,0.6593077437902453
22,45,134,0.16606230241465755,0.2559640163783889,5.120708929782149,5.035828331180722,0.6382213014464542
22,46,133,0.17168098950482757,0.25422839048066914,5.209877910098328,4.476527599777629,0.6587329980109184
22,47,132,0.16283872328395624,0.24728433858402935,5.302663589047054,4.914610130215723,0.6591242730657565
22,48,131,0.157276503460039,0.24220694593540765,4.847481440917139,3.8457398427860556,0.6413433957544575
22,49,130,0.16130392378052255,0.26081344650573285,5.054078955226914,4.723049195704275,0.6347786416890361
22,50,129,0.15923433160726988,0.25178812581757065,5.256325369655446,4.686043920684883,0.6324794718359824
22,51,128,0.16742649039780874,0.2478910811005096,5.357961001012887,4.121733041906038,0.6557595192727965
22,52,127,0.16253848502360627,0.24639407568076996,5.139003112853045,4.677726015448532,0.6558010500872758
22,53,126,0.1663830042469747,0.25086873770464235,5.482768535232722,4.612840749072423,0.6491912592018868
22,54,125,0.16468884471500958,0.24471379971303017,5.02810061512867,4.119381091929746,0.6512376862666465
22,55,124,0.16545390901859555,0.25598510650520406,5.021942505612184,4.2291425535644755,0.6579533959934665
22,56,123,0.1679615183710054,0.2514268755822886,5.092505517481936,4.837344127424002,0.6452751186762267
22,57,122,0.16704120074910528,0.246675839197471,4.953510880547704,4.840697757848045,0.6485036359921121
22,58,121,0.16322602031600056,0.2507807610532711,5.094985412869043,4.830485072303423,0.6352633206968212
22,59,120,0.1656560515762972,0.2550756520412993,5.007135714376338,4.041400490135099,0.6434907418839527
22,60,119,0.1699291344996424,0.2559883977702531,5.3106562193135645,4.479255672749601,0.6353298905812437
22,61,118,0.17088069950542142,0.25443115037599634,5.781620923532536,5.122139439401751,0.6462282616708641
22,62,117,0.16740388297874506,0.254183425779844,5.602907018933829,4.536496168434112,0.6391622486133212
22,63,116,0.17044390515975938,0.25059163660386713,5.364019435469886,4.677903986882299,0.6526107746975676
22,64,115,0.1684946553990957,0.25035434710941534,5.475291008959259,4.798882252757554,0.6594166212616562
22,65,114,0.16902584373408958,0.24362127163743197,5.27161861237137,4.541225051187295,0.6507423842274858
22,66,113,0.16694614312312003,0.25811002359420654,5.125032315238265,4.363375864631552,0.6410719469394696
22,67,112,0.16913753081103697,0.26262714505910867,4.778723740469932,4.043482981458889,0.6153641031686214
22,68,111,0.17185220729175665,0.25785870535009353,5.014168091962378,4.4970387236457,0.6201438927787062
22,69,110,0.1657074461106686,0.24645002874903946,5.1735302463064485,4.471640988993428,0.6506538899146117
22,70,109,0.16935583985870106,0.24971298594152147,5.519299963729803,5.149177929801793,0.6381107411961138
22,71,108,0.17014731104240258,0.24306770517685522,4.97301488337254,4.176245764039743,0.6512472452798674
22,72,107,0.17869438160297282,0.2793940667405492,5.212346820799127,4.37676863091917,0.5858927258260845
22,73,106,0.1895047134021833,0.3002048728802205,5.200030635459903,4.1599731213525635,0.5611473543564733
22,74,105,0.18212006633109987,0.27103216453304957,5.0623072404997655,3.9733248022479923,0.5923583431388515
22,75,104,0.18465218933998637,0.27885220169495467,4.883631957511068,4.2168336383969836,0.5884699007192092
22,76,103,0.18532447082518383,0.26652145876720024,5.246051079485726,4.71103336756337,0.5898756412202097
22,77,102,0.18541729202130972,0.2669223060530655,4.522779530860856,4.40893964591222,0.6142708623053692
22,78,101,0.1956410011247799,0.2936766734891709,4.862298929018062,4.128449198098578,0.5587130431297956
22,79,100,0.18431443714846316,0.29332926491256495,4.838284235473811,4.2991429165413875,0.5907044675881282
22,80,99,0.1873285496075519,0.28460545155959255,5.735550599614342,4.8875136933552135,0.59718257651012
22,81,98,0.18793236709015715,0.3019619984260256,4.925168940414716,4.45117731366528,0.5701599360838078
22,82,97,0.18888802600634688,0.2947771613837074,4.922715876810859,4.682520126553967,0.5668019934122192
22,83,96,0.1944355538257351,0.2877892328122367,4.810444125592037,4.0745798004281975,0.5779681309142135
22,84,95,0.1924471123178484,0.295922253383659,5.11497755974945,4.947311077006148,0.5736200381142055
22,85,94,0.18903505604988435,0.29682264289248844,5.439631931340241,4.747877997155289,0.5896361557441544
22,86,93,0.1892240900221376,0.2769448920218883,5.052661324101994,4.500845206551237,0.5816719119532594
22,87,92,0.19357316112192988,0.27589568508089435,5.121599495873072,5.063131026584647,0.546327903710148
22,88,91,0.1898774507402837,0.27820542491902267,5.043184381338005,4.137586543335885,0.5919428463908872
22,89,90,0.19458402537164768,0.28844774993479166,5.200949302063481,4.559634180751902,0.5827213436524781
22,90,89,0.1947200289224489,0.2963506360876767,5.060997499567378,4.63267725059635,0.5919652464074707
22,91,88,0.19500264394853736,0.28851957258588234,5.04451750467824,4.84078934598811,0.5832858972724079
22,92,87,0.19110113399539194,0.2898801068950673,4.913370480566494,4.916566986935334,0.5742785482953174
22,93,86,0.18801567707074568,0.3092734999634311,5.55537997582153,4.881206601193109,0.5847633185553124
22,94,85,0.19119985084386681,0.29107255603451637,4.9962426618730245,5.0642163936521944,0.5956624373632535
22,95,84,0.19550982632572558,0.30238572787383716,5.409825504247771,4.542229830131036,0.567607008012976
22,96,83,0.18998570750804286,0.27784554586225185,5.467836512556829,4.613122121269085,0.6053413624501625
22,97,82,0.19860918639348588,0.2924586321374138,4.838028440654869,4.045787145858173,0.5759101296043039
22,98,81,0.1945884666451928,0.2995931602365005,4.98536733572899,4.15142206030977,0.5848617559445033
22,99,80,0.19262648933060614,0.28281362835582213,5.3195296889326,4.957298872545761,0.5876996339099649
22,100,79,0.19324436146511126,0.29199373143682233,5.302944283161592,4.726297012303649,0.554926016170966
22,101,78,0.19565264116388448,0.2995358797202282,5.241196930003538,4.636149470859327,0.5905100710925297
22,102,77,0.20266148283847615,0.2984439654129314,5.640651095462953,4.876889764487489,0.5771404883825507
22,103,76,0.19464465842312284,0.2851411802780411,4.931302096409192,3.9668995125021453,0.5992018299379863
22,104,75,0.18790493220435603,0.3019755155389846,4.870536354125635,4.190150280429955,0.5747576752774914
22,105,74,0.19983601215143987,0.28781504767108235,5.600059898787152,5.125070996796008,0.6187283018535077
22,106,73,0.18932942817416484,0.28757662518432425,5.263843020629944,4.0048659817350565,0.6005829903282189
22,107,72,0.19712533400495008,0.2936160542506575,4.7525964276108486,4.3377640122705445,0.5927482584139065
22,108,71,0.19488776191235915,0.29085260999057083,5.3321154825311385,4.182567495052707,0.5692456665602564
22,109,70,0.18461188622767755,0.29165997609947575,4.851689050649992,4.270006545384757,0.5842374969860324
22,110,69,0.19357040880288628,0.30066438722581473,5.415796395095104,4.556010867151465,0.5798592356906137
22,111,68,0.19752466933884513,0.30888598673353235,5.364197656578414,4.886863390929314,0.571181969883784
22,112,67,0.1913611242160296,0.3044169245560775,4.843953201884763,4.112155753419121,0.585300064576243
22,113,66,0.1929040307916454,0.2964718805306538,5.420885047647564,4.229955934307091,0.582890164836004
22,114,65,0.1957206670378075,0.2812309960029807,5.024178238599124,3.963141274297278,0.5672228449744836
22,115,64,0.1945055631379275,0.28304710725229393,4.907231438852165,4.135354373023045,0.593708700509896
22,116,63,0.191535850667458,0.2857483224705853,4.549298524320257,4.2777058732607065,0.5696585757962486
22,117,62,0.18883576036902677,0.31742893988753074,4.952972825733568,4.404310713761488,0.5902531134306436
22,118,61,0.19304013497043365,0.30206299781981494,4.863234543540474,4.378461552429573,0.5957221601915338
22,119,60,0.19434520317788653,0.2984833503314028,5.307375736868478,4.9382307585771805,0.5592921312517086
22,120,59,0.1963245482236337,0.29393694377198737,4.848809827281109,3.8731998880979552,0.5951546846290183
22,121,58,0.1903641177235604,0.304230616000866,5.339607782497779,4.659455039167039,0.5679848456201889
22,122,57,0.19411317045569884,0.30729020677450025,5.194886339468498,4.3523559176044255,0.590228087554408
22,123,56,0.19258475716868217,0.30773222093741315,5.160033738255416,4.8934642258070795,0.5709376095547082
22,124,55,0.19630971910418415,0.29104662038538637,5.021242885823154,5.510928243690294,0.5756296647316196
22,125,54,0.1966713702641498,0.3082188641001286,4.858687169840756,4.582646125025511,0.5826713690699009
22,126,53,0.20487982748522793,0.30574178666868035,4.98802083739583,4.2592031600263995,0.5693696882778685
22,127,52,0.20065826266887274,0.3033649001338915,5.208117018643014,4.544868483188234,0.5779875873850246
22,128,51,0.20001642836288555,0.31156427373898754,5.222622766747374,4.8702365173002,0.5715270458422856
22,129,50,0.1964449223839826,0.2997577003197181,4.920108672473633,4.265448037595881,0.5896473015645785
22,130,49,0.20612650024696466,0.29768041284175983,4.954381619448261,4.433688956447681,0.5694641995630835
22,131,48,0.19586380163300746,0.30213596223027234,4.820733923027429,4.5573115178930035,0.5902238075223704
22,132,47,0.2010970538896284,0.29832558012248483,5.218302402475114,4.456115400987992,0.5896515689169305
22,133,46,0.205993640298165,0.3052588343253173,5.454854239534534,4.57721839294355,0.5648311322686118
22,134,45,0.20396532765385444,0.30678732800105585,5.065282956657997,4.308794670203315,0.5733069587081241
22,135,44,0.2011892652464862,0.3106274862023685,5.045693786237852,4.3010341801201175,0.5594740647677638
22,136,43,0.1953105049048057,0.3050726885240072,5.619296475058812,4.986922783839106,0.5732468562456914
22,137,42,0.2066096457997083,0.30331630313994373,4.646323231618672,4.400356509312572,0.5836233596541023
22,138,41,0.20409799789532118,0.31513318994619355,5.077129857626467,4.409693029162611,0.5574135125154599
22,139,40,0.19590008183563867,0.3004794858326081,4.916206651137134,4.450576382391137,0.5846389403255356
22,140,39,0.20413827913890492,0.32184073874482183,5.272924021176527,4.166823739088201,0.5602157259594306
22,141,38,0.20014682710294515,0.30322279811461733,4.834729410054193,4.524629156350071,0.5701188924937018
22,142,37,0.206509808901788,0.3050784320161488,4.950128671444776,4.203412253265032,0.571474441074456
22,143,36,0.20002491071315373,0.2974925558884007,5.038384991907606,4.428356033950581,0.5735604356156226
22,144,35,0.2374338438547746,0.3415030056077453,5.00056344244614,4.344118773745676,0.5194758137973633
22,145,34,0.2368226079118961,0.33857608507036435,5.150323338829974,4.854164899679085,0.5304103443318717
22,146,33,0.2353861826087274,0.3477246638698474,4.562623660112086,4.330246408323631,0.49460290174722066
22,147,32,0.24328725660928266,0.3623938635240803,4.6241817165080175,4.327918412147263,0.48286276100436915
22,148,31,0.22467991218169012,0.34810126653598955,4.622613396849111,4.223501357783916,0.5180086707020549
22,149,30,0.21234127276457523,0.3202563239534843,5.331368436142099,4.449513576844235,0.5460961803371565
22,150,29,0.22795596989596553,0.35413602881875883,5.1551080010571635,4.644108188204969,0.5163414025502393
22,151,28,0.22601226889435733,0.368339346995056,5.042354190259742,4.717042321890643,0.5113698239095185
22,152,27,0.23345451796876346,0.3532781988109959,4.883659075182011,4.330965128038546,0.5274342525144262
22,153,26,0.2230430731918561,0.3554930451506585,4.359306345604534,4.142468245233273,0.5143765714738043
22,154,25,0.2341093868100802,0.353038575284853,4.443394214647267,4.1695017365172475,0.5056057077430604
22,155,24,0.23528926650252777,0.36718081110143697,4.87321523519663,4.677002870129044,0.49109612520154666
22,156,23,0.23252552761964942,0.34929888750015103,4.970973120671895,4.840037127545622,0.5188743053940972
22,157,22,0.2388530929857761,0.36849907821346145,4.887058955547296,4.2732414549325215,0.46581931701139556
22,158,21,0.21990417050495242,0.3722468511273992,4.933404899320117,4.549009349427045,0.5163629621199852
22,159,20,0.23197541477496114,0.3621395357749879,4.801286649736539,4.692580257217114,0.505079266606432
22,160,19,0.24506855559049953,0.35553720061007305,5.062875072692162,4.916516870119819,0.5083141467465708
22,161,18,0.2315153203415081,0.3427486120329531,4.512027132663711,4.124984318108668,0.5172949838475935
22,162,17,0.22885764383549267,0.35530576970722916,5.535204078073779,5.008597998457791,0.5194348720975125
22,163,16,0.24504957826165133,0.36325442190928425,4.984171003888635,4.217647908630846,0.4887144879227234
22,164,15,0.22325460864234628,0.3576659486685041,5.219142237059234,4.566930097091557,0.5274848137909722
22,165,14,0.24286125183961396,0.35989522279543756,4.681902293300846,4.478660605117957,0.4865757806303248
22,166,13,0.24666174707600377,0.35786755749782284,4.325910705004198,4.2616588984724295,0.4848550972516126
22,167,12,0.23509108899855238,0.3441228085406778,5.294217254826117,4.826106545781361,0.5189009026639352
22,168,11,0.23687702051810353,0.32304274472082534,4.737276679773046,4.868251589771164,0.5406970199699084
22,169,10,0.24897427668197983,0.37411512970232785,4.895922661014053,4.293251799723435,0.48516752096150206
22,170,9,0.2219340788367018,0.3246112360228311,4.719777169305494,4.221927695873448,0.5307930789595414
22,171,8,0.230186224019176,0.35198176499176026,4.465378955590506,4.370052283485931,0.5051034642054328
22,172,7,0.24090262635881485,0.3511233981978443,4.910112041212633,4.156595276240896,0.5096881495471178
22,173,6,0.2352730210694397,0.3639775209465991,5.096530043844298,4.409960329706379,0.5071573110971386
22,174,5,0.23098060321345826,0.3545804302068,4.494415547721471,4.179077949912619,0.5191296200955621
22,175,4,0.24215651811352035,0.36794321972203453,5.258857523163664,5.070913115840704,0.4827276826470745
22,176,3,0.22086126551143237,0.3652647677876998,5.4702187376813685,4.971239351598031,0.5263196064630642
22,177,2,0.2317865280271614,0.3564368272404048,4.6064068509052625,5.0181181914630635,0.5121548708938478
22,178,1,0.2420279838710122,0.3824571029998488,5.439984133497768,4.764870713479078,0.5001384544675687
22,179,0,0.24256328140916966,0.37256559167914327,5.152666621385972,4.656037462023341,0.49312282922038436
23,1,137,0.16058572358011255,0.220458345415606,5.603313804807586,4.871435773886362,0.666694218525619
23,2,136,0.15098265173090253,0.21112555382219222,5.602953105334366,5.581925894162196,0.6912154547090066
23,3,135,0.16512193415407955,0.22993029936451345,5.0850774336792615,4.649041250282426,0.6517653688062586
23,4,134,0.16135936751789065,0.2225618334347074,5.295822057467809,4.29080435277607,0.6634764621811341
23,5,133,0.16148575166978021,0.2228126498870633,4.879037480976345,4.167431144923496,0.6574181575739445
23,6,132,0.1638519278353245,0.22596147564479357,5.037646313437491,4.37815526249054,0.6190478279061167
23,7,131,0.15925632821714625,0.21907066318361926,5.41125162779241,4.580696585635914,0.6319904417551372
23,8,130,0.16606879541954966,0.2250893350225513,5.802936283851494,5.224035162389123,0.6772805718990177
23,9,129,0.16744721262083376,0.2299487245615132,5.07754673747545,4.121909643590966,0.6565771805065324
23,10,128,0.16371039918415467,0.2237212568394199,5.261126961055609,5.440787440944629,0.6868722427245151
23,11,127,0.16363532630942146,0.22399361561590297,4.887474960133291,4.108554530985442,0.637035410237185
23,12,126,0.16370808370914358,0.22294434156010282,5.7048397696014295,5.303112515988133,0.6625708472365845
23,13,125,0.1598423641861761,0.21832263952151074,5.308862564718003,4.981947346647116,0.6778358387726124
23,14,124,0.16236252701667703,0.22196479414824483,5.348829196634047,4.533709063659795,0.6733681890422599
23,15,123,0.16679415501647993,0.22766862639411442,4.994506258919321,4.45775452572491,0.6495464285444331
23,16,122,0.1659074509883252,0.22535260645720787,5.67287619271624,4.803863599716458,0.6576894096882255
23,17,121,0.1635879878071032,0.22299341145284796,5.201823955180061,4.717476102756783,0.6751157789749453
23,18,120,0.16611039975266373,0.22491659914254808,5.207425972589817,4.62512897915917,0.6606931382272602
23,19,119,0.16792530879191367,0.2287407538986419,5.874415889477486,5.155296614377282,0.6906256812281754
23,20,118,0.16299131837379127,0.2208009857438411,5.326844731942661,4.7591610864403044,0.6874745591235027
23,21,117,0.16392820681771827,0.2238852928129499,5.187865383889047,4.826998780226546,0.6584267214469577
23,22,116,0.16461485061769995,0.22625736030169563,5.619582348621896,5.326761710506338,0.6618454486335204
23,23,115,0.16422671934281738,0.2239155467073689,5.293448607900977,5.094188908979817,0.646891874738004
23,24,114,0.16434933060486542,0.2246660161607893,5.478411401185136,5.268896163041014,0.6686710309866536
23,25,113,0.1650604914897994,0.22537427885333053,5.262462629547782,5.805494938020058,0.6641379015232943
23,26,112,0.1659029267709186,0.2269836605805524,5.682157588015475,5.802494842424035,0.6694982573790016
23,27,111,0.16933862872637814,0.23251721312895757,4.768328063764402,4.1635184461850425,0.6504720324870584
23,28,110,0.16697121946758164,0.22583041641345547,5.7212147709479915,5.373012234239444,0.6597942955151239
23,29,109,0.16950289233666146,0.22775958871388302,4.916417099026081,3.978296527952067,0.6455020729644011
23,30,108,0.16864518083514068,0.22603617004286722,5.381676916279043,5.22650700366973,0.6456206256613423
23,31,107,0.1692724790616507,0.22599465186059084,5.560985371739825,4.575305306994594,0.674357838213046
23,32,106,0.17355754207450305,0.23015799280073834,5.608664746757658,5.290060873065709,0.664162334840129
23,33,105,0.1677384418838298,0.22228467603118185,5.0128675124594295,4.147274741270203,0.6665957849530488
23,34,104,0.17017858175904746,0.22725260119371327,5.928812876387612,5.179487344755884,0.6978574931732502
23,35,103,0.1687433388040549,0.22587656774427278,5.108563345711691,4.441089130884305,0.6410333825290179
23,36,102,0.17254647635990453,0.22855609063411048,5.084880337417649,4.400930610781096,0.6490276626220888
23,37,101,0.1767032467423808,0.2312420828129819,5.808934887393052,5.484461951500063,0.6438408240639137
23,38,100,0.17126422015370465,0.2253282130505151,6.1225035521424065,5.434437437185178,0.6636959107495436
23,39,99,0.1715074227180657,0.22628147533673526,4.951923800328698,4.921605290453861,0.6502015576430773
23,40,98,0.17805385513805452,0.2353761315506917,5.1955572961971335,4.600149400966487,0.615830030830081
23,41,97,0.1763147559443198,0.23187991968234914,5.220449136770602,4.7588734405011,0.6640457955862648
23,42,96,0.16600613851451848,0.22196912365602398,5.183878175965486,4.572980284514203,0.6596759627060043
23,43,95,0.17132936150090605,0.23004611419284063,5.0580000386599,4.364604697318229,0.6472618610890596
23,44,94,0.1715677542540535,0.23014425500171676,5.270273805159318,5.00325953222431,0.6504998996920403
23,45,93,0.16913003813429472,0.22554467750454624,5.310503385133893,4.53514314738758,0.6696128686056111
23,46,92,0.1756174983162672,0.23220056443619655,5.825343056552585,5.578362432816149,0.6516242686529242
23,47,91,0.17363009370369717,0.2287320172451171,5.394678244180161,4.975426627020446,0.6671173107225521
23,48,90,0.1742250222501377,0.22922153900444242,5.304575172319822,4.076623123290763,0.6404864936270659
23,49,89,0.18104165658969307,0.23890967891483614,5.357882472576433,4.257336911593055,0.6240715723367611
23,50,88,0.17561682773844844,0.23367480040616367,5.1735559197346515,4.6391596368900405,0.6586884512650067
23,51,87,0.17657225782402802,0.23341709677702416,5.282255349725414,5.343722405139106,0.6568994980511926
23,52,86,0.17056717334087784,0.22808852468490928,5.440175325637786,4.7900912701756795,0.6747750509961871
23,53,85,0.17460355689712292,0.23573525309502208,5.141229144800426,4.312785397360238,0.6328491727226376
23,54,84,0.1794511435358784,0.23877407852897162,5.477604783371685,5.1482544684902845,0.6478044079586854
23,55,83,0.17608368924206333,0.23248574906338737,5.358482408694497,4.473016512638957,0.6616335794630456
23,56,82,0.19158466537267252,0.2562973769413618,5.504635067499009,5.306418260931276,0.6018102497048591
23,57,81,0.19130092237711635,0.2576275959774187,5.111470430214608,4.424232610754446,0.5900905210055959
23,58,80,0.18588221873923588,0.2549545856015019,5.423587252713386,5.007422203132694,0.6184294407666527
23,59,79,0.18874544176747862,0.25696225175620857,4.701771947681519,4.102565717785343,0.5903432936725893
23,60,78,0.1875063888045613,0.25276201248747576,5.067526501985261,5.150442221253008,0.6004130383050115
23,61,77,0.1897612420713999,0.254513098632387,4.454816059100002,3.978882937034071,0.6044896309920815
23,62,76,0.19112369593577833,0.256632490958233,5.085176753946009,4.201316190182193,0.6002132848066504
23,63,75,0.1972566888491434,0.26522839589444575,5.176885873891527,4.794638070925671,0.5729691430619197
23,64,74,0.18988963831151773,0.2547833345714038,5.583372766360171,4.822251979219026,0.6044426599420607
23,65,73,0.1895418832625546,0.2558912180855315,5.031251636840144,4.7209388322610915,0.5958282713185625
23,66,72,0.19661893586604115,0.2679765975865765,5.40226836315783,4.617334159744169,0.5744771735443631
23,67,71,0.1888810612847885,0.25632285416475686,5.108839128663588,4.789861181604704,0.5990943826014467
23,68,70,0.19233782531590907,0.25981123733219497,5.09156759677299,4.9088166702361855,0.5966357651452588
23,69,69,0.19698570364548998,0.262112367371634,5.264887158197307,4.5399007691522035,0.5911779449224498
23,70,68,0.19661718387967736,0.2603518173464183,4.887720645085487,4.3810453826774145,0.592484321492593
23,71,67,0.19883262915815847,0.26250674136211566,4.7648926862227015,4.55311307971525,0.576550280544444
23,72,66,0.19400448383922209,0.26059771730171344,4.656153947126899,4.4294758358709,0.5660680943446752
23,73,65,0.19086057001190374,0.2569918192563772,5.232359651805865,4.865732247700275,0.5854282194598247
23,74,64,0.19565365730459944,0.265987607278166,5.104349303149695,4.827481950231486,0.6003536926976533
23,75,63,0.19396429792383724,0.2665657193923556,5.409615747687996,5.540727413534485,0.562445415680073
23,76,62,0.19750747057105847,0.26947808056607947,4.929356955877168,4.771186515486378,0.5652901235601191
23,77,61,0.1864878587064343,0.25940620625793887,4.93737051160538,4.7141779278398115,0.6008678819317158
23,78,60,0.19557322036154356,0.2672720244169249,4.944783334205952,4.213256253661011,0.5918923006647131
23,79,59,0.19816758787162933,0.2726496858881832,4.994932807221926,4.536430287599138,0.5902485292427333
23,80,58,0.19769917472790371,0.27260047597901127,4.994591517708615,5.006809043376253,0.59127197551648
23,81,57,0.1958464214003583,0.2695165383093151,4.8639098466616115,4.190540509519189,0.5723581255030421
23,82,56,0.19519029916276234,0.2695603396446716,5.028818207864443,4.674426497169967,0.6090511513638021
23,83,55,0.20207526613919638,0.27758326148175366,5.090295316455777,4.602740418495323,0.573609226098737
23,84,54,0.19082455945850205,0.2607645420822045,4.842902022034887,4.101001931753803,0.6069618116138255
23,85,53,0.1906862686343502,0.2619076762117744,5.314956024017706,4.464550700726368,0.5802600381633877
23,86,52,0.19421886833691146,0.26452647816307573,5.1010752627916105,4.896131418950663,0.5992269926772673
23,87,51,0.19904575316092565,0.2700238694012244,4.975326212551041,4.349682539374953,0.5874026188696218
23,88,50,0.20209126960885454,0.28053566025844623,5.210541793206354,4.836258546462651,0.5898598419949354
23,89,49,0.19108071283828074,0.2703329246583982,4.689308592528121,4.337304282823228,0.5956315622029598
23,90,48,0.19622150340710376,0.27642588551850916,5.378999973372667,4.498187189666279,0.5972968212126618
23,91,47,0.1925650222238994,0.2673361110413513,5.009091441186653,4.140527780696724,0.5671665560130548
23,92,46,0.19825136705537247,0.27476763739256616,5.070414650075454,4.739514118161854,0.580233797563714
23,93,45,0.19574272333578788,0.26964764309790307,4.748886431724216,4.266495495833069,0.5908183457490853
23,94,44,0.19756560277502297,0.26937727178994897,5.127579737765926,4.676935025982622,0.6021704365008282
23,95,43,0.20345935387033454,0.27598816046856217,4.925285911001035,4.599891242313057,0.5936793679837081
23,96,42,0.19963846792029277,0.2714408639345651,4.955754254340974,4.849370440695312,0.5766556845082693
23,97,41,0.19983614304340067,0.27370077917924485,4.747862451490382,4.185037306497146,0.5739359327071529
23,98,40,0.2046037280956343,0.27897132101811123,4.915789744188752,4.679057712073748,0.5586098056272585
23,99,39,0.19844724264166488,0.27603523751332265,5.549207390723,5.1102193959998825,0.5873640699311028
23,100,38,0.19977769525184866,0.2755339353910133,4.956704196598988,3.872301482917674,0.5846574442948351
23,101,37,0.19867581871518536,0.2755709160100883,4.607975837994391,3.8884843990465683,0.5922059761982422
23,102,36,0.20247374563096085,0.28065216646811425,4.610779488528509,4.601180987721363,0.5630981326743878
23,103,35,0.20292062595588917,0.2802806815645183,5.128749762779883,4.455117199395996,0.5783884077994124
23,104,34,0.2086528054380473,0.2846714126231034,5.005112316785555,4.256069876439494,0.5634476168122201
23,105,33,0.20272270676199675,0.2761092102400984,5.467539665796859,4.5356515674650595,0.5791581953648803
23,106,32,0.20701864983346632,0.2818250710093802,5.4685600413104405,4.713809050248508,0.5574153789608755
23,107,31,0.2050044366531748,0.2801253627398103,5.060519919163234,4.545892987131892,0.5911136046937693
23,108,30,0.2081791309977046,0.2848690317275806,5.0809748681885125,4.661285095396259,0.5415724886256403
23,109,29,0.20897149144735044,0.2809193764659702,5.050844361102115,4.087386235593683,0.5764434431387712
23,110,28,0.2040387398539473,0.2764617632270966,4.979898575096374,4.366238757143969,0.560104195983402
23,111,27,0.21639526696936287,0.29587035131237477,4.727579647019172,4.137756536003455,0.5417416300132444
23,112,26,0.2267291741329286,0.30712840363500876,4.422311576896101,4.003761381600777,0.5136749478066287
23,113,25,0.22075595081410374,0.30158595447585435,4.797046159598153,4.147876696178457,0.534206662434683
23,114,24,0.2154653895313889,0.2904951564397621,5.1922220418647544,4.72132180298169,0.543340831707594
23,115,23,0.22009216488154698,0.2991495028695469,5.183798192450884,4.5962253342665145,0.546964260426025
23,116,22,0.22470417397417194,0.305379481524306,4.72365504174745,4.62462587637555,0.5255624322808522
23,117,21,0.23358908488566027,0.3136777374818884,4.619384999673249,4.279190411205945,0.49535890387622455
23,118,20,0.2232487721250308,0.30166463110184544,4.9010657034065765,4.431492023292674,0.5545746866782244
23,119,19,0.24052443584801578,0.32578988301389533,4.926215419680668,4.5963413980380246,0.490251684939686
23,120,18,0.2325089761578807,0.3065504731673369,4.457523270806643,4.241078910675274,0.5098006825046191
23,121,17,0.23393044911488484,0.3119357434878956,5.251181414467558,4.704160952634223,0.5111103628770918
23,122,16,0.23038176962054874,0.30888672071350703,4.661965159205826,4.466783185677091,0.5291018782789595
23,123,15,0.2306516900962271,0.3103070379133415,5.234867039082809,4.7243194512824385,0.5244528598011732
23,124,14,0.23533246186937076,0.3147812247532632,4.973231058922215,4.508743415770201,0.49791695387872564
23,125,13,0.22193361624214628,0.2962812773980151,5.242402353220666,4.56343980175964,0.5415958449958183
23,126,12,0.23835898267067113,0.3192814799926512,5.903299843403207,4.908435464300957,0.5278782471565732
23,127,11,0.23702470740497905,0.3182329974106859,4.445071993533807,4.706848124206488,0.4986552689698259
23,128,10,0.2279999792030292,0.3082138829408144,4.674393588087973,3.9755718717205313,0.5393222864208754
23,129,9,0.24285242295041856,0.32826557881195917,5.126094962789262,5.987757576508839,0.49261107345989524
23,130,8,0.21893232441067004,0.2943271341343027,5.3028111950470205,4.600007723031159,0.5456520995973207
23,131,7,0.22374312279661387,0.30032388056129555,5.484291503436392,4.65735574540823,0.527688567014484
23,132,6,0.24626333074437512,0.33114938293829643,4.634899292494075,4.287000149069924,0.5133624152329634
23,133,5,0.2298773323640569,0.3101634548782172,4.762507704586637,4.3588358050540945,0.5271177944934488
23,134,4,0.2297533714785294,0.3109243281373181,4.788907139075161,4.303677559888245,0.5250118105514356
23,135,3,0.24009698011544794,0.3265320646191497,4.389440026370648,3.9672587922272564,0.5038457018285838
23,136,2,0.23715117126949603,0.3177055480594177,5.491663898256364,5.228801458045844,0.5272835369283
23,137,1,0.2456751848564335,0.32784049759875533,4.964238041271707,4.13793354869674,0.49803993079435166
23,138,0,0.22720149482462815,0.3034989488827137,4.695757696826181,4.9738704617590965,0.5401000071074196
26,1,105,0.15870776064492417,0.22910484028243333,5.2980120001789,4.8892528593084394,0.6611611855572475
26,2,104,0.15032703782795856,0.22903043544645785,4.989138112015569,4.68188080450719,0.6501729619328469
26,3,103,0.15501734054962302,0.22507013051264782,4.97594478459054,4.638382564228052,0.6621796881873221
26,4,102,0.14862525387545197,0.22240308364519146,5.115735404157832,4.3224601728542575,0.6604111728553251
26,5,101,0.160016411462476,0.24662201476126794,5.495095833555503,4.764156367956368,0.6470927209602657
26,6,100,0.15593480521872768,0.23847110513522368,5.751619040161395,5.223240084644478,0.6449856531964419
26,7,99,0.14815259910764988,0.22712397876673535,4.886717205298755,4.167784071436314,0.6329771772894214
26,8,98,0.1586040840287544,0.23557593138053107,5.446250367780168,4.873321317067358,0.6567057998879138
26,9,97,0.15505281965696047,0.23573097897834308,5.279896031924819,4.532324552877166,0.6652524918515669
26,10,96,0.15704232661743048,0.2424812416742215,5.109583624178644,4.82975110234292,0.6573419853101284
26,11,95,0.16027920280245742,0.24036655914087432,5.2027420124140775,4.21539047661907,0.6550744538385219
26,12,94,0.1540753727739214,0.2322538198765901,5.405362267042213,4.30283218632631,0.6793360812215828
26,13,93,0.1558779815165021,0.23760845087249177,5.613175080957813,5.017176077063203,0.6562443195179305
26,14,92,0.15308425481775095,0.22798012114927166,4.949322347951006,4.1979505488072455,0.6666213944220406
26,15,91,0.15582245163124286,0.24517197481541075,5.604548053325875,4.548495943672356,0.6688769545367614
26,16,90,0.15328139234295965,0.22949066372694107,5.273388182661167,4.808329735494665,0.6664497279797044
26,17,89,0.15663745727783865,0.24542318277057262,5.484269552359374,5.2498813376403195,0.6439736931767212
26,18,88,0.15262740989401552,0.24121638827595646,5.291295507899585,5.264579549017914,0.6759988606674021
26,19,87,0.1540885492888982,0.24394156886126633,5.387913639108187,5.637510962402992,0.655111641904017
26,20,86,0.15825318737537958,0.24429257904616292,5.036917436243227,4.633998435212057,0.6258211991695692
26,21,85,0.1570626063946717,0.24339405773916747,4.866485009243565,3.8658060683344706,0.6610815482866316
26,22,84,0.15628495218056773,0.24426932651265362,5.122583775637262,4.8640146298235125,0.6326382190879202
26,23,83,0.15418615046170217,0.24219257123765958,4.960954448196898,4.4362685241062225,0.6401620481312333
26,24,82,0.16332968692300523,0.245944619795493,5.592658755665423,5.0730825032079085,0.6330681051443358
26,25,81,0.15925498226325122,0.24491060418459445,5.381230398609983,4.3791256782423424,0.6549296906674695
26,26,80,0.15565657276882042,0.24358473524988408,5.145008564165716,4.3706550165005424,0.6540100970554291
26,27,79,0.15757193065841796,0.247709075052589,5.346048404488201,4.659196523972843,0.6399108790512013
26,28,78,0.16066920839433296,0.2543316815200691,5.419340531598113,4.903622570911233,0.6504452034809621
26,29,77,0.16473902401384527,0.24335820867712296,4.834012208224323,4.2760415780899965,0.6245539607661391
26,30,76,0.1653143480991684,0.2484778983904914,5.299547824301799,4.719352594711533,0.6022503588126454
26,31,75,0.16202045000510248,0.2441987314075694,5.129373028146659,4.116909638048905,0.6563806920807027
26,32,74,0.16258826895976444,0.23772408010209573,5.188438479512331,4.518192143536432,0.6341405784936974
26,33,73,0.1581195064173413,0.2489696096544163,5.289548926987132,4.532180112908822,0.6431754400537439
26,34,72,0.16215508828095038,0.24539403243789135,5.538534009965581,4.260968721149832,0.6600884452938619
26,35,71,0.16055346048173755,0.2341441050115446,5.347816947022462,4.319021138774874,0.6551955762154351
26,36,70,0.16541338609572026,0.24882001081866165,5.012986094855137,4.561646981437826,0.6737670262578481
26,37,69,0.16047011791443325,0.2516166652090893,5.177567670170071,5.208938930759885,0.6616391518227338
26,38,68,0.15835872588910277,0.24836770744326864,5.137340168044295,5.180055511134403,0.640735651468058
26,39,67,0.15640837617981346,0.250986937935947,5.430378588295451,4.751010653033554,0.6443072831101191
26,40,66,0.1584473597948087,0.23916391858747216,5.235770033801615,4.865617673175932,0.6360392695277179
26,41,65,0.15703278655234623,0.25523117481020025,5.7363444129870444,4.810612066407654,0.6355157755947067
26,42,64,0.15917489086156733,0.24585460143011556,5.136717511224107,4.621168580550002,0.6556068921604737
26,43,63,0.1758065666227699,0.26140464534564445,5.3442914673152035,4.909055501676796,0.5772561420983809
26,44,62,0.17481990847157594,0.2728541479606776,4.771411011396282,3.880052789269905,0.5703611581415545
26,45,61,0.17254723591078913,0.2647540164572586,4.90699899031678,4.487885400795941,0.6013843409749419
26,46,60,0.17593118676967098,0.27565074581476384,4.962973391717101,4.866511227235519,0.5703470980100376
26,47,59,0.17808017245713914,0.2769270314946791,5.521706580775415,4.901174185611012,0.5828900722933197
26,48,58,0.17616122956087948,0.28160442083657666,4.981451076190044,4.03093200263703,0.5907328201936816
26,49,57,0.17357394613866628,0.2688688989014811,4.9407669819570135,4.562127490661956,0.5990811874920761
26,50,56,0.17736411573145647,0.27558208921284927,5.244092677784627,4.205642882262618,0.5776070005325569
26,51,55,0.17052822165604417,0.29531108050724864,5.256182995237036,4.862771657483652,0.5787770872487528
26,52,54,0.17694023860979236,0.2795343391891553,5.037971617403238,4.81589715427597,0.5916138948185244
26,53,53,0.1828453786302401,0.27881646577114944,4.956269687012838,4.405867782822077,0.5748932844034682
26,54,52,0.17477529840038677,0.27862605715339916,5.48009660324694,4.659389298123047,0.5765470907374134
26,55,51,0.18252856558338326,0.2892480227704227,5.004361559862957,4.157736850781172,0.5487562858502194
26,56,50,0.17910873835169525,0.2776186104277203,5.098924664141182,4.6399147475603195,0.5895665712216946
26,57,49,0.17558924603371154,0.26616774683059724,4.589022552435477,4.4272793002518345,0.5824903228700101
26,58,48,0.1813158297323447,0.26838671798895775,5.115775934094741,4.661580301127455,0.5877851133285158
26,59,47,0.18643055262846056,0.27212546909163643,5.056135638073143,5.076342340007489,0.5494993174157604
26,60,46,0.18570755360449018,0.2775205466417515,5.304391721605866,4.722094906457752,0.5896163522324155
26,61,45,0.17960561169873074,0.2743374051688078,5.185229949258238,4.296961036198196,0.5803049077926937
26,62,44,0.18631621563656073,0.2670841017414141,5.239563955266023,4.475328427891337,0.5929749743674881
26,63,43,0.18456652056305642,0.27550699506970694,4.661690921811277,4.099453603140555,0.5788148520959172
26,64,42,0.18469049905656268,0.2669964734483758,4.701504527599186,4.321863055170918,0.5832561126724116
26,65,41,0.1780169972887418,0.26363654031754935,4.7380111691476365,4.337576948222077,0.5660183719239117
26,66,40,0.18751689598112148,0.28628247769709125,5.254052149910044,4.83732915932367,0.5740721692881966
26,67,39,0.18206400118028768,0.2654350491319607,5.065873880028015,4.051054448808456,0.6058806767715091
26,68,38,0.19188362833672815,0.2749146721930454,5.1028911600258375,4.749998003185658,0.5722784931303008
26,69,37,0.18126127418082938,0.27013193429171567,5.250033314637832,4.854976397500537,0.5735059262911221
26,70,36,0.17856415143482218,0.27365389644817584,4.793078969634808,4.534205848645513,0.5638425430605556
26,71,35,0.18786028847205885,0.27973437939391477,5.645548317710245,4.300287935379711,0.587814502187723
26,72,34,0.18008857783740148,0.2653935113239481,4.609234646865405,4.168338695437376,0.5892511795287066
26,73,33,0.18277675437774368,0.266221958914746,5.134387601257114,4.583668925516534,0.5746805359685954
26,74,32,0.1845977743954156,0.27441260078068946,4.805563060542028,4.115107296335164,0.5888975833301486
26,75,31,0.18572267000270457,0.2778827625455573,4.731433040355219,3.9934703786060783,0.5804128914820789
26,76,30,0.18322925290628683,0.2677934519495481,5.130088138852882,4.63343408850549,0.5979881829144653
26,77,29,0.18456017324717924,0.28096200371925034,5.072624362541367,4.2474158845085945,0.580279089462104
26,78,28,0.1836135317773364,0.2733642852264864,4.7485110622367595,4.959855373294131,0.5800737519347701
26,79,27,0.18685098897709582,0.2864671515123207,4.862379877212101,4.632702665481569,0.58493018390471
26,80,26,0.18630918674374575,0.274971089876825,4.84866065050708,4.543472017109927,0.5647984820192313
26,81,25,0.1936470366869893,0.2771164777851502,5.17909172490697,4.783125301528911,0.5808267670331914
26,82,24,0.18193673045461708,0.26765121598045216,4.495909198426432,4.75412590258588,0.5905669387528393
26,83,23,0.18711336285544533,0.2851957365390222,5.039380601454951,4.352580790256412,0.57977716550626
26,84,22,0.18540180992357572,0.27143033982969084,5.16757417359588,5.266514984956468,0.5776982181474896
26,85,21,0.20152089127477732,0.3153141353684648,4.7426915960365275,4.238501808623226,0.5258049150915305
26,86,20,0.20315261487159617,0.3174510462865089,4.758471527809688,3.9896857912315316,0.5096759681669508
26,87,19,0.2194001004591608,0.3331249148063407,4.4557337057953,4.341437270375318,0.48325484870971763
26,88,18,0.21175385910525366,0.31713042908306505,4.989290068990276,4.067662278289871,0.5141024459494002
26,89,17,0.20029844871750332,0.29855757057511306,4.650203994494008,4.127899621056822,0.5284039036596022
26,90,16,0.20417290492651832,0.3126653360871928,4.822153766526506,4.1961635454570985,0.5235920513443441
26,91,15,0.2160999148327586,0.336366792127503,4.47265671587742,4.272850767662922,0.5063741157067021
26,92,14,0.2139330590440905,0.3227449045365899,4.87751917361311,4.9815374225162605,0.5098332618244339
26,93,13,0.21077012236714662,0.3098758637578348,4.934641218871847,4.2633103570044115,0.5097501465991673
26,94,12,0.21052870048498679,0.3233384308163295,4.87738944624259,4.659411428807223,0.5158822127204484
26,95,11,0.2137764670182342,0.3184892035258369,5.2004676261189555,4.568691408284404,0.5101996704338174
26,96,10,0.21354638582597926,0.31250254291860846,5.228652042990548,4.642285195786627,0.5212302590033079
26,97,9,0.20907681860356686,0.32939320623912155,4.989782022101686,5.1198361430009625,0.5067746480683792
26,98,8,0.19630138978934855,0.2934391035956655,5.449122972063873,4.9957577279317675,0.5607662627373687
26,99,7,0.22001242729734546,0.34067715568803253,4.819975008461188,4.160408912720608,0.49051943478064974
26,100,6,0.20016892883920354,0.3199831689818181,4.689529694731441,3.9141604744637912,0.5282914815327945
26,101,5,0.20484123477314103,0.30947714606985993,5.458336005201691,5.565588611466573,0.5285255327915321
26,102,4,0.21733600524425353,0.3468203870488763,4.968627836350313,4.597271062557112,0.498065285632091
26,103,3,0.20149040766715218,0.30576644447431667,4.877752550132142,4.363165505810276,0.53562105539232
26,104,2,0.2096431385460178,0.3250901148774665,4.809401565624817,4.0435776056906025,0.5260590250349619
26,105,1,0.2159210198494078,0.33354796153798205,4.590169444671634,4.8262894424699025,0.49111345326494477
26,106,0,0.20638971025909736,0.32776328625296536,4.659802175484146,4.191215592517202,0.5174121989696239
27,1,131,0.15069740000422835,0.24613941371578094,5.026636438077426,5.392107043159687,0.6381451366060008
27,2,130,0.14990489910358892,0.23876071923449949,5.024400777911994,4.518690904564002,0.646730729357776
27,3,129,0.14628167644911694,0.24322812061885904,4.986088271490196,3.9284930613116296,0.6577644632183046
27,4,128,0.14934911617841504,0.24525016492230975,5.6317520332557045,5.1833454124039084,0.6625257668448092
27,5,127,0.14701491961234506,0.24112560508022046,5.162547329497878,5.263375410798221,0.6495895086004018
27,6,126,0.14867187979561003,0.24910373862745408,5.724334005337573,4.596254862814463,0.6740038378417595
27,7,125,0.14903801814634665,0.25488752202634923,4.980206186659952,4.8536785300846885,0.6479952025429873
27,8,124,0.14853517907380137,0.25204078730165386,5.3617066138869305,4.631354088177108,0.6574669589081914
27,9,123,0.14900782021578463,0.2447239098810525,5.627919356528103,4.912776094006184,0.6644808108138828
27,10,122,0.15305978945715182,0.2495291805405424,5.503752145439165,4.734580654240549,0.6549663658894765
27,11,121,0.15671475143358984,0.25091442889511345,4.95940439706658,5.133786130695765,0.6346422947620529
27,12,120,0.15288513180552823,0.252847706138579,5.097460542851056,4.678380823050218,0.655511417485682
27,13,119,0.14960324164110464,0.24062461372352711,5.084854368389294,4.292529072678466,0.650365484609437
27,14,118,0.15484110391988853,0.24886989848020757,5.516262422969703,4.8381059444649885,0.6578775428168785
27,15,117,0.1532014968014945,0.24975514202073085,5.523803979388481,5.3152205633026135,0.644494111192687
27,16,116,0.1486604911354623,0.2507259873847058,4.531212248699275,4.330227835181988,0.6514523746156821
27,17,115,0.1543724807484935,0.25396151232393166,5.1193548122129116,4.169335195424121,0.6678488224603973
27,18,114,0.15046560871113646,0.2600482611342567,5.784832043604886,5.130392037878422,0.6349699483777762
27,19,113,0.14870979786077979,0.25204521023680093,5.198046513847381,4.522136533257254,0.6727568128151885
27,20,112,0.15236707311160402,0.25345960812281115,4.817959133268662,4.420968114149467,0.6375994397067881
27,21,111,0.14709571058195822,0.24402899566336336,5.541103234884989,4.812529330024448,0.6749022361382939
27,22,110,0.1464038600063802,0.2407715683761819,5.475349166126854,5.018728604111176,0.6467166818869876
27,23,109,0.15433480367345717,0.2607361906943001,5.069047808211664,4.572474038524695,0.6489502468844914
27,24,108,0.15134161442778618,0.2514218669720673,5.34160133569598,4.9467618277710335,0.6440437905309581
27,25,107,0.1515274687722307,0.2545802664921706,5.224326692114238,4.83699687539804,0.6540471887105639
27,26,106,0.14883933726129647,0.2589545814220819,5.764494500593165,5.386782558797307,0.6232155488000797
27,27,105,0.1551288216048872,0.2530934233831625,5.199597937672509,5.629575810402696,0.6226338336619719
27,28,104,0.14770386869600405,0.23556174803694344,5.194865720550466,4.977359880744114,0.6608655962767541
27,29,103,0.15381373494649106,0.25389730210926287,5.8329574703495535,5.084677029221812,0.6341109627662389
27,30,102,0.1571752846136158,0.2600055842143486,5.2699709553478264,4.10659324925435,0.6484485628246578
27,31,101,0.15695880889762326,0.24365363333140544,4.998707855981344,4.218998983067741,0.6218519064798632
27,32,100,0.15421109766458557,0.2534770931259392,5.4537030656729435,4.838467568268395,0.6574828952683411
27,33,99,0.15462921338685925,0.2572335561805936,4.957027053367245,4.303961693750859,0.6506539535104916
27,34,98,0.15518719756406285,0.25685978608249815,5.002943646129511,4.216669226274138,0.628101798346951
27,35,97,0.15168359983926696,0.24616606961271184,5.286891068268524,4.718003013402886,0.6490178052866072
27,36,96,0.1578356787008092,0.24701054603247546,4.952674892060413,4.3428787731506,0.6529556243842725
27,37,95,0.15800561427771,0.24738409077238052,5.2010376522162245,4.641861000655402,0.6384197839453765
27,38,94,0.15556825068528637,0.24578717428386446,4.8969322349318585,4.214009313778898,0.6317096951997049
27,39,93,0.15680985233676517,0.24971429706481282,5.613791208689137,4.884057252550353,0.6565343356550941
27,40,92,0.16140769478256078,0.2631678095598643,5.743986098238052,6.048368751583438,0.6331077707875946
27,41,91,0.15465411489607042,0.2505341032545465,4.968084875283957,4.604977820713155,0.6462975775906785
27,42,90,0.1546651351608916,0.2450888151320678,5.897844009585279,5.451837368177607,0.6688247219798726
27,43,89,0.16276110972764662,0.25539522079702875,5.192277624793878,5.0859458459465765,0.6420296723126059
27,44,88,0.15785832863303179,0.2505836778939347,6.0254987377151465,6.176420040001485,0.6596279796371123
27,45,87,0.16040594980951756,0.25023088263750354,4.946012005676293,4.44074868672495,0.6425245243379787
27,46,86,0.1602443999664709,0.2462813422909006,5.111101619132905,4.7370564205425225,0.641635948714462
27,47,85,0.16437782513529947,0.2612549304478618,5.297993211633347,4.791421202964695,0.6529651901614224
27,48,84,0.15660781879641514,0.24865727640496332,5.120975342534784,4.368697555172042,0.6438516527963728
27,49,83,0.16020253341947108,0.2500268556570271,5.943862948999271,4.732753036211098,0.6513598725870094
27,50,82,0.1658499666495537,0.2521540899040663,4.7665693291200215,4.227040611123629,0.6584262915798329
27,51,81,0.15282775289302955,0.2405952086330621,5.359836936324057,4.551392887218871,0.6704039757717831
27,52,80,0.15663206464827842,0.2409370714357202,4.832267975438669,4.0950652309013345,0.6704358931168349
27,53,79,0.1813508561628032,0.2744375333924227,5.414761934986615,5.24849853223019,0.5738396936626664
27,54,78,0.17228256806558834,0.2685448863563434,5.421610521212951,4.572213332431918,0.5910620851223971
27,55,77,0.17985811777892194,0.2810845850134455,5.4215861354672175,4.792352944459266,0.5750595450733481
27,56,76,0.1769463762111832,0.2819926062085864,4.970709310716185,4.590802864155212,0.6042900793339995
27,57,75,0.1712174642708029,0.27236764315696765,5.1084016279805455,4.474895757496234,0.5801352936187704
27,58,74,0.17412740202471658,0.2716401399095861,4.750531294213523,4.554076614570351,0.5918042783797801
27,59,73,0.1800890594449297,0.2877627087991099,5.105489330981767,4.486726565504369,0.5722189154570103
27,60,72,0.17284901942470682,0.2679111615380993,4.927835521660796,4.390748660689008,0.6000557230572304
27,61,71,0.17708417952848485,0.28187717737693485,4.991981718049408,4.225374448810748,0.5735328659308218
27,62,70,0.17649157789435957,0.28443906761832755,4.876073554019683,4.15823058612075,0.5717647535823585
27,63,69,0.17464013815367554,0.2737628130378868,4.825330026772012,4.9189887604352265,0.5964817946260853
27,64,68,0.1763586655037786,0.27834744223337443,5.160848572953194,5.062600427801724,0.5635074244884193
27,65,67,0.1793820842645841,0.2758900992980327,5.219253148348232,4.0774005843519,0.5739934624079073
27,66,66,0.1840283691591623,0.2778231150061946,5.16829364420457,4.4696186482496865,0.5729049239210643
27,67,65,0.17627674079920774,0.26781611416264284,5.155791106163475,4.70134125308649,0.6037027151759327
27,68,64,0.1736152746630853,0.2749996696944153,4.833537058498292,4.832228229315162,0.5858882229097683
27,69,63,0.1802693870029208,0.2767103168279583,4.94382441874832,4.515928345992208,0.5785612251305128
27,70,62,0.17861184964875793,0.28047678764752354,5.709965013352055,5.661566638408147,0.5858175069681251
27,71,61,0.18184250054548715,0.2815972138730027,5.21070807524636,4.464250716743329,0.5871994290126185
27,72,60,0.18205021097296106,0.2869395523296973,5.080530858945007,4.59242811239161,0.5802128246289051
27,73,59,0.17727488571340516,0.2831699268590703,4.674967230517414,3.915464325205176,0.5822372551230861
27,74,58,0.1811343505244093,0.2808825779169206,5.364422595473443,4.712692918707863,0.5673093892034673
27,75,57,0.18277730632357372,0.28800890111053273,5.392856446293597,4.984068318721315,0.5761255830598379
27,76,56,0.18155131482490583,0.28880808844545985,5.02327028127464,4.578572796945506,0.5682880503713597
27,77,55,0.1822481537721445,0.2806374427324337,4.588923928668005,3.936399865711357,0.5777620569343292
27,78,54,0.17806464693007157,0.27478602798372836,5.047641102548058,4.947306745359701,0.5973022687257536
27,79,53,0.18410176912116133,0.2804105453283238,4.565447150875077,4.284137780555292,0.575116866678853
27,80,52,0.1822329870227517,0.2814617666304189,5.040221803394341,4.106445780767593,0.5603867878920854
27,81,51,0.1824773691121956,0.2718462898901088,4.726395085194751,4.331074225703279,0.5975725612607008
27,82,50,0.1764578005366679,0.2742271263651775,5.128675323090892,4.530543239193073,0.5938389866605426
27,83,49,0.1846875397712359,0.27983479428763014,5.090358772255863,4.514137345034956,0.5881363816556562
27,84,48,0.18234038805521594,0.27499937588433615,5.357063613348295,4.584986781925194,0.597503605385668
27,85,47,0.1832936402200144,0.283869216211102,4.9207830046492065,4.186451841218003,0.5882338287208716
27,86,46,0.19080430459768813,0.28413242444330705,5.263884995988985,4.789516355269141,0.5609573833608056
27,87,45,0.1884115769671094,0.28868770250464715,4.8040405592512245,4.245551508751566,0.5858725537526521
27,88,44,0.18911449838158073,0.284468620784549,5.276628000001707,4.466396003612902,0.5836250155425928
27,89,43,0.18212171487417494,0.2849706500986856,4.964571265495422,4.164682987525667,0.5854313759243756
27,90,42,0.18576466555541407,0.28768297960836453,4.640275844462364,4.95417198011954,0.5787415670539113
27,91,41,0.180678616747387,0.2797722861323279,4.899894960917807,4.635437253251366,0.5722490092697087
27,92,40,0.18511399456860342,0.27777719137669904,5.166552103853625,4.821194025160076,0.5703539468668363
27,93,39,0.1791146872337378,0.2823026836118215,5.195987573705101,4.239432906807992,0.5714578195065959
27,94,38,0.18444753458551663,0.28820507692867126,4.8817975594779695,3.9558470939087456,0.5522128570991152
27,95,37,0.17787446261910714,0.2758149714206494,4.972494885576166,4.512398313689893,0.5893636487966395
27,96,36,0.1778953665324885,0.28555508925139766,4.499937470633672,4.19215083592183,0.5745318095002998
27,97,35,0.17888104903791577,0.2787668441070892,4.810538242099023,4.161590375686532,0.5886815515445961
27,98,34,0.18014012545197203,0.28072952665941037,5.379695914414388,5.527155423193442,0.580555751307073
27,99,33,0.18660056846806936,0.28596175076612435,4.866624145907354,4.085494874567163,0.5788288289610579
27,100,32,0.18176397775342942,0.27657123457040583,5.444382223215893,4.874047342309532,0.574265456245683
27,101,31,0.1892264099213711,0.2841166152780761,5.257222412402558,4.717920376278786,0.5823786840181927
27,102,30,0.1826964771482208,0.27531002278680616,5.024714209534052,4.3573936827906845,0.5631322006568474
27,103,29,0.18876107083032523,0.2926740898829119,4.813266910143844,4.4015113857092,0.5878062047498499
27,104,28,0.18922812146748091,0.2936529606989984,5.328275195815175,4.7698506384707136,0.5735267313731727
27,105,27,0.18969420711924137,0.2915239598522137,4.897425136917416,4.4427751208670285,0.5799903050674821
27,106,26,0.21174596285417924,0.3207585139863875,4.546663306972972,3.9793616748113476,0.4967117325070469
27,107,25,0.1963947949111505,0.3012346408539021,4.826520068281382,4.201296283500496,0.5465563282539755
27,108,24,0.1957965941279735,0.3095217715120252,5.335217716490117,4.669710396154321,0.5400210582934325
27,109,23,0.21139193846106052,0.32634426934933275,4.8539916613482035,4.28656187895491,0.5209847567927854
27,110,22,0.2129197960920455,0.335088751977079,5.2107860757696285,4.758265130495674,0.5206669387689814
27,111,21,0.20692719234953663,0.3261830214022977,5.389574844841439,5.0381469680308975,0.5242596629934894
27,112,20,0.2078005918423455,0.31907742563204344,5.277609531752265,4.5649548616782125,0.517777209108427
27,113,19,0.20364949619124206,0.3135648928012636,4.72131412899709,4.272277326972568,0.5112817447510712
27,114,18,0.20669448108781824,0.32126706227070523,4.451703172497156,4.13525082227105,0.5235600230778331
27,115,17,0.203222439022438,0.30796586806696735,4.8753320460934955,4.602866139639754,0.5240968495012326
27,116,16,0.2095477295559468,0.318889117968612,4.592899191873537,4.299475233179844,0.5088714010430374
27,117,15,0.2083822601014617,0.32202997162105745,5.0093597389924085,4.054537885817253,0.5184970202186477
27,118,14,0.21324285738204643,0.3230895431572613,4.755988414006196,4.686777425946207,0.5204867402672001
27,119,13,0.20152422301628733,0.3025804841647292,4.817255620711522,4.30741254984158,0.523113501027184
27,120,12,0.2228005748134588,0.3342076650125944,4.682019100392825,5.049103364693436,0.48693663656456876
27,121,11,0.2041307578797844,0.30398898361509535,4.837160224743637,4.77282572182858,0.5209958612370273
27,122,10,0.2145050521183915,0.31562184398611953,4.9315121972535785,4.364637250271849,0.5099997149648438
27,123,9,0.21241350309065185,0.3282162880508182,4.700565237999879,4.0047015413395926,0.5061889496139083
27,124,8,0.2036989313910299,0.30593167747877004,4.598745759788013,4.456943498847738,0.5323263089964245
27,125,7,0.20208406479269048,0.30480887413780156,4.618158964424943,3.989333447301276,0.5470528645584927
27,126,6,0.21245747504433132,0.3213556839054804,5.335443175709875,5.045713075987194,0.5345257688163492
27,127,5,0.20026254467633703,0.3066897253078606,4.8924539818507125,4.539145325612797,0.5203316861981978
27,128,4,0.20413790824288716,0.32142959659324755,4.756544100834924,3.9975668987663635,0.5044491082672936
27,129,3,0.20567994623456967,0.31130376010910643,4.26830421575189,4.164934534187219,0.5304471987410037
27,130,2,0.21256131347147636,0.3234094188464542,4.749402811175701,3.7934282448339878,0.5013294920191643
27,131,1,0.21685311135039687,0.3270744447070925,4.84601853551932,4.865002676442587,0.5047392660905071
27,132,0,0.2242613412950426,0.34274086665385267,4.360085815072379,3.9865138589837974,0.5022544226050666
28,1,226,0.1515914124357167,0.2278053867431426,4.784510272537508,4.675411280222294,0.6606128409409299
28,2,225,0.1537360372226365,0.2313223651274239,4.999568338592617,4.486149453437509,0.652862056293837
28,3,224,0.15568264735954404,0.24576681928626584,5.28253555567748,4.821823481325447,0.6721455617741661
28,4,223,0.1481308277179608,0.23631498388916283,4.893423645363255,4.127093789148645,0.6655904051689463
28,5,222,0.15339467868211898,0.22872796374145463,5.301696412959208,5.300257529953836,0.6490409577513848
28,6,221,0.15839311522042077,0.23173953692703356,5.271710404469845,4.247396598444853,0.6550092005914089
28,7,220,0.15280630860827513,0.2304293668790687,5.370053688545931,4.317092167245065,0.6827500139347894
28,8,219,0.15197669290822438,0.23411945358297687,5.1252228811048255,4.468018198352637,0.644367987955369
28,9,218,0.15075422755404566,0.22039222697959954,5.1576018579146865,4.270818296657151,0.6716895970137824
28,10,217,0.15848203577916764,0.24016177115084872,5.153784856641209,4.291501002222962,0.6488017361459735
28,11,216,0.15714127298025785,0.24028100294566923,5.512994080959739,4.696684475214596,0.6455983527629441
28,12,215,0.1563204409234636,0.22544378364420822,5.100680210915766,4.283486013208224,0.6474748814872986
28,13,214,0.16127656284051836,0.23091701914427742,5.5286173726834615,5.426511407826618,0.650587962766393
28,14,213,0.15434502941844475,0.24196059563130906,5.0973591898125035,4.384213560939919,0.6325108602295235
28,15,212,0.1508547122033605,0.2314401075880871,5.2693823184522355,4.960166649942496,0.6587678320287236
28,16,211,0.16023934771844786,0.23710622663630224,5.6747407454959164,4.409088149868058,0.6535991386597914
28,17,210,0.15550105674194567,0.23192784086069704,5.212591295597052,4.148482250591811,0.6509846357205785
28,18,209,0.15772268572630735,0.2356644248725276,5.767161604922386,5.971190964399193,0.6597729066017537
28,19,208,0.15840274714024494,0.2282546326280063,5.229668487715521,4.226456653474536,0.6723944135775638
28,20,207,0.1584246908500931,0.23124512804451822,5.140987700921018,4.445756887514271,0.6764272024507817
28,21,206,0.15678679148226624,0.23252225623405426,5.132365378798362,4.229601494833776,0.6578134594808601
28,22,205,0.1649167880672662,0.2313118030807119,5.198090152614232,4.810729999422002,0.6391102929290202
28,23,204,0.15848887438256856,0.22937833680850178,4.885058719411699,4.163035036021318,0.6618944170254311
28,24,203,0.16540308419278524,0.23538787151370666,5.4650775639343205,4.9868755346526035,0.6553618670205494
28,25,202,0.15283164804334168,0.2326640177734147,5.097308923469193,4.7064733345045715,0.6630972082888343
28,26,201,0.15807290344814276,0.23244997739366088,5.088274585103321,4.094303481788866,0.6298599645648257
28,27,200,0.16304722332554308,0.23006434189813907,6.3530705671203815,6.210004779930218,0.6825350430563673
28,28,199,0.16187757487624244,0.23455391488160948,5.026098462349678,5.0632550301331865,0.652990011533552
28,29,198,0.16496709045970706,0.24214963745507476,5.279474418585791,4.757404183243826,0.6450353861531238
28,30,197,0.15854172495117655,0.24206129862840406,5.294399165338351,4.494301064514584,0.6642930074959077
28,31,196,0.16339297314357612,0.23346046690377897,5.222349345383844,4.7141521703064,0.6488070476123217
28,32,195,0.16352754424169008,0.2335194738398631,5.254731905236517,4.2840527850343255,0.6478068531124034
28,33,194,0.15934289699222806,0.24012970440674172,5.132033435705786,5.107401478514985,0.6373970455483331
28,34,193,0.16305041708465487,0.23285583405616425,5.4714717668876744,5.220332391039439,0.6708142239014698
28,35,192,0.16350395462725906,0.23557692969792268,5.581969536828986,4.9904232589464455,0.6475084389482612
28,36,191,0.16077435619762687,0.22798999053637733,4.873261154259319,4.571358909454927,0.6532422306890131
28,37,190,0.17009795303261058,0.2424331579270221,5.355932290267832,4.582962525532938,0.6378331315557653
28,38,189,0.16784788709407525,0.23517571204568996,5.2593622740998835,4.386883317717936,0.6735335699042676
28,39,188,0.1669301911881884,0.22787422277501776,4.97851186842001,3.954148792409428,0.6459749948713209
28,40,187,0.15496619680116502,0.2325561078712768,5.090145406953344,4.379195966357799,0.6608360445241745
28,41,186,0.15765550522219807,0.22947813537764336,5.483548715818844,4.661902489577377,0.6708108408006982
28,42,185,0.15973475705109144,0.2340744051004258,5.539978732422,5.460936175412018,0.6568694700940089
28,43,184,0.1654441089937912,0.23418040332281864,5.157708924639231,4.960513021352231,0.6562947679529159
28,44,183,0.17044343691278505,0.2414792387663495,5.1732954296673785,4.751202973647005,0.6554879740289143
28,45,182,0.16643364189268978,0.23382818361291977,5.147965859995028,4.4481692859394935,0.6758875541666484
28,46,181,0.16315374442893474,0.24120675843806635,5.759469711867208,5.512204294840777,0.6622742061153657
28,47,180,0.16274281461833975,0.2370751881810426,5.115789979460406,4.569044626416946,0.6556820309236273
28,48,179,0.1559924054756804,0.23457897003826708,5.149357179882006,4.758333711174566,0.6511553335163635
28,49,178,0.161719373786949,0.24197948694812244,5.0620437735530635,4.191437686532975,0.6500356485270476
28,50,177,0.1615984600718692,0.23788758975984226,4.874766906576202,4.35807012673787,0.6586669544094512
28,51,176,0.16075769216196126,0.23643448626748878,5.529071712274172,4.617489419103776,0.6607322622303449
28,52,175,0.16126570848633592,0.2345208677364576,5.166751741086261,4.276337079690893,0.6567872352719957
28,53,174,0.1616454895359096,0.2372913949837655,4.718842210978952,4.1117600901793026,0.6558005579261129
28,54,173,0.16360386810717942,0.2386889923114997,5.254091769812889,4.507832085921936,0.6684296366780212
28,55,172,0.16220715677611444,0.240421382613142,5.2757135011936445,4.637920727003506,0.6478785002101035
28,56,171,0.17163489494130107,0.24896932674813185,5.253475591964629,4.410597168804765,0.6481843698753166
28,57,170,0.16410081500759827,0.23707814893009585,5.130148782402275,4.688595481277874,0.6536952478219136
28,58,169,0.16800230587785756,0.2514758489829334,5.428435453731156,4.915139986384366,0.603594873821667
28,59,168,0.16883332377696533,0.24206531645785168,5.4081604867605675,5.034719576840274,0.6418740608950125
28,60,167,0.16938043275133852,0.2520186768980654,5.678726903176169,5.673259604686037,0.6319276241207132
28,61,166,0.1706774260721197,0.24442408772881472,5.411007447686137,4.447896227175794,0.6470566411876965
28,62,165,0.15934704858965779,0.23785822008223023,5.116637255882284,4.318537589321816,0.6597068333269294
28,63,164,0.16331654641733936,0.23057195904168454,6.044659981674945,6.086816282144842,0.6760313346968396
28,64,163,0.1733285994790115,0.23552018319219437,5.675070609801686,4.525881131048758,0.6376762871416426
28,65,162,0.16308272620300832,0.25102918819939996,5.148959932590891,4.375932560532338,0.6584876015670373
28,66,161,0.1658249723204467,0.2459195740831294,5.349423456038456,4.836704881454392,0.6559727602793907
28,67,160,0.16769649827059022,0.24717178065992018,5.2938778722222795,5.556415321204087,0.6570683971420935
28,68,159,0.1619032954350415,0.25749205250165086,5.44048641548128,4.968674968824546,0.6579206309450516
28,69,158,0.1644194639612025,0.23048439570421922,4.759021046179674,4.041903894794239,0.6457055171056172
28,70,157,0.16601736841743456,0.24738082982931264,5.04490729299126,4.2669522872924155,0.6546588767091335
28,71,156,0.1671860460233919,0.2443322830205115,5.38786314026523,4.668078601583118,0.6649282606959752
28,72,155,0.16250386811923165,0.24541040130106595,5.915163746110309,5.157668318169513,0.6366980386834216
28,73,154,0.16557289757639387,0.24183086551761035,4.7124825032845425,4.187554459497244,0.6528950304309238
28,74,153,0.1703684570876702,0.25582929740270427,5.14178130167227,4.592032690716399,0.6497196257777234
28,75,152,0.165654953134322,0.24130375169331397,5.807192621015611,5.943842555193968,0.6403235326178092
28,76,151,0.16705900142481792,0.24850285175341527,5.066340632754607,3.930585050005624,0.6613011601280053
28,77,150,0.17320404911661993,0.2538088373181727,5.230155551593865,4.464637877191219,0.6360680030822076
28,78,149,0.17227451661572676,0.24823719386314938,5.65155873804386,4.969432899428673,0.6436970716609399
28,79,148,0.16584063085977793,0.24265164390859967,4.933299697402453,4.102368894619328,0.6453592907565371
28,80,147,0.1665229462072109,0.2622644046886743,4.873889727404588,4.3245009109921275,0.6399167785461102
28,81,146,0.16151854817519487,0.2585387714245953,4.768374461066637,4.862546697917489,0.6582689108029741
28,82,145,0.17256585235082778,0.2629917545124048,5.129798416527158,4.390077402281376,0.6400235698834986
28,83,144,0.1700609473377047,0.260723664200305,4.729306203736808,4.464855550422335,0.6236834920055877
28,84,143,0.16957047233002226,0.25674538432578903,5.032979181776733,4.490533163094613,0.6391070549061082
28,85,142,0.16928095167984025,0.2615808759723632,5.496687712397723,4.816819857572872,0.6399201878325128
28,86,141,0.1654778801164539,0.24375600255339225,5.240320038123242,4.614539339966357,0.6718239013224454
28,87,140,0.17005802870799736,0.2582188022583235,5.430021122613189,5.218497765073047,0.6240198950329978
28,88,139,0.16460578165718806,0.249305870176145,5.629069600201424,5.231184697433481,0.6493250655223992
28,89,138,0.16286655380154977,0.2380243184792964,4.885538307036411,4.717776523361066,0.6552802448131964
28,90,137,0.17177785963402434,0.2672784480351796,5.159263720486454,4.411784170278143,0.6350677352438251
28,91,136,0.18405179678095163,0.2846538662370382,4.782267417868471,4.641546954403621,0.582110979930302
28,92,135,0.18691712463094504,0.2717013774823157,4.915055636552619,4.876504381642817,0.5974824452447307
28,93,134,0.18547960212699838,0.2639386955992102,4.950607838692037,4.3780862589832,0.5901151163335001
28,94,133,0.18436440621748104,0.26382713491762333,4.952913644156649,4.293094429493667,0.5935220720805786
28,95,132,0.1839045749853513,0.2764976920565414,4.974002648799894,4.068426402489234,0.6032957107929531
28,96,131,0.18849561697416795,0.2705259873222909,5.293311905354722,4.894238080703139,0.6003740113948514
28,97,130,0.18948769807797317,0.28104211530601414,4.8713491997052865,4.2906828908805155,0.5885136584079854
28,98,129,0.18440144637396003,0.28688504799483994,5.115088482868272,4.27414429312209,0.5801528031949108
28,99,128,0.18522521686097385,0.27130042743226507,5.280019668154802,4.353616294402218,0.608426065472694
28,100,127,0.1849254971424974,0.2779439172361839,5.711949238457493,4.897151631449839,0.5905440482510832
28,101,126,0.19051605273437386,0.2756317177970006,4.819073985368798,4.009295349149614,0.5747873912518859
28,102,125,0.1894843730995905,0.2756191952865013,5.1585799663279825,5.235134366066689,0.5687965215546641
28,103,124,0.19638469498737648,0.27711790205312403,5.087886744297925,3.818112019577602,0.5605995082511903
28,104,123,0.19156609439302466,0.2617783721075538,4.916424306276115,4.4137167909248785,0.585725894312895
28,105,122,0.1958502480873717,0.27751723693690444,4.739075070308061,4.399511314040041,0.5643478516022902
28,106,121,0.1880280081944827,0.26520272729953126,4.975519697338596,4.343351163095816,0.5873708027631822
28,107,120,0.1931945249314857,0.27513960902383955,5.072969452816151,5.218717164499869,0.5796873572120498
28,108,119,0.18933667080539454,0.27402208920135035,5.222305035429477,4.647407020641595,0.5882266889105708
28,109,118,0.1927054557880258,0.27528079088594776,4.95599614203698,5.328829391798998,0.5844923546044678
28,110,117,0.1922823646571925,0.2709376966993415,5.348084781185255,4.490739912819079,0.5892835773913885
28,111,116,0.18804531941986039,0.27070272936878303,4.692063746228499,4.50361214201825,0.583056100998779
28,112,115,0.19478339572497186,0.28090976619074104,5.346924675530122,5.068561825849501,0.5859479199036035
28,113,114,0.191634230440578,0.27086043152900574,5.032468383784183,4.181001758504744,0.5845861912416526
28,114,113,0.19255854914659018,0.27890692739324846,4.655742049453073,4.147464241116333,0.5907477246639089
28,115,112,0.2010579343274155,0.2879306957758153,4.761210722626268,4.190218878064176,0.5688487518584071
28,116,111,0.1860717667624682,0.27271431538300356,4.940268016301269,4.513933327580671,0.5788674325301622
28,117,110,0.19067943245513264,0.27279891896368874,4.79231132329782,3.9627794286364124,0.590804135329643
28,118,109,0.18811586525257765,0.27484862426308515,4.919664531909664,4.487415013213331,0.5725453566159201
28,119,108,0.18844651687254205,0.2711376699673638,4.837883305000613,4.32156992116785,0.5949511556314555
28,120,107,0.19694351613197927,0.2904814704671375,5.590375854723157,5.086572554637289,0.5803420860638483
28,121,106,0.1934167023832235,0.29009349332379664,4.955767388514717,4.234616688853592,0.5782412325358454
28,122,105,0.19434687777595,0.2842733128275157,5.260508545997582,4.404153332729191,0.5882604994139093
28,123,104,0.19235307092174542,0.2879426906401816,5.352107745463616,5.4077680493449405,0.5828736897074867
28,124,103,0.18912287282287793,0.2849833921984677,5.28454689262042,4.575411607207517,0.5673882583603624
28,125,102,0.20190297876193172,0.2836903689602877,6.018842584909982,5.526428067128992,0.5850807211202712
28,126,101,0.19251461271705675,0.28841194384753416,4.917088358308302,4.4472763522331284,0.5895873116892691
28,127,100,0.19110097184600375,0.2743939115215465,4.9693705538707675,4.460680247847213,0.5707840178445082
28,128,99,0.20284150429063866,0.2854009689590223,4.847941357596762,4.490614887036363,0.5652567183817486
28,129,98,0.19862146816189766,0.2854029148887778,4.751855125979899,4.184966471131093,0.5922405931577682
28,130,97,0.19970900523563972,0.2766995876861935,5.1010099503150155,4.256674455690507,0.5711762356335789
28,131,96,0.20494768615421868,0.28851968537356293,4.815038291227001,4.252960196740494,0.5704187505927336
28,132,95,0.1983027053634932,0.28453806070847926,4.743780026916193,4.094365210078711,0.5747542538386013
28,133,94,0.1976809992324473,0.26958377675757256,4.995012359904797,5.00262707515418,0.5913897377685408
28,134,93,0.1966358133361836,0.28821255431791465,4.712458257398993,4.067102380151896,0.5324924421057275
28,135,92,0.1884597314573589,0.2798703880631153,5.001111415037258,4.26054515274196,0.5771136036350171
28,136,91,0.19238451073768578,0.28793871212395433,5.274501529029774,4.468925980808279,0.5929433090711888
28,137,90,0.18825994814821523,0.2804322393001359,5.4603772741426795,4.452864573220042,0.5912930897948034
28,138,89,0.19352054367280028,0.2794839904508904,5.140229515474823,4.465039758120744,0.6128826113530369
28,139,88,0.19762910939058767,0.2980843193469245,4.999833688649572,5.055095191343406,0.5496920925496879
28,140,87,0.19652912420864263,0.27882655523051875,4.9786544987009655,4.264257191313509,0.5791649788787541
28,141,86,0.19598884943420664,0.29056886121011055,4.851006562440011,3.838128675760887,0.5892396470902643
28,142,85,0.20353618936098547,0.2907285843560449,5.0261214428200525,4.311242928372302,0.5729659523745738
28,143,84,0.19255837154406424,0.28203173806412607,5.086659391727945,4.922305716056664,0.594830339646017
28,144,83,0.20250969594987975,0.29246238537413505,5.065368324588867,4.705544416565235,0.5744290874360447
28,145,82,0.1873935387662955,0.2786702562275024,4.862582481992032,4.458896081255341,0.5850821188814888
28,146,81,0.19058750864897583,0.29593940874973795,4.70870926995684,4.351337274562937,0.5771820419686234
28,147,80,0.19857063897373542,0.3052883172085674,4.979386127956245,4.162972294504064,0.560312522796263
28,148,79,0.20203178985111706,0.296822049819175,5.2023620846802245,4.8196519710342995,0.5700710451027564
28,149,78,0.20673972372357305,0.2969692800926041,4.7809413838112,4.783770101396195,0.558113435670762
28,150,77,0.1958014427536337,0.2908779454658688,5.291037053913561,4.672985370544382,0.5812379512846465
28,151,76,0.20023202337412405,0.30241844453404315,4.486021739939774,3.990463501872014,0.5611102924784502
28,152,75,0.20179277002209375,0.29592695530247737,4.795631325542721,4.540247858173077,0.5855576178998965
28,153,74,0.1958664457098855,0.29179838734279523,4.8075094679810775,4.007970225966817,0.5798147528707797
28,154,73,0.19634478402561528,0.29793194861818895,5.00180088666273,4.091604157372049,0.575880683969229
28,155,72,0.18746424813981694,0.28565596682559574,4.958760268422278,4.4364392444864675,0.5896407363617064
28,156,71,0.1926357337569646,0.2877261946193603,5.186960674444322,4.880648303448581,0.5686067356623309
28,157,70,0.2015334094945844,0.30351625994321885,4.80595587762775,4.381602227113967,0.5610149166013428
28,158,69,0.1974190032927464,0.2904096594749677,4.645518134286526,3.9229982680108932,0.5683924601202774
28,159,68,0.19785415884876012,0.2859952607274457,4.8324296045645205,4.373084362010136,0.5699681585346644
28,160,67,0.19776355105658117,0.28663347811083617,5.29150639445122,4.998910469932677,0.5833613385247869
28,161,66,0.19591893689235185,0.29278946836280023,5.755235654920333,5.681721202157633,0.5784396725153298
28,162,65,0.21002339639278944,0.2962975325049463,5.77948305542586,5.590532013606464,0.5777084712340819
28,163,64,0.20071716981340684,0.29484618769561777,5.065112876340429,4.314108565612543,0.5832520990969025
28,164,63,0.20420756992094785,0.2972534663191264,4.94973004686771,4.446010513372136,0.560194477859599
28,165,62,0.1957190237392678,0.2729162802814242,5.421913889261596,5.225434389696844,0.5989902923024698
28,166,61,0.20006701906705424,0.2962281027273562,5.138109308551149,4.512043815239212,0.551536911859611
28,167,60,0.19855529659302715,0.3098147639767025,4.978697945501606,4.8937786466033115,0.5489647615111304
28,168,59,0.1944191081264903,0.2867196280310121,4.609738201128085,4.575720776610418,0.5702740974637067
28,169,58,0.20627713861893288,0.28982379112857526,5.478871592529142,4.984356897379843,0.5718394149488688
28,170,57,0.20096185719315496,0.29553274858053785,5.162852479438396,4.40719669948153,0.5822768685212977
28,171,56,0.20351328791296883,0.29432425049271577,4.825190554452439,3.953008361738001,0.563205776238036
28,172,55,0.20363129028474408,0.2806064047515514,4.630688374398599,3.9866299755575345,0.5609742381382249
28,173,54,0.20327444296230138,0.2939001272405716,4.970517493162525,4.304999266017187,0.5626700453666459
28,174,53,0.21499969488309162,0.3027140794993663,4.926711222894883,4.680291455010439,0.5552852515189216
28,175,52,0.19669529947017836,0.28281239963684895,4.772064610890922,4.468872503505937,0.581570981989844
28,176,51,0.2052027090814541,0.2864316596805976,5.561073540917798,4.596849121087711,0.602694301950924
28,177,50,0.20081825165865627,0.3015591161052029,5.399477193828906,4.531555111561235,0.5864057690231647
28,178,49,0.20354713779626227,0.2941538400372298,4.984467278551287,4.708164784555274,0.5609490826127752
28,179,48,0.20204092955833075,0.28583452944574533,4.750778337023883,4.06607949516529,0.5830075556603113
28,180,47,0.20469045857323012,0.2846515885594018,5.182977793392062,4.523261009861709,0.6037538401081739
28,181,46,0.20687591706456573,0.2934298851753997,5.622376124339195,6.774729745168389,0.6030306636596828
28,182,45,0.22660899167512022,0.3343031863115321,5.270599332503277,4.605399229308972,0.5222110229021024
28,183,44,0.2224858844357134,0.32126655164176776,5.01775379428612,4.300711320563007,0.5362311571392748
28,184,43,0.23140366760658393,0.3369144109777844,5.122849216315474,4.4766545408694665,0.5214634694404657
28,185,42,0.22145246869001062,0.3173813702420805,5.159391255397468,4.763570680214926,0.5528542734952446
28,186,41,0.2232452030390722,0.3219407553387311,4.8570729678429245,4.107613935341855,0.5192891346352134
28,187,40,0.22838919769389815,0.3243332310786761,4.4721889538403214,3.77595144363281,0.5104729429640209
28,188,39,0.23218018184435782,0.3233300781824221,4.5912826953187515,4.679671741512745,0.5008021659780865
28,189,38,0.2189765595614929,0.3372105487447971,4.999364190287531,4.288002257311529,0.4965030772859947
28,190,37,0.21089412238428026,0.3083330962841318,4.593344821399928,4.253037326295265,0.5344481247673071
28,191,36,0.22188772815240249,0.3163256783760371,5.207176515834352,5.263772577877741,0.5292343132247841
28,192,35,0.22025174154174024,0.3244568039280079,5.248067930583757,5.1028396266839335,0.5401539135226638
28,193,34,0.22771436595224603,0.3221282774570172,5.192802827320978,5.122574293590644,0.5394425770399298
28,194,33,0.2263974037519506,0.3240288671706326,5.109537844533358,4.47068032913364,0.5197939959447789
28,195,32,0.2346457479775968,0.3350997467240676,4.862040508099676,4.859892421918663,0.5219815774568971
28,196,31,0.2390978521938829,0.3389321297285463,4.647503909087692,4.176728084371882,0.4938718789048619
28,197,30,0.21542271868091134,0.3244710655235211,4.733305568376201,4.14644727071568,0.5311984014707215
28,198,29,0.22430829875734717,0.32938330871438637,4.555557072286891,4.41250548849231,0.5280867111047952
28,199,28,0.2155139322038393,0.32477915545338476,4.99683791948636,5.083942889684094,0.5498220565322169
28,200,27,0.2433708620299458,0.3590781321893083,5.560345852869535,4.985739383157025,0.49748778695878154
28,201,26,0.21584094283981975,0.33612261662235576,5.346391929589549,4.960600734105535,0.5306287216726163
28,202,25,0.2174743283021854,0.3195048525726741,5.239236720247195,4.144853660046192,0.5624046598643362
28,203,24,0.2399042670381023,0.3580911562925638,4.736771077254807,4.029045039556566,0.49265061779065056
28,204,23,0.24358064277599012,0.37504088448745193,5.598099921281353,4.849904719610055,0.4789952484699176
28,205,22,0.2361216076761569,0.3448292167068406,4.461707519445801,4.754020698905446,0.49846335675951403
28,206,21,0.21343190350880129,0.3278406833376693,4.709606030948421,4.2543486569215085,0.5433661626282736
28,207,20,0.23444424954036172,0.33967938888417815,4.472259161550683,3.7924580453949384,0.5006781910386952
28,208,19,0.23294248993442307,0.3355332575380942,4.970611059450601,4.030876098008199,0.5083622681724612
28,209,18,0.23823894877502722,0.36262797888681103,4.59324343085186,4.400835921952634,0.49934129276732253
28,210,17,0.2307180016026852,0.3432637089488995,4.676383557459854,4.873890966138801,0.5064378942623678
28,211,16,0.23581247844345857,0.3662261725583281,4.385340909995112,3.925682822108241,0.4863327365081139
28,212,15,0.22195709894239135,0.3128518862651692,5.2665761614121855,4.663284774356706,0.5652545570882895
28,213,14,0.24040555722759396,0.36141349753153595,4.758309115293777,3.874288371290453,0.49433983634906326
28,214,13,0.2272381942099971,0.3308918398074194,4.671506773725299,4.524641223428747,0.5406936722955823
28,215,12,0.23483129998181385,0.3406367775181375,5.218922875011597,4.538942420896668,0.4864777986580748
28,216,11,0.22295101976448825,0.33036294251787596,4.597762497263464,4.357789239086867,0.5268660302356366
28,217,10,0.23120976643685343,0.3435995484393732,4.751129831273247,3.99036523782848,0.5197131633789914
28,218,9,0.22325938825654845,0.33963805791101587,4.616302588088978,4.398995037899044,0.511546025145778
28,219,8,0.23252007768848035,0.3226045248705359,5.211165699185356,4.8378604941277805,0.5482686040545918
28,220,7,0.215488434880893,0.32270380775592594,4.92870112301653,4.618387869712423,0.546610739163587
28,221,6,0.23563683375795322,0.3438554469510175,4.606113419547351,4.311712385694634,0.5157685452472208
28,222,5,0.22918874481948653,0.33024891034262827,4.536708067778448,4.176714129875046,0.5134743512630824
28,223,4,0.23176028815582098,0.339397164467235,4.658358711524193,4.706988537271803,0.5074392488840762
28,224,3,0.2364749834563317,0.3366032712700136,5.040326002307699,4.540681962926695,0.5148136636149915
28,225,2,0.22541442344763468,0.33163264174302887,4.973761464322396,4.534903856834488,0.5504228818703781
28,226,1,0.22856658145486633,0.35004030741423114,5.014020354449137,4.992882114079518,0.5124841365280919
28,227,0,0.2278319718014575,0.3281192680262235,4.624052819429171,3.9765731062126473,0.5211540466945671
29,1,346,0.15445488414664627,0.25688873192914957,5.5070931150284705,5.366679203059545,0.620017058477195
29,2,345,0.14992814672103594,0.246455588053796,5.158762013688277,4.32381584705864,0.6509560438846854
29,3,344,0.14674447857327846,0.24067045830018294,5.384291758625536,4.71422062421554,0.6601963120012271
29,4,343,0.1473981369281243,0.2428045173948333,5.7279135513576716,4.948898550353134,0.6769671908100192
29,5,342,0.14590797396902933,0.2443116046011129,4.796685982220024,4.785785485466738,0.6591765014621542
29,6,341,0.14830087922877105,0.24653201773450528,5.20748285704953,4.452614224891535,0.6649668320454949
29,7,340,0.14345326690570695,0.24272816113065926,5.062047644443205,4.919267029576573,0.6642523066900136
29,8,339,0.144836105988293,0.24548823166985534,4.976974078432751,4.052730187616182,0.674475577871196
29,9,338,0.14558517583441077,0.24446918868152048,5.100463348419438,4.246566049243641,0.664194129266834
29,10,337,0.14231902279111205,0.23614216120565157,4.9979977641848725,4.599507177441305,0.6557791900445418
29,11,336,0.1515329054387091,0.2539443697180885,5.166490294144824,4.8539472038698985,0.663412213678831
29,12,335,0.14587042523482344,0.2442112219505421,4.994905169673848,4.095461629685087,0.6565074770724416
29,13,334,0.14865403382459155,0.2513127779061457,5.916224261375724,4.807661030011899,0.6460807778359747
29,14,333,0.1456084875256977,0.24671897807026252,5.073570213231852,4.15953533802088,0.6754671684552813
29,15,332,0.14867759635623543,0.25672108482418554,5.4454046557025375,4.466182974490103,0.6437277930923629
29,16,331,0.15441514654467928,0.26337868311757173,4.59731335355478,3.7834806410098376,0.6398047031524432
29,17,330,0.15026904630564739,0.2550899103709743,5.134973840572881,5.2263035329236605,0.6458460821486137
29,18,329,0.1503746042518774,0.2549941475053797,5.019239725716558,4.058964654258755,0.6530767814928432
29,19,328,0.15097874241603843,0.2549238787973478,5.6257677764176535,4.633755946800513,0.6539703106456588
29,20,327,0.15067949721468724,0.25231184038832,5.357404759384742,4.8004868538867305,0.6297045567489182
29,21,326,0.15191416352494105,0.25202397938183296,5.045146263264663,4.367581277997542,0.630045647478006
29,22,325,0.1543994411295095,0.2521741574951518,5.64675995842661,5.027016505333944,0.6740905397174322
29,23,324,0.15459354213682225,0.251893456377807,5.333978220223098,4.44994572282726,0.6605741703824588
29,24,323,0.14939797746628394,0.24520771062339072,4.963528943319636,4.354538895907206,0.6508658544009834
29,25,322,0.1545422977952793,0.2570012804889551,5.099341181171631,4.455872047838332,0.6182524144999827
29,26,321,0.15296140943155925,0.2571615018467929,5.007810646499774,5.198726893456982,0.6284917462228812
29,27,320,0.14696106768652029,0.24421267840710215,5.563174360955303,4.66349689633057,0.6530293124149875
29,28,319,0.1505714091048591,0.24851780610664712,4.974023942781791,4.676752018330246,0.6475268782412685
29,29,318,0.14627936622172588,0.245844873411069,5.09546780508662,4.448778002670609,0.6406638576607011
29,30,317,0.15323127930104816,0.2547265466245668,5.235953242410231,4.4261249543881815,0.6540672483097193
29,31,316,0.15166909453422783,0.2544528003064891,5.42505741124219,4.975068664839557,0.653320668096254
29,32,315,0.153502188884755,0.2551338017798868,5.500976835225734,4.9986828058485155,0.6293687862975078
29,33,314,0.15206927765938008,0.25814208142394696,5.253631902813192,4.468429515953557,0.6263974957067514
29,34,313,0.14692705382006147,0.25164465077089987,5.354919635527242,4.412799839207364,0.64939843215892
29,35,312,0.1572019363167502,0.26686776017216535,5.16422593846238,4.421344589673065,0.6589795649160402
29,36,311,0.15654574005790994,0.26563914914425596,5.301111384826877,4.7752390178856485,0.6562725664173834
29,37,310,0.14978284617619328,0.2533995334273027,4.942365815668405,5.208783420720317,0.6301094521524611
29,38,309,0.15084244680676687,0.25226006013908436,5.19074635018324,4.072909372189547,0.6436490712484306
29,39,308,0.15087972040849712,0.24548743188656824,4.883370071379899,4.372458220757859,0.6431138292577875
29,40,307,0.15312205994836456,0.24651985250703312,5.11245086008419,4.371702277983971,0.6380994741299079
29,41,306,0.15276127432460257,0.24604699660168375,5.506163093341354,5.024920029028461,0.6530506013856406
29,42,305,0.15506800172226684,0.25005663495037767,4.983058113576576,4.922679763465054,0.6713625002320989
29,43,304,0.1522115706525413,0.2510291522425721,4.656727899750068,4.307995813983344,0.6541098928650871
29,44,303,0.15423164935995795,0.25556226686783723,5.524118830599168,5.315411718829715,0.6769020779789543
29,45,302,0.15575692229393165,0.25579470475725813,5.289329228265052,5.424605993857026,0.6666969702244419
29,46,301,0.15155331422277724,0.24848543562306752,4.884374248497505,4.235288262814913,0.6566257504220295
29,47,300,0.15282616216379222,0.25084627085247246,5.29494146272391,4.5890569033832636,0.6472753947252488
29,48,299,0.15267266151778228,0.2503973401333587,5.5429107478852,5.5680758752646415,0.6566157490426675
29,49,298,0.1556964178531453,0.2534924346517547,5.837102388076946,5.8522598373182575,0.6245613415985473
29,50,297,0.15552930631361903,0.24689889657414196,5.138991055799828,4.600038885314275,0.6462029124399803
29,51,296,0.15395757207185667,0.24370341195371514,4.967166294681449,4.545856105105784,0.6731002752122648
29,52,295,0.15447308064642357,0.24637717887233834,5.2584951002509746,4.920947338266195,0.6735417603274987
29,53,294,0.16088689585029584,0.25337106253208763,4.937993879635146,4.5693842308478345,0.6320216626519163
29,54,293,0.1590896208241899,0.2532723228953901,5.657671867684354,5.0514077487217355,0.6520159931659173
29,55,292,0.15477725045340013,0.24611841091172676,5.177425110481895,4.859482080441747,0.6339175895469823
29,56,291,0.15392707416852575,0.24533189298108113,4.682316264893055,4.8857213320386625,0.6750760744555179
29,57,290,0.15461962466378054,0.24801751847831657,5.571272151826059,5.159589121714553,0.6529259909073105
29,58,289,0.157396860656573,0.25035704637604017,5.189422371828316,4.551299848058683,0.6645531591616032
29,59,288,0.16230949355481405,0.25857794759046454,5.496335035765535,5.206250626199938,0.6519246618061829
29,60,287,0.1601634464141963,0.25336423779809386,4.647751679182637,3.848907337251406,0.6487443323513549
29,61,286,0.1550900086661881,0.24441518674662388,5.410447048842342,4.548065275044203,0.6680160759762741
29,62,285,0.1585431360172084,0.25105041756467744,4.8917232230428045,4.176673734722845,0.6350501991189575
29,63,284,0.15583612828682725,0.24809650762255495,5.255432395765629,4.3071173204136795,0.6586673698493826
29,64,283,0.15232385138758536,0.2431286093802464,5.225134224834008,5.037166806843053,0.6447112390707027
29,65,282,0.15616565493688517,0.24744069421542414,4.989918279076711,4.323821894182318,0.6392160709655077
29,66,281,0.15599177961364707,0.24599153176388083,5.531437917664963,4.822533447551138,0.6475362437825738
29,67,280,0.15694872097812443,0.24556869648249458,5.313489254181802,4.448475919828873,0.6618027656892475
29,68,279,0.16025197052029652,0.24719925492586717,5.4419390592376065,4.792647194530885,0.6446248284340548
29,69,278,0.16085988663369943,0.252655816341589,5.106942416861035,4.886458490868588,0.6319540231449488
29,70,277,0.15649705946877043,0.24423320349431538,5.680756000869502,5.051784313285399,0.6426892349123188
29,71,276,0.1638265533240005,0.2548853596134122,5.046772544278166,4.38919928810941,0.6252991408320229
29,72,275,0.1570064265559387,0.24271089563427656,5.068985336939168,4.251922343606987,0.6658709870894927
29,73,274,0.1629339667958654,0.2520785200626468,5.316001508293825,5.144408632555018,0.6681567558875396
29,74,273,0.161327402662307,0.2522321781511669,5.151708523880525,4.64420454905223,0.6469586362318969
29,75,272,0.15926130415215978,0.25275201579178885,5.593468097789087,4.831911545728265,0.6540780063326496
29,76,271,0.16020443646654553,0.25062393485096784,5.635402713253011,4.653293329042677,0.6673745991894267
29,77,270,0.15657794607389375,0.24831557571072851,5.565441675820012,4.889753630661926,0.6630905300407461
29,78,269,0.15973327769649262,0.2524594067137376,5.234624426681413,5.432919560110374,0.6228246148255293
29,79,268,0.1621620378328215,0.25920256106624845,5.276045006826159,5.243259023525634,0.6430603801556184
29,80,267,0.1628953836400507,0.25983434089647317,5.091894675906793,4.1439956289838795,0.641357952218935
29,81,266,0.15979045666765124,0.25676645993356356,5.102644555614889,5.847904213586074,0.6334254113176103
29,82,265,0.16272258200428788,0.2622893903369251,5.070783015601391,5.346133948722796,0.6400995859516619
29,83,264,0.1618604970280307,0.26700346835259176,5.2770558831735475,4.252085223086095,0.6419129754098797
29,84,263,0.1553379899260488,0.25884953404120203,5.820570786929667,5.694457811288379,0.6503081186043675
29,85,262,0.15672668864684997,0.2622906078820774,5.548753123534934,5.2278762133376455,0.6420288767733314
29,86,261,0.1585579389039271,0.26328066849809584,4.950993163248725,4.101157612956025,0.6198258504448186
29,87,260,0.16373744525044942,0.2723443068845506,5.146549352134393,4.560247800007145,0.6328922184654423
29,88,259,0.15813463644619571,0.26097867634830113,5.013665041772386,4.4843913388543015,0.6358865067798557
29,89,258,0.15827074348766482,0.2611616064273414,5.10487384951222,4.518764524136841,0.657325192912407
29,90,257,0.16062403192550795,0.2652583738127854,5.522722422568995,4.241030526921244,0.6426459721201193
29,91,256,0.1587684903191189,0.2589835643368332,5.519476428226825,4.892951556639529,0.6258538907062514
29,92,255,0.1586276404235385,0.2561854312667352,5.438498390274429,4.823654136113588,0.6629246207692342
29,93,254,0.15759090405922974,0.2555312737665309,5.177627883773868,4.5847441536773506,0.6560003229184731
29,94,253,0.16092838333067713,0.26080247591688394,5.087840024153935,4.6400397731180405,0.6560073400385827
29,95,252,0.1583045556290293,0.25838468486276417,5.399432807730498,5.019954696260267,0.6463084905815253
29,96,251,0.16136396604910078,0.2625241675500576,6.086862529949238,5.117333170213038,0.6568942140299584
29,97,250,0.1583297851200059,0.25696194299160496,5.155239791923972,4.810799977290082,0.6321106372560071
29,98,249,0.1545777800605112,0.25356404741840605,5.360656722291535,4.5381607161872015,0.6576223529503152
29,99,248,0.1607239544180479,0.2598986180782196,5.277399178947976,4.503280425496843,0.6226014015823558
29,100,247,0.1591068082548516,0.2590609482526599,4.886088921235364,4.3248925078119935,0.6602739754297613
29,101,246,0.16010144431489634,0.2577223953730485,5.573099002506167,4.8987539581707145,0.6306494797692282
29,102,245,0.15933455707206773,0.25660406038980504,5.4609233574671645,5.599645244788228,0.65168479427948
29,103,244,0.15575403649335567,0.253242613984355,5.60061743104252,4.587277277157607,0.6667893365533261
29,104,243,0.1602681256281538,0.2604259610482497,5.1452000698612,4.254091355380299,0.639329210671859
29,105,242,0.15722883352136705,0.25962566345031907,4.718120944411278,3.9062885720517646,0.6480378252621356
29,106,241,0.15609652199570548,0.25663336284792276,4.685746043707771,3.955261235491521,0.6529182646188484
29,107,240,0.15758971686762907,0.26356604470252387,4.858231106817643,4.1483328500237455,0.6406765397271406
29,108,239,0.15202333204932494,0.25580246981102944,5.002339460868242,4.626239061489457,0.6300953726333186
29,109,238,0.15975659862346436,0.2690869996725391,4.936733705562576,4.2953701757393095,0.6497132511124526
29,110,237,0.16144343824265933,0.2711146075049927,5.180663042195429,4.828393482336893,0.6692870299179158
29,111,236,0.1614786930617673,0.270557440809847,5.2425041144708935,4.833155545450477,0.6205225626523925
29,112,235,0.15253304995327618,0.2578740664073156,5.1444267609323475,4.524238133301234,0.6340920682925317
29,113,234,0.1564542138913431,0.2640202117593094,5.660832970956173,4.590743473691486,0.6571376445567134
29,114,233,0.15465029766520644,0.2570645952228465,4.885652921114024,4.341840817127848,0.6337099516458247
29,115,232,0.1560465077759609,0.26630032937331405,5.200980694551695,4.315211052102331,0.656772130466542
29,116,231,0.15320395582300136,0.26472018652990814,5.194274115392533,4.362002530075285,0.6449114004724554
29,117,230,0.1612104293605229,0.2786043859336281,5.251805273279741,4.315162898237729,0.6427610745157712
29,118,229,0.15715008882886294,0.2691846313127379,5.077893448333942,4.899991543721198,0.6275607102830635
29,119,228,0.16330093990381297,0.27237325660572187,4.954589139338353,4.196031233062864,0.6150802656658467
29,120,227,0.15691142657146356,0.27079662817483274,5.158327367986604,4.206366242389211,0.6341106737348486
29,121,226,0.16213850483763825,0.27979096492412925,5.047505523380909,4.736492575749313,0.630738744960826
29,122,225,0.15924237982120848,0.27434868761558007,5.3282078450287855,4.485489243541646,0.6064865611723161
29,123,224,0.15294846366469794,0.26317838385772097,5.175514078447085,4.595224544385196,0.6444717719509924
29,124,223,0.16207011861674828,0.282544385266922,4.972841638205384,4.330222647995493,0.6406479713334593
29,125,222,0.1570144757335512,0.2746588077591623,5.3531090436735,4.94308962487064,0.6147784634522148
29,126,221,0.15976352116552772,0.2783477471259332,4.930489808251949,4.123176615394167,0.6399260754542344
29,127,220,0.15681427105161783,0.2731368686117454,4.84596772079618,4.424954135503362,0.6463618558597523
29,128,219,0.16479720503876444,0.2789509670113638,5.833822742693398,5.442264274273834,0.6062655794655547
29,129,218,0.1551097296769379,0.2644418060870448,5.810442488394077,5.394228231837166,0.6564812340341907
29,130,217,0.1646147621269913,0.2786524369763247,5.200748454313944,4.398730792652763,0.615900407324523
29,131,216,0.15671299889072773,0.2683280016736771,5.164491582003336,5.058613263234836,0.6367294760266045
29,132,215,0.1613597228279587,0.27175829775304344,5.682002762521243,4.923270789631239,0.6513479291821466
29,133,214,0.15724092767723333,0.26258687009726317,5.526339593305783,4.908288840178077,0.6413332719898585
29,134,213,0.16163658717655002,0.27168585692777075,5.0898964184096105,4.427514534120561,0.6301840459963944
29,135,212,0.16308229621735598,0.27024987334898426,5.157630540941907,4.158289400204404,0.6580575900235831
29,136,211,0.16089732522308378,0.26890329739404684,5.364329091886077,4.810702902513003,0.6586170792452237
29,137,210,0.1645446633178884,0.27313489184912026,4.939215635371484,4.265430633280602,0.6351246641685647
29,138,209,0.15850081223141857,0.26865081323835527,4.924688403958047,4.813979387145248,0.6633764150632849
29,139,208,0.1812307541511094,0.3115401373873673,5.306091173006421,5.004043002337747,0.582077384936586
29,140,207,0.1730180469434281,0.29133880927097033,4.7435049958669335,4.083164367307336,0.5580073177730189
29,141,206,0.17366922463352114,0.2956410512936278,4.675760444506767,4.222380800570444,0.5705786007988678
29,142,205,0.1803271452567721,0.31035741418200113,5.468227342332085,4.379198607929347,0.5717439887091859
29,143,204,0.17418069516832066,0.29156267330937824,4.7824394480278345,4.376396408613678,0.5938431618672512
29,144,203,0.18101053121636368,0.30107832737246853,5.087605388605491,4.25006202287006,0.5713496557346152
29,145,202,0.17388215769855914,0.2874098752114043,4.971069817311841,4.134113093371737,0.5980571365466252
29,146,201,0.18115088457973372,0.29916905726127185,5.197935968364931,4.6181821448823674,0.5778971087706297
29,147,200,0.17786068320656567,0.29992631896956207,5.372844905591207,4.577955156636206,0.55713752636282
29,148,199,0.1777241649080429,0.30007300035485907,5.316404036233929,4.414962591505129,0.581550916274302
29,149,198,0.1745347697841016,0.29444386397633926,4.989905214853269,4.139544958715842,0.5809469816926925
29,150,197,0.17900156855035787,0.29938685218480493,5.058236683493549,5.175563496343159,0.5660929220180455
29,151,196,0.18135741542744394,0.3012251763614074,5.17355786769135,4.5899819748374915,0.5680797955854481
29,152,195,0.180387189271428,0.2984150016742615,4.858295512083224,4.305650144627572,0.5588706791379217
29,153,194,0.18337152436041063,0.3013096999638951,4.904529219099938,4.028474501499118,0.5663513575926237
29,154,193,0.17744563814438172,0.29541298695135093,4.956113946421069,4.270595400263823,0.6006832355564008
29,155,192,0.184115400270083,0.3059867676155053,4.719231974291247,4.590783133772069,0.5824560117141514
29,156,191,0.18093647860867468,0.3033418359954752,4.755033603333333,4.752885364954896,0.5667492165750895
29,157,190,0.17691199320825218,0.29811462431094693,5.323470312893919,5.346545298355914,0.5812586433593656
29,158,189,0.18054441896446094,0.2984474326339365,4.863984020630419,4.777564225869451,0.5958527342938295
29,159,188,0.18183018851258165,0.30112423664360183,4.884941118432817,4.472594932600937,0.5853349139838727
29,160,187,0.18342513410961517,0.3054945560581062,5.160745004583215,4.457821954996331,0.5742580105826246
29,161,186,0.18400510092043856,0.30382391217697413,5.510339674230648,4.866971161769865,0.5818783540768719
29,162,185,0.1883942055424194,0.3106944869467511,5.1033735408929,4.31506227419148,0.5729896214090293
29,163,184,0.18291229335713335,0.2968420038208221,5.23011195154746,5.537712392645758,0.5808045391240377
29,164,183,0.184683683264023,0.30383763039251926,5.545868690531149,4.7425797771034075,0.5821831936322525
29,165,182,0.18445278767270618,0.3021863547744193,5.19998888549028,3.9629718648217884,0.5722778042270771
29,166,181,0.17554943347777485,0.28758694308027544,5.176258307071568,4.681463491889415,0.5763549870324381
29,167,180,0.183263955779794,0.2995270560475749,5.57113887473258,4.9976223580983286,0.5834463671049918
29,168,179,0.18110202568849032,0.2959242852912214,4.911564085175491,4.109437638541029,0.5694341995538766
29,169,178,0.17518011328204625,0.2899673703665379,5.146123709769807,4.778923247804429,0.568358468558632
29,170,177,0.18608204518767316,0.3067017356014893,5.007218929786255,4.755786160068901,0.5644243512387016
29,171,176,0.18253684611584803,0.300583667007489,5.18459125922891,4.676360475277864,0.5822174429833673
29,172,175,0.18629762656617718,0.3072502882755555,4.765141023970162,4.46087368437753,0.5601559031816601
29,173,174,0.18390976677815588,0.300137585875845,5.437528182374798,4.470300456219536,0.5506245042876815
29,174,173,0.1839293195658057,0.3016149215526669,4.621912026006691,4.007993021957324,0.5748042905516284
29,175,172,0.18714097662278906,0.305259860961126,4.926993006480462,4.097692429407935,0.5876431955462533
29,176,171,0.18173924763104543,0.2980686500616816,4.631844394677752,4.556419178366191,0.5534828196751181
29,177,170,0.1735065232501191,0.2866079100636581,4.736147245925362,4.189465368657074,0.5843095430767966
29,178,169,0.18955395608300066,0.31365988988662785,5.600334374932112,5.243760516556656,0.5727137053369659
29,179,168,0.17970260982186353,0.29701600667504413,4.796190523405947,4.3596398175185875,0.5886680002781264
29,180,167,0.17896254910574239,0.2969541344181469,4.481598388059395,4.124002009682965,0.5908758924087106
29,181,166,0.18497763192176483,0.30663244843921356,4.9654333413577625,4.251435036808681,0.5710588884070688
29,182,165,0.18628846474715685,0.3119843069979538,4.893873332266397,4.55857457101217,0.5699869657776264
29,183,164,0.18500904946052493,0.3047466918016375,5.535101443402777,5.013135639721361,0.5864213521347073
29,184,163,0.1864985704949282,0.30075303207020154,5.43091212847022,5.356783800244722,0.5741003320826441
29,185,162,0.1821288978097549,0.29954178445986396,4.903697690389585,4.530284141402678,0.5656677276069744
29,186,161,0.17810813895479863,0.29755338261317765,4.894116680030233,4.631002351504534,0.6052114106433761
29,187,160,0.18086084689397602,0.3030970638175051,5.008370326056136,5.05100868503085,0.5723938306719905
29,188,159,0.1870208449745014,0.31790561033258363,4.931661621240876,4.222050627881482,0.5762380247977348
29,189,158,0.17816203519478746,0.2999275029045196,5.003617630029453,4.856397987496546,0.5965909079267999
29,190,157,0.1840358982949646,0.31144254541911476,5.069091763171105,4.478397353558147,0.5753711776879756
29,191,156,0.18006335997168954,0.30859765039975906,5.083628773245449,4.3239511277703375,0.5987769011969892
29,192,155,0.18761397295512572,0.31897436890431774,5.259591853677043,4.987781077550547,0.5698759698152014
29,193,154,0.18199952503341185,0.310255325436757,4.67434364094654,4.408681168712375,0.5659264256736632
29,194,153,0.18509071228036283,0.32037319939323905,4.9942169843541135,4.019619448166376,0.555409824985132
29,195,152,0.19329371630885678,0.3320208830008803,5.236541387660752,4.9995687643973525,0.5618690423132247
29,196,151,0.18224557962222318,0.3104766447706504,4.588471946023197,4.45886081678897,0.5830086435133943
29,197,150,0.18204381920671714,0.3144833141948436,5.198589819575011,4.409354100196096,0.5813398717898302
29,198,149,0.1801420365909038,0.30721047932873113,4.660595491768186,3.9645865269505367,0.5801185257418444
29,199,148,0.1838287131534859,0.31079848196333715,4.843395809375254,4.237108279048649,0.5681287179435704
29,200,147,0.1879403062057096,0.3107722474763938,5.194598205126098,4.198941841937804,0.56389561264808
29,201,146,0.1876311739751496,0.3133701689274088,5.346399050404294,4.71647789167793,0.5792925006455241
29,202,145,0.18520272438302152,0.3125375562130853,4.73239290056701,4.219136888075221,0.5595835791219465
29,203,144,0.18728175865467891,0.3145427131474524,5.17410516743389,4.660647586548769,0.5726572701562995
29,204,143,0.18904347401431898,0.31654750924986497,5.215577628185052,4.875842294919133,0.5352942754806712
29,205,142,0.191357678328608,0.29786791225867904,5.221360668522024,4.492283837325608,0.5705166010917125
29,206,141,0.19273111544792634,0.29875135087317983,4.871416411069154,4.447069950603928,0.5694736050315466
29,207,140,0.1929558039799989,0.2974577319815276,5.025865784847182,4.275776863435795,0.5862550132520781
29,208,139,0.1914343552384767,0.29256415729794344,4.943978624446919,4.49117043132498,0.583072852332691
29,209,138,0.18861021574099807,0.2884682552866338,5.094425181772246,4.646565081240557,0.5930294469737509
29,210,137,0.1969562345109976,0.29357729411701594,4.909341167496028,4.5397629091636365,0.5651351941998116
29,211,136,0.1907715727676062,0.2875052228170676,4.949611627844039,4.827869526132965,0.5773667212288685
29,212,135,0.19496952194771475,0.2947688881725978,5.0731724504181885,4.432535446402045,0.5715712614348778
29,213,134,0.19063848267081904,0.289850018690558,4.889823223522249,4.333909115279509,0.5780857163755229
29,214,133,0.19008380031130928,0.2928088941904916,5.19858948218211,4.769911311922054,0.5654026072425603
29,215,132,0.19690779321038432,0.30631224821923975,5.493350619359648,5.275741476523046,0.56401537467712
29,216,131,0.1961558792619446,0.30895344626822596,5.03912926696816,4.615459392527561,0.5730588300923629
29,217,130,0.18905003536587267,0.2948583519123941,5.17986970564834,4.324607714168529,0.5788386308201199
29,218,129,0.18922372008975083,0.29618923494372573,5.268008163848691,4.549600725645331,0.5854050782527332
29,219,128,0.19416280588769005,0.30353834169020766,5.557565654908446,4.955841249410605,0.5923792739254768
29,220,127,0.19222692730170904,0.29552746895242277,4.7372892929839665,4.275202417034381,0.5834135409228103
29,221,126,0.19799207355884868,0.30150297935432663,4.957223541866153,4.759461662769086,0.5530669243749613
29,222,125,0.19591935315254086,0.30228379431410873,4.922459479779638,4.240672794366894,0.5657058362066201
29,223,124,0.19319810512194818,0.29338698372034816,5.232262113906911,4.581579645565153,0.5821406314692495
29,224,123,0.19660449073532646,0.29552974810657173,5.0913135575385695,4.4142828701880585,0.560173916850918
29,225,122,0.19599600627423752,0.29496022598146476,5.232017494650476,4.481807553686783,0.592057251641218
29,226,121,0.19573712791244502,0.293924577621934,4.656246642494736,4.269346529429175,0.5871201435171121
29,227,120,0.19556567784241666,0.2977552132245898,5.375444064581018,4.552652419194531,0.5816522425348774
29,228,119,0.1942115885885353,0.2962980470727017,5.179614602931843,4.366431861514799,0.5743465966159086
29,229,118,0.1914054539306131,0.291698551049627,5.292651242750397,5.486824008009806,0.5714229525762675
29,230,117,0.20066611622207528,0.304089099952305,4.660899038626367,4.24085307415146,0.5801166167792913
29,231,116,0.19081273085452935,0.2872876501979269,4.935736181888474,4.1876083384433915,0.5891559592083003
29,232,115,0.19447843407895693,0.29556720942586623,4.555385969659751,4.068570776780587,0.5651875184450167
29,233,114,0.19892697955438715,0.3048302270357767,4.846181940359573,4.364610221381922,0.5547903439423585
29,234,113,0.19183780084234342,0.2941351682704539,4.867231454788042,4.072826542532452,0.5791473709735203
29,235,112,0.20133069100783288,0.3070484531185571,5.483927574356951,5.204148848636791,0.554127868012463
29,236,111,0.19708432757582947,0.30090910034874074,5.467752820585281,4.5645624923630095,0.5904764496402178
29,237,110,0.20572849169375743,0.3089410282955988,4.8049905278728655,4.557003465311567,0.555081039730963
29,238,109,0.2037668321809443,0.3079058701520873,4.886826282126892,4.967245577363467,0.5489150217753742
29,239,108,0.20201401397897234,0.30651499248967645,5.449575016419571,4.5679767361143675,0.5839243594155146
29,240,107,0.20130431803233956,0.30515727684320704,5.100971646263633,4.243560442603065,0.5637382934865159
29,241,106,0.2018330608080863,0.3045465460883309,4.793149536862183,4.85453312844312,0.5628504289576813
29,242,105,0.1939371262838018,0.29296653279836643,4.5786242853469705,4.082082334445166,0.5628102822197167
29,243,104,0.19390781617678676,0.294133097623576,5.011957881828648,4.867503461672917,0.5890955917014395
29,244,103,0.1977741470569133,0.2986546752693312,5.4539875101538335,4.703083728030302,0.5916894041828991
29,245,102,0.1940340655858589,0.2950640617294504,4.924736550784307,4.1658116620440495,0.5744100869001705
29,246,101,0.1937751439519501,0.3006425626370223,5.271219664052986,4.133816170499141,0.5657601475560522
29,247,100,0.19248424305824935,0.29886058644411445,5.1874810345232945,4.118060800400657,0.566532749347575
29,248,99,0.19603499071706373,0.3048669673512416,5.17578245267644,4.421739856148871,0.5834415095916158
29,249,98,0.19536685267480458,0.3051889177974647,4.555326785259879,4.060820247991644,0.5613612995455299
29,250,97,0.19438106129747756,0.3023892444988219,4.859109121341268,4.214468268938807,0.5779994422349805
29,251,96,0.20138588148272474,0.3151414865591821,4.8604843010747505,4.477989820254707,0.5729191776058165
29,252,95,0.1956353969397492,0.29808144901438804,4.616070671249181,3.9445791300995117,0.5723270356911759
29,253,94,0.19566886768675362,0.2987498671466479,5.24207429516014,4.786455026479265,0.5930545834809231
29,254,93,0.20013016957626553,0.3066728278793123,5.342221506881332,4.794909681805994,0.5841702451086997
29,255,92,0.19306065499696934,0.3069857282609639,5.2853669414959255,4.400582703200173,0.5697916461710691
29,256,91,0.2024541302260248,0.323334819019435,5.204284178053427,4.869958022717995,0.5630375578178737
29,257,90,0.20885178914085192,0.33079884904224216,5.606479203297482,5.061529019197384,0.5550482999770135
29,258,89,0.19979932716330012,0.31586179123692487,4.8788845132855165,4.460682634923719,0.5747206607343542
29,259,88,0.1934479818116309,0.30967915239500604,5.382278972640973,5.1137065982877585,0.5847396608005259
29,260,87,0.19622320861187217,0.3090238091013246,5.134689540405507,4.345060525298113,0.5726916693912545
29,261,86,0.19855336007261168,0.3139513992380482,5.383338252827564,4.478114285636053,0.5783156572267413
29,262,85,0.1937195153569188,0.3057839192948656,5.334700481448255,5.591340014025473,0.5932728436211744
29,263,84,0.1978114276712719,0.30963667477793866,4.87034082116628,4.322916007747288,0.5749375659534409
29,264,83,0.20029266451004135,0.3146193552344053,4.926510768167429,4.371018560540331,0.5735668307701799
29,265,82,0.20162696205057642,0.31710819768429166,5.009202164469759,4.440744953460958,0.5838390843479905
29,266,81,0.20358222251654184,0.3210833954563145,5.310770285434112,4.931623595955538,0.5504162483053556
29,267,80,0.20124382365294474,0.3153030209700486,5.275738350307414,4.619115219446235,0.5533707786811214
29,268,79,0.19915435666753373,0.3096420024763213,5.127693483097952,4.359055583290173,0.5784701438005563
29,269,78,0.19801573911065448,0.3079974222357093,5.1467493329346965,5.027136906651414,0.5691031260070368
29,270,77,0.2044416591074309,0.3141679192375889,5.440465359599564,5.406109683364231,0.5615079321285654
29,271,76,0.1968320976275113,0.30590594691095624,4.81321534486178,3.870339605875083,0.5690258805204894
29,272,75,0.20538483044312433,0.3161545783280789,5.588164760042947,4.651812642904464,0.5370792301607766
29,273,74,0.1958672438338443,0.30412645779971714,4.905712259056827,4.066440417101344,0.5648220495183036
29,274,73,0.19812721624688814,0.3061279879115974,5.960771206519576,5.560232193201276,0.5965348155782109
29,275,72,0.19390106455634934,0.3011461128397944,4.996743531099941,4.670542323644439,0.5658356077333433
29,276,71,0.20322914014517868,0.31132546914762954,5.015891198514145,4.256628650325138,0.5585317266392762
29,277,70,0.20859060695718593,0.32135977137783334,4.524382032307146,4.014665743406744,0.5521620253769066
29,278,69,0.22016264888706139,0.33705031772652305,5.107667954286924,4.210755649517545,0.5135237186455057
29,279,68,0.22264715940186658,0.34234511108165533,4.359862711157224,4.382406298655543,0.5141552591635565
29,280,67,0.23296409513038122,0.35164690216821753,5.380106450985869,4.78502189887925,0.5152352499201184
29,281,66,0.2340391526023513,0.35546789789121586,4.720476135136616,4.539431951850014,0.49902257959282637
29,282,65,0.23197951377370554,0.34975206439930134,5.417288233624567,4.550699814375733,0.5107884510410254
29,283,64,0.2368072242182145,0.35469361757776074,4.701409355764277,4.2755267439844555,0.4937430709067606
29,284,63,0.21611840008902333,0.32244507118059407,4.9926971241892355,4.596874405240928,0.5313045498390483
29,285,62,0.22768069340215513,0.3384624247904811,5.294743950816242,4.16731113950019,0.5090918738851231
29,286,61,0.23634732958739504,0.348113471291486,4.647538634028988,4.215446138879081,0.5042960338796141
29,287,60,0.2337965275065269,0.34635976810157965,5.0829833563853954,4.3077717170564105,0.4941288250845573
29,288,59,0.23293577481022792,0.350271163023968,5.05884229656955,5.043237786249807,0.49710961499317047
29,289,58,0.2305200539591747,0.34570007301784006,4.940628303772689,4.799112639475267,0.5116283056789587
29,290,57,0.23899747020613699,0.3581228728376433,5.0923561590892765,4.582025792877876,0.4927417847799054
29,291,56,0.24941885249698367,0.37575274116611684,4.769065057853103,4.147495442677161,0.48040873036282855
29,292,55,0.2365124109312323,0.3532115277300638,5.377148691675369,4.245292131580417,0.49560393087238597
29,293,54,0.2360436289111604,0.3571829405158433,5.687966003138121,5.277211919733083,0.49295158275024803
29,294,53,0.223948059821901,0.34385613693833705,4.443320400124341,4.136475136052178,0.5069969165869109
29,295,52,0.21800531196250839,0.3327624887419161,5.173121598531939,4.844768212703522,0.5443963648596674
29,296,51,0.22798602094957976,0.34696632375336484,4.947163649425387,4.175795229576795,0.531439604622192
29,297,50,0.22522053187933733,0.3417065571407326,4.778240553877156,3.8630077428333656,0.5238291802211104
29,298,49,0.22357710101112258,0.33644764655962195,5.055550737209142,4.48567139807522,0.5229826349080212
29,299,48,0.2191196213332286,0.3275730865464085,5.184327177205912,4.850573125043545,0.5466968397481727
29,300,47,0.22417498925242033,0.33832113299867184,4.778965048966363,4.145035989885789,0.5233664792753925
29,301,46,0.2305074301423607,0.34485634575524093,5.27934075040454,4.85456710237212,0.5127073628387316
29,302,45,0.23323773536359108,0.3508633930811076,4.985978961622447,4.696464204396325,0.506867960374942
29,303,44,0.22555533242163323,0.34298796742861876,4.916789158527638,3.9702001156322644,0.5276070423535104
29,304,43,0.22011787143824355,0.33813753126362084,5.227816434298248,4.196824651993091,0.5302131355466357
29,305,42,0.2357728586814016,0.3642131715042604,4.634559207090075,3.962166146037117,0.4970813087873503
29,306,41,0.23277350826449267,0.3591008103722256,4.845235920597175,4.5008022944291755,0.5112976958869105
29,307,40,0.2254785703186972,0.34705787057756776,5.073370412091563,4.478206740446152,0.5204532074693621
29,308,39,0.24150595238780126,0.3670448732964598,4.344256840135319,3.654412776820306,0.48615753258807987
29,309,38,0.23242448607636587,0.35741602398555194,4.749495036993816,4.027773554401286,0.5052426501182851
29,310,37,0.24023353302936784,0.37113217592554637,4.940517383085053,4.168739573726719,0.49093781981081
29,311,36,0.22254618065207696,0.34973339203974946,5.025070981315119,4.553515633779792,0.5272532863698108
29,312,35,0.22823594183174994,0.3552128570123622,4.529230186233788,3.84418307468553,0.5016951271688438
29,313,34,0.22624028210666713,0.35742808489623223,4.541594741350101,4.084393034397541,0.5190927120274068
29,314,33,0.2231228169047506,0.34952782872627536,4.774930161794115,4.3092556658864645,0.5280822303772662
29,315,32,0.23333950216794117,0.36591855273113505,4.733857128905248,4.429684818704993,0.5041937934933843
29,316,31,0.23229986851030557,0.36711834654146824,4.892997718603987,4.0905026636717,0.49824224218223323
29,317,30,0.22316465314341355,0.3487636221155963,5.52813932796103,4.709042838301418,0.530709604159793
29,318,29,0.2294526044984677,0.3545551104902416,4.868152679265849,4.1791542531698465,0.5126140379229654
29,319,28,0.23375099678048897,0.3651649561046183,5.145378360791125,4.914701748045388,0.5145074611995765
29,320,27,0.2438800501096057,0.38021833631324425,4.637197098383686,4.084702732514282,0.48872839992603484
29,321,26,0.23366207124127167,0.37559339272043574,4.589705920430857,3.7224017341206252,0.4873977315539544
29,322,25,0.23591200586901895,0.3751556843091389,4.803837736804179,4.832644282227901,0.477697859760676
29,323,24,0.23633075178562035,0.37155185630931836,5.102046516918103,4.474805110026101,0.5102947325525053
29,324,23,0.2346100049848843,0.3722238624487611,4.515406052331729,3.9333268168385622,0.503724650090457
29,325,22,0.24456679334491097,0.3848171426514108,4.587357555966902,3.9413194367241187,0.4925659550033472
29,326,21,0.21623395001698104,0.3423248095113032,5.111025981848787,4.858089065705033,0.5260697808825733
29,327,20,0.22969585742377996,0.35978670184163514,4.438085070997339,4.115496005089554,0.5070670957385861
29,328,19,0.2260907537840004,0.3590421841637019,4.931053858653132,4.754268115107604,0.5299374721486019
29,329,18,0.2323742085257531,0.36854838827382147,4.826911695135911,4.6910500120802086,0.5451663756206322
29,330,17,0.2232775781725508,0.3507242623322549,4.740939444553815,4.063462138537931,0.5160404085849629
29,331,16,0.24211584601826963,0.3812300793363576,4.892478951892009,4.237811057014503,0.48492458819816575
29,332,15,0.24540139368088248,0.3904643618994939,4.524042142190483,4.484087991425286,0.46737221510312316
29,333,14,0.23910810748855138,0.3737335837071186,4.706537403826674,4.67531780136352,0.4775423356553912
29,334,13,0.2251547947753855,0.35451251607910367,4.2099282448055595,3.974766446975782,0.5072138920414037
29,335,12,0.2255136917515569,0.351283859363347,4.794730252180714,4.1215208203615,0.5154135698845072
29,336,11,0.24433363576049894,0.3803614335470301,4.541221351884753,4.630315154957687,0.4879675100293314
29,337,10,0.25466845784921416,0.3986690799823752,4.531347931849347,4.273269213818133,0.47013865683641914
29,338,9,0.2424058123346662,0.3734281646773772,4.683903739927932,4.076804588908466,0.48086506115619626
29,339,8,0.23062748006060374,0.36076296391756363,4.135708553024077,3.6363739463177343,0.5282826442308497
29,340,7,0.22525035549269692,0.3512047211602877,4.538221533763487,4.45149307149237,0.5058700463059294
29,341,6,0.22457747806347989,0.34846689240986095,4.450364018555339,4.310483046152545,0.5247158307594314
29,342,5,0.24474166411142395,0.38411808546268833,4.574890526899329,4.1670843444911885,0.47943962605128143
29,343,4,0.24028650212861097,0.3756032449820081,4.664558578821805,4.012195138997744,0.4842583229275714
29,344,3,0.2436965629153903,0.37847874686221294,4.761279136941921,4.408645560237557,0.5117745627569483
29,345,2,0.22577173548721044,0.34990246266696046,4.677206542569685,4.160440973050735,0.5374104143414413
29,346,1,0.23322294366573826,0.36784619043758754,4.543134873822394,4.655802194033484,0.5021046565228044
29,347,0,0.23612956459355447,0.37083642861288824,4.600365164520436,4.061834291859967,0.5063477915600316
30,1,144,0.16197414620172998,0.23307627199892886,5.061946886704506,4.589796785973241,0.6398265880931936
30,2,143,0.1576074869691455,0.2310885000403467,5.667441193776206,4.511403471354675,0.665387968579408
30,3,142,0.16673533864367157,0.23282695381828247,5.492102381492716,4.433267071062106,0.6553944330212546
30,4,141,0.15720801062420095,0.23251318662277787,5.383843195611071,4.9821460330967655,0.6463170094670871
30,5,140,0.1535079069270794,0.23500774547894218,5.662170068979592,5.033448363075728,0.6486188464357453
30,6,139,0.1541494423729484,0.22759417677936167,5.31690542767266,4.646474444871164,0.658997446566735
30,7,138,0.161371943231312,0.23586615819661658,5.672505230216766,5.7731577337896764,0.6705237428039575
30,8,137,0.15023147397330697,0.22786629494999683,5.093151445662322,4.212805032316516,0.6558589989344967
30,9,136,0.15113074807666627,0.23046558955074442,5.129916634298075,4.395715399058588,0.6670000008464548
30,10,135,0.16015978430223585,0.23485744261845914,5.355801570568386,4.735869791432822,0.6608726713164204
30,11,134,0.15796124479157322,0.2330150321580668,5.423329641483189,5.059197622503304,0.65706466562428
30,12,133,0.16006208880626474,0.23520182844531043,5.88194860073436,5.320735912783192,0.6558121461326809
30,13,132,0.15423417301634082,0.22941720826984485,5.694829970697796,5.174257747180315,0.6745775290530621
30,14,131,0.15594705060089442,0.22691027706953015,4.946261268392382,4.966162702712867,0.6497910406143085
30,15,130,0.16019890969090922,0.22969439841165173,5.398872840811295,4.383304355712268,0.666992738652667
30,16,129,0.15685866940843793,0.22334214067082375,5.015525457852949,4.445905330109659,0.6680216806648789
30,17,128,0.15624130666831362,0.22829391159180648,4.876512758521397,4.619259451857357,0.6685573207703712
30,18,127,0.1626643534710139,0.24193781580375293,5.375594935897968,4.215336416900283,0.6341365004632142
30,19,126,0.15539074389588234,0.22839394303821803,5.004769634381505,4.621642525165786,0.6582707656315028
30,20,125,0.15797071700844156,0.23449426164740478,5.531983107580293,4.314203576036075,0.6613695269402401
30,21,124,0.15833968911182447,0.23467461044096755,5.202784977031753,4.718133394409063,0.6797003581966544
30,22,123,0.16081997105371953,0.23960315358920453,5.4521034488802895,4.294728617862183,0.6429591799427652
30,23,122,0.158860646512296,0.2321205100145288,5.357624323310207,4.376059127440291,0.666136820439527
30,24,121,0.16093669533019692,0.237599779696211,5.336239869300555,4.746453691067274,0.6514068315763084
30,25,120,0.15934787902327302,0.23952198931737081,5.09654232531317,4.1747397398598505,0.641423802623915
30,26,119,0.1627546601349999,0.24803216896851876,5.01606175379349,4.503040367423421,0.6156321115797153
30,27,118,0.1598121443848856,0.23596545666969138,5.23797885190561,5.344981452265893,0.6707125679299986
30,28,117,0.15689357168874501,0.23562376740996427,5.563858988557948,4.583947331368238,0.6635160081711297
30,29,116,0.1603963670499424,0.2329475086961009,5.401254525163237,4.6915039523400965,0.631377494442294
30,30,115,0.16671753197094458,0.24248686536552366,5.578674445835438,4.601010354258534,0.6742773189285031
30,31,114,0.16146351782823434,0.22736584643969363,4.897972129641861,4.371369399990216,0.6526647683746865
30,32,113,0.16456299351574985,0.23356330302658537,5.293341970039199,4.263117926485693,0.6354677137450792
30,33,112,0.15651462758372442,0.2261235042776051,5.917287644501707,6.3857086328424435,0.687181725265916
30,34,111,0.1627655171711417,0.2347756045440598,5.011974193428726,4.474698327492373,0.6374274358191172
30,35,110,0.15827759545328177,0.23079080857975234,5.059745206968353,4.282641843867017,0.6716265406140197
30,36,109,0.1622639960387713,0.23478375383209046,5.345124267529176,4.508532731100431,0.6436175310607615
30,37,108,0.16752367056333045,0.23023446673920994,5.231442840854722,4.698726600101276,0.6611410274990052
30,38,107,0.16360823713007863,0.23934425901642112,5.217179318993592,4.506134582529282,0.6534590550912742
30,39,106,0.17053628696131923,0.2409740709704419,5.614139464790382,5.339358727292801,0.6416194876567757
30,40,105,0.16520325859053675,0.23811272516808815,5.312479719326334,4.317745392082587,0.6507546459066612
30,41,104,0.16444341211526145,0.2309601393088509,5.050076487629571,4.37925774480564,0.6340152766766624
30,42,103,0.16996499229605372,0.24126304074202815,4.973903025216972,4.267709153991569,0.6461981246344768
30,43,102,0.1646469436380419,0.22922066662858553,5.027020011046153,4.3682718695278675,0.6416771657507244
30,44,101,0.16418936827125366,0.22841908359988766,4.794358298197234,5.045156801296531,0.6544444320125555
30,45,100,0.16231788224572286,0.23735541002248967,4.922859096200741,3.9227867747301186,0.6423000285156607
30,46,99,0.16172091308966974,0.23410566279328368,5.2294042966720475,4.463127806995593,0.6471443405001633
30,47,98,0.16853861499393177,0.24091697509583276,5.17662395107655,4.570271396594533,0.6381506210413489
30,48,97,0.1696214636001891,0.23026361134660364,5.624504069386082,4.82087725802032,0.643813329910096
30,49,96,0.17412348175890982,0.23851068593808486,5.496042200712495,4.929765583794736,0.6525773181226403
30,50,95,0.166082248228351,0.2301233474023703,5.208022102560912,4.597088951160684,0.6666634519367436
30,51,94,0.16341938818424048,0.22900561940430714,5.178379424174867,4.400665238793687,0.6440356803046954
30,52,93,0.17186271535344652,0.23325593450705678,5.156051954960656,4.596394472351514,0.6363621142608641
30,53,92,0.1743562989456687,0.23573837280554857,5.22050778699564,4.397749776192858,0.6392855033360164
30,54,91,0.17586011177806588,0.23648024217428604,5.363649837612257,5.0575071592918555,0.6470230248916129
30,55,90,0.17136706304163216,0.232130270459021,5.0098851061391585,4.89535306846412,0.6174257322958873
30,56,89,0.17370786243956154,0.23675981474140986,4.66453607692454,3.9180229468717163,0.6417698638581836
30,57,88,0.16864873632621882,0.23334955912144242,5.222149661874601,4.698186380135356,0.653394868608625
30,58,87,0.1707187777490676,0.23956420623969912,5.113905787503732,4.75110692472882,0.6554625620740469
30,59,86,0.17877360321997973,0.25406077372350305,5.660737647120982,5.030237349146792,0.609232862815307
30,60,85,0.18780640506831853,0.2672634887448243,5.53601920841848,5.697603910207112,0.5990991314167874
30,61,84,0.1868191473563825,0.26589924126488934,5.145822849328041,4.223237237351526,0.5738379124150368
30,62,83,0.18751672393780452,0.2698488253377506,5.406491860502017,4.96629859187442,0.579981557092613
30,63,82,0.1808586620371375,0.25692381185304053,5.030498164056517,4.308075953587057,0.5919631178554611
30,64,81,0.18224367338088493,0.261021641746621,4.975858930900978,4.353410925074206,0.5888150405472183
30,65,80,0.18363107505192003,0.26449237361793226,5.214786623494897,4.419421076093007,0.5843866251654092
30,66,79,0.18977622533911773,0.27044238036197643,5.096032119338945,4.688381669161396,0.5875734737642324
30,67,78,0.1838745697408115,0.2655498681106483,5.796423416403524,5.360199142060811,0.61142880862779
30,68,77,0.18421420589614385,0.2694508914277461,5.224220208100654,4.330833811634108,0.5884941329743998
30,69,76,0.18299822679813482,0.26114806823431846,5.161854586450461,4.272133513795376,0.5957093019868225
30,70,75,0.18961434958763396,0.275551281576309,4.687530212594538,3.9714700442219413,0.5727233986073169
30,71,74,0.18561623280455639,0.2645035285479159,4.885063108424594,4.1626690334930725,0.5992847749258268
30,72,73,0.17919477778758042,0.2616491392807856,5.013000651487484,4.079299123946345,0.5953611755163448
30,73,72,0.18327764496883628,0.265126769361253,5.342776536565111,5.251826764314536,0.6136109721900509
30,74,71,0.18484598055080564,0.26226554864433016,5.296648365050123,4.902885461630344,0.5986896023386377
30,75,70,0.18805369086207754,0.26501846456122496,5.0153860308219445,4.4848176201605865,0.5746159706355036
30,76,69,0.1868975966923152,0.26505196067043657,5.568139736485088,4.906925968396542,0.5582375261565752
30,77,68,0.18884865174666093,0.27405771172567645,5.220761298263152,5.13541400486073,0.5833228593361202
30,78,67,0.1882114952923587,0.27214588103535825,5.0564729066790886,4.069639512520926,0.5752408520446056
30,79,66,0.18917782644550213,0.2738927077614415,5.072467860965688,4.227701645508046,0.5905936184893436
30,80,65,0.18412907397782813,0.25941489275454294,5.205991976716202,5.241519121807303,0.5842896339563903
30,81,64,0.19037740077044435,0.2798431595443091,5.176285098873578,4.905654444326191,0.5712335476650332
30,82,63,0.19384389207344452,0.26470485312766273,5.4846610681345584,5.254358094213106,0.5590913618913752
30,83,62,0.19216721604232417,0.27397548980973163,4.513583089834823,4.138297895870346,0.5626413374602239
30,84,61,0.19373246081135626,0.2708236685371816,5.197826879322118,5.422137624816531,0.5840296494961911
30,85,60,0.19411108383851872,0.2607321720770827,4.898065758888224,4.71689263319075,0.5712507764335835
30,86,59,0.1963364176321416,0.2616187126016198,5.292676280042166,5.1608372787379775,0.5801534642124861
30,87,58,0.19134803296671743,0.2624313717750593,5.152790246962506,4.416380510374149,0.5835346676625269
30,88,57,0.19478926719900794,0.2598318419097062,4.662811531042237,4.068719842382137,0.5803264849034715
30,89,56,0.1911871683633714,0.2571919796048693,4.777805998871115,4.606167279447946,0.5976048404514913
30,90,55,0.19192969552885647,0.25447442504927187,5.020006286714008,4.4461402057900585,0.581990716502058
30,91,54,0.18926172185650278,0.24777754507042646,4.862152590953514,4.5868261745371175,0.5999521006989436
30,92,53,0.19038230232010253,0.2535840728195366,5.675741723033404,5.2650484429180455,0.575435423153553
30,93,52,0.19545074173717206,0.26129466648857874,5.40739532658303,4.951814091340401,0.5964671578484538
30,94,51,0.19432137096046911,0.2655617555501913,4.846427360408921,5.125952955823137,0.5844125075156043
30,95,50,0.19676637959693433,0.26216291933835073,4.846331650628298,4.403443550124394,0.5764219215901487
30,96,49,0.1985587723442519,0.27054757185308226,4.920925063206205,4.141211926128054,0.5706724814426888
30,97,48,0.1958032504798226,0.2585421324886729,6.0385464199071315,6.930689983473,0.6185242852777642
30,98,47,0.19654762374528828,0.26474553579966525,5.060275349690512,4.086285595214021,0.5833635625983068
30,99,46,0.19489864796859036,0.2616395621535713,5.032207815277637,4.5829247665880635,0.597362377995391
30,100,45,0.19493237644968356,0.2708372800908152,5.17020887533077,4.686214040999177,0.5751610815879782
30,101,44,0.20052770635440836,0.27744515120179847,5.037983455033185,4.0111270149907305,0.6076236319544319
30,102,43,0.19983465745644544,0.27915826622888107,4.918536796607977,4.326404158054026,0.5663400598836805
30,103,42,0.19016848834819258,0.26833372112252807,4.832655043656448,5.412052451763268,0.5889257473983525
30,104,41,0.19290739267433196,0.2647920199266875,5.226966076759136,5.1750615488634635,0.5907330407861043
30,105,40,0.19392544966985445,0.264035995002901,4.612018524420371,3.764850090404235,0.5844637204029787
30,106,39,0.1996105136980879,0.26686056121164686,5.649057836068725,4.623867435706698,0.58747779035875
30,107,38,0.19964578556564253,0.2746860551167573,5.248107863613875,4.813294641407745,0.5873816216657867
30,108,37,0.19902884006367597,0.2793854006157076,4.909502441222728,4.300285067509122,0.5693208322102262
30,109,36,0.19910369369957673,0.27703987047185896,5.289358758364724,5.22402362192104,0.5690252863909256
30,110,35,0.19227694009603474,0.27290428236160214,4.9703188076856835,4.206133245190265,0.5721544786237518
30,111,34,0.19246070125582576,0.2725094464145335,5.821569193990859,4.582096217323105,0.580960586128034
30,112,33,0.20464387814989712,0.2839281171056079,4.860542675837522,4.295184850534215,0.5556520302445792
30,113,32,0.19145498599190128,0.27162003675893925,4.965924970444391,4.20798739092708,0.5645377401011649
30,114,31,0.19659495064554106,0.28471429462604103,4.920463896900722,4.580848086573387,0.5742124330944269
30,115,30,0.19905007954943466,0.2770591414532638,4.95444668025079,3.9655490597186853,0.5679333145411125
30,116,29,0.18995698040807052,0.27472969553624743,4.834442466155782,3.7941693358578203,0.5556243835348694
30,117,28,0.2184134601889226,0.30194650548027907,4.928906597833503,4.595846781851725,0.5206012627229976
30,118,27,0.20689805912012482,0.2909380857807996,4.995144696123631,4.28186714169253,0.533171502741502
30,119,26,0.2109445875081963,0.2911863641187362,4.798556136260345,4.7828342780133575,0.5370797542805976
30,120,25,0.2300126328114335,0.31784096706614234,4.91911135551658,4.053450965527641,0.500988452406479
30,121,24,0.231477414161811,0.3218268454785528,4.667043981955096,4.16355665987404,0.4910501394092383
30,122,23,0.20830900712050557,0.2923790723447937,4.510552797676792,4.426546543878172,0.5346308763491455
30,123,22,0.21639864846728887,0.30077614992565954,5.076337386891195,4.318040359570174,0.5328839343560865
30,124,21,0.21618649585260216,0.2904793634104089,5.1006822036276915,4.2324428950877,0.5237921553444459
30,125,20,0.2320915646228898,0.31317931887886424,4.848782991526419,4.221966126790247,0.5049200224192447
30,126,19,0.22285967990232708,0.3032861952964162,5.089765368291086,4.628868449233743,0.5192213603200809
30,127,18,0.21497860196636218,0.29408342659524556,4.683659657397364,3.9584594671680042,0.5252256978467198
30,128,17,0.21826764075074076,0.2982066168999662,4.887506468997468,5.128780390910182,0.532575520387013
30,129,16,0.2228169360568944,0.3132822742520818,5.3339441811392785,5.648381107847129,0.49806809772289456
30,130,15,0.2246374941454103,0.29320940273731694,5.055152195326627,4.397049711360853,0.5192569631916268
30,131,14,0.23823459754695742,0.3151102300085244,5.6087081264756815,4.864068071553378,0.5057196660920789
30,132,13,0.23657175271477857,0.31663791313005346,5.067995527731741,4.78132039242636,0.4940773679852593
30,133,12,0.22564064733583067,0.3064211500871401,5.092436597064056,5.083722610874758,0.5021311845474532
30,134,11,0.22032409600730912,0.30946544577099117,4.723165590443619,4.541205250730978,0.5126836660429328
30,135,10,0.22539599454957712,0.3015873307336843,5.032300612115294,4.294863087868681,0.5187845514159245
30,136,9,0.2246325835461044,0.30166398042747294,4.805960506451804,4.047895864393577,0.5434137226850528
30,137,8,0.2198663086645707,0.29101862737647133,4.899694792442304,4.171658008316551,0.5476655831899057
30,138,7,0.22656315273115418,0.3010117148208449,4.731817964299411,4.751865840392964,0.5325872795551516
30,139,6,0.23120608841566298,0.3033349501078927,4.664666067545001,4.099401558088982,0.5265789841802113
30,140,5,0.23155977457560076,0.30277997317609595,4.717302523507519,3.9390870481373197,0.49935359604267593
30,141,4,0.21399325254328214,0.2934021690471423,4.941157796265138,4.5634306132670535,0.5539210533964719
30,142,3,0.22994233795968833,0.30732170221056027,4.66266726648342,4.994232782457618,0.509219081436977
30,143,2,0.23520606035923994,0.29991944941788234,5.310797196451793,4.9908875185645165,0.5221223674085131
30,144,1,0.226278229387759,0.29560948768667,4.888408052699323,5.013492798301374,0.5326770284758958
30,145,0,0.21665780507894244,0.28851799408423556,4.946048601182832,4.813896733055636,0.5241538220056516
32,1,73,0.15560931638109154,0.2340241564217436,5.349273376849993,4.801278311246285,0.6741967991405265
32,2,72,0.15696248176832336,0.2340260087773944,5.333924712638612,4.7890862250360415,0.6674949412085617
32,3,71,0.1581306529549375,0.23174697233504873,5.257025235435102,4.588137716821339,0.6532369112576094
32,4,70,0.15318499248179102,0.2229248050603568,4.906235581784269,4.6702962941809485,0.6715733625165535
32,5,69,0.16196550897650686,0.23684057249520887,5.620482386131206,4.569027886311022,0.626377135936521
32,6,68,0.15536495230751562,0.22683398683289768,5.380472364524,5.6514804603110225,0.6356959955513981
32,7,67,0.15923870424806957,0.23443163378666115,5.1968917744172485,4.579176214041254,0.6539761281400669
32,8,66,0.16151971904517723,0.23743804604923474,5.418478392303643,4.5015457658291504,0.6698529596691929
32,9,65,0.15611317354670975,0.23136357193630147,5.347218034422257,4.742438928804661,0.6536924893770976
32,10,64,0.15651237655475975,0.2306231779206857,5.172042077956983,4.112398649740298,0.6664865985199163
32,11,63,0.1604763719360761,0.2351446195405853,5.373170552706963,4.780691521102146,0.6290303555255491
32,12,62,0.16249250343823157,0.2369303075373139,5.919827241972572,5.1855491099180115,0.6682141078331465
32,13,61,0.15964281694396612,0.231788611285998,5.190354030116879,5.2099858557971235,0.6430531680936511
32,14,60,0.15592422040829948,0.22801881220920658,5.208924264339785,5.196992567446574,0.6437844513369887
32,15,59,0.15496098557113536,0.22867189415777983,4.816646447682052,4.34950500340403,0.6610255205670461
32,16,58,0.15764847597412834,0.2322506213965948,5.466384543657256,4.459286397134025,0.6582073964726859
32,17,57,0.1602238454339709,0.2340562357767817,5.186517872060525,4.968170157884753,0.6764418762497935
32,18,56,0.16107901395566557,0.2375425460744182,5.530332704722583,4.99285897614149,0.657799966165616
32,19,55,0.15580531859535923,0.23256553192715718,4.995256635212559,4.097174964010811,0.6473802242690065
32,20,54,0.1626059031283923,0.24409567051670086,4.925075491957282,4.626882803119873,0.6329524713285389
32,21,53,0.15998297895212021,0.2453716707452952,5.3242189541612905,5.0685169338106215,0.6559714571097618
32,22,52,0.15885273974679456,0.24248021642414758,5.45173507967475,4.776178746417144,0.6793008991180849
32,23,51,0.15495236219458997,0.23523426502166353,4.948918710601619,4.457851332788316,0.652443942824978
32,24,50,0.15455338991154072,0.2339554479924137,5.426583069402842,4.742432807497849,0.6562572622010981
32,25,49,0.15732148872507212,0.24243962294805102,5.333314805813677,4.730545406966071,0.6488349781254549
32,26,48,0.15999914625983166,0.24588259981359056,5.268161223928984,4.651867777384763,0.6568475039527728
32,27,47,0.15818700667851923,0.2424987589865159,5.433006553697845,4.662951522353278,0.6493776988892932
32,28,46,0.15916235301163284,0.24628144742783104,5.517913635582664,5.060562134458024,0.6352806491884138
32,29,45,0.1620169254909289,0.24965230528006258,4.931673126865961,4.593194504479321,0.6523928733960449
32,30,44,0.18056680091009975,0.2802858494609587,5.198248531884232,4.907599705813335,0.5655379103381882
32,31,43,0.17639236040575615,0.27118135129281556,5.290437372872049,4.832211336581686,0.5720147638701816
32,32,42,0.17682537363420864,0.2700966505827224,4.981559709779383,4.746538644676008,0.5751538917845854
32,33,41,0.17355145393922508,0.26449174707053213,4.881553141855029,4.362935170844308,0.5937413731074402
32,34,40,0.1755223309988142,0.2683331920178064,4.942735006768353,4.230850900941704,0.5979620543328332
32,35,39,0.17312254714610997,0.2640387915510614,4.883994909742168,4.403110981634246,0.5807315656833901
32,36,38,0.1810497804018355,0.27386547512297854,4.894087537897571,4.453186522473151,0.5764669476693005
32,37,37,0.18194190541016675,0.275357430112662,5.139486784041026,4.649752027955131,0.5743806754789899
32,38,36,0.17246861752255063,0.26126936406937334,5.281628731813449,4.931697962017049,0.5974342510742804
32,39,35,0.17709404658220704,0.27024198226811175,5.2991845093863965,4.293004523484653,0.5929965995314153
32,40,34,0.1796454726838115,0.2752673338831529,5.503912025420231,5.157184282004006,0.5689859080096791
32,41,33,0.17886827787356316,0.2726612535561241,5.069921935600741,4.676824616986543,0.5826089509636748
32,42,32,0.17659858516366203,0.26998955210664716,5.075529981258624,4.438344275246316,0.5746402132243492
32,43,31,0.17825066345253135,0.2735138480491907,4.641185658070767,4.021595084856156,0.5743487294922736
32,44,30,0.17644609828888733,0.25841271979412467,5.205192006588949,4.183305861966491,0.5927113297291408
32,45,29,0.17725377068837037,0.26080950230890154,5.2331491965796,4.538786450053168,0.5819375268354714
32,46,28,0.18200074422437357,0.2677863331421259,5.043886876519785,5.0155003672159895,0.59601982331686
32,47,27,0.19053276300009514,0.2786993220884484,5.965605749608754,5.01068726584284,0.5933639218232786
32,48,26,0.18271218055205235,0.2687529554197085,4.741241447228485,4.68616264392148,0.5770181714946019
32,49,25,0.1807282283564141,0.2626516514666735,4.890349841735201,4.494496283005674,0.5874081474578042
32,50,24,0.18772752471632176,0.2734202330116415,4.882542315491815,5.057558977439306,0.566467876411222
32,51,23,0.183374142688767,0.26635968790966275,4.779833630732931,5.047587962818489,0.5848300517511095
32,52,22,0.1890084058668776,0.2729122683878287,5.086158087477251,4.0129676402537005,0.5772359269111524
32,53,21,0.1830127906337722,0.26247583888094245,5.08275905000434,4.372966172995594,0.5986874610418923
32,54,20,0.18023031150876664,0.260169239073486,5.343658226514881,4.391115522001668,0.5853882417696505
32,55,19,0.19130141227862937,0.2747571450679559,5.074594306135663,5.032383554391098,0.6044510547164323
32,56,18,0.19296534137573423,0.2764041453754214,5.088060739133917,4.63610775840105,0.5832808204420654
32,57,17,0.19106746921861048,0.2753037246729308,4.941456701738181,4.99774501376567,0.5590196484461608
32,58,16,0.18519267266655987,0.2641328254148732,5.241523607505064,4.695755753192369,0.5595428157974385
32,59,15,0.19301853821211298,0.2763847762492465,5.067019628664949,5.189309787834312,0.568946124472223
32,60,14,0.19716036906892367,0.28401969688906636,5.299334298032306,5.162201960189531,0.5434056480423922
32,61,13,0.21475030309910215,0.3115048038149855,5.0585258794877905,4.488694696034708,0.5108795757783783
32,62,12,0.19775433576409282,0.28435831516424703,4.191111717421623,4.255186855052338,0.5191793013487379
32,63,11,0.21650423324616763,0.30845961391453297,5.085249496830885,4.303599101083568,0.4907965207343908
32,64,10,0.20897890248483617,0.2963949890355959,4.6647755804278335,3.925139183487628,0.5116116578516046
32,65,9,0.21832776659979358,0.3073417698836168,4.812268427833266,4.589310532336656,0.5092693148145466
32,66,8,0.20152364711957216,0.2843522793965249,5.5092724396687744,4.473872649681989,0.5393648812400308
32,67,7,0.21034593835745063,0.2973576113850551,4.41099149025001,3.983998666114556,0.5138604088879778
32,68,6,0.2102920701088615,0.29754135895530753,4.89887135252906,4.485279862616853,0.5293242832430494
32,69,5,0.20589152973721614,0.29020270703065026,5.067456106396055,5.175900036476835,0.5384974812375969
32,70,4,0.2124156845479184,0.2997512509414825,4.420575792347597,4.469168682178136,0.5120025288048681
32,71,3,0.20809554838008368,0.2921676058165422,4.940744757380229,4.254478328302473,0.5476085771705916
32,72,2,0.22200343395223032,0.3103487836422109,4.720293589735592,4.585611498787679,0.49806973742555777
32,73,1,0.22455477064728788,0.3124187045666421,4.741283204188896,4.32578787960252,0.5001164190680093
32,74,0,0.2091297759865498,0.29263983106249886,4.8651282838510115,4.257649680613082,0.5298810682575754
33,1,124,0.16534715780845508,0.21439062440432982,5.218223645952738,5.242261710354063,0.6686103834030294
33,2,123,0.16327495261972064,0.21509311753169,5.819265382582929,5.744996216418759,0.6727687129649143
33,3,122,0.16564551724513207,0.2166663464769219,5.227459469398891,5.9261833785035645,0.6705753794734267
33,4,121,0.16570814576170184,0.2149082748445196,5.476939286372275,4.64260862989444,0.6698816901337813
33,5,120,0.1609020907823769,0.2096981966587471,5.2717756110569365,4.83592111158992,0.678687680834662
33,6,119,0.16941632343491872,0.2231447408012681,5.615567482062793,5.236236137159081,0.6765777905495841
33,7,118,0.16763590134127287,0.22293188828992447,5.063406950595576,4.37557799414402,0.6589000513043103
33,8,117,0.16591028814975115,0.22228885283290437,4.97117168428496,4.975573899795766,0.670857970237337
33,9,116,0.1593156810915761,0.21418590732399298,5.270342870270019,4.918065847001649,0.6647436544750305
33,10,115,0.15927541721512903,0.21396590360220075,4.757434158702658,3.979410298317462,0.6526837594538438
33,11,114,0.16025318865259214,0.21508239883888625,5.373916518346219,5.161805511713202,0.6731904696108559
33,12,113,0.16444874821117192,0.22396244382427755,5.111996132383025,4.329704051319774,0.685725204700098
33,13,112,0.16508732531776474,0.22584487572276013,5.212123543476427,4.494050889022282,0.6490743635123527
33,14,111,0.16609709045673418,0.22569018520819617,5.378685433271162,4.309952856166468,0.668113075721015
33,15,110,0.1614068821812696,0.21855371587349284,5.59380011530669,5.563696524694219,0.6838664058648734
33,16,109,0.16713397905130525,0.22478755725963412,5.099459832638509,4.658580165715517,0.6484726480458979
33,17,108,0.16413908563294088,0.22091206822228865,4.82890272860026,4.158552752816083,0.6568206646255121
33,18,107,0.16897265048860408,0.22812303929303884,5.432990385533683,4.811390952416214,0.6316533316682966
33,19,106,0.17207473793980457,0.23135646631305512,5.541230288903552,5.432245270512812,0.6536039933676967
33,20,105,0.17072812164818874,0.22443637422020585,4.997858087286746,4.139000660917625,0.6535972129001558
33,21,104,0.1736613956961371,0.2254873501114307,5.883341484850247,4.717935447276891,0.7027425525313585
33,22,103,0.17146185294955,0.22358244077442763,5.344474162275777,4.319850570765524,0.6672250661243638
33,23,102,0.17241851582898957,0.2253606477889386,5.183578195812828,5.095056166520455,0.6535827630125549
33,24,101,0.17539896112304673,0.23166222880735043,4.873103753079661,4.5731578533582296,0.656064023008568
33,25,100,0.16459141286526924,0.21894022639870367,5.386954741008331,4.400917529545374,0.6602829567433541
33,26,99,0.17028046526583704,0.22478429403870745,5.500155277017837,4.758110430538112,0.6715557907220405
33,27,98,0.1629182447115391,0.2165290683151467,4.7398527076578,4.10095451813709,0.6633318965856532
33,28,97,0.1708660463202709,0.2253421750720071,4.981197317529996,4.6193532391196666,0.6568250646134192
33,29,96,0.16663421273624526,0.2200701976783288,5.392203251557702,4.435092297533677,0.6439486863739907
33,30,95,0.1661804275189962,0.22018505927939347,5.17294234248836,4.534199565334312,0.6729568324956808
33,31,94,0.1674278524712736,0.2184199773158072,5.327922273758272,4.79041109538645,0.6702622288253797
33,32,93,0.1689544756763919,0.2206728627523705,5.209481684585809,4.53046245710198,0.6679626071368766
33,33,92,0.16970104119140256,0.22306672455256638,5.611031518664138,5.11149892550994,0.6566059190734729
33,34,91,0.17746046582810235,0.23332531103264728,5.2208113684282615,4.737389262360461,0.6616989343821891
33,35,90,0.1732789078353015,0.22963905522711356,4.957705390070923,4.147213217536785,0.6490227859195226
33,36,89,0.17397705984401315,0.2303167966422319,5.481613050481537,5.727788727099166,0.6447526726570119
33,37,88,0.16869338284247912,0.22060762403759335,5.334334407042831,4.627971280690814,0.6525978024353469
33,38,87,0.17482331938239246,0.22897880957351996,5.125673191210416,4.644932905192711,0.6470279964015048
33,39,86,0.17488043148486496,0.22985507085201806,5.387519284908958,5.275305295828045,0.6301225820970846
33,40,85,0.17059898697419962,0.22374866689115727,5.484844219996339,5.59744403620468,0.6407605043466937
33,41,84,0.16741868662461612,0.21716435998945233,5.710462179628589,4.65614446227423,0.6513690076620938
33,42,83,0.16848728633762933,0.22030777188614076,4.975543981849704,4.03256949683416,0.6596748210847443
33,43,82,0.18035995536732183,0.2315176533687996,5.116809325914373,4.167077009537168,0.6640648186955582
33,44,81,0.17523753199569975,0.22491040349997293,5.705229876110087,5.022487899006258,0.6704989941524558
33,45,80,0.17506399508301712,0.22711422879837828,5.6235345432697095,6.005704889813835,0.6568212690137637
33,46,79,0.1794196152739153,0.23391758353322445,5.054693690180531,4.287332657345922,0.6462387140109402
33,47,78,0.17331007592113415,0.22491393871383494,5.23187326270535,4.806052304199167,0.639912610014452
33,48,77,0.1720177511262468,0.22528518456955302,4.6488738532174345,4.782467257168861,0.6348118413581324
33,49,76,0.1746168787765618,0.2270003421162836,5.1646860938211905,4.4812924820305104,0.6381592106888903
33,50,75,0.17113663930479864,0.22090197688406193,5.3144264598034425,4.476769718966873,0.6629223646998151
33,51,74,0.18417303146224154,0.2391292387485241,5.355993448599998,4.20245110044914,0.6168957700462055
33,52,73,0.18752971537482566,0.2391993224336042,5.127765802841123,4.797025487044463,0.6133724211930971
33,53,72,0.18879058543853627,0.23911826393426736,5.044734258626511,4.544335555493952,0.6022683849789185
33,54,71,0.19627530794606912,0.2497546871954625,4.651672807087842,4.004861651120725,0.5855512985476062
33,55,70,0.19832042785956108,0.2500861951120925,5.1323231759766275,4.616497658874918,0.5679404942061886
33,56,69,0.19859299018513318,0.2506170951476644,5.057781735207352,4.110789582224573,0.597667307793265
33,57,68,0.196264665265792,0.24804374835432955,4.971146598600271,4.474585960372933,0.5783108387924324
33,58,67,0.19750888013368495,0.24784144335888247,5.4469214893311815,4.541125584084048,0.5944756910338126
33,59,66,0.19529875148286155,0.2476959594857882,4.9623396221301075,4.570239731037149,0.5860915636130827
33,60,65,0.19190297704026454,0.2415383501838994,5.08398635842234,4.665284747078564,0.6124265695547917
33,61,64,0.19538259664947702,0.2472315568145951,5.1056704207836034,4.315647854830305,0.6070398962768857
33,62,63,0.20333495695777684,0.2566352344843358,5.31231694001901,4.224284080052547,0.5942469472506984
33,63,62,0.19564009612538918,0.24477299555940918,5.511808337375534,4.984408760877546,0.5847262589498483
33,64,61,0.1995410490562736,0.25067696813984613,5.19320650964797,4.533039079680131,0.5893842684120517
33,65,60,0.1909888528618061,0.24210054041514925,4.894770257704565,4.253689542546828,0.5792638234010791
33,66,59,0.19365951980298637,0.24618187595369898,5.274238720277264,4.634747387623038,0.6038590755627159
33,67,58,0.19472932241631238,0.24249654010538785,5.084720622692825,4.571750813556276,0.5892899961226353
33,68,57,0.19582886156343354,0.24282650786034995,4.863080448888799,4.653569161227477,0.5924368973437096
33,69,56,0.1920739181875535,0.23810945015499826,5.382869471004167,4.2930414580921825,0.6141586835532676
33,70,55,0.20194179297285406,0.2491223568926043,4.901777575601151,4.451742317179939,0.5871763516691173
33,71,54,0.19760009195989636,0.24315052070587248,4.971106433362566,4.883791731188674,0.5961034571529655
33,72,53,0.19829607252878528,0.24627942744677553,5.3284069701875865,4.524109574510448,0.594740377360307
33,73,52,0.19672599815386685,0.2478533893289299,4.8519953017783735,4.6667205504488525,0.5955695481976055
33,74,51,0.2040725568365362,0.2555885670846372,5.099684925066185,4.259402602922754,0.6072577737746235
33,75,50,0.19675319044528142,0.24638076714175663,4.671148705117295,4.2684390659593054,0.5794621131967782
33,76,49,0.1986625974751214,0.24771862575477074,4.804250423333765,4.536673592235759,0.6199669208664466
33,77,48,0.2067766124940867,0.25896237315957465,5.051713439737958,4.8527920962956435,0.5706926297009226
33,78,47,0.2052717243279154,0.25846115808110753,5.123362225797549,4.975595412805171,0.5621399971175343
33,79,46,0.19940715578905974,0.25107403948847085,5.621824195446374,5.131664924209275,0.5936294612952657
33,80,45,0.202364453245775,0.25713544952551604,4.933314452848929,4.673464759963692,0.588975317743477
33,81,44,0.2070990684381881,0.26447178439042296,5.329998996565983,4.544302944543595,0.5796084537796741
33,82,43,0.19874483951185648,0.2528301183234356,5.248653859574384,4.296574623203133,0.5699116068872682
33,83,42,0.2084864535540772,0.26323180603471297,4.779396368886161,4.171953049610999,0.580953553475879
33,84,41,0.20544288801891222,0.261259487221637,4.9181231270564165,4.223321738521177,0.5872908437912202
33,85,40,0.2033238132014873,0.25691486404016667,5.0643163270105305,4.9836464299794985,0.584429929256056
33,86,39,0.20467460188063263,0.2608737390701858,4.71852009339746,5.024442394586932,0.5746413648631746
33,87,38,0.20300509860883564,0.2629030256188879,4.855298147458386,4.29390806686975,0.6012995333834957
33,88,37,0.2040084364779834,0.2670973021099674,4.583004355335257,4.28250096967219,0.5650174756898706
33,89,36,0.20653442280494855,0.26810550468131783,5.404425364406492,4.858849898746986,0.5920786181219696
33,90,35,0.20244664811340346,0.2625279567205757,5.852004332651247,5.656758860086955,0.58434170936801
33,91,34,0.21025604614453428,0.272018259942092,5.1276014014617,4.432340642255799,0.585744214996037
33,92,33,0.2059996756063847,0.26518181369222327,5.258379461325669,4.271610250405904,0.587520330289395
33,93,32,0.19786683690172566,0.25526506570910434,4.947119129820743,4.458859949023115,0.5927427530291599
33,94,31,0.20631251321815816,0.2670514821684099,5.051600630185125,4.414042073399392,0.5821761122118865
33,95,30,0.1996062264614031,0.2568037051999668,4.876135159212408,4.5217455110274285,0.5743269980146625
33,96,29,0.20393662746391322,0.2633214750501785,5.127387854725001,4.355160565183908,0.5815386367844344
33,97,28,0.20926169443159498,0.26951501993958576,4.923327165315832,4.252704574075293,0.5834730001884607
33,98,27,0.19690005844337632,0.256493376038853,4.616761493830354,4.162723515783776,0.5992191639984076
33,99,26,0.20462392368831375,0.26869295047140895,5.1791000664671945,4.512141391226274,0.5828076319887842
33,100,25,0.19906198271714176,0.26284565724471576,4.893650148727203,4.163408055601425,0.5778391993294026
33,101,24,0.2153393320554857,0.2825368353281075,5.785537043625889,5.64195052712766,0.5668673406715327
33,102,23,0.23362224243187577,0.3072072811576976,4.495133730799878,3.987975756468767,0.4938424018412856
33,103,22,0.23583005392230832,0.3122281077493914,4.985229897702228,4.260302460186316,0.4957876179740097
33,104,21,0.22357521205229414,0.2956696732780017,4.803165875367501,4.919566248807858,0.52989428586046
33,105,20,0.23556136476248302,0.30873688990930387,4.601285191821354,4.047660291825484,0.49863987657965586
33,106,19,0.218844120003359,0.28267904439759406,4.845418944620793,3.9302253248860657,0.5329704143153167
33,107,18,0.22428068498155776,0.2924184478378374,4.7172074453479915,4.168017371998818,0.5397194286893922
33,108,17,0.22103025959931924,0.2858246812395858,4.688470151061868,3.8576589867709155,0.5440310194695758
33,109,16,0.22712580225626466,0.2942978691039715,4.9717899880656855,4.325954948415377,0.510187876763809
33,110,15,0.2276384597047335,0.29741584425368156,4.75949728181639,4.879488582689072,0.5185825262859721
33,111,14,0.2230772177917082,0.29265459988464887,4.7952173902472435,4.526679570243223,0.5274420217699911
33,112,13,0.2381714104461284,0.3102896638746316,4.2040769989913755,4.0196111742996115,0.5062874951648925
33,113,12,0.2293822068917754,0.30292151574545234,4.699489274597674,4.319616646522477,0.49502201180736183
33,114,11,0.22136952747670516,0.29348972874241014,4.862975324456704,4.565711254122541,0.5418174206128256
33,115,10,0.24472245318152744,0.319968878535989,5.138470168643098,4.894278741553047,0.49797456073313845
33,116,9,0.23314142846259386,0.307019667344335,5.094912074390269,4.779390248993612,0.5174812052333433
33,117,8,0.22404453243409644,0.2907275374151979,5.024260588620955,4.48677107967446,0.5422696977183213
33,118,7,0.23063975212701343,0.30170379838300765,4.458244967100832,4.651189591541378,0.5094303726897039
33,119,6,0.21879098275859965,0.28487752316384884,4.627619822758358,4.100683213643582,0.544679546993754
33,120,5,0.24257664680761734,0.3147278212872801,4.489798017646061,3.950511908647811,0.500940686601256
33,121,4,0.24116573433376132,0.3166160686933765,4.280645904033638,3.6817583020025193,0.4960582885281261
33,122,3,0.22496345752951796,0.2899815110424063,4.624582431514371,3.9174639589932028,0.5258171543332831
33,123,2,0.24470269652363708,0.31549922785594126,4.880175323649276,4.790142338143119,0.5017956295669657
33,124,1,0.22775453746266733,0.29559534638560336,5.1436157756329095,4.518257831695116,0.5334594984063111
33,125,0,0.2331942257240684,0.3067555651554375,4.629695883292161,3.9322668569628783,0.532466816182238
34,1,56,0.15163885967886712,0.21911246904273493,5.030551802009473,5.028054531527372,0.6448316263324764
34,2,55,0.1515056526977811,0.23051815400888917,5.083440373256773,4.212806615955668,0.6787840713078822
34,3,54,0.16425184929008044,0.2295301629027056,5.09571008917127,4.573749549413083,0.6587583203896947
34,4,53,0.15158199616482748,0.2281029649827192,6.0013941468983285,5.161646732444359,0.674279664579133
34,5,52,0.15801759191809595,0.22492341627893658,5.502846845666646,4.529390210824007,0.678877740800251
34,6,51,0.1576232014316713,0.24026485015732013,5.1250931158700315,4.260976139605431,0.658626512639764
34,7,50,0.1534416328157085,0.23416888638433103,5.5848590558001465,4.745378286148591,0.6617639793225277
34,8,49,0.15981189885398778,0.23689567967959743,5.715560448721824,4.772672572946481,0.6506776939034457
34,9,48,0.16192420119028558,0.2300571276693146,5.512608676681895,4.180567277855308,0.6782151829510624
34,10,47,0.15683530638824597,0.2322306536437158,5.443515434911815,4.4924807402107385,0.6546762444054326
34,11,46,0.15847418386898485,0.23545509294765993,4.920434609089098,4.233719613608034,0.6449852049116891
34,12,45,0.16135154252181383,0.23392300792669324,5.32762277119522,4.057504998853382,0.664686922590999
34,13,44,0.15759102852987059,0.2414385528462182,5.097242621944549,6.308234370043989,0.6429254623575212
34,14,43,0.15398953739585894,0.23498223710917698,5.506648494356745,5.169120721323592,0.6480553343224121
34,15,42,0.1554421155737753,0.23922742751209516,5.504783928762693,5.047680819970595,0.6364130694785176
34,16,41,0.15831589059066045,0.23155932384272612,5.306587567708966,4.747793185486046,0.6544506693387072
34,17,40,0.16009522352875982,0.24722885623692253,5.106414625530045,4.306942066624582,0.6455010132302699
34,18,39,0.1553375996625555,0.23111777097443764,5.266950637841841,4.816061088589025,0.6446234005361747
34,19,38,0.1621655620681464,0.2381582168131184,6.01881831650418,5.345432751175001,0.6548937685777543
34,20,37,0.1540991427201595,0.23181612507270216,5.323782134243864,5.519236131037507,0.6465335026621153
34,21,36,0.1537382387206358,0.24361430422920607,5.448955616605086,4.518596406136991,0.6415952171512685
34,22,35,0.15602841918517027,0.2402652533149446,5.777892421535281,5.07012364387935,0.6591264768502934
34,23,34,0.17526503303862342,0.26654846543723665,4.917854424846661,3.935680038627508,0.5817410681600013
34,24,33,0.17200059016754002,0.2551992963818041,4.680108163329999,4.091510428169598,0.5903823659003721
34,25,32,0.17532668013358865,0.2676797584101076,5.204026282452823,4.3941015800258345,0.5906513766121255
34,26,31,0.17729024980237051,0.26515062264838035,5.17045619501899,4.332646678481091,0.5867069594726174
34,27,30,0.16537903482414512,0.2723372137937057,5.417332492223808,4.802568374131852,0.5881625480214387
34,28,29,0.17564887706436488,0.27496719846458134,5.513025772865651,4.5706971360719235,0.5818133458317095
34,29,28,0.17486218959366104,0.2573336475082341,4.97588278055165,4.327800641053137,0.5888621503717433
34,30,27,0.1721509644018932,0.2630134588060067,4.879873949478181,4.734464751373927,0.5751946435072256
34,31,26,0.1739939022335991,0.2654280601939509,4.907289302733474,4.256646962362464,0.5869664334821623
34,32,25,0.17684762013494237,0.2607398743659183,4.82112519423478,4.419957552995743,0.5845769599908733
34,33,24,0.17188253797796188,0.2708393640660404,4.629732119645846,3.9612583473721608,0.5859239346866328
34,34,23,0.17224269963237776,0.26015825691631306,4.936119267008575,4.629847734340127,0.5882042568302811
34,35,22,0.17651275857003842,0.26285594814776686,4.9410980699982865,3.9715471129359314,0.5836627026111223
34,36,21,0.17952365144819052,0.2648500497492909,5.061912670034657,4.850721635057105,0.578181787484449
34,37,20,0.17993434371920883,0.2705490947285101,5.08492548868071,4.478133415903297,0.5881082381710913
34,38,19,0.1846456345490996,0.2702682629215772,5.055326790014432,4.806454234631507,0.5686900137001418
34,39,18,0.17351501008546552,0.27667955442854947,4.7769895731066985,4.6269597965875215,0.5774758566445852
34,40,17,0.1724069710949717,0.2697667906190554,5.160365317442496,4.690606417248876,0.569984161083072
34,41,16,0.178404737163171,0.27546458380857936,5.0513896218367,4.78454398560696,0.5500163323299851
34,42,15,0.17994883369925327,0.26138450085746007,4.8678761541748905,4.34554278605841,0.5932357372320624
34,43,14,0.17670471394136567,0.2750303202756361,4.617409465424199,4.150965884922373,0.5760467002651034
34,44,13,0.17505044897691546,0.2641452961766746,5.02029884328182,4.335989236486773,0.5908164634158607
34,45,12,0.18320579459606606,0.2716142962572312,5.238109778390638,4.412709209278942,0.570666500392247
34,46,11,0.20085670543054884,0.2842511718719646,5.032349157809707,5.482645975282802,0.5107083559394993
34,47,10,0.19508267314932817,0.29732738231918215,4.970137483868536,4.12368920269218,0.5331995718363972
34,48,9,0.18492683719220981,0.2739747763997103,4.620294677056242,4.560601367161148,0.5496571195748119
34,49,8,0.19556606668662074,0.2806578476380513,4.497106382869471,4.260506147544545,0.5425216653798596
34,50,7,0.19734905461210261,0.2903995538295854,4.895132823182108,4.1148382374991215,0.5443318483641708
34,51,6,0.20623423631674273,0.31941959385357643,4.807147886844533,4.255699284860681,0.49476913999987104
34,52,5,0.2019092281641174,0.29318102865312506,5.188962418377253,5.648351466053698,0.5160472677686214
34,53,4,0.2018283605606837,0.2942594105733578,4.784584320630456,3.9518209910571453,0.5269004053436033
34,54,3,0.21098923458875704,0.30627479975044614,4.714295482441166,4.080910137920068,0.49048118769201243
34,55,2,0.1978232627694167,0.2854292831219013,5.073872491607661,4.396577625432091,0.5536509409931332
34,56,1,0.19284436913588487,0.2979539748950034,5.11497776722144,4.736309146100178,0.5317226569371564
34,57,0,0.19316546399271362,0.28599074624355963,4.578476590017415,4.1509156456057825,0.528791472065147
35,1,127,0.14842291728805132,0.23580163603588045,5.313684499909611,4.825307412718243,0.6807145668197743
35,2,126,0.14970383772517018,0.23796761650698847,5.5254529670526935,4.830308627672543,0.6570295399752643
35,3,125,0.14927594001020553,0.2407215268452242,4.740414229531476,4.5554952831502415,0.6616098494375334
35,4,124,0.1524278871654972,0.2443791104483712,5.790255123418403,5.6649775563152325,0.672516699783586
35,5,123,0.14787307527019486,0.2454594172764162,4.78636814395306,4.227093991491018,0.656138850110962
35,6,122,0.14493944307124554,0.23823088389285457,5.547640588696199,5.709868741096106,0.6639136286208877
35,7,121,0.15063892693888223,0.2464164199294166,5.459915557015321,5.283294777406409,0.6678579268520005
35,8,120,0.14824164400119283,0.24385636869190686,5.418135142668794,4.999926121436794,0.642417350509799
35,9,119,0.14732949548188298,0.24482106710118454,4.952829578487329,4.602136827678683,0.6606251658110848
35,10,118,0.1477481769965038,0.24394217555881156,5.221058700441336,4.949160508237857,0.6591552914256693
35,11,117,0.14959182351864903,0.24523902471319586,5.169422652533079,4.278665175345808,0.6598812344378888
35,12,116,0.1482112700099847,0.2416768365693421,4.971714080194374,4.406370272008018,0.6406223340474676
35,13,115,0.1487455533963423,0.24467781975916433,5.015142811880104,4.499793772138339,0.6549622856325299
35,14,114,0.14898451861916145,0.24645151090279205,5.660386978107748,4.907986759308747,0.6532849866052071
35,15,113,0.14955667187419122,0.24710433241549534,5.185026054067961,4.594245901348938,0.6661215410115973
35,16,112,0.1525498031336418,0.25109949046017455,5.147598860169837,4.913684272914473,0.6693231784415488
35,17,111,0.1483864336861242,0.2537435573064641,5.225114203498732,5.39315235424158,0.635903832983778
35,18,110,0.15236414597737108,0.25947273895711986,5.436115777506362,5.21542447717832,0.656630498850483
35,19,109,0.15129514426143825,0.2552816032801282,5.062955635245686,4.92863625658237,0.6436604113364767
35,20,108,0.1539233200291837,0.2587447593554199,5.30489621957603,5.0004088984648565,0.64106851752686
35,21,107,0.15186459951387596,0.25209046804439966,5.179675501464125,4.350389776122764,0.6374988576077208
35,22,106,0.15148362689038225,0.25265755759199393,5.564004226488725,5.124902539385048,0.6399527282599231
35,23,105,0.15485826588394483,0.25834384114121683,5.50723360292757,5.003567668381951,0.6621240330565423
35,24,104,0.15645024569847343,0.25955216913299045,5.27510608495909,4.78390787096563,0.6258447938102402
35,25,103,0.1555007159785984,0.2567566834886586,5.298803683093135,5.231131697739656,0.6463970682507771
35,26,102,0.15312651540068783,0.25817700107138825,5.255691299381018,4.347088320361103,0.6665467992427809
35,27,101,0.15098860783176027,0.2498355218795311,5.501003232649239,4.890362812556695,0.6757490471996024
35,28,100,0.1545154926123967,0.25731677332514635,5.307285753599153,4.678604572340796,0.6578576691194915
35,29,99,0.15437087993472667,0.25721336585568594,5.5766418252218,4.622753281884204,0.64198709147923
35,30,98,0.15429635456402122,0.2592990126332227,5.131066005820491,4.465764773803057,0.6273652819777594
35,31,97,0.1570668841438646,0.2645717627009354,5.575891224154416,4.820122190826869,0.6127430162023227
35,32,96,0.15207393811042058,0.2575722229246802,4.975585335725642,5.183331571334475,0.6652936196718018
35,33,95,0.15161723475772915,0.25212232016407127,5.086092760544684,4.346102537780508,0.6233566737082612
35,34,94,0.15051039201963742,0.24952426807770364,5.609846299687435,5.654533079406849,0.6636494234991439
35,35,93,0.15558517991847245,0.2573878846646178,5.037802969574599,4.191255965424992,0.6513081324008229
35,36,92,0.15206969734888787,0.2534392510896574,4.849810908792067,4.828808718475995,0.6261695453337212
35,37,91,0.15457262154238258,0.26534553423977575,5.635092134118539,5.7100686192018175,0.6384097370376257
35,38,90,0.15600222919658066,0.26906056651401145,5.449398847266654,4.782686086994664,0.6474817008170856
35,39,89,0.1540120707533441,0.26061428754387606,5.414261682611859,4.585934501412623,0.6378105705383869
35,40,88,0.15677388088641553,0.2677192098065309,6.029750148100584,5.670869752530879,0.6585294165642527
35,41,87,0.15605951545377025,0.26776940277148126,5.314541188761051,4.736475904397503,0.6387182266771725
35,42,86,0.15694607471777794,0.2637946429241741,4.93646501368063,4.5393797891810035,0.6459150321461459
35,43,85,0.15379773820707177,0.2541578326278719,5.261792201153588,5.003630415426638,0.6570459627691028
35,44,84,0.15798771323700675,0.2621376585640673,5.128818033412994,4.933117694350707,0.6437504503322089
35,45,83,0.15236387961701997,0.25194176274553703,4.930461598459003,4.400308956134555,0.6578115980128486
35,46,82,0.15914505104447516,0.2601719943461724,4.918948281011431,4.166537724003685,0.6138954095017004
35,47,81,0.15461346863427547,0.25689391963434915,5.596677520109753,5.099804243576495,0.647240633104322
35,48,80,0.15726138207821733,0.2566312065006729,5.249126072958111,4.92169250877532,0.6368205288349112
35,49,79,0.15792102296854976,0.2564430674440177,5.44639312672658,5.404850912122489,0.6577455780940702
35,50,78,0.15354350640201916,0.2504686940506764,5.14789347675493,4.595251596860742,0.6385601018380255
35,51,77,0.1607274822223835,0.2593583121933941,5.309176126962396,4.523612645230249,0.6338241449912341
35,52,76,0.17561395709839178,0.27905735440552265,5.387898168638961,5.109858026337255,0.5973416815050899
35,53,75,0.17398723261766702,0.2804454912562795,5.3784262006099235,4.951116848988789,0.5898723276444494
35,54,74,0.1641560256502353,0.26622547747362585,4.985371458899493,5.0079678170042525,0.587405954988976
35,55,73,0.17541439292620384,0.2861404925499997,5.188437788924265,4.235822384905301,0.5859544831545704
35,56,72,0.17050077929726257,0.27625538433416974,5.335089545423832,4.930664780576091,0.5751270104811527
35,57,71,0.16721217490986448,0.2726276535420011,4.985362524852674,4.545125625557466,0.578970951913041
35,58,70,0.17214129008308177,0.2798740779327832,5.0141152641812905,4.235451490004074,0.594096654305371
35,59,69,0.17386618559762365,0.2788075348642194,5.066386629134161,4.2335799637246145,0.5765125686396637
35,60,68,0.17040234697977968,0.2782535613352338,4.744065763187617,4.171064944130356,0.5825025180429668
35,61,67,0.17055603179694212,0.2785799818066051,5.1114062078320694,5.259430688096627,0.5807287559779264
35,62,66,0.1751149975954686,0.28405198364847956,4.968226015411865,4.809617028871069,0.5822028043262958
35,63,65,0.17948875079689383,0.28797906667278167,4.947591708627291,4.211390645948664,0.5575823114341709
35,64,64,0.1773133118082099,0.28147742600671405,4.540615030968805,3.995254619684037,0.5754610982384637
35,65,63,0.17660630719085008,0.2799003995955841,4.990786372981262,4.12324055142612,0.6051659125320653
35,66,62,0.17877576117082805,0.2780400324298567,5.412667576953758,4.539714654355304,0.5779002032733709
35,67,61,0.18404865763703604,0.28575431138903645,5.384861699432237,4.559990064523388,0.5912505012895589
35,68,60,0.17446685404628842,0.2708834312548346,4.842368743856979,4.637077985743313,0.5678880825195922
35,69,59,0.1804520804838375,0.2820805115665497,4.797152828199552,4.186298613182702,0.5802363429214984
35,70,58,0.17742569303749256,0.2777409362575188,5.3854983239953516,4.801253763358609,0.5896076546093124
35,71,57,0.18076051564140505,0.2832280197395877,4.887209628562868,4.251072701889713,0.5886210996722722
35,72,56,0.17695862658322642,0.28236460661359003,5.208856407184694,4.892473367346692,0.5858623440677454
35,73,55,0.1764676165015752,0.2684594506410115,4.889614901728395,4.186428376752432,0.5891631793214189
35,74,54,0.17917031069354863,0.26948918092604607,5.415527491300239,4.599743373760916,0.5950190345886519
35,75,53,0.18137136054520284,0.27292826446536744,5.598486612028644,4.992289455354695,0.5734088846519797
35,76,52,0.17620926791598562,0.2653280168748278,5.1871167536161575,4.276091688094073,0.5833089090076032
35,77,51,0.18869114928636224,0.2822736929602641,5.105318286966151,4.383212418838997,0.5704921187781055
35,78,50,0.186444268685643,0.27988257854940973,4.7966840332115845,4.017238087822664,0.5755572179563874
35,79,49,0.17917141886217422,0.26997959818203454,5.244820541047938,4.376261676132714,0.5865241557424655
35,80,48,0.18613190126936163,0.28142560961796487,5.6316914686105,5.228671072726758,0.5933015994275967
35,81,47,0.18166136143206651,0.2787082041494554,5.253363076651197,4.355389085222177,0.5604417063149671
35,82,46,0.18311516072843512,0.27653046306685786,5.098725107041663,4.990331145544589,0.5979102391905567
35,83,45,0.17917684774718415,0.27002633930908776,5.448516829686287,4.818808825176244,0.587688506114689
35,84,44,0.18878104010452174,0.2831615453258382,5.039451762347466,4.74861896834164,0.5865512093977061
35,85,43,0.18070074112614704,0.2729177055961626,4.949410086459103,4.621709642346175,0.5839358707436854
35,86,42,0.18598140504397065,0.2740467816033433,4.84878630995097,4.398874414715426,0.5894737482907423
35,87,41,0.1897610371357276,0.27702820787833227,4.798482868315835,4.249519695349998,0.5936531953736467
35,88,40,0.19391878005639612,0.2811160985625495,5.294745251555003,5.258703582820728,0.5709481331983939
35,89,39,0.1853660999032216,0.2694463639519384,4.8678272562142055,5.265495982514569,0.5764047320354798
35,90,38,0.18183899324042524,0.268650757845786,4.932551729246782,4.535556814905723,0.5825424413915052
35,91,37,0.18357884510659386,0.2746465725665364,4.88675710187079,4.365578964451263,0.5917501754400689
35,92,36,0.1899758429649144,0.2837070090554539,4.594959404171226,4.7501203211190015,0.5635512904524239
35,93,35,0.18335488144634554,0.26881423639769725,4.7349494290281875,4.319866100772961,0.5984473926473859
35,94,34,0.19084529604234118,0.27848543698903766,5.183050098601219,4.556589239715905,0.5785249528639872
35,95,33,0.19430098707501695,0.2822354457260485,4.644120150254849,3.634714090274673,0.5668680751360137
35,96,32,0.19057494205197476,0.2712224725872299,4.777106062054276,4.401743876743244,0.5721032109036878
35,97,31,0.19140285150769162,0.27509859468764264,5.411417335117301,5.105162858462977,0.5750133234818241
35,98,30,0.19040106277626243,0.27398602321461474,5.348416041686053,4.561124190774461,0.591595098095748
35,99,29,0.18805171913470178,0.2698669578017482,4.762514426154535,4.472031748404745,0.5984003703429543
35,100,28,0.18728393264869772,0.27310774113395614,4.841152376708788,4.080868514415554,0.5819759102255582
35,101,27,0.19065916120207188,0.27895739177549345,5.058039508096249,4.501423341568615,0.5614842479984381
35,102,26,0.19324764477765624,0.28171058557795803,5.251786303609006,5.299898798985209,0.5670057046558277
35,103,25,0.21505950999776421,0.31756996100912543,4.860994532563783,4.194460183375294,0.4928835554534084
35,104,24,0.2122931106216571,0.31695414786959086,4.3819991151462805,4.29018551846685,0.506107255769876
35,105,23,0.202812738979691,0.3036419324403185,5.020027867811832,4.177561233630693,0.5210903332587953
35,106,22,0.20123508033624307,0.29895086148873623,4.718130132810973,4.217312489838078,0.5031629858656363
35,107,21,0.2007199240719875,0.29637181797573875,4.725064312155599,4.297343318916296,0.5284318281483317
35,108,20,0.21084772890842557,0.30905201650861236,4.950938068438402,4.702527199167083,0.5089498041153101
35,109,19,0.20851191651225603,0.3052032738001902,4.7986309613563,3.953528734471711,0.5318982362368053
35,110,18,0.21222045311561594,0.30950738157655505,4.5256097453570225,4.073098976067538,0.5048548332416873
35,111,17,0.20701023700562615,0.3014080151212401,4.989711853683417,4.068670361879638,0.5423744050462609
35,112,16,0.21393723129756553,0.31304962152191956,4.859319633078282,4.928905778131457,0.4926601857279456
35,113,15,0.21196323520263183,0.3111578297301717,4.634092098881558,4.5438422051489695,0.497376592419093
35,114,14,0.21129857755011458,0.30946121073173577,5.187296327953046,4.080906809650359,0.5236113690670745
35,115,13,0.2172197167193124,0.3193193656952391,4.589369442229442,4.073068331720948,0.5095879333448593
35,116,12,0.21488432393552842,0.31791127912208816,4.8255779052822625,4.312029340801738,0.4987078252016123
35,117,11,0.2128914612683248,0.31314598428112067,4.988879299038213,4.003854720171466,0.5252318733793931
35,118,10,0.20076235960939362,0.2946385211183112,4.756266484687486,4.658525523148251,0.5196527912710036
35,119,9,0.22443280464407975,0.3304421998935866,4.790233931985473,4.053603006399061,0.4893259451575716
35,120,8,0.2187956275205712,0.32029151166005904,5.20188651584154,4.558966640052177,0.5050244909196268
35,121,7,0.22086320157481967,0.33371151933982757,4.508257171642606,3.8543674662435143,0.49228879505534573
35,122,6,0.20675192367177797,0.30981523735418726,5.749260079810185,5.1895858302347575,0.5279910732598537
35,123,5,0.2041814470025136,0.30664120626009594,4.42692865451478,3.9412741233832036,0.5216739341146944
35,124,4,0.2182598585320488,0.32493289090340965,4.355765819735202,4.045560411281317,0.5147134832922068
35,125,3,0.21430829478473715,0.3223151485168051,5.000471837034653,5.515987689821711,0.51591284219998
35,126,2,0.21336500603397868,0.3178513468833952,5.005657628355449,4.182061865604853,0.5030596128678678
35,127,1,0.20656688784150337,0.3107753080013482,4.823503079898832,4.32886662695788,0.5136861504478636
35,128,0,0.21474673312954887,0.3196625835122272,4.598334527196367,4.02000570592617,0.48060183675476187
36,1,105,0.1536923335673209,0.22410764742877054,5.412958938126065,4.969568885088896,0.6627610308128696
36,2,104,0.1581107588916069,0.22681025332751795,6.0415139731283425,5.3205986422128895,0.65856420433399
36,3,103,0.1502808501213119,0.22078766927440757,4.6742129982656095,3.9395773593405066,0.6748501874427503
36,4,102,0.1580288358760402,0.2313022576901783,5.592135900359882,4.749680253744498,0.6862280892830135
36,5,101,0.15988455133240254,0.23256931810332274,5.1045736776750426,4.272527518445545,0.641601553106442
36,6,100,0.15759625942004446,0.2338370221438409,5.584975992471386,5.123310234638154,0.6408799420607324
36,7,99,0.15997701520029026,0.23398437848950376,5.2398045229539125,4.713547971315478,0.6525801508629439
36,8,98,0.15824533769646437,0.23324416871408432,5.185162843427385,4.540199513912593,0.6721107048520407
36,9,97,0.15354900854689002,0.2271841528195315,5.245921709216865,4.8843084460098325,0.6695253870226113
36,10,96,0.15473057461691342,0.2269382536571639,5.354766791065398,4.333527248224997,0.6363752569144965
36,11,95,0.1581770568996306,0.23103306429376128,5.303038413171691,4.539952935812031,0.652932856359695
36,12,94,0.15728778714829392,0.23178491756614406,5.393090874640128,4.549826783893209,0.6604800237964141
36,13,93,0.1533259227447217,0.22734300510738828,4.950369871859421,4.5098618182672645,0.6559870751180082
36,14,92,0.15400895034892848,0.2275569462024433,5.169053023079609,4.532436981759132,0.6613983933921004
36,15,91,0.1558096363651262,0.22985819017786197,5.479378324643833,4.9030292248074305,0.668613795540403
36,16,90,0.15698324732954305,0.22670088964755442,5.341385541417845,4.456447768278806,0.6626901447217124
36,17,89,0.15635432025747717,0.22789402171620166,5.305747979219586,5.033666128020173,0.6562890967142946
36,18,88,0.15488677408235849,0.22341349792067428,5.256301139550377,4.271728494834212,0.6749338265451537
36,19,87,0.16080804172672805,0.23217830870234557,5.324163948944603,5.1816910796894735,0.6609250706127766
36,20,86,0.1536971508067782,0.2201986961797346,4.84681321944191,4.0921298616364234,0.6669370689455529
36,21,85,0.15917326700961765,0.22699339503524393,5.154719162298041,4.744573835812874,0.6555996729730437
36,22,84,0.15862692864819786,0.22711864432164428,5.655588987199861,5.113687248056026,0.6544263841681965
36,23,83,0.16010213028156806,0.23149453575933418,5.3107957251741205,4.628315109749517,0.6453458085866596
36,24,82,0.16281470264692746,0.23780835229803926,5.048267302958473,5.0320640104645875,0.6436085976378819
36,25,81,0.16072957230507676,0.2301317569726675,5.336405263722641,4.953148220777684,0.6626266173022949
36,26,80,0.15984092946794334,0.23264785838469773,5.340202333810508,4.540305756977536,0.6411861052069736
36,27,79,0.16263413269197363,0.23879110317238736,5.653873275505694,4.573516331454395,0.6604449749567001
36,28,78,0.1563881952530516,0.2330345436770481,5.9247207227934915,5.427875362799695,0.6559578718932032
36,29,77,0.15628582956928683,0.234156349370718,4.9463367102408675,4.624047566745533,0.6304408386601598
36,30,76,0.15653014218811662,0.2345345665628155,5.925010222391691,5.182092281062275,0.6373158046841311
36,31,75,0.15998451374616252,0.24522959450121626,5.544288275007042,4.622538202901607,0.6538488109092041
36,32,74,0.15539067210596944,0.2381802159040428,5.205005253926835,5.307696467616529,0.6219159813922298
36,33,73,0.15376761086378515,0.233937560873721,5.407279754566126,4.753853425930516,0.6522747716920808
36,34,72,0.16088630448635868,0.24332704386325882,4.963261193923777,4.932222186005843,0.6463996332251694
36,35,71,0.15081090498461627,0.23476436868746653,4.976764655478599,4.286110671144871,0.6478579678597577
36,36,70,0.15475265208871827,0.2396918648738892,5.392714067216037,4.595441474589205,0.6619158557598404
36,37,69,0.16190165925374056,0.2490399886107534,5.308631763654793,4.644443681928299,0.6393841285366976
36,38,68,0.15689570428927754,0.24336491983008066,5.665901143485359,5.34937625755562,0.6575554000544884
36,39,67,0.15815392969429326,0.24801240852782347,5.206410590677256,4.6224012052191625,0.6521979991401565
36,40,66,0.15943107818724336,0.25161060575710237,5.361540027354541,5.13093327718647,0.6389632701843845
36,41,65,0.1588615598465746,0.24711225156950856,5.611528860922542,5.466804536369797,0.6541663173314488
36,42,64,0.15658813858000173,0.24322385450216014,4.936544477371349,4.986459349115645,0.6561111515980353
36,43,63,0.18166807977312407,0.2764867020245828,5.0864854891564555,4.340885386031996,0.556972368745048
36,44,62,0.16965733617332923,0.25938490604487174,5.237385057375293,4.393059782303984,0.6015594794319421
36,45,61,0.18035720347476222,0.274441800564239,5.165082386655806,4.9114661609897174,0.5752309784843326
36,46,60,0.18159266202170093,0.28117761829393456,5.269547137369601,4.662507775808715,0.601183004240639
36,47,59,0.1680793895666036,0.2628580189118371,5.477272900560051,4.841569042561486,0.6039155691223789
36,48,58,0.17126939846109837,0.271752833139605,4.707369449348673,4.146471495825794,0.5792190494916921
36,49,57,0.17260520678720664,0.27273377301545026,4.926959520572278,4.7082550283508695,0.5887451209210176
36,50,56,0.17475873813869633,0.27343757559081244,4.732269065335604,4.343326105084832,0.5771641329025085
36,51,55,0.1726064272789241,0.26397142088091846,5.590567560558293,6.078674589832119,0.5896419150343556
36,52,54,0.17641054100113487,0.2732201107513892,5.475478315397194,5.614313370850944,0.566597528926967
36,53,53,0.17872081220376065,0.2752986171856362,5.065539244523768,4.13375259914009,0.5758039483352765
36,54,52,0.17872442804524888,0.27408944130664986,4.869025594325832,4.506670478658053,0.595462137630901
36,55,51,0.17455182296163066,0.2701671372326377,5.059623398161497,4.288388967645932,0.5914654366508699
36,56,50,0.17515453674637563,0.272444037184924,4.924012419375507,4.446077395680561,0.5782903016705802
36,57,49,0.17816031688881648,0.2756118664881024,4.941313635416419,4.426961557647557,0.5797430725632491
36,58,48,0.17418440393647416,0.2707057961053631,5.239263948351217,4.568786481282663,0.5783144277639197
36,59,47,0.17168740647354724,0.2684370609141156,5.477800079585229,5.298020338722782,0.5867213437621858
36,60,46,0.17288752886090716,0.26826731033873785,4.958985416184178,4.0950048157431285,0.6100295058243026
36,61,45,0.1787041766540242,0.27511692567376816,4.661922612572351,3.980699840067772,0.5725091614307928
36,62,44,0.18318003095606003,0.2782796303752688,4.637097322352174,4.36213136631017,0.5614525923121492
36,63,43,0.17529113189836878,0.26437524300828313,4.643269081556575,4.285167873106006,0.5854541982348185
36,64,42,0.18250436715823812,0.27240331938751033,5.745573193658976,6.027631298684245,0.5579828666060248
36,65,41,0.18200319610840532,0.27405349019260955,5.086409491999985,4.162555288639061,0.5882868568692992
36,66,40,0.17802012819116034,0.2718623921330822,5.305529103962576,4.761622889884914,0.5734743107904269
36,67,39,0.17863550721891755,0.2742515516700851,4.432601985567676,3.805235810399176,0.5697221408023648
36,68,38,0.1750075206457908,0.26968881193660876,4.888251440042078,4.3145350463009615,0.58497011486652
36,69,37,0.18171002762030727,0.28143947179648,4.9704087894780695,4.675121656664091,0.5839310069928006
36,70,36,0.181175816470364,0.27791304734492406,4.704603073063353,3.81765877704361,0.5868697223547132
36,71,35,0.17993536284707745,0.27012216853910476,4.8669969527498385,4.493476683175945,0.5623772818956029
36,72,34,0.18953217424485413,0.28264089047306995,5.467489480833124,4.769283969375762,0.5637931290592357
36,73,33,0.17628976104498573,0.2643919248639841,5.185265497743945,4.54988594633066,0.5990473825534416
36,74,32,0.18546812114954292,0.27590216870273504,5.729517479802336,4.60346223418053,0.5670405022308332
36,75,31,0.18059554222152213,0.2668683448554837,5.300543505884933,5.520844084825391,0.5940965141623722
36,76,30,0.18495067958686828,0.2742891484140683,5.082044401324375,4.656539000880088,0.5668129631155562
36,77,29,0.17925637787049792,0.26515714145089225,4.945912345000565,4.741282893636183,0.582612959521875
36,78,28,0.18516919276087818,0.2699829207500968,5.307702134256669,4.247704404683363,0.5950638698870223
36,79,27,0.18593949070830837,0.2699786197847021,4.694417260180583,5.090449494985101,0.5673744809521004
36,80,26,0.18266945675692525,0.26512971356698084,4.797120603451932,3.9746369080925907,0.5881170353696886
36,81,25,0.1841479900801936,0.268157498334319,4.714760513574985,4.064685311796279,0.565791562719654
36,82,24,0.18273199059376707,0.26605711301965246,5.46479774060891,5.583209708370737,0.5884274587309973
36,83,23,0.18611078288456823,0.26870865794228527,4.955100451785828,4.446221460511779,0.5601386698066293
36,84,22,0.18719880657438923,0.27299170282152346,4.733870557878117,4.195872982169344,0.5840242182148042
36,85,21,0.2007819691143936,0.29494335106499503,5.2583476644448695,4.933978466013483,0.5239438362744782
36,86,20,0.20789828208148242,0.30830199127505975,5.191344788809835,4.70916759187073,0.49956286089470753
36,87,19,0.19241994393506365,0.28278196715563003,5.04362262989995,4.234419905044072,0.5635391314549485
36,88,18,0.1995641828205066,0.28997193765909757,4.3990404128821154,4.1938767834092845,0.5365847495357262
36,89,17,0.1922425823978847,0.27609473935840384,4.624815204015054,4.063211191851992,0.5553035066653672
36,90,16,0.20062750221523895,0.2923539501644292,4.939661523614295,4.721492895933691,0.5455782160901211
36,91,15,0.21006011820324647,0.30642578117632746,4.5628381720090925,3.9995701239221164,0.5110398426427908
36,92,14,0.20756743372736913,0.3026252802476475,5.117689685124253,4.759619651390272,0.5117318026560042
36,93,13,0.2061298016486483,0.2955600226981809,5.348085991629011,4.5959178296836285,0.5148849264895731
36,94,12,0.21556784326483372,0.3058458324958539,4.764326573778436,4.213531462756922,0.4951399103008763
36,95,11,0.21850075785151693,0.3106386410647621,4.504278366147272,3.956512179249116,0.5148864746180587
36,96,10,0.20561076674424136,0.2951021837137739,5.091488427810412,4.422484476423404,0.5309629846594756
36,97,9,0.20249445453108655,0.2915378323158288,4.716264728972513,3.9108578840481836,0.5315613825890018
36,98,8,0.20949019309583244,0.2988846423542374,4.842847076013423,4.225550987443736,0.5236285834122474
36,99,7,0.21920615395532594,0.3136166959245098,4.915607596793059,4.5245466162498635,0.5074428139139747
36,100,6,0.20714490450106154,0.30187793684240494,4.668121356602892,4.326931172675479,0.5090824430975229
36,101,5,0.21696452829424287,0.3132041037081176,4.787204362799218,4.3841560887048034,0.4883694031544588
36,102,4,0.2090727632578518,0.30603755369974944,5.144623718549088,4.475880713311333,0.5031706780376752
36,103,3,0.208696756586549,0.3089746506873925,5.183063531721359,5.096587591800957,0.5330532493688724
36,104,2,0.2038202501727008,0.2989037409790782,5.194082301485837,4.433581450109916,0.5199898763450399
36,105,1,0.199140835111196,0.2923629846433899,4.875345001787794,4.312015030324281,0.5363043739722964
36,106,0,0.20668191132934677,0.3032579625159266,5.053114671395724,4.561485579314539,0.5224438158465236
37,1,154,0.1585179920453237,0.2189518629338112,5.688476066943844,5.033453716019418,0.6484413942568561
37,2,153,0.1614070406124138,0.22336237073351647,5.2487495332070715,4.32104104166255,0.6569647149194714
37,3,152,0.1612309553574626,0.21997557698974093,5.163425470424633,5.357461848139486,0.6475596754227823
37,4,151,0.16496814180158056,0.22939077586438003,5.350284278319137,4.601161767765952,0.6428928569381813
37,5,150,0.15829781772790624,0.21767795293044123,5.536365043181805,5.1528982627770725,0.6746120739137773
37,6,149,0.1552405761195237,0.21421352308516192,5.281378634517743,4.930781653887151,0.6692848593610405
37,7,148,0.15978883573731734,0.2193480716963843,5.302442053341646,5.160992112908039,0.6605156129034359
37,8,147,0.1606806827648817,0.22108734344999673,5.601141151384115,4.806093585959688,0.6446963627966298
37,9,146,0.16953417750569647,0.23276945968663454,5.964122079075843,5.564411838566327,0.6514502388268191
37,10,145,0.16937885993596574,0.231591313340794,5.466557073071151,5.379157335710634,0.6657687957087947
37,11,144,0.17042889805882724,0.22925815011419523,5.695504732811109,4.679582197620798,0.6614148834284549
37,12,143,0.16398505509493674,0.22125961500462957,5.510872932811452,4.772603192090247,0.6436942541364422
37,13,142,0.1659114587619781,0.22434410984075778,4.930878495675905,4.282276763111446,0.6381316746370297
37,14,141,0.16688425317015082,0.2228708986591527,5.4179652403794165,4.695537280189727,0.6576253526623522
37,15,140,0.16895392960334452,0.22664429983628043,5.543875047981194,4.353576406764652,0.6341655127615272
37,16,139,0.16642766311874072,0.22018480939505536,5.208679492098009,4.6420298715242065,0.6672416126718155
37,17,138,0.16766466464589555,0.22143395624519663,5.600312674667112,5.300446419366437,0.6487944846752606
37,18,137,0.1680898901566336,0.21758675389466703,5.48156511735259,5.045867002178321,0.6841995224456204
37,19,136,0.1724244882966051,0.22248094180851075,5.66964848717179,5.11230126657252,0.6576001539594595
37,20,135,0.16441516766219608,0.21316596210372984,5.236058016385675,4.409277070455389,0.6746126629235396
37,21,134,0.16553289548580863,0.21461829213898842,5.282136340144438,4.2470851956390225,0.6703649682954441
37,22,133,0.1701992292173722,0.21921756768968964,4.921619456742283,4.193557598965843,0.6637405139674621
37,23,132,0.17395819211996966,0.2260126183157544,5.388973637134885,4.367861948835808,0.66961338018368
37,24,131,0.17372705128153465,0.22682315401276829,5.552045008255386,4.186925780039005,0.6654904818430877
37,25,130,0.17038328112783804,0.22386926627093823,5.550743385997974,4.500589745936725,0.646463551793397
37,26,129,0.16115449394119188,0.21140467694800444,4.964304322462871,4.7537528090818215,0.6830922352458743
37,27,128,0.17087882269360344,0.22457847236609904,5.264704237468813,4.80742210659931,0.6695756554719587
37,28,127,0.16957392438171728,0.22321462355791222,5.404566544186228,4.625915517758606,0.6358251291501832
37,29,126,0.17359296099461177,0.23065285485114062,5.104653698410183,4.838479115479058,0.6342740590360516
37,30,125,0.171023417834527,0.2290976422544981,5.592910528938687,4.5641916518266905,0.681701729359259
37,31,124,0.16289845791902557,0.21637695072618185,5.126855789326408,4.403642759318284,0.6659949143316165
37,32,123,0.1751012198830748,0.23606374620135148,5.037458910257076,3.998841163861607,0.6485437897440982
37,33,122,0.17374152548736432,0.23130502497772207,5.090033314428217,4.557761377336891,0.643315113352008
37,34,121,0.1699012516399249,0.2255176743224973,5.786405002965806,5.4809645768839115,0.665856669151641
37,35,120,0.16962736518351026,0.2248875430054792,5.427712121258468,4.510775508143562,0.6647995930382458
37,36,119,0.1686761681084312,0.22510021879968897,5.517380344274243,4.939309774256082,0.6724065416740367
37,37,118,0.17361483187209173,0.22843176577106694,5.560661913554085,4.947040636195782,0.6865924453106315
37,38,117,0.17631431969597572,0.2317803884367525,5.246075567512751,5.37374445743996,0.6569246643737364
37,39,116,0.1702747225340809,0.22607089321648174,5.286183759414061,4.650885781579824,0.6474871828477631
37,40,115,0.17609523144613753,0.23404274874953024,5.333678852161325,4.866569350642484,0.667379001739747
37,41,114,0.17219603057336982,0.229077867699975,4.975212464339011,3.9625281712847364,0.6511421259082547
37,42,113,0.16965830780178098,0.22246676531836926,5.456883232615298,5.135519418625934,0.6716643428853255
37,43,112,0.17352038323918087,0.22850162387757764,5.499532934626163,4.662843874852307,0.6457959312114738
37,44,111,0.1740837928060337,0.23090627920084392,5.360460457837506,4.510596700928785,0.6581451829449345
37,45,110,0.17147506470851767,0.22611515519815872,5.394745314723911,5.198076910549782,0.6549717975442239
37,46,109,0.1763892147178175,0.23103755487602265,5.302990209467167,4.535624500501275,0.6777528950729145
37,47,108,0.17258773554738907,0.22313571272073707,5.326766639468715,4.352930055579764,0.6609748136313413
37,48,107,0.17511033964760786,0.22854493836566592,5.11259184926737,4.515718693110806,0.637437271112703
37,49,106,0.17890480530882638,0.23523142369110797,5.434225991997536,4.679450736940166,0.6603624708357361
37,50,105,0.17225262245665843,0.22890017339844146,5.132494439828863,4.2040031662982145,0.6515654268685576
37,51,104,0.174967872808813,0.23414599283923895,4.886888533457396,4.735711365446564,0.6564199708131905
37,52,103,0.18142372028657805,0.24266010482250094,5.0481167489406005,4.32032462062591,0.6310006041363455
37,53,102,0.17566025456382828,0.23579881386357318,5.292759507888425,5.739387061158609,0.6504586276744869
37,54,101,0.17577389769822457,0.2395865173037896,5.2818074854541806,4.575935520619691,0.6325123815864617
37,55,100,0.17494666579794285,0.2362244956419962,4.596588580202368,4.287289600962699,0.666509253009114
37,56,99,0.1802975903725385,0.2434603937989904,5.227464447468677,4.143687148596229,0.6386834010226221
37,57,98,0.17404201742234418,0.23605439963194422,5.224188777488557,5.468401812775298,0.6446277382850116
37,58,97,0.1687207735806815,0.23026678455375174,5.229596751224727,4.801125030301125,0.6675228225861425
37,59,96,0.17574435912907269,0.23635374354033165,4.828852272231698,4.3062262425940085,0.6254036938266155
37,60,95,0.1772377547455653,0.2389448339517509,5.253616361231268,4.682043084513725,0.617125061827427
37,61,94,0.1816687176971274,0.24773139315231052,5.196103675655484,4.66788419232862,0.6420674398870484
37,62,93,0.1778634666531089,0.24242617090769458,5.733648874620217,4.950062616458258,0.6310898472172715
37,63,92,0.19081660174227238,0.2597278199280116,4.908776180009779,4.416147988614982,0.5926952553082271
37,64,91,0.1883065677352053,0.2562934911301919,4.6730770372617245,4.164892833055949,0.5900589235618285
37,65,90,0.1903146254695331,0.26198119986178353,4.97220071487285,4.260744190379957,0.5877494687916255
37,66,89,0.18437119593301038,0.254865890602625,5.062287643234406,5.092138629672823,0.6073695465862918
37,67,88,0.1937159421170396,0.2657923312288796,4.88126602162438,4.194871914673725,0.5891364863736072
37,68,87,0.19323761934350372,0.26454290822860216,4.9551936721656284,4.513004132358754,0.5878353678929257
37,69,86,0.18746437726765974,0.25718997940439453,4.807675626712401,4.257373759886896,0.5977608129479505
37,70,85,0.1924137406298822,0.26274201993732893,5.00998730782976,4.383932424039009,0.585725312448097
37,71,84,0.20170400223118312,0.27483392923080585,5.271893355334019,4.498224131147316,0.5920841021262987
37,72,83,0.18941051404904422,0.25792521129810125,5.021270240244586,4.836004561646976,0.5958350624619008
37,73,82,0.19165880945189107,0.2608713875332178,5.129692740319743,4.7819434314593625,0.5985980080601181
37,74,81,0.18895941278502168,0.25877831236668875,4.762038195296458,4.452739031507639,0.5793135573119251
37,75,80,0.19737453454347956,0.27578875760960725,5.0427093877520335,4.656994267158413,0.5938300073812142
37,76,79,0.19838642400684453,0.2772389021950104,4.774074004017457,4.059055147222023,0.5892359449718745
37,77,78,0.190956075964335,0.26637584403320524,4.504631545542421,3.930677882922013,0.5952496793944703
37,78,77,0.19563343601962901,0.2749941430186629,4.958572023990609,4.811578054417712,0.5969053342576123
37,79,76,0.19039397700710006,0.2699821524312613,5.14814442685314,4.822158371996697,0.5882317487579631
37,80,75,0.19169930451504422,0.27095716826897154,4.847541695589418,4.352860961389314,0.593735369242984
37,81,74,0.19570004794752832,0.2716795167996597,4.804240438942587,4.084403069296348,0.5798189874786012
37,82,73,0.18799129089727362,0.2580684259615823,5.338876068191475,4.48224890681852,0.6065622558386968
37,83,72,0.18719780039582276,0.25618302024434203,4.889725887143655,5.0708868640880445,0.6007664504591884
37,84,71,0.200809397926238,0.27258759326502374,4.866983755426405,3.922220771111367,0.5976915216007423
37,85,70,0.20299224857924345,0.278830266967885,5.258527515121756,4.1341888170771135,0.5849046586911129
37,86,69,0.18938494637538292,0.26329784585725097,4.922464410123417,4.657462051570994,0.5951583557943136
37,87,68,0.19807446643301854,0.2738386368389294,4.969358742529469,4.136478406255907,0.5641538601942164
37,88,67,0.18777775171076996,0.25582559588572307,4.892610807733434,4.681171665888702,0.5833559003276316
37,89,66,0.19040556571347472,0.2601461808545149,4.8309484285047635,4.29989407192208,0.6061292945696822
37,90,65,0.19606246486031742,0.2661468833782012,5.583182063426067,5.07312086584857,0.5914057274069274
37,91,64,0.19914428277042434,0.2694143622881675,4.766305023760481,4.692363554220028,0.557670750478485
37,92,63,0.19608128484307988,0.2643532272401368,5.464310271662588,4.982625902881733,0.5849026457055109
37,93,62,0.19270580966779488,0.2628057639231725,5.116873110231186,4.443385870555068,0.5954186446051337
37,94,61,0.19838191426089716,0.26857828966955904,5.29721215744961,5.0928018385774685,0.5750299347601605
37,95,60,0.20093237453557547,0.27553346767539777,5.064128824408213,4.282769971317768,0.5797703294900859
37,96,59,0.1955521638271474,0.26806238504352786,5.474921033209746,5.08896839427407,0.5608132435032689
37,97,58,0.19757359185258552,0.2680631293000138,5.248140788730478,5.213468777801595,0.582206547882956
37,98,57,0.20198751108555726,0.2729124468287599,5.889838693845103,5.0490629633206865,0.5861684314477912
37,99,56,0.2005894335096732,0.26526842520635396,5.136400139473781,4.177139626415797,0.6034328229874115
37,100,55,0.20517875260441873,0.2707298368410473,5.058866736075757,4.761510963806191,0.5738446241404787
37,101,54,0.21119230488077684,0.2744062293353111,4.8628949366990435,4.588631903033892,0.5703179550643291
37,102,53,0.19943057707286097,0.2585432277530978,5.247076468519052,4.616721973707714,0.604322851338741
37,103,52,0.20337120667152067,0.25979003259888345,5.203986089694866,4.652779544588683,0.5578016985659792
37,104,51,0.2108754941368395,0.2689604376587771,5.466248494471802,4.799951623987241,0.5951423259033786
37,105,50,0.21246671452393415,0.2713927573953551,5.3813996305092875,4.632220282192362,0.5692213083723022
37,106,49,0.2014387648896319,0.2621681272255056,4.81232477523427,3.957060743194467,0.5930119744108715
37,107,48,0.2042180111427549,0.2662622787576723,4.726638799859712,4.637097262312285,0.5687125168802579
37,108,47,0.2012427899071762,0.261928431158076,4.888758075050038,4.814768339319331,0.5870371880604551
37,109,46,0.20476700947417184,0.26659509297072254,4.977833685388422,4.2528470354774255,0.5980967129340664
37,110,45,0.20843813304938255,0.2732021461497525,4.981309784125225,4.13890514812786,0.5884166177800225
37,111,44,0.2056469575257882,0.26803043864931525,5.451334174262135,5.372001633527032,0.5963894152554126
37,112,43,0.20947094338664976,0.27048976321608487,5.076831244886651,4.644799164175875,0.5774944797698338
37,113,42,0.2058228267110794,0.26637690757379734,5.164848219763713,4.351766203677336,0.592409890658625
37,114,41,0.20638015314776742,0.2659399840817919,4.929498866564801,4.780180662608238,0.5856007940639585
37,115,40,0.20730116620075786,0.26820984815093013,5.033600643348025,4.334027164824086,0.6034794114033806
37,116,39,0.20938759274253427,0.26924443655401786,5.207124473337343,5.321942368403321,0.5943258888935428
37,117,38,0.20000020873212587,0.25796771085107895,5.259118673921872,4.719501064863846,0.5838470189186428
37,118,37,0.2089199628084051,0.26865565132438685,5.138682075806833,4.294734186878275,0.6014210696786105
37,119,36,0.2112202810240358,0.27317234905146165,5.123251368323563,4.3680799974688025,0.5831250763691358
37,120,35,0.207358278798189,0.2697203412151279,5.294496256480472,4.79237599480844,0.5775388167766827
37,121,34,0.20900078266657487,0.27099260874806147,4.907581683842004,4.8848066956909255,0.5697625485721949
37,122,33,0.20676105192807093,0.26974010109549323,5.213659018895704,5.677402988209175,0.5757081233541339
37,123,32,0.2104386308428478,0.26710767046785316,4.82329610859255,4.441213795517491,0.583419504122663
37,124,31,0.20872817869748597,0.27004114776463234,5.044449344932831,4.489986114027307,0.563541849824844
37,125,30,0.23489143083422556,0.30966596715562406,4.4291449053470355,3.954485024322527,0.5367303503115949
37,126,29,0.22567440335314531,0.29896547262390716,5.398351236674493,4.625789330546727,0.5612280736068298
37,127,28,0.21632738386153624,0.28407571144655436,4.868200925008551,5.195748091719503,0.5649586141267822
37,128,27,0.23289036736558907,0.3029474370948229,4.721321823192778,4.581658024648585,0.5371689311905717
37,129,26,0.23570451148299276,0.3055245199530827,4.746782401842622,5.214009479289415,0.5281206639992978
37,130,25,0.23427014410305164,0.30608207240260155,5.335182497637304,4.312725749221578,0.5170758382768086
37,131,24,0.2355453542082398,0.30936825993949063,4.729711802277681,4.20309909864684,0.5249258677470059
37,132,23,0.23977142558168746,0.31588304659299193,4.590284917641613,4.896872656685114,0.5028398320421982
37,133,22,0.21603270341927022,0.2872514204165384,4.814885514320951,4.030982390934097,0.561649797428388
37,134,21,0.22606030194957544,0.30173173386167856,5.161584348653486,4.868486792573304,0.5152321660521799
37,135,20,0.22069735672263963,0.29897163394107046,5.149640427866066,4.49602293978988,0.5398666904057052
37,136,19,0.22464712368603498,0.3055232951009839,4.936526584126421,3.864072455861493,0.540502006344467
37,137,18,0.24022201167380886,0.3237085950952244,4.622028152552742,3.88820784421434,0.4930303079969175
37,138,17,0.24328816408130086,0.32734186018516803,4.669536004345007,4.30692784779677,0.5133973997619763
37,139,16,0.23498611700886682,0.31705412465243665,4.673606333408153,3.8140687976939174,0.5315187596730847
37,140,15,0.2320411425018501,0.3113665244882694,5.410389584538275,5.268553019833835,0.5385957719717347
37,141,14,0.233969591764972,0.31318032740694063,4.827230179477846,4.208234110999999,0.5196838185977479
37,142,13,0.23075382900450972,0.3090740675356242,5.547376414109362,5.683641198483187,0.5448478878242754
37,143,12,0.23669132224520892,0.31980336094391937,4.775504389278733,4.387922463606437,0.5111700107236247
37,144,11,0.227617134749032,0.3080925825507268,5.101731839206156,4.184911178988687,0.5339573248090697
37,145,10,0.2262613037580708,0.3075537760946996,4.779478237462195,4.318880935174841,0.5375769669972553
37,146,9,0.2419614534780385,0.3287933728196337,4.613831629093129,4.216004957832577,0.5099962783590388
37,147,8,0.22783973651870804,0.31185962770830894,5.1458079213509755,4.892087097747549,0.5320085553937935
37,148,7,0.23198087215720434,0.3196523109826388,4.812554444272787,4.044756177580541,0.516795475070764
37,149,6,0.2371131696712332,0.32411074845023047,5.563002677392767,4.996566200977928,0.535558289779847
37,150,5,0.2442897522670376,0.3358617897528792,4.801869797658059,4.642112213354479,0.5158633358540853
37,151,4,0.2283534700971923,0.3158342655173764,4.742392432280647,3.9746514265574384,0.5444630752925446
37,152,3,0.2333652983821525,0.3225111338641568,5.16133532242265,4.559713757771514,0.5329629996911922
37,153,2,0.23480624801857317,0.32486953773303423,4.801225119164285,4.77538026365821,0.5132895273738151
37,154,1,0.2401663332795859,0.33013372310626393,4.959528756458525,4.935882686249765,0.5105771987771769
37,155,0,0.2347283944340777,0.32314477046900325,5.486947402996297,4.96868414866825,0.5401142845030418
38,1,228,0.16377456762648007,0.21246620696648033,5.580205381978129,4.47419099307409,0.6652005909777422
38,2,227,0.16065981021738215,0.20887497432131716,5.603592851465589,5.655390412220929,0.6898188464927673
38,3,226,0.1669646613765274,0.217495140984842,5.121870782727571,4.22756147226757,0.6601741733656727
38,4,225,0.16368547870229985,0.21722557540660112,5.754843214412399,4.82881111907713,0.667922332043026
38,5,224,0.16472552872282614,0.22555276492778734,5.1667865535456405,4.518209861776095,0.6522343208980964
38,6,223,0.16561509391054874,0.2154473740984684,5.161344632671565,4.987002813994956,0.6854690199396156
38,7,222,0.1603324371262422,0.2151748185235158,5.6656167839629195,4.630820701396485,0.6725165858469295
38,8,221,0.16377132128913466,0.21312209805418894,5.274675443835827,5.167420782512689,0.672770407768401
38,9,220,0.16856139012702284,0.22201697590792654,5.457384600050253,5.320808299053979,0.6319748265480917
38,10,219,0.15857249916364752,0.21685886757632994,5.2047675822437025,5.016776141093125,0.6727142397232204
38,11,218,0.16351976105113714,0.22351168158672516,4.705108001669436,4.70398152881628,0.6552951830201241
38,12,217,0.16593332643261702,0.22381595320875577,5.18397805792471,4.902141935584157,0.6554510602862973
38,13,216,0.15767549230623706,0.2132244140091988,5.2430718438428014,4.921508663624932,0.6939461307758981
38,14,215,0.16149898810828625,0.21595020449383878,5.40453852647815,4.266668851856448,0.6806556200685208
38,15,214,0.16088333361447907,0.22050177281282451,5.044267635297472,4.439592228828321,0.6738009749762763
38,16,213,0.1662972193629104,0.21722757739102264,5.253590652400492,4.697988622531419,0.6728905202579092
38,17,212,0.1684372559355762,0.22032500867545765,5.248775151036536,5.289513241128091,0.6655178795585187
38,18,211,0.16234578015903808,0.2223772522744358,5.060438483393358,4.532178061982706,0.6775964593099162
38,19,210,0.1655193833868763,0.22221335795205668,5.356817241199903,5.389351903831398,0.6541599035408309
38,20,209,0.16804580826278012,0.22278526326962822,4.979263295258743,4.20197924431644,0.6626451706599525
38,21,208,0.16031223188885496,0.21609462824683875,5.449506551086303,4.135093927785334,0.6502244839920769
38,22,207,0.16735635614578817,0.22090210622552306,4.855563260607077,4.580320361566852,0.648399389868815
38,23,206,0.16032929590045142,0.21099046338721947,4.64682200441114,4.065658850358584,0.649048561411443
38,24,205,0.1718042461319367,0.23714015832624372,5.61116549812092,5.286309345064262,0.6372051351621942
38,25,204,0.1650950138592054,0.2215508233754932,5.93319445358968,5.559265515917424,0.6543889573870221
38,26,203,0.16364511572387602,0.2333008128595054,5.376514336812677,5.511279047761715,0.6562107301945757
38,27,202,0.16426628890029923,0.2198852674737644,6.087633950080518,4.738918685995574,0.6676090712831863
38,28,201,0.1647740288834804,0.21326836806568472,5.375923365311637,4.293593243842337,0.6777242920856438
38,29,200,0.16650666384261142,0.22020455752086224,5.177174717109194,4.375118167163488,0.6717714964367931
38,30,199,0.1680211758866228,0.22738290118304355,4.857583203630229,4.398553748238698,0.666905206659216
38,31,198,0.1647466583860928,0.21844417198711477,5.55859809387589,5.157961739726585,0.673233880687521
38,32,197,0.16820237212105926,0.2155651747387929,5.594753966517599,5.22237949967412,0.6577918545454786
38,33,196,0.16707278920902272,0.21681966021410126,5.105495982094046,4.4429587033353615,0.6762712836146354
38,34,195,0.17870524931404286,0.23401199721462113,5.553557514267386,5.144505118042796,0.6402640611133351
38,35,194,0.16978380349301114,0.21545852940803675,5.003161918220551,4.089937344645739,0.6622817416260299
38,36,193,0.17354882808758001,0.22381131767818613,5.498399003068594,4.7362458666329905,0.6375866633057996
38,37,192,0.1709563339112964,0.22596197558916975,5.656056328959757,4.949740784416982,0.6297335625611488
38,38,191,0.1746373389456565,0.24126225711972069,5.342929083042285,4.682693998807626,0.6616213479064843
38,39,190,0.16710971817545967,0.23115735461275302,5.179646404721336,4.565438516508623,0.6484177565185988
38,40,189,0.1665540847261703,0.21511340714304228,5.346135629008948,5.094816452985867,0.6639708063903237
38,41,188,0.16738173389064945,0.23195815137349005,5.203352713187511,4.501505684588457,0.6454791166262716
38,42,187,0.17018326791570257,0.22795642326857402,5.29586483853946,4.719456644423312,0.6587234935327855
38,43,186,0.17054258785357268,0.22923908640446528,4.864598901546328,4.124333110081891,0.6496636767276524
38,44,185,0.16697515821424652,0.22608811415452684,5.105161866699001,5.252972856673969,0.6642590794907713
38,45,184,0.17343606107048604,0.23800624927495898,5.4827663165668685,4.928580369545556,0.659425855929114
38,46,183,0.16989989456035445,0.22656663870395694,5.8246130886190155,5.668184287365635,0.6582871075363241
38,47,182,0.1707637049681194,0.23574177060454618,5.775612042923401,5.16173338969545,0.6600594239601284
38,48,181,0.16895497700256662,0.2309433333578779,5.135465211078119,4.373383643393812,0.6416540993171012
38,49,180,0.17043050899015216,0.23215402331074342,5.363132777203916,5.252207390349637,0.6730383794231134
38,50,179,0.16980933296517434,0.2269943069695013,5.494679376577291,4.727258799196327,0.6624056737564396
38,51,178,0.16441307426262328,0.23738958808182348,4.919749639125291,4.381514826021215,0.6462765418860678
38,52,177,0.17398817657810262,0.24197044155266437,5.443968846925901,4.580513801330158,0.655765606009059
38,53,176,0.17549442729520753,0.23654113356974202,5.341914367968509,4.2972190611092715,0.6410230844176446
38,54,175,0.1693975426401364,0.23330940158247715,5.131365337963491,4.490324230206094,0.6350342625367444
38,55,174,0.1715428045423612,0.2347057945695801,5.724221646628555,4.834953651798926,0.6519955630577533
38,56,173,0.17198475363981025,0.22664164345102367,4.826456483194573,4.143705243014478,0.6775449549836735
38,57,172,0.17222837731948662,0.22784981042446967,5.413150928952303,5.764697943681255,0.6494009667173981
38,58,171,0.17050285454634156,0.2383452861421114,4.897940555652784,4.001143854696293,0.6405667061492284
38,59,170,0.1677132559493524,0.22487569518877237,5.254707039805902,4.46122230212188,0.6549717260757599
38,60,169,0.17091637871412058,0.23382167147981878,5.234277302543493,4.480873403106773,0.6572249006258722
38,61,168,0.16609737219976062,0.23250888588326882,5.879834962132412,6.1867952569167395,0.655096826317764
38,62,167,0.17109156673012002,0.2269380907661103,4.980758353380823,4.480331224623579,0.6489359816425152
38,63,166,0.17036919566290676,0.23283220051549683,5.420478434642166,4.724504620528298,0.6521749649488413
38,64,165,0.16838244872782032,0.23873270312145667,5.1102512369691055,4.28030998615967,0.6314175929015376
38,65,164,0.17588099756199724,0.22470379002813817,4.940950270890712,4.917426901789081,0.6615140447367022
38,66,163,0.17102328483583115,0.218746564932405,5.464878813632181,5.162418550320833,0.6888850701100453
38,67,162,0.17019060525090407,0.2309819124681818,4.784000859449232,4.187596419831389,0.6207118974604399
38,68,161,0.1757168413331456,0.23230927278547125,4.894998883180953,4.077300687114216,0.6515686814619027
38,69,160,0.17246491070020528,0.2265990813994537,5.321791176142948,4.224061578478336,0.6615938905012233
38,70,159,0.1766302111120457,0.23846709829600338,4.833836441600164,4.172961784905495,0.6473596502438042
38,71,158,0.17664665706806496,0.22173792068554782,5.177337523014927,5.612714324209252,0.6625108077864138
38,72,157,0.16961892302103887,0.2360301539122485,5.245729520768231,4.977505950154345,0.6608972822127475
38,73,156,0.17535802144182805,0.23504185301733732,5.0752385611003294,4.194606955043903,0.6693776726178667
38,74,155,0.17873790581048007,0.23898569051633975,5.586569893660863,5.105522053598345,0.6312433929340772
38,75,154,0.17676383562286577,0.24986137639575776,5.585455745038098,4.801541054277981,0.6499048300266527
38,76,153,0.17160388259974613,0.22939734257040684,5.462210205577737,4.657740651388429,0.6819709950638492
38,77,152,0.1756479934052176,0.22508790433089995,5.082502367682084,4.792209670795165,0.6402233928105522
38,78,151,0.1770634420435236,0.2360524492270977,5.3755069060651905,4.562827924920331,0.6573420656376451
38,79,150,0.1763037842170986,0.23562841945565952,5.308062246238379,4.207297505286409,0.6479724396213661
38,80,149,0.17177711045872157,0.2401846797553851,5.188180334317492,5.0111689369521795,0.6685027475177612
38,81,148,0.17753455000094334,0.22962179465535154,5.393786829527602,4.7746375801806895,0.6529775111681819
38,82,147,0.1781496945058245,0.24030589263707977,5.123940717744295,4.588325472485798,0.656047206612702
38,83,146,0.18185925262940944,0.2412871186840553,5.258465505650124,4.497337910484981,0.6482704789753675
38,84,145,0.1742332384074614,0.23221713645842082,5.518471225334128,5.198817133672804,0.6654234167823343
38,85,144,0.1767946210596161,0.24893639716680935,5.341731657671817,4.3779808616346605,0.6402993531069611
38,86,143,0.18461998437964583,0.24961530965948808,5.582182848030294,4.782072969923925,0.6288574726810213
38,87,142,0.17639934637554916,0.2319059960932311,5.214916513759711,4.956700654386367,0.6452083353785506
38,88,141,0.17341437901657214,0.24113778383886614,5.485366225513437,4.707359122899147,0.6644359512936331
38,89,140,0.18489077024824027,0.2395118399566201,5.168264465082815,4.7593651015201965,0.6616605914293043
38,90,139,0.1736320871758004,0.2450393511669333,4.919827037938285,4.341295800384767,0.6337778510778665
38,91,138,0.17248246441357526,0.24016230236068145,5.09003516664178,4.883545091380042,0.6638205216711578
38,92,137,0.1963157780023293,0.26921360592332205,5.058052399688615,4.32773533066276,0.5847887447107456
38,93,136,0.19378895190182896,0.26313453254590286,5.232625349447691,5.072132150370168,0.579427903311404
38,94,135,0.19033244357315235,0.24970832948116115,5.472894211635632,4.704852762240346,0.6002315576133975
38,95,134,0.19152409515192695,0.2629905464381599,4.983267111352458,4.39305862754954,0.5964657026844987
38,96,133,0.19352648538415754,0.28108940227501783,5.026371906730841,4.149537435230751,0.5989886373578605
38,97,132,0.19734137546348013,0.2686718968717053,5.081601160092898,4.859259239733652,0.5828614307413468
38,98,131,0.1898522335263176,0.27189056590000543,5.09633916301742,4.542015755571862,0.5796354752284504
38,99,130,0.18923017649352747,0.26366839562017086,5.330844420125381,4.8968523348588455,0.5993136812953401
38,100,129,0.19978570352100963,0.27164356426743114,5.161576577997463,4.596633972040886,0.581479515234299
38,101,128,0.19456277986575288,0.26625800118577797,5.263552291244478,4.460280363508222,0.5902628689608067
38,102,127,0.19785929630709878,0.28289789571192797,5.2853676889701475,4.608908187956671,0.5791269107904002
38,103,126,0.19370422327304773,0.270929225101355,5.043933372497799,4.107229994861724,0.5675788191266635
38,104,125,0.18753443322821484,0.2681670825188532,4.800765512840744,4.182052795722747,0.5808590260686338
38,105,124,0.19227333145440653,0.26383477895951307,5.103492980819514,4.221691673161093,0.5986996064601185
38,106,123,0.18972479085606977,0.27254481264580627,4.728179533695331,4.160303947985864,0.6076644062544654
38,107,122,0.18806371360703666,0.2608767406899729,4.976270351341857,4.129658625946904,0.6049103429960717
38,108,121,0.1962601301419256,0.2683125541966673,5.592270965113287,5.190365396570094,0.6038522778282017
38,109,120,0.18967465794736324,0.25713763419202806,4.852516129938975,4.443539278503166,0.5910990861934154
38,110,119,0.19697163520104505,0.2652632415580107,5.346160676237241,4.6945506736150096,0.5740931114081703
38,111,118,0.1966006232765486,0.26923058929175214,4.93897874986612,4.654454801304539,0.5960050364215079
38,112,117,0.19632420070525627,0.2564220683924397,5.70001708352167,4.871196141378393,0.5924977446761927
38,113,116,0.20286305318003867,0.27417151620225694,5.147864143412056,4.660575876343367,0.5685301652187095
38,114,115,0.19798910864581798,0.27188367533302504,5.1856100255525375,4.371992185576132,0.5898293165845594
38,115,114,0.1907023679610934,0.26481760633574364,5.220891712371719,4.522076263599518,0.5909657960981941
38,116,113,0.19149485258618026,0.2727467198907761,5.027251314340784,4.980017188922728,0.5520219466267833
38,117,112,0.19499986767756716,0.26446450877525746,4.996514162791488,4.393562044563253,0.6023473135111223
38,118,111,0.2050545306671027,0.2731264495266172,5.479043329142232,4.491012035092191,0.5869719447948809
38,119,110,0.19659205975752708,0.2780129560927242,5.164804458886973,4.935302180506562,0.5954005658010584
38,120,109,0.2050901137933076,0.2790508240073618,4.846289489732201,4.09988355660989,0.5787833573608335
38,121,108,0.19135752613101845,0.26234322109525815,5.10218196010308,4.326505768010815,0.5918865485223174
38,122,107,0.20243410762358352,0.277867233506718,5.1715422123904435,4.079794441692236,0.5868349004209179
38,123,106,0.2010680334325643,0.2795309676479352,5.2569029521801465,4.446030501680965,0.5978587223292327
38,124,105,0.20013564159885833,0.279228687037553,5.068039495538187,4.442251397789735,0.5714114097962267
38,125,104,0.2059149864536088,0.27883685818459264,5.40446787842916,4.819678986242796,0.5765914018092657
38,126,103,0.20334003199666176,0.2795312072874467,5.066509309062916,4.310247570845486,0.5923299408780957
38,127,102,0.19871805371838416,0.2738094570003221,4.806072477070575,3.8878939711838245,0.5936719826228408
38,128,101,0.19625689244525565,0.27165737013178454,5.005338239150159,4.460049016899344,0.5794906379154333
38,129,100,0.19839709064212552,0.275197926458458,5.2893799023907455,4.557198229088244,0.5815619058643535
38,130,99,0.20536142429692222,0.28413535328167144,4.793781811308714,4.189466573760687,0.5692746825853983
38,131,98,0.1938282495909596,0.27428422488242526,4.948681503313777,4.586805540938118,0.5723281639077766
38,132,97,0.20358847799300672,0.27450911431665764,4.383958385232953,4.274702576892361,0.5950344364039185
38,133,96,0.2029201911560707,0.26709258015756115,4.727329948261042,4.379578249644121,0.5517936719244345
38,134,95,0.19776357923531301,0.28087235305533287,5.168564169815503,4.498321516728282,0.572119226596978
38,135,94,0.1950484314367899,0.2806987309018049,4.989303862496108,4.3623931839459615,0.6112668194042382
38,136,93,0.20325618276023408,0.27615720252933723,5.461641384700796,4.367964326970204,0.5830099150526954
38,137,92,0.20149371923399448,0.2645508400532341,5.191840152517489,4.482001804440703,0.5856041903341714
38,138,91,0.20269925408486558,0.2656220664629552,5.172362650852941,4.406598551280993,0.5921217508458378
38,139,90,0.1996453434168414,0.2727176969175591,5.185358318276732,4.244990249401598,0.5955929745499606
38,140,89,0.19613422606040135,0.2632284602627286,4.651830279167214,3.9756465729165638,0.5929485561277987
38,141,88,0.20655448073443614,0.2827251996505451,4.752606899653198,4.288527017635557,0.57148114384375
38,142,87,0.2057280458614112,0.27271993692911506,4.620381090795869,4.1643830052073065,0.5810101769381256
38,143,86,0.20834266147968275,0.2772763371052918,5.293709883704477,4.785795581239674,0.5734241074019515
38,144,85,0.20656170493039736,0.2804915346259674,5.6804807382141345,4.9378629130190665,0.5781336615193996
38,145,84,0.20432490646034127,0.2861549375551673,4.819715154497693,4.155285700867925,0.5529436514142848
38,146,83,0.2015206550968691,0.26422472393412366,5.603685505793817,4.771514811665197,0.5781199101297433
38,147,82,0.20802099901860827,0.276997653114216,4.830930779175332,4.040306003351794,0.5777910123127293
38,148,81,0.2099368764633154,0.2751208324238834,5.222767960900864,4.522470301840872,0.59302637350932
38,149,80,0.20602162159100096,0.27394993841143894,4.657869455533268,3.8462066740546392,0.5762363471343245
38,150,79,0.20842810300646317,0.2753897736988998,5.714902431283582,4.6682116196200205,0.6088146302200115
38,151,78,0.20722109880331105,0.27424597614608986,5.363622183779828,4.856085315522583,0.5655682229644504
38,152,77,0.20677709585533507,0.2761588229433847,5.185790545574469,5.2590792209444315,0.5831817706819545
38,153,76,0.19782379593356492,0.2809774985334281,5.012171168136175,4.369387463010169,0.5873417106194229
38,154,75,0.2141885306297199,0.2909625577669143,5.09839250079929,4.175773182150899,0.5863625530785651
38,155,74,0.2076539600443778,0.27887954218308436,4.983689581559014,4.4434917476991656,0.5582763924029651
38,156,73,0.20491852942784797,0.2672746230983043,4.907757109156446,4.289812431812572,0.5835968319905934
38,157,72,0.20145789938821054,0.2756525312811751,5.171727148979278,3.8007715323728637,0.6027068340435779
38,158,71,0.20240645246262132,0.28104113256080065,5.048409893728883,4.496718153344243,0.5734218789503592
38,159,70,0.20350285212054314,0.2785261572833772,5.138519492708546,4.946875791110344,0.5737341124549399
38,160,69,0.20953187849511848,0.2793394856445483,5.0621456960598366,5.560452654858424,0.5644116913551365
38,161,68,0.20938639042841944,0.2694251914005426,4.8797533461867495,3.8488944146609945,0.590367803371153
38,162,67,0.2054188461049427,0.28162547052665443,5.094930592071279,4.507351942308897,0.5959145180154709
38,163,66,0.21292382946847546,0.29073518872271537,5.086251153039019,4.017301227746735,0.5805568897559806
38,164,65,0.20975056328783565,0.29389117997970243,4.854329458276073,4.342855527909897,0.5638869777963497
38,165,64,0.2138611858078988,0.2981197025134754,5.56680948965494,4.502779528277619,0.5807043132025557
38,166,63,0.20970686077151054,0.28289144659333837,4.962865140050175,4.238626982088146,0.5666259115971176
38,167,62,0.19954048392913204,0.27070330758740524,4.950314234433876,4.66751858503456,0.5953039758620773
38,168,61,0.20720936867365056,0.27714079395065433,5.655622515689207,5.364680354410353,0.6061397042494352
38,169,60,0.21031747940979098,0.28298027759756766,5.630039172342426,5.778056788373748,0.5945112183023993
38,170,59,0.21151556244159023,0.2835017714610403,5.552728240406143,5.001582296950259,0.5802357969671713
38,171,58,0.21328742369671952,0.27810527549231967,4.955976924079179,4.183539144677852,0.5929771479560677
38,172,57,0.2072220026982775,0.27192571213311584,4.89736594460401,4.056741588782925,0.567392915235463
38,173,56,0.20327980235694865,0.279142478710218,4.580993968472798,3.822429899269533,0.5799081071525981
38,174,55,0.2071560380347176,0.28724969767201586,4.910215031656739,3.825215027455889,0.5824601950068724
38,175,54,0.22175102047136797,0.28057955178859184,5.014923995354358,4.029897264418416,0.5811346314235606
38,176,53,0.2022365755096232,0.27682904760900606,4.865420657026025,5.71415774317677,0.5831553362096575
38,177,52,0.20559478806268694,0.28991676272697114,4.915430143230303,4.742496379458153,0.5712505469817415
38,178,51,0.2055236384092824,0.28879527244922815,4.671020611663909,4.113467625972251,0.586081779760746
38,179,50,0.20369803340857967,0.2759409564073024,4.64869245199299,3.693331589468719,0.5972181738827183
38,180,49,0.20838401281645558,0.28387959947597863,4.885238499802817,4.187969784380178,0.5617985914227394
38,181,48,0.20525996938496147,0.286179528251267,5.006804473815885,4.615925786506438,0.5624043085791594
38,182,47,0.21053377992734887,0.2972212169962263,4.630277096730062,4.267038030315626,0.5503548956624227
38,183,46,0.2104003682529662,0.28361189023909755,5.115160669956152,4.124622280037803,0.5639229664767216
38,184,45,0.23221940857744908,0.3175478669949696,4.5790689960130315,4.797223148420792,0.5082956133845095
38,185,44,0.23688535708187894,0.3181564862647816,4.937721311541507,4.147259348086226,0.517792661301972
38,186,43,0.24165012951611103,0.31901660153717587,5.585369892725678,4.8704641842972425,0.506959036589588
38,187,42,0.23904673849317856,0.32105910983274116,4.891559534640355,4.2761398115932385,0.5062887299216587
38,188,41,0.22778785840810062,0.3078865926347924,4.527895825965264,3.860919966099211,0.5221856380190255
38,189,40,0.2398031946056663,0.32044773087922196,4.489107647549068,3.975502307394047,0.49418593690421103
38,190,39,0.2220922215415289,0.31281232349662447,4.579792372885955,3.942516395231146,0.5444958510159189
38,191,38,0.23410279590627173,0.3221073557834664,5.048892331224151,5.000340959107631,0.5235502504913132
38,192,37,0.2312440413017796,0.2942117310661971,4.565404474520735,3.851984222676666,0.5660111730197488
38,193,36,0.2541230907025303,0.3366059439859034,4.353016726323616,4.059778207520025,0.4883045471539557
38,194,35,0.2450609327275999,0.3254975375479943,4.854733774270851,4.249859692391658,0.4989130602276813
38,195,34,0.23453256157748337,0.3199830400207157,5.4110275702560475,4.681159439358304,0.5269513182531693
38,196,33,0.22813130169903775,0.31237968578712977,5.143263045373843,4.621137553847892,0.5412369670974655
38,197,32,0.24091372926298144,0.34591433001596616,4.665553663453647,4.320126174197613,0.5010392008692386
38,198,31,0.24995963307546498,0.339962992730826,4.814053240578138,4.37304118202527,0.5092576602580917
38,199,30,0.23335008291103612,0.32472537189820083,4.673057898235385,4.23831224492627,0.5347173298355434
38,200,29,0.24110662221823245,0.3289033720305702,4.911170139908222,4.335108078647586,0.516853628585315
38,201,28,0.24450177526086356,0.3283627566860994,5.058805845205944,4.29033927489578,0.48986232325673684
38,202,27,0.23935349586877935,0.33739990195610603,4.725307599989808,4.1898735680933346,0.5003670061540642
38,203,26,0.23815587560285142,0.3295629527082691,5.219103428678842,4.714816517560358,0.5140120428820101
38,204,25,0.24732009451171938,0.34907373725293334,5.129932452816833,4.364085437398282,0.49431481049928616
38,205,24,0.23627449388175684,0.34041189108880004,4.9268078012369205,4.2054546773039885,0.5339133932078548
38,206,23,0.227021639999909,0.30985322133256826,4.6152025513725725,4.412355506081825,0.5475644990083929
38,207,22,0.2473406053927784,0.32971577465192614,5.05958416604625,4.3169138588742575,0.4869048689861573
38,208,21,0.2463979785968594,0.337288582512538,5.386034707886159,5.295081551768621,0.5119070114059939
38,209,20,0.2450820151370121,0.33406420221459204,4.646535951300693,3.938893144596992,0.49089824945435956
38,210,19,0.2515774217003873,0.3276631088253946,4.641188674628074,4.390603605799789,0.507505155774825
38,211,18,0.2403347516327064,0.32704309134958925,5.051008458536229,4.705285235015872,0.5116508834388924
38,212,17,0.23012338632533447,0.3189767375714743,5.571463900682635,5.6443802620615875,0.5355853725230404
38,213,16,0.22898066593607594,0.2960647373054473,4.603092107200773,3.9283212736896833,0.5489615824255297
38,214,15,0.2444013913040628,0.3331278162682744,4.621068805641966,4.040017606972177,0.4929616029258777
38,215,14,0.2482852443262938,0.33615927800448286,4.794657735734907,4.614363825144065,0.510782064409102
38,216,13,0.25104093860942417,0.3237245540240622,4.9334656516738065,4.292433088336862,0.5110723521661551
38,217,12,0.2459768045822822,0.33216379523443185,5.2299356150177765,4.5284250122176095,0.5083234835253762
38,218,11,0.24452160314086868,0.32533233912852944,4.582855618013641,4.521209789787092,0.5004557066071214
38,219,10,0.2429133530470932,0.3359601921313868,4.893034784819177,4.136979737843694,0.5303588135914064
38,220,9,0.2323656716125455,0.32221509207756416,4.728412859173208,5.3717983945824255,0.5322395089084085
38,221,8,0.2505837260949715,0.3399163693923449,5.0981444430324085,4.410108853947729,0.4974353976480969
38,222,7,0.25447463560840167,0.33353692956591763,4.767243966585603,4.459407600223045,0.5100442362105063
38,223,6,0.24899928716724673,0.3395561908352607,4.3709278656279,3.694583195892865,0.5159368658622734
38,224,5,0.2377626184210436,0.32162809709104806,4.864138821336863,4.7348671971788105,0.5293203934931126
38,225,4,0.23324318186278975,0.3110623405196061,4.955642211609844,4.2843117320087,0.5562113624960013
38,226,3,0.2380073179618679,0.32543678701028284,5.10027605365484,4.2063002021369105,0.5153521624548908
38,227,2,0.2540058105984542,0.35540164674578667,4.725010793529309,4.389759675549676,0.49101342257761194
38,228,1,0.23579992111140266,0.32647280502860077,5.12118997581157,4.414354678729298,0.5147127248892484
38,229,0,0.25824368505677525,0.3538064253438917,4.441468384329526,4.71208469134958,0.47447488789108694
39,1,320,0.16107947137828543,0.22929862875139576,5.064773759941486,4.247030948928984,0.6682672494433277
39,2,319,0.1593964789092233,0.22711802800815648,4.89347873430266,3.895865791322142,0.6580222758104911
39,3,318,0.15751785333318774,0.22461968776295813,5.289414644240523,4.923922270503382,0.6480659624568738
39,4,317,0.15940078493614737,0.22413407636300814,5.683600132155334,4.990406240431887,0.649532049686392
39,5,316,0.15890247468189223,0.22435631234005368,5.00158598863866,4.594981724986146,0.6484830456975692
39,6,315,0.16107219457616676,0.2284070480492918,5.269995092488754,4.465391486284866,0.6634486893189676
39,7,314,0.16117526561388593,0.22703677528582122,5.2777417620874125,4.654303416228584,0.6582586936549595
39,8,313,0.16149921480637822,0.2268705929342416,5.059481550009691,4.4953073262191054,0.64859256712191
39,9,312,0.1603479924844545,0.22269788538090485,5.5059674118442175,5.028298673264349,0.6667119952121026
39,10,311,0.16478775442674864,0.2278539035243846,5.444891217723142,4.513973350491186,0.6498493579891771
39,11,310,0.16370325450291798,0.22941617381651028,5.187853287085944,4.351613866206754,0.6392888215440103
39,12,309,0.15906798165852873,0.22285804842219192,5.02111326587001,4.1097513010018645,0.6670210829279398
39,13,308,0.16295833342365354,0.2281993599410798,5.111384297147362,4.035981791161413,0.6469480242836775
39,14,307,0.15985627531105234,0.22049021963773252,4.758636211606511,4.440897180533131,0.6437071786338318
39,15,306,0.15788770994330564,0.2180689832266954,5.956421682980717,4.844370890176545,0.6610109171244524
39,16,305,0.16543680718495507,0.22910632891973176,5.160233000273839,4.164588864398485,0.6625454331518131
39,17,304,0.16811272397143825,0.23440120851507779,5.123315799675911,4.624607989281633,0.6628308828482484
39,18,303,0.1657358018665808,0.22768175962332898,5.489803715312,4.941532914198556,0.6382388613111137
39,19,302,0.1654377946894778,0.22453207356044258,5.276168443169979,4.3671279563891146,0.6775194837080208
39,20,301,0.1653929406690777,0.2252989244358019,5.402037817668681,4.5716864604064495,0.6738373105846857
39,21,300,0.16513055069136257,0.2234871911257553,4.914572391927136,4.336373049222547,0.6508787528974814
39,22,299,0.17002882845201528,0.23065795201464495,4.976491211025651,4.364682284046016,0.6287977050085727
39,23,298,0.1685062120188524,0.22790193601396103,5.096341920584894,4.129806760457939,0.6546899708359671
39,24,297,0.17155329466282726,0.23126035266442174,5.432545657571136,5.002795967452457,0.6654002662592224
39,25,296,0.17019388329552873,0.22926241166915637,5.192762517054768,4.280510981670762,0.6507347580283447
39,26,295,0.1680947433530897,0.22602284236102657,5.443111133106907,5.0467752585696335,0.6729763080383652
39,27,294,0.16644170455385657,0.22852648554478594,5.576108623375086,5.103094357001378,0.6699775635311416
39,28,293,0.16207588291818803,0.222620415680716,5.186567362430809,5.496389581010121,0.660371420463445
39,29,292,0.1647280952016007,0.22361320666830892,5.203161168315322,4.655508712375932,0.6642646345841233
39,30,291,0.16731416113002887,0.22822473056879458,4.857935787186312,3.919585592570452,0.6597341842188651
39,31,290,0.16535543524381105,0.22555957552786327,4.980021582496172,4.94156757846884,0.6555811289739515
39,32,289,0.16355208620553516,0.22052900001716957,5.6152581135232085,5.157465353838407,0.6746391737513096
39,33,288,0.16991069283432345,0.22921083477098367,5.1793567457819645,4.72665967429632,0.6536811755265126
39,34,287,0.16943262590346841,0.22785550029978272,5.466533229291197,4.985487304665362,0.6694866756866459
39,35,286,0.16842050156304758,0.22394913365992164,5.438545704002648,4.657892246160431,0.6715180376201795
39,36,285,0.1634658672458828,0.2182070127629918,5.101206505758596,4.577164572765315,0.6648564221348918
39,37,284,0.16976251926137234,0.22581151000760186,5.53950415001201,5.010603224622194,0.6593888720719309
39,38,283,0.1695844525835062,0.22534253297783494,5.2460184667139105,4.687131667844799,0.6515225404299491
39,39,282,0.16627409942744875,0.22095174077671206,4.6795221144579395,4.872954765734397,0.6757721439537605
39,40,281,0.16044542865111525,0.2152582717062305,4.936924856827645,4.557233326326604,0.6870698328368023
39,41,280,0.17206570231016352,0.23140803323461914,5.592171599623374,4.6503295966862215,0.6857354744717183
39,42,279,0.1681243385910657,0.22673043512995456,5.135928764930878,5.252741334727412,0.6476581406591175
39,43,278,0.16434767933213623,0.220704654128502,5.090992244536054,4.493331810893718,0.6640845942127063
39,44,277,0.16401462277372433,0.21864089917269924,5.964722985866969,5.17711596442983,0.6783066793254502
39,45,276,0.167602837749954,0.22151300492736112,5.917300152042002,5.439033250938003,0.6833393545045006
39,46,275,0.1735127526663137,0.22986819003236827,5.526203177563,5.0189787059075845,0.6557271055902769
39,47,274,0.1714496432305748,0.2291454489924261,5.296154835897763,4.833035210242849,0.6628999919697895
39,48,273,0.163780078911937,0.2178526177371219,4.955536708332976,4.472961684060715,0.6716140550257882
39,49,272,0.17122521822685696,0.22898600722028256,5.272674826706927,5.109049281773683,0.6710922870661388
39,50,271,0.16893378373933138,0.23301618349787417,5.47478541980875,4.599893105681431,0.661352685692912
39,51,270,0.16801199627770544,0.2295850496883878,5.468520259959126,5.343172403308272,0.6670567175922448
39,52,269,0.17397902743565408,0.23759625088932382,5.529494219633186,5.903008063684377,0.6487362542972741
39,53,268,0.16691165440028588,0.22799312757238419,4.823808962851123,4.5387793891851995,0.6766864949313623
39,54,267,0.17829014050910325,0.24091427674367613,4.995741881903717,4.438842242496727,0.6440483119991568
39,55,266,0.1709414198959547,0.22905649350517565,5.295287710301283,4.77921285830614,0.668026645504454
39,56,265,0.16414762407471817,0.22132149403600124,5.096814960948295,4.237326690168735,0.6637265457840201
39,57,264,0.17087470227481383,0.22976034939774648,5.15750234840628,4.472377678100537,0.653826530767003
39,58,263,0.16810415212753677,0.22490897767094745,5.283181858304848,4.609922453706228,0.650933244464782
39,59,262,0.18072086353797406,0.24034176990389816,5.118245113055752,4.683884572328339,0.6331705663446768
39,60,261,0.17338101686387727,0.23255802448291754,4.999397760926808,4.032175424725071,0.6528722256969798
39,61,260,0.16925911238657398,0.22755292225109114,5.194164518127991,4.186380580289596,0.6389198684769903
39,62,259,0.16558114293293932,0.22354791991902168,5.413971232370017,4.660686018940133,0.6521037101154143
39,63,258,0.1794751561454402,0.23979223068505287,4.8583809572743775,4.4910006414383945,0.6388129956869852
39,64,257,0.17230011789387212,0.23042869122198997,4.835483588129064,4.703461155587833,0.6516573107244419
39,65,256,0.17208697531945982,0.23041166451396097,5.333600828326437,4.865851908933563,0.6522551851400398
39,66,255,0.17972953539739386,0.24441760029894996,5.22401211758576,4.454151328900169,0.6643136985911592
39,67,254,0.1702110493534915,0.2322041929315545,5.067206489700158,4.405614130850039,0.6460082503355512
39,68,253,0.17339060396826642,0.23785437852235564,5.12022569912987,4.457799582767287,0.6456815479899418
39,69,252,0.17434119595421232,0.23657016457681193,5.369152484004667,5.340870819781137,0.6546889670178518
39,70,251,0.17518202145209866,0.2363926061799495,5.421796079832829,4.824166721861189,0.6388350570268443
39,71,250,0.17272885341747377,0.23728916913538475,5.923723490616833,4.984155640980348,0.6459925691105456
39,72,249,0.1735474848788852,0.23702848591957565,5.22845957425774,4.6552096012164155,0.6641180861241748
39,73,248,0.1859471694008938,0.25016240800784006,4.908853006142524,4.260950008228489,0.6482030955321074
39,74,247,0.17094894366158328,0.2325302977319459,5.778878645865243,4.799157859376376,0.6611349759232339
39,75,246,0.17455277005085032,0.2416167143060739,5.2349574692906575,4.401410380437207,0.6413519816305029
39,76,245,0.17188335716409356,0.2385783564575482,5.065082219222332,4.5935718719108305,0.6556168106422938
39,77,244,0.1695054466170092,0.2366607177050084,5.007005387435531,4.510804172286636,0.6553354784630796
39,78,243,0.1728275673406541,0.2415606060929757,5.469829880653448,5.01643315736042,0.6432655904690429
39,79,242,0.1647188397182627,0.22881065987965518,4.954581448346691,4.697134800066213,0.6446136332793967
39,80,241,0.1693456722937506,0.23356328899288506,4.898076928255714,4.245041639381173,0.6658692455732659
39,81,240,0.17095683568818312,0.23777277568035035,5.126298872493717,4.933414821167012,0.6417450497283297
39,82,239,0.17372666801154246,0.24216308055234342,5.235355864517382,4.652203810474971,0.6622331680976683
39,83,238,0.17240875470139028,0.24197025955039186,5.96215029151408,5.510801586089963,0.6497998562341034
39,84,237,0.1778659852978547,0.24755024640742718,5.1179156625615745,4.692417159370518,0.6607243530069601
39,85,236,0.17709779568493772,0.24426054884611662,5.480714390214406,4.604487717954716,0.6655834873454223
39,86,235,0.17620406105958072,0.2404330778644355,5.650129032634794,4.781912051054033,0.6672229973612557
39,87,234,0.17218014077392857,0.2378283664247377,4.93217944340891,4.534019792004149,0.6445814877445174
39,88,233,0.17396417230725372,0.2402403605834657,5.351627950532993,4.808825845647221,0.6348819174823832
39,89,232,0.17887135892406597,0.24541790757892057,4.864238299959043,4.433297539246554,0.6413327768728966
39,90,231,0.17963602814067617,0.24767502646608833,5.715436062883287,5.997722683146124,0.643361752095488
39,91,230,0.17002706013951777,0.23434997930801058,4.987536045211039,4.605599287343067,0.6727433712646491
39,92,229,0.17142770444673686,0.23692468947534165,5.043208868657816,4.36227118910456,0.6524210131136946
39,93,228,0.17689206132906665,0.24528643450741125,5.420160532708708,4.65304616855752,0.6630241605406595
39,94,227,0.17536135246428394,0.24065167725472247,5.010333635336469,4.12696385064744,0.6663090971748008
39,95,226,0.1778832351396529,0.24304644936527967,5.062639219076472,4.601703022451157,0.6502747067281331
39,96,225,0.17975886455677453,0.24550637663489022,5.436109731493513,4.848726742810622,0.6459181693195065
39,97,224,0.17939935424384967,0.2439235305824139,5.336349741299678,4.588366773600076,0.6337266794267119
39,98,223,0.1740810209228831,0.2388736546458203,5.356069689976827,5.162039341245895,0.6708851165567505
39,99,222,0.17823585463573915,0.2416406466935435,4.913785134284703,4.583527952958664,0.6609351647544017
39,100,221,0.17934447039440227,0.24093878239490601,5.261580781202156,4.4359054885229545,0.6501982374265284
39,101,220,0.17670425839478932,0.23948761501174776,5.0002013009858555,4.871780947701986,0.6566052789787314
39,102,219,0.1748940329513094,0.2340989254778532,5.1950946995207845,5.302265551547839,0.6488913701114966
39,103,218,0.1787038197215711,0.23916150347424495,5.431227484106167,4.894194393990634,0.6648028531483396
39,104,217,0.17698048879505587,0.23376452514711063,5.087795900160536,4.495746059038502,0.6682879306542968
39,105,216,0.17613356264837102,0.2364212662511925,5.539530279653787,4.552823363683989,0.6381275671919296
39,106,215,0.18310300694341244,0.24459180289864535,5.249381510523625,4.818672400167281,0.649162667201571
39,107,214,0.17734955310826825,0.23634690102635433,5.491009370560597,4.630855224002613,0.6568698525434913
39,108,213,0.18565213947599857,0.2476208554571119,5.486388909098402,4.563692006823372,0.6518507394937592
39,109,212,0.17717022820245362,0.2345597220817136,5.146545768843806,4.658790062663953,0.649148978981962
39,110,211,0.1830235448537017,0.2427647937446361,5.12958955261987,4.6325701014391125,0.6522392494735025
39,111,210,0.18416877690118735,0.24692965473679604,5.008282558968422,4.0367205929171615,0.6538639402157286
39,112,209,0.18373189695506584,0.24485058085542435,5.169365869364135,4.399421577913383,0.6498833396925529
39,113,208,0.17760607906075598,0.2357628431736598,5.443690406998209,4.835308152825595,0.6471046366568783
39,114,207,0.18490455672521536,0.24706824434504,4.924026241476643,4.3274234215996525,0.6451176244806645
39,115,206,0.18023191022621504,0.24031767437359222,4.9098884433629095,4.246957932732878,0.6588786369226824
39,116,205,0.1854931741833013,0.24956440228616297,4.886154668451022,4.682360216944102,0.6499711197145868
39,117,204,0.18885131579851455,0.2555640076634447,6.000139194059388,4.508161412358676,0.6666057741710507
39,118,203,0.17985140682804063,0.2436058897512664,4.9796865696792185,4.395891680177837,0.6392020405361749
39,119,202,0.18186694233125883,0.24212711195183909,5.418603682098578,5.021165999734273,0.6507345517388832
39,120,201,0.18119224657476435,0.24166870961997508,5.205629873460367,4.277046686358271,0.6465619765514246
39,121,200,0.17961576087738923,0.2399192165464398,5.050843979419369,4.682747017782385,0.652837108271595
39,122,199,0.18161156175408616,0.2417067278330704,5.3069268508868,4.14868360108605,0.6556514924199716
39,123,198,0.18327229696482183,0.24521942187434978,4.692292088018933,4.4531620836530035,0.6607048527977111
39,124,197,0.1789438900969443,0.2379862448752554,5.241820929227227,4.564262746294952,0.6642217269909383
39,125,196,0.18588786390064083,0.2445976519155414,5.273714191916675,4.632450047381386,0.6497073845055835
39,126,195,0.19020480402161866,0.2502858479697332,5.076076702598844,4.1323545144126,0.6296367267414494
39,127,194,0.18124109219811055,0.23682817947612675,5.405196266197714,4.463807416391938,0.6819934283791164
39,128,193,0.18042079077296413,0.23597205222341325,5.531783187887953,4.5969603036925335,0.6475309603982528
39,129,192,0.20071741432776952,0.2646694199899047,4.816124600580063,4.569475944079651,0.595322324912216
39,130,191,0.19601198002608308,0.25891871929046417,4.70535058114473,4.196796972423639,0.6099654975862335
39,131,190,0.2042730133570049,0.2681573511914393,4.867525815012256,4.587246201908426,0.5914366950517871
39,132,189,0.19873106232872415,0.26263761763536214,5.079969214377648,4.807984225846979,0.5898164284942194
39,133,188,0.20352943987140823,0.268781770995547,5.076103843539582,4.635134784182555,0.5971052822246761
39,134,187,0.20359875925499304,0.2680440030673676,5.240712257962057,4.083933868700915,0.6148554680710883
39,135,186,0.20360044729107799,0.26784941341528484,5.512077327775453,5.091640213679917,0.5922027793382332
39,136,185,0.2028389043886652,0.26959193828115163,5.424638281251582,5.686948947660896,0.6035909861027491
39,137,184,0.2025105148310176,0.26902322572585724,4.856467402806547,4.0305884329406725,0.5718919281356634
39,138,183,0.1949410989455338,0.25908245269164143,4.505731223551676,4.689090335802617,0.5841446505310687
39,139,182,0.20299168991030087,0.27054797293548555,4.833657321233854,4.618468834149988,0.6049306494302308
39,140,181,0.20350213338297463,0.27032383667589305,4.9810499815162395,4.570734636487873,0.5911250064947194
39,141,180,0.20216521642328203,0.27033552824807905,5.2753912508208165,4.849692835103315,0.589441983288489
39,142,179,0.20160865390540178,0.27090563566464726,5.498165479378203,4.6074174150170135,0.5867565598378399
39,143,178,0.20671621935873374,0.2784009978801459,4.654019986432685,4.537753102083252,0.5652794999869016
39,144,177,0.20113119724747228,0.27001856550307574,5.906280945497988,5.444620764452663,0.6042561101268336
39,145,176,0.2032677529923043,0.272393440623441,5.027653692691679,4.567188643646357,0.5804728615857083
39,146,175,0.19798498259351296,0.2674745047247071,5.006539396850771,5.076002737450979,0.5922247429242228
39,147,174,0.2041618192155162,0.27717587722265163,5.318824183264173,5.317334056341192,0.5802454179344563
39,148,173,0.20411950530740156,0.2776934016565376,5.603172406590106,4.883106920050336,0.5741655549688458
39,149,172,0.2074619956898608,0.28470568699826226,4.599650736910325,3.9359417587590904,0.5896968333096422
39,150,171,0.20972480942820015,0.2881527316897513,5.093597474646144,4.349237791240086,0.5688593075677346
39,151,170,0.20198866226379858,0.2777653337934438,5.134081490435279,4.617433635995376,0.5774534888943514
39,152,169,0.20725538894724857,0.285366285527064,4.991712637444763,4.851124770459126,0.5609589194178952
39,153,168,0.20367902248291703,0.27804951528335153,4.868080897811607,4.720167793648007,0.575632460780549
39,154,167,0.20283379909254917,0.2795966881403311,4.9637389056207635,4.48686952335587,0.5691735971600452
39,155,166,0.2032883647481383,0.2836949844245377,4.681527515126339,4.020775488910415,0.5878165098758971
39,156,165,0.2021795890282434,0.2830928055692718,5.593480536500238,4.8654300830653066,0.5993936516106367
39,157,164,0.2004740332855252,0.2824230325778704,5.414882539403437,4.429953335885931,0.5960854334700086
39,158,163,0.20553240925909586,0.28990771243893904,5.086956906357459,4.409889309496167,0.5762257899560573
39,159,162,0.19594216197584838,0.2743622222745436,4.861700094353905,5.30143059964185,0.5943606986324074
39,160,161,0.19124892300292917,0.2691246032107338,4.844754106838988,3.830763822220961,0.5883848775245107
39,161,160,0.20325538889098493,0.2847400009179202,5.47088648237647,5.206835471967311,0.5859725744231902
39,162,159,0.2049549964583309,0.2901525580822104,5.390408505985783,4.329370404182738,0.5670568423266729
39,163,158,0.20214459651106265,0.2869703681417333,5.4254532658959524,4.507295310359106,0.5753656903223711
39,164,157,0.21259938774458154,0.29910315612285415,4.940385337054716,4.495789801702196,0.5782159366312458
39,165,156,0.2060017834729866,0.29163140087297174,5.14863348474249,4.164812266420697,0.5765033806170472
39,166,155,0.2007714979804042,0.2846144226466233,4.839793068274142,4.706859237580274,0.5983794863839922
39,167,154,0.21164080903057608,0.294402395015039,5.142896436214776,4.903710823805601,0.5670983354464617
39,168,153,0.2027647322176912,0.2807071967846889,5.246386731595006,4.179866374507467,0.5777735958364982
39,169,152,0.20851998779031952,0.28721584116458165,5.11144192097909,4.509102426478234,0.559259567461446
39,170,151,0.21285862664380573,0.29373307558579614,5.0915457621023466,4.769699074916653,0.5776488675235504
39,171,150,0.2009065879083129,0.27696017313482346,4.831483623889474,4.299684499116664,0.5914002353604398
39,172,149,0.2082006561995344,0.28342715928603834,5.0219054897862385,4.223352342985477,0.5811526073363181
39,173,148,0.21311082828151318,0.2881414363022105,5.34681095059336,4.357645488126465,0.5821854161169395
39,174,147,0.21552215177521586,0.2913076285834373,5.428623906370239,5.110898329359835,0.5630056546315978
39,175,146,0.20819561487745414,0.2817601538559746,5.3457087405994645,5.184859979751729,0.5944962210358348
39,176,145,0.21016316294887177,0.2818364415951332,5.2034101143313976,4.471148065130394,0.5901655302964434
39,177,144,0.21689289993005345,0.28720341091476737,4.7850709369429705,4.279686483852589,0.589732210638654
39,178,143,0.21690869916712816,0.2880764214961271,4.891081799191678,4.219440108845751,0.584920910063892
39,179,142,0.20723009719917418,0.277943383547154,4.7852370606267005,4.513054046057372,0.5829245991282566
39,180,141,0.21380536727904909,0.28340590467347504,5.5582713889071576,4.690028632229044,0.5849640314666839
39,181,140,0.20680763848620415,0.2780537635995997,5.038045089119581,4.534242699921104,0.6249902255620003
39,182,139,0.21651987263855502,0.29235381529662446,4.940370684060881,4.197017894656229,0.5751260461087163
39,183,138,0.21700403849741218,0.2914233603234636,5.7542526727409715,5.386824781579711,0.5853763517901992
39,184,137,0.21834365721795818,0.28991611027410513,4.97968562866453,4.7205681286092736,0.5893350652968524
39,185,136,0.21414496080226153,0.28083029029262385,5.400863007179093,4.779548090547175,0.5918650767587891
39,186,135,0.2185956300541015,0.28663752013600785,5.283559855034878,4.43287745216362,0.5463781445314053
39,187,134,0.21046179497376885,0.27867180390664587,5.158638089261759,4.373173413936005,0.5718758832581156
39,188,133,0.21572821409134008,0.2859848644924044,5.202474971858928,4.568320899022957,0.5862396743941967
39,189,132,0.20800222478244293,0.2773774944025884,4.875256230792059,4.113720212637929,0.5820345469588204
39,190,131,0.2077683422311436,0.2796321280308557,4.768431279029334,4.626822833526396,0.6046592024582225
39,191,130,0.21303172602277906,0.28689368497608747,4.87651237543751,4.438656649594172,0.5597109358871418
39,192,129,0.21818901309829278,0.2918372659183768,4.992259328732561,4.481770144998042,0.5535720606257782
39,193,128,0.21297550118589478,0.2842763065395552,4.8559111831015525,4.0957945091313785,0.5800936357375869
39,194,127,0.21153231326488037,0.28289705362805084,4.683149188620659,4.552613183680949,0.5775103865044668
39,195,126,0.21609114847768848,0.2903263123804116,4.583107633979276,4.244431333553945,0.5979700148493591
39,196,125,0.21939696445315152,0.28754840001328386,5.741962999512813,5.105335264162778,0.5550777093418506
39,197,124,0.22036481485066342,0.28858763510339863,4.7542172204134046,4.174893270591862,0.564489720015806
39,198,123,0.21644347447656637,0.281725094870417,4.47889386575017,3.9800377561868063,0.5821449254333034
39,199,122,0.2203419940526942,0.29074050871713336,4.90748972501073,4.264714294270317,0.5878137547890273
39,200,121,0.2180189675550891,0.28415512924440933,5.534597419367959,5.925679799366556,0.5916207492630497
39,201,120,0.21343738116765493,0.28005252630183763,5.45140227056951,4.891115828439267,0.6070874743230523
39,202,119,0.21577844877477306,0.2833014954160267,4.976134517810674,3.9685280036983266,0.5864840469890953
39,203,118,0.22065131964471094,0.2894632239922646,5.540643416328928,5.372586540089753,0.5806637752483755
39,204,117,0.2161598734793767,0.2820628984955718,5.035767141040911,4.065359684739755,0.5692475372828079
39,205,116,0.20992722425879598,0.2748248192388183,5.135838508891356,4.67346863150714,0.5876525918762233
39,206,115,0.21218134009265283,0.28057558814752265,5.614414462774564,5.48556081985818,0.5975193032964016
39,207,114,0.21903497156346463,0.2936334341802765,4.537812577505139,3.837414403629782,0.5653223974303015
39,208,113,0.226925338841939,0.2981256011471865,5.550621071909992,4.2716649597051415,0.5679843672000132
39,209,112,0.21563645672757512,0.29299465513280254,4.805994859954679,4.399075561931008,0.5848359656128835
39,210,111,0.20795009648446303,0.28417136887746997,4.796710858979582,4.439745638931547,0.6028310975221287
39,211,110,0.21902438075963826,0.3015400853746931,5.440091120126128,4.474720715949369,0.5603169095143877
39,212,109,0.21748592500165462,0.2987964186039619,5.239893044382702,4.694712485627859,0.5702489152334771
39,213,108,0.20884676037813646,0.2834312873822684,5.18264424531001,5.238596009559207,0.5915562064780808
39,214,107,0.21342286273014774,0.28893702528123605,4.836872998288262,4.87078751465567,0.5588326546967375
39,215,106,0.21764268457814917,0.2939111988829397,4.490773320182907,4.43393628150722,0.5764939494026728
39,216,105,0.22658595187025668,0.30476919880688474,5.760805315313361,5.427047145642312,0.5686323318006239
39,217,104,0.22072780672414793,0.29441011369996795,5.884393128314805,4.409335784251206,0.5683790590371377
39,218,103,0.20777135670949154,0.2774941686880455,4.777745303898024,3.9226388080450816,0.5951070299039505
39,219,102,0.22145579863366358,0.29770572791686306,4.984905062021133,4.033731512226582,0.5764322674596538
39,220,101,0.22123424568526054,0.29676753053485405,5.193087009900043,4.813222248470273,0.5801693379469516
39,221,100,0.2183666618599541,0.297332200347312,5.136852176827192,4.141522072212079,0.5728824626380887
39,222,99,0.22222913643954023,0.30500901677767567,4.673288671942531,3.9593675678054776,0.5684966518829991
39,223,98,0.21491626485092266,0.295847015787354,4.858878507746863,3.894526177758007,0.5815196432856207
39,224,97,0.22281850380931362,0.30492013835374226,5.030801193276499,4.636473211286902,0.561443129468067
39,225,96,0.22708174344324453,0.3116395149933611,4.769600017362558,4.3494446672582505,0.55257608970825
39,226,95,0.21813619121955577,0.2969255972879509,4.924592478599301,5.305996875526088,0.5810700039701747
39,227,94,0.21511081412775251,0.29256153308920285,4.846311647118631,4.445894961190551,0.5796060661979064
39,228,93,0.2184624696957416,0.3012647415060102,5.072014014759973,4.098234492930644,0.587357675831845
39,229,92,0.2173333024642522,0.2993496225276803,4.879465061367771,4.248416981766145,0.5588080036446048
39,230,91,0.21269433073425037,0.2908654515074909,4.93098811882847,4.236663005855929,0.5749559045378352
39,231,90,0.22675666634469452,0.31118189716559574,4.737140598318398,4.4245381111323905,0.5701607479482139
39,232,89,0.22322461004673722,0.30375931690139646,4.7304027365382275,4.167625244335261,0.5573166696724577
39,233,88,0.21553507954731074,0.29493023097362925,4.480484370692795,4.025420411051109,0.5671941175558709
39,234,87,0.21687062182332062,0.29412180551054523,4.784159790820449,4.166633640930822,0.5621997678625367
39,235,86,0.2274755093471021,0.3079323364029307,5.043109762180418,4.790915693548753,0.5477463969376329
39,236,85,0.22493134699295697,0.30975305621921806,5.062656081146173,4.876291296007755,0.554519428874156
39,237,84,0.22352743393578275,0.309921177028412,4.974093220940424,4.3286133274613015,0.5640637426760239
39,238,83,0.2215594659077986,0.30819839437645546,4.906586677255387,4.310332478937195,0.5779240327644651
39,239,82,0.22567242228218762,0.3165009645629541,4.618452909924365,4.005670032710234,0.5401357688154431
39,240,81,0.2184216882972067,0.30703548105123285,4.932814617882119,4.123236557861291,0.5604710125421822
39,241,80,0.2219806269727892,0.30990258766593476,5.04300615623106,4.633461614962549,0.5654157209330007
39,242,79,0.2222085479051528,0.3113306263747138,5.003109620658035,4.79841384101598,0.5653823422709793
39,243,78,0.22102784973148892,0.30924062529335683,4.915011973115692,4.419455204183884,0.5607810176948178
39,244,77,0.2155098782554125,0.30339751580331575,5.161353391057656,4.20300842759613,0.5663328481689321
39,245,76,0.2257700715703179,0.3162084485124615,5.612789426707282,4.492776451855553,0.5760890862212825
39,246,75,0.2147672533594263,0.3012893107028731,5.090168550054855,4.631221747116293,0.565525229823324
39,247,74,0.22601111350552877,0.31706783200919764,4.582088218243835,4.093210452198863,0.5498151076514974
39,248,73,0.2252959705557561,0.31419342860949817,4.973826015921051,4.795824518400569,0.5522131537786701
39,249,72,0.2148937836589725,0.2962301460352072,5.163517267613436,4.768571489402413,0.5807739420869072
39,250,71,0.2254995028180137,0.3116555550549633,4.898732233935712,4.710455137431364,0.5635907099329784
39,251,70,0.21468890483416234,0.2955576651161911,4.469231306574971,4.065947759028352,0.5721644584459742
39,252,69,0.22284582388886243,0.30694364548513586,4.970736914973369,4.092897020749072,0.565918670652391
39,253,68,0.21634041514693728,0.2968165991114399,4.628394291180199,4.202456079109185,0.5759115811152972
39,254,67,0.22743455766351217,0.31309980704172835,5.476939049554048,4.666082535433081,0.545939038424367
39,255,66,0.23209691398763527,0.3153670729114934,4.919427534152654,3.9694019366368196,0.5573752054325332
39,256,65,0.2307423097919315,0.3137182319187165,5.0753721022279095,4.070272217626735,0.5505051783727042
39,257,64,0.2489387496145898,0.33751269243168064,5.316684585259324,4.894593862144604,0.5150929670066818
39,258,63,0.24115619338435426,0.3285795036679631,4.546087020854971,4.034901171156823,0.5314204902667475
39,259,62,0.25300694379816535,0.3488637571813878,4.52420910365514,4.00149551173119,0.4958326387664536
39,260,61,0.23125053199094842,0.3185425313308325,4.950079807751624,4.271368799903012,0.5573524305065553
39,261,60,0.24618294158147516,0.3309035752365606,5.198139360096629,4.788163954928372,0.5067151965950517
39,262,59,0.2496759130751149,0.3333980523656088,4.59616365531874,4.108161779695053,0.5114215816306519
39,263,58,0.2500805254885841,0.3384767646878943,4.5605064143060225,3.829688694030378,0.5305187636910526
39,264,57,0.255749103483931,0.3451982615343543,5.0478467212946025,5.129308807814024,0.5133344238349539
39,265,56,0.2395056115726876,0.3249918400823285,4.5572499774577295,4.1512346609384965,0.5470136043062295
39,266,55,0.23637095213181655,0.31407079997827975,5.186804241007601,4.312396623608428,0.532699241032553
39,267,54,0.2453521839053953,0.32589684820977416,4.630064712232662,3.830480446008969,0.5343879367149685
39,268,53,0.23703984350548415,0.3181110200610502,4.556011775948055,4.2948739445974295,0.5255768909289226
39,269,52,0.25280363806619766,0.33948926556013387,5.185463564956175,4.843701702784907,0.521445885536995
39,270,51,0.2455439496302912,0.32992821308198206,5.317872777714008,4.873107769215725,0.5302091627158543
39,271,50,0.24174283338660607,0.3220711014098929,5.163062610702471,4.312217803232581,0.5121137428492801
39,272,49,0.2525553997679637,0.33147623318756997,4.800879985979966,4.2406190081085855,0.5036943527734242
39,273,48,0.2501181470013531,0.3314001994987482,4.856150273810208,4.05792574895403,0.5380355818185805
39,274,47,0.2490229892032226,0.33280821306529684,4.608941814534964,4.3237125214062155,0.5380570461968234
39,275,46,0.2543232065452257,0.3368873307254968,4.607061923116413,4.01281232053241,0.5197504458122153
39,276,45,0.2492724101772079,0.32879390771952083,4.547877917032816,4.095403443616874,0.5185378884649668
39,277,44,0.25008683501361184,0.32816687546755136,5.253414959329045,4.316176538679201,0.5318175576490098
39,278,43,0.25797331761229664,0.34261108254407846,4.620821556229539,4.514212403160209,0.49945850705412526
39,279,42,0.26102312664683125,0.34960407877810595,4.865523648798924,4.357615197734933,0.4967486237561697
39,280,41,0.2580327619288006,0.34493493977799905,4.375229105398933,4.376732600655173,0.4850754560006304
39,281,40,0.2522563245320397,0.3388441284469789,4.591336795549195,4.174686334190015,0.5099561452719427
39,282,39,0.26189141830351054,0.3504403819810258,4.944813587949245,4.442046388105225,0.5069258399610785
39,283,38,0.25358684565444806,0.3387567456734294,4.613979951031224,3.9944710154824246,0.5087664552756739
39,284,37,0.25372414233252966,0.3418980150923113,4.626419379998608,4.437124270730337,0.5243880192477895
39,285,36,0.2562490852701047,0.3427799664386825,4.548490727543091,3.9604386464345254,0.5091130611369065
39,286,35,0.2619350076230355,0.35385819880241803,5.265817693633977,4.1361826518708655,0.4986715724679408
39,287,34,0.2636386833883066,0.3560572994120635,4.849491450948257,4.240715031561598,0.5036418019700606
39,288,33,0.24748183412689592,0.3311488614198736,4.803610028731482,4.069473886773465,0.5474199703292871
39,289,32,0.25204685669592847,0.34032788240426876,4.938991708110424,4.387325345117993,0.5284409250537155
39,290,31,0.24265344843465916,0.32878017350621463,4.764363104273237,4.313183170168243,0.5286636596555531
39,291,30,0.25749470028967947,0.34741477643788055,5.14929500007724,4.186566843563808,0.5162995647129354
39,292,29,0.2552094734816845,0.34482909803438216,4.250672924291203,3.974856500052843,0.4981994492444553
39,293,28,0.2423645395237062,0.3249090233323581,4.5510534543493995,4.075629247141698,0.5332065393554388
39,294,27,0.24950869977401682,0.3323749123732574,5.176152903528532,4.618430212957062,0.5482047014549366
39,295,26,0.24504691638433704,0.32912909797738693,4.722887641689194,3.960459726320627,0.5372761206092797
39,296,25,0.2589048862672716,0.34753298331459265,4.671229839287733,4.293841756325778,0.5116344744635405
39,297,24,0.2583591765046798,0.33997771872764543,4.776215897909227,4.930196931633027,0.49260025704375887
39,298,23,0.2555408151493666,0.3362538340504592,4.581085097195389,4.306173143916129,0.5272656656854398
39,299,22,0.2738533916974801,0.3581116965244892,4.931078705365625,4.837032781603513,0.49978050769851723
39,300,21,0.27997201891562906,0.366302475191923,5.2796677097076685,5.259282145812522,0.4868820164942655
39,301,20,0.2528289953725207,0.33760249142598336,4.809558692963611,4.65781448283159,0.5194770575591692
39,302,19,0.2611836219759167,0.3454333968688854,4.316644348643912,3.751150416180232,0.48762924739268404
39,303,18,0.2609704845134924,0.3479467023359032,4.927964475555601,4.602935609041296,0.5138781253865199
39,304,17,0.2477456876399644,0.3321204340527252,4.685861008442059,4.283789625554766,0.5422698130631718
39,305,16,0.2729364194594782,0.364660549445861,4.643071245769704,4.443054472278826,0.5082990842029746
39,306,15,0.2593011300636195,0.34941083690747593,5.1235979482631855,4.100981879568363,0.504863294482427
39,307,14,0.25012487418065993,0.3416605338436277,4.919917256110878,4.18509071141973,0.5325066747671383
39,308,13,0.2596334331395754,0.35368660088500403,4.969630341650188,4.303443617925369,0.5194465484723317
39,309,12,0.26963252918242026,0.363690412397837,4.48614176299536,4.1511313794068725,0.49549831018319185
39,310,11,0.2612688793224332,0.3513797561059999,5.185218140835239,5.032239150795936,0.5379624786984495
39,311,10,0.26670318074658655,0.3623522309813483,4.842501319430012,4.047502566544008,0.5208003307810097
39,312,9,0.26801724101628976,0.36739529350160727,4.462482330141876,4.8289060913401185,0.49271723345448115
39,313,8,0.25722286210658935,0.354520386751999,4.452884822946301,3.9375980752768553,0.5191748210550822
39,314,7,0.26162783858035205,0.3575249601012336,4.583843904076193,4.396092124279903,0.5183990603101772
39,315,6,0.25965083302236147,0.35403441249401696,5.800781228649717,4.976840145248508,0.5120518804849991
39,316,5,0.24766118141573953,0.34160331740761,4.906696411316255,4.779867823224166,0.5199463810807866
39,317,4,0.2616706027546752,0.3598494384107312,5.011700495584986,4.618876232375362,0.5017033605133879
39,318,3,0.25534105341785035,0.3532855026170952,4.712856660258866,4.4268395797003075,0.527752994409518
39,319,2,0.2603694206029465,0.3615957955909547,4.96836830104264,4.288172580619541,0.5274888036805565
39,320,1,0.2552778423504122,0.35496716200600886,4.674300160783606,3.893943532150473,0.514115416441753
39,321,0,0.2653066505619758,0.37280937992278684,5.248875791417584,4.259341544417379,0.5034063868509714
40,1,237,0.15374540767023256,0.24449254217641977,5.892066730368493,5.654402671466659,0.667691862225348
40,2,236,0.14861616163739505,0.2357317352769376,5.038430650473721,4.570463722937311,0.6804641624949678
40,3,235,0.1485166783170412,0.23578687149890404,5.020266089638845,4.430843226873618,0.6581507974588754
40,4,234,0.15497892758013698,0.25016189506771974,5.696451084170572,5.467981325182624,0.6750203296446632
40,5,233,0.15081346900055567,0.23997780313633618,5.442152798572172,5.00721764087781,0.6398834891223327
40,6,232,0.15491748934436195,0.2489688870247164,5.156850043162134,4.328929284059043,0.6610997119041034
40,7,231,0.14974391542558374,0.24274178129508509,4.767978111935519,4.3866100633487815,0.6530411337850406
40,8,230,0.1569983888327791,0.25503257502572396,5.129834265437188,4.387441912282581,0.6558446865469965
40,9,229,0.15681443792924332,0.25202900100384057,5.286187761580429,4.543322583126538,0.6338536890228221
40,10,228,0.14792754509902373,0.23538096759523708,5.400449661045053,4.615924931160917,0.6533954236032347
40,11,227,0.14948756152868403,0.23689801079394432,5.361023827546992,4.624815991565497,0.6658337539465969
40,12,226,0.1501644455042282,0.24510724143853255,5.156042789314535,4.398312534455069,0.6263273780279158
40,13,225,0.15479427094165238,0.25002817977343456,5.06328228877719,4.171805027985037,0.6460443001267422
40,14,224,0.1523962969941627,0.24924708709066906,5.135992032046154,4.749229857363054,0.640054363405081
40,15,223,0.14672182033970085,0.240491879474174,5.202522396386681,4.3898008726330175,0.6660762563800919
40,16,222,0.15728563314042185,0.2587232069174057,5.2756134209084475,5.199961499956576,0.6405805414079401
40,17,221,0.15418574371943256,0.2529604752120322,5.811353979435072,4.679332474535116,0.6453115720974547
40,18,220,0.15338646421102792,0.24856200642606202,4.942520446168626,3.8234997496714276,0.6269259267616081
40,19,219,0.1528398418092405,0.24198784467345671,4.997308207055259,4.139734013594175,0.6759458339713985
40,20,218,0.1546554230428894,0.2415722951408171,5.112669580648491,4.235715581745945,0.6619461050645489
40,21,217,0.15052171773280157,0.2393017534645811,5.050642269259193,4.439965534484556,0.6424412343479998
40,22,216,0.155126444425933,0.24917836717650318,5.186473712859023,4.391006550610386,0.6353053948760106
40,23,215,0.15297524770146895,0.2480765202460524,5.356231087351144,4.230485638286248,0.6302399193014411
40,24,214,0.1486794766295552,0.2405941322585101,5.845562207562086,5.031184741329863,0.6455418122924673
40,25,213,0.14939201687087958,0.24032940683449444,5.450825097923342,4.911494835029251,0.6583046094125931
40,26,212,0.1511881884464382,0.24422493951274782,4.872863163021539,4.252689816319719,0.6566351113597624
40,27,211,0.1516668318682003,0.25003720931159124,5.587292583799698,4.923297317642202,0.6516606154317346
40,28,210,0.147463066095478,0.2464827077699155,5.29530795122241,5.278735385312622,0.6351045321407958
40,29,209,0.15407581358305034,0.2580081046498333,5.248346949880867,4.964744655433859,0.650599597698157
40,30,208,0.15080491582464756,0.2477376497857613,4.870325465641699,4.091533484409708,0.6588497762846094
40,31,207,0.1554423029851749,0.25410050438193776,5.699256246581559,4.853334925571046,0.6659474990072621
40,32,206,0.15248268812943183,0.24763537395223717,5.407347654150019,4.574656802372737,0.6544239113660908
40,33,205,0.1561743979041876,0.2535638798015124,5.433770799251083,5.305133073538539,0.6406720726913472
40,34,204,0.15343005736195575,0.24751397428860553,5.3762434910892996,4.780603122443604,0.6491153893835433
40,35,203,0.15337704302139246,0.24914606971530176,5.709419681901662,5.944943526474178,0.6573084902984869
40,36,202,0.15717281623102553,0.2580087285972452,4.957209896342443,4.806582549366954,0.6267761042566867
40,37,201,0.15108681666904605,0.24834247255098485,5.406020218636009,4.4892370299830215,0.6658728006014835
40,38,200,0.1562668981311737,0.25661457897744727,5.326341451834269,4.672618246262282,0.6500884436029868
40,39,199,0.155189199748725,0.25336215642742405,5.071896600836041,4.156220400945024,0.6404449784096111
40,40,198,0.15941593030616785,0.2610426709862361,5.673720590944394,5.162700009158432,0.6304910096526515
40,41,197,0.15186080680086086,0.25059564391970346,5.043623612598264,4.514167949766199,0.6492289754174264
40,42,196,0.14703208769034784,0.2442155861636237,4.737995768597144,4.379913962306987,0.6424112425131296
40,43,195,0.15007184091458045,0.25783776640942413,5.04760402251127,4.377481730112656,0.6466218919434548
40,44,194,0.14820605110797472,0.25073255081536155,4.864908304597328,4.141512567813535,0.6356431898495037
40,45,193,0.15613243437198998,0.2603327854531355,5.285932711500755,4.532471229957348,0.643599412202676
40,46,192,0.15481628272557152,0.2501748920081062,5.264980453610302,4.93670540354968,0.6460608668066569
40,47,191,0.1501541069926036,0.25115357999190296,4.954244604068343,4.813288401135205,0.667595355121602
40,48,190,0.15940584176879083,0.26601476325543516,5.451578424932384,4.485924414266393,0.6433514960393392
40,49,189,0.15564122306078584,0.2556827452790445,5.226875370513077,4.172855764727953,0.6331365695086113
40,50,188,0.15014847087077138,0.24461852332166306,5.087764563263032,4.638118875191243,0.6527880773253462
40,51,187,0.15112393933265633,0.24831517129267194,5.246501943454295,4.676983653471347,0.6511959508235957
40,52,186,0.15205485992310175,0.2471611898572324,5.401691407989933,4.619594660908284,0.6365850413714083
40,53,185,0.16018401659600126,0.259856092805171,5.121149816034563,4.423070479177307,0.632996963596102
40,54,184,0.15542542529967313,0.2535158270593046,5.375318636870249,4.4589622238783555,0.6428277751487772
40,55,183,0.15428173994960057,0.24866362915401485,5.823419297597751,5.211577691583363,0.6703690955295893
40,56,182,0.15919049419600748,0.2566251456287587,5.069179414310174,4.693366856768951,0.6442501042439944
40,57,181,0.1575954669732215,0.2548003187764098,4.983780823272628,4.229335839964039,0.634848826578904
40,58,180,0.16035108725150174,0.2608670493801999,5.23746258854624,4.920349382930996,0.6592515357474634
40,59,179,0.15781254212693702,0.2562435361174644,5.501254850513535,5.546850295858601,0.6589568837632206
40,60,178,0.15779668144830364,0.25714188183166253,5.094533386182317,4.303409016321633,0.6698799600669779
40,61,177,0.154258265684248,0.2512458382835844,5.255791790586571,4.747247853175489,0.6431284019223775
40,62,176,0.1537618047302607,0.24951046019853662,4.957493748978099,4.391362110908573,0.6392640786579352
40,63,175,0.1587027383623132,0.25535219530621867,5.835964971910874,4.945892557600291,0.6575705775563542
40,64,174,0.15387288286131182,0.2522434770758596,5.434770691245538,4.797753776565303,0.6599204363295957
40,65,173,0.15766648493490729,0.2566749162148537,5.1881260362053645,5.1626231580786435,0.6574993769983655
40,66,172,0.15791153557671328,0.2584282157727716,5.258362731999688,4.812261647465624,0.6214029388801675
40,67,171,0.1546955681483132,0.2516325535065745,5.195764745295342,4.456537967273216,0.6428185933774168
40,68,170,0.16197452458490413,0.26196917032965245,5.431682455401605,4.8177924336949225,0.6489766738096732
40,69,169,0.1551323181421504,0.2505160386806856,5.06046012267265,4.321257435286442,0.6651276760789563
40,70,168,0.1590042767860039,0.2548086294453527,5.129642136563696,4.732756739398429,0.6534375634385332
40,71,167,0.15789381298869926,0.25481954923325256,4.720726136330577,4.056476998014999,0.6286525613118743
40,72,166,0.16043074734263063,0.25738986031810046,5.309781745775714,4.510715668862338,0.6650353931804508
40,73,165,0.15582987670709517,0.25104814798390623,5.082339353328495,4.724532468192317,0.6533841866676414
40,74,164,0.15464231590806923,0.24504605844267324,5.133446956390254,4.993268511050395,0.6427067133423273
40,75,163,0.15443146293544335,0.2423943171978972,5.05401590346499,4.380503382290418,0.6554036213859823
40,76,162,0.15906738888905678,0.25085104509343187,5.043377300431182,4.23010007368952,0.6604024865446092
40,77,161,0.16029462365803515,0.2553969087714304,5.492573024197899,5.022510585332194,0.6491638839568656
40,78,160,0.15196479483022796,0.23926166728599557,5.444571174844517,4.655078904344544,0.6553459122655408
40,79,159,0.16255269713705323,0.25557313670015996,5.449064693754881,4.624177561481727,0.6118123816250552
40,80,158,0.16215766972870413,0.2550166352592327,5.049364588410995,4.123368519618809,0.6218429521669863
40,81,157,0.1654160315846557,0.2622092022031751,5.110677773317873,4.41403139829475,0.6324260816133236
40,82,156,0.1610150540264928,0.2576949381981816,5.4998557787798354,4.756942818913237,0.6531509808225592
40,83,155,0.15812825383157203,0.25562855487657044,5.421598669909788,4.971203987640816,0.6483961124841366
40,84,154,0.16869310477237587,0.2677325440743465,5.33660244471519,4.319120375920753,0.6441580894829388
40,85,153,0.15915123422476019,0.2550567128885747,4.913123443288462,4.542768851279091,0.6200390303665864
40,86,152,0.15869115204945783,0.2536259316566944,4.815054934331911,4.309737679759583,0.640096295796413
40,87,151,0.1576837319327686,0.2500282498367825,5.807993192251079,6.213259189910883,0.6501214311297463
40,88,150,0.16468762161192962,0.2575727297215517,5.44756657998253,4.527890921708044,0.632585920386657
40,89,149,0.16153801477025134,0.25655529544539135,4.838924368990989,4.698153208522778,0.6261427307367149
40,90,148,0.15953511801827353,0.259691143172042,5.154492979742532,4.80640511501713,0.6309907983151113
40,91,147,0.16865451347548935,0.2723637444423947,5.772193219516858,5.155537753827807,0.6312055791237413
40,92,146,0.16379785924257842,0.26254060702853643,5.546681294491197,4.837645183443347,0.6034530661055424
40,93,145,0.16421357209240223,0.26560405654179065,5.1137076807411495,4.755294955922635,0.650347745425599
40,94,144,0.15635720377293919,0.2514520761222404,5.188068872128083,4.518943724573134,0.6660326437109372
40,95,143,0.1595859270179866,0.2539317333144847,5.450719302672461,4.563342458197408,0.650276786159503
40,96,142,0.17545416767488828,0.27723532291687303,4.936965710874243,4.28729556347463,0.6051804785851482
40,97,141,0.17791297402529824,0.2834733789834781,5.029857012092952,4.649141210781525,0.5713729415500349
40,98,140,0.17737777142397407,0.28156842343966615,5.289437160346502,5.1927362390327785,0.5854475078811394
40,99,139,0.17016677628958102,0.2731820626498791,5.3210381286565225,5.024421218951639,0.5922584344985433
40,100,138,0.17786698619396102,0.2827358975781613,5.054179919356557,4.305597004012548,0.5952713698481322
40,101,137,0.175635696320919,0.27968241751803025,5.616820616728251,4.798728889349484,0.6083505540935437
40,102,136,0.17652222951415683,0.2817291392835319,5.194313576626511,4.800491373698279,0.6019262124946395
40,103,135,0.1773249210978823,0.28413286284650613,5.021500760273518,4.347813493567468,0.5955418571976345
40,104,134,0.1822285966972134,0.2943986520535526,4.953360126023929,4.824542779354408,0.5631153265792959
40,105,133,0.17773341171544899,0.2848045355941773,4.689611826816882,4.548557619593437,0.5770132864419972
40,106,132,0.18132754012472332,0.28897323625612464,4.971108587474209,4.77726760301194,0.580337936485874
40,107,131,0.18090353934624798,0.2828485272703662,4.832138576562159,4.302440103615946,0.5858956486714643
40,108,130,0.1743877363810004,0.27222878186039196,4.6988822818377685,4.253311316320787,0.5973899926650567
40,109,129,0.17789107484144664,0.28060914516754726,5.01930101882546,4.485545054896897,0.5778656237336584
40,110,128,0.18331930196809892,0.2878115287333823,4.717406653205926,4.028638797800883,0.5737749331222243
40,111,127,0.18958589670509057,0.29416707271062154,5.723407126801272,5.114123155512706,0.5768508480321914
40,112,126,0.17970409146665076,0.2849384008001279,5.132140217442732,4.745803003030142,0.6046289032066463
40,113,125,0.1803280472768146,0.28691596425278343,5.415072026558779,4.632497236422642,0.5974820485262862
40,114,124,0.18314577928012446,0.29290700009193965,5.3758831040923845,4.669872102708511,0.5874407255716709
40,115,123,0.18313049801166667,0.28890721103024314,5.388867865101241,4.708841441178149,0.5904610439428146
40,116,122,0.17300878749912285,0.2735951276459387,4.744565616912437,4.235299952203024,0.5869576264248876
40,117,121,0.1814186592071108,0.2837931018937305,5.003906864624585,4.634828536061853,0.5901268374047562
40,118,120,0.18119021358230236,0.2816469039603456,4.862913585826762,4.728789213227366,0.5777172423575386
40,119,119,0.18211847308097437,0.28349182016535557,4.501108189043646,3.7085336364676404,0.5645815482221194
40,120,118,0.18744015483470935,0.2972634089899224,4.854096226076844,4.521237198267538,0.590820150987323
40,121,117,0.1807469230106522,0.28757606685982984,5.287392259503712,4.6149904280754495,0.5962549608524628
40,122,116,0.17781949246567808,0.2871339396745791,4.889885870180746,4.6722980442811775,0.5782099576437769
40,123,115,0.18035010962478024,0.28996658770995015,4.2057096762525665,3.624623865682825,0.5683579100727505
40,124,114,0.18285212651890564,0.2934928655924378,5.487899477986689,4.48788929723891,0.5638681848799999
40,125,113,0.18503735533281998,0.291658834713234,5.47543790252233,4.942725153253298,0.6122476134938192
40,126,112,0.17986525290079286,0.2899309826582834,4.6073198644649835,3.9985163479065178,0.5639620867883596
40,127,111,0.1795526593241985,0.2907869542151368,5.374159310487663,4.678238364996363,0.5856306907135647
40,128,110,0.18191195007038982,0.2933848237327155,4.914137125531598,4.208184400562268,0.5806950944161274
40,129,109,0.18200618705904428,0.29233904497162105,5.905653603040713,4.674204352276588,0.5743056480224005
40,130,108,0.18212197452679757,0.2939797011574176,4.860797870125289,4.2860840412837495,0.5783304611490497
40,131,107,0.18361521960469335,0.2967103120841751,4.898289993774288,4.342628820793798,0.5694055338457185
40,132,106,0.1884886899811926,0.304018266326746,5.142574350667049,4.798841806644444,0.5701456761370511
40,133,105,0.17661997580215152,0.28789946030209046,4.946216015014727,4.724718345345959,0.5900072842461115
40,134,104,0.1797295136222233,0.294869511384028,4.683389385349588,3.8656677130405934,0.5632470614570906
40,135,103,0.18593250885520193,0.3102875401642791,5.151545843716397,4.7701743524339575,0.5566482210650481
40,136,102,0.18327047462123303,0.3066486755025815,5.407045590707196,4.742886409082112,0.568663871529174
40,137,101,0.17866719634359532,0.2981047215553011,5.448087601603294,4.215392052039196,0.5954179196475738
40,138,100,0.17447074968138962,0.28707713480184655,5.01471612237265,4.720719448403547,0.579234962679895
40,139,99,0.18374660382901703,0.3008579997092041,4.724701195721957,4.168951613149715,0.5669831314257089
40,140,98,0.17814383171438558,0.28946562141858084,4.997429457499543,5.061427034387048,0.5854556171435331
40,141,97,0.18694410470399042,0.30603398611284793,4.920476448903669,4.445329075401425,0.5546236714295905
40,142,96,0.1866236980328426,0.30563449904517104,5.48292881322356,5.034074788562688,0.5664741811600114
40,143,95,0.17730257798603105,0.2908970582900399,4.57808032169488,4.209991565671021,0.5812113031199636
40,144,94,0.17882526411595664,0.2913299751909842,4.885592978588843,4.361122280906603,0.5935033477711776
40,145,93,0.18331469789077587,0.29395292047303,5.106228262306163,4.075298168181991,0.5597931336347848
40,146,92,0.1862730360860907,0.2982963225914396,5.100618578390774,4.659344697268922,0.5552998567771703
40,147,91,0.1855023849742586,0.2915053295687477,5.172903909629154,4.614891686647938,0.588970079316985
40,148,90,0.19000956246047107,0.29817223026705547,5.069070718776351,4.115560639475689,0.5604607715038189
40,149,89,0.18183173429786736,0.29009427252029774,5.330919579034921,4.893078685599114,0.5845005285189201
40,150,88,0.18061902564363747,0.2854889623704896,5.528978426151911,4.5802674221799595,0.5870959456264371
40,151,87,0.1829637761580339,0.29335964714713875,5.009126239824374,5.006112430720549,0.6026738754943616
40,152,86,0.18687554915102075,0.2956425758799563,4.841825611176297,5.389432695366655,0.5796056000393788
40,153,85,0.19069245746709731,0.3008793554385861,5.641392781797348,4.433910063890168,0.5687561125232119
40,154,84,0.19144721343794,0.30346760245891113,5.164125873483909,4.938548557208034,0.5660027833462239
40,155,83,0.1852340108702669,0.2944612739284413,4.856431774213425,4.090615530543121,0.5636444291625242
40,156,82,0.1827644376941086,0.29720757219833505,5.061025371378763,4.871899452329774,0.5662658302874433
40,157,81,0.1835819531411836,0.2922495189961263,4.5736012809920545,4.449298135396578,0.5753346764786156
40,158,80,0.1915927844370098,0.28320694613844866,5.36809106574575,5.522490248345195,0.5793016837727503
40,159,79,0.18892007628045218,0.2828629208884909,5.0096700847948945,4.40623510912932,0.5928947539154454
40,160,78,0.194628294384319,0.29099151066448636,5.113996133728442,4.296054366019251,0.5608542661195091
40,161,77,0.19132625021628197,0.28839410313571173,5.282885343740668,4.303321844053026,0.5768741765740343
40,162,76,0.18749225669899514,0.2845365828046973,4.821653556843419,4.1718576678812695,0.6054082190771257
40,163,75,0.19282366442401458,0.2961534421808101,5.06228170409325,4.388155754031422,0.5819325265149983
40,164,74,0.1886876800499237,0.28818893101867815,4.730237871104334,3.8759392019499606,0.5776073291251617
40,165,73,0.19232028016405664,0.2900222097705406,5.348290097591651,4.729945093964933,0.5872523988865219
40,166,72,0.1994208232235919,0.30293533601988015,5.14390648874072,5.227472849005715,0.5607409622994838
40,167,71,0.18893914635787032,0.2860115496728694,5.391386165118742,4.7806976704501745,0.5953962291668272
40,168,70,0.18977700506885375,0.28769422976005843,5.119086373324,4.678093896139663,0.6220891630842845
40,169,69,0.19246627132445254,0.29133399037159113,5.156814684692549,4.703747090416315,0.5605034700393612
40,170,68,0.193350813770006,0.2937606931537629,5.188063696644866,5.061819614398353,0.545189093869918
40,171,67,0.18938727827626112,0.2908831847807402,5.237991608812649,4.425399740679747,0.5742899791048405
40,172,66,0.19025508569348373,0.290426843095641,5.286463844219767,4.305111199110695,0.5887971424418013
40,173,65,0.1930757137909955,0.29123851686724433,5.1852749959551625,4.413902346265823,0.5591513567995958
40,174,64,0.19856324805383718,0.29826378623748795,4.9692621078908985,4.321198458563324,0.5919346263379792
40,175,63,0.19352615478003338,0.2944599566348569,5.099363271859717,4.305098565661014,0.5960731975480424
40,176,62,0.18701005744876223,0.28840944309271677,4.691230548660705,4.3528839464131,0.5915082280861211
40,177,61,0.18824946841593937,0.2946005130529938,5.077767146597097,4.79251819434458,0.5723027879333036
40,178,60,0.19412859620256495,0.2998687015962457,5.6277783937051185,6.4375649797466625,0.5865351886425261
40,179,59,0.19354738794737744,0.29695211136235244,4.781219735765283,4.18305110859147,0.5862546419062131
40,180,58,0.20140586768513635,0.30591503751520166,5.049019102702432,4.219067394695834,0.5780013612058307
40,181,57,0.19288872321057351,0.28641181833455287,5.34973840230947,4.470823936667049,0.5874524114173775
40,182,56,0.19273113634326616,0.2851727569912745,5.138959034433473,4.521265169535802,0.5854959481673863
40,183,55,0.19443204287768148,0.2865641399707046,5.257382742426694,4.917266896154686,0.5646495361679271
40,184,54,0.19632836191967284,0.28762002861034397,5.217169964407775,4.805645261219609,0.5813031416466625
40,185,53,0.1966652160058659,0.2872772780678489,5.350044088975413,4.26572331253339,0.5908848129494152
40,186,52,0.19812514778178017,0.2920334956179423,4.855049818191726,5.175162808567923,0.5647546841752848
40,187,51,0.19569599425575754,0.28442261642871464,4.986417880034451,4.677631867629907,0.5813154338796627
40,188,50,0.19972950998629124,0.2883444186685163,4.919369261365942,4.920241683923222,0.5688328433770424
40,189,49,0.19780512137355113,0.2870297443455861,4.865699269128411,3.8908435382416795,0.5887311037300889
40,190,48,0.2059430749524727,0.29999586511655546,4.632893808325235,4.097874115278864,0.5685101085005637
40,191,47,0.2171757625639498,0.314154576726061,5.658695909755737,4.834609426303255,0.5120901762008938
40,192,46,0.23063290110889265,0.33534195285760143,4.715534092678132,4.2325955054508775,0.4887513704236203
40,193,45,0.21693326555924342,0.3160424510272298,4.680831746769773,3.830613043031556,0.527380604083562
40,194,44,0.22385631505508322,0.32148093481597145,4.950528881842626,4.4265524206653675,0.5038765588941407
40,195,43,0.22465496649395578,0.31927490721504237,4.68935361534512,4.2478071815142,0.5271850748867316
40,196,42,0.21850633734863603,0.3115611817712762,5.372456009213741,4.803104611324387,0.5425534845793277
40,197,41,0.23093588763603246,0.33284498705666743,4.420653096957643,3.866049129482477,0.4878434149603679
40,198,40,0.21552781926088208,0.30868552753363365,4.917820448856422,4.331429232195006,0.5330221676450749
40,199,39,0.22263857892662187,0.3190101956143867,4.77789041941502,4.213464296943989,0.4965234590467659
40,200,38,0.22038740123420533,0.3135976821241828,4.630887998081349,4.413199644121991,0.5182943997606835
40,201,37,0.22150759111800616,0.312724495935633,4.615989991841358,3.858683165520036,0.5135792351885371
40,202,36,0.23603545578502874,0.3308034287674411,5.050311619734115,5.21703768733909,0.5064623148943492
40,203,35,0.22002418902888393,0.3158144917664095,4.946958638364048,4.442078829751023,0.5149647973980759
40,204,34,0.22527613570974842,0.32147083340313726,5.511398726725025,5.310103071496959,0.5176966640871724
40,205,33,0.21281556296279078,0.30428428821360987,4.727327470321949,4.371266595136902,0.5453374661816797
40,206,32,0.22340474073043892,0.31950931271733674,5.310920282099753,4.771319060196452,0.5263723223388793
40,207,31,0.22324606969082994,0.31963199284605764,5.108088448588024,4.487932324775762,0.5365582426551901
40,208,30,0.21886088199605166,0.3127257182068153,5.041593722377089,5.133962464927816,0.5324066924819347
40,209,29,0.22483187007986988,0.31774545138545135,5.057470920700167,4.098968820415641,0.5013059075950471
40,210,28,0.2243606587893898,0.3206726599392979,4.7105069149223855,4.213819785419347,0.5177460349647391
40,211,27,0.23117487962979272,0.3334047948476415,4.76257327956481,4.31159959466179,0.5214502818250252
40,212,26,0.2161856644989724,0.3135828124673805,4.597035646662472,3.9939446395731473,0.5209979898732101
40,213,25,0.22603820905409724,0.33132572336372257,4.583566736798001,4.10298633818,0.5223565139836357
40,214,24,0.23179365093509982,0.337975860372403,5.1310377353783725,4.555054359743391,0.49733843735853245
40,215,23,0.22672873877785973,0.3341384618174495,4.227012035781058,3.706583174189377,0.506202041325358
40,216,22,0.21957559308429658,0.3190686007941795,4.417962816960555,4.066816964362888,0.5201763022915323
40,217,21,0.22590577811786272,0.3242561013887706,4.688869762880165,4.0187550292076315,0.5153734762981088
40,218,20,0.21992708408086542,0.32185271605115917,4.51430215439183,4.091261537234485,0.5199352323174563
40,219,19,0.22908207241987513,0.3391024169080689,4.29488109481805,4.12979340508255,0.5214767039488001
40,220,18,0.22801469796998683,0.33801448024525294,4.690011426657341,4.565898773869768,0.5240579479363847
40,221,17,0.21378627596150976,0.31037876906738526,4.734760374904503,4.405189536784235,0.5396148771324999
40,222,16,0.23399900149881833,0.3396095529502076,4.884106834783001,4.8771466408165045,0.4903902461212928
40,223,15,0.21713849953575706,0.3217250626295313,4.954862485584497,4.867241539338407,0.5381856514427493
40,224,14,0.21593973946192763,0.3241684024599298,4.41357625200944,4.006482944063648,0.5287761603572959
40,225,13,0.2353622765493778,0.35286904114405715,4.807861911556278,4.700836476517525,0.48877813436402184
40,226,12,0.21974923008314504,0.32731765542859736,4.69434747197135,3.9044332902221814,0.5192062300544985
40,227,11,0.22794848253371938,0.33108108277414094,5.065949285392149,4.186389925130449,0.5066896438564623
40,228,10,0.22191293041361407,0.32617034312776544,4.716909434185365,4.361098339676358,0.5226041539788278
40,229,9,0.22014958426555578,0.32075725062263133,5.083667128568964,4.7266457768715355,0.5207212343880737
40,230,8,0.2370933976254768,0.3450237627895209,4.401593378656247,4.04057375607356,0.49026774384017047
40,231,7,0.2313770576606718,0.3393033462739226,4.5763936519117845,4.288463224731853,0.4974234332709004
40,232,6,0.22397516003054851,0.3228208562171877,4.8092046541625795,4.1265507104083,0.5242080741283346
40,233,5,0.23050547859639867,0.3335911556128214,4.783034762302705,3.923775408665695,0.5062614320951772
40,234,4,0.22978306995876555,0.3292607157594165,4.6200734932483485,4.431473583709131,0.5152823334321874
40,235,3,0.2253780018036363,0.32867077979288756,5.1319256761126795,4.376967436174509,0.5399314929050856
40,236,2,0.23150674614916625,0.3415573934788804,5.372939906649453,4.927047340443298,0.4985522881719574
40,237,1,0.22941481189385587,0.3386284770037824,5.078208447660002,4.753924102956438,0.5163704561010787
40,238,0,0.22837920126871067,0.33054254349063306,4.786274703207564,4.437824887124907,0.5235916387837303
41,1,248,0.15330733440728775,0.2403029737601178,5.350263613066339,5.182708228454688,0.6584235709932196
41,2,247,0.14852815472008576,0.2320136318572172,5.656689506616242,4.4678921316689415,0.6623110195325863
41,3,246,0.14906493236914553,0.23574834847314072,5.238328432568364,4.775081743172272,0.6484840625571318
41,4,245,0.15120614581239838,0.24021318946105352,5.181330633969832,4.660681518326261,0.6317583284129524
41,5,244,0.14499630266377198,0.23509206368574898,5.632973694615066,4.725993959797632,0.683381453821775
41,6,243,0.1486042315353966,0.2394374276303743,5.263033859687532,4.6631370893127055,0.6498393525530459
41,7,242,0.15089456778912905,0.2414031295389466,5.720803338729269,4.800489160145037,0.6559852481626691
41,8,241,0.15357279215602124,0.24396203987060938,5.155713729694244,4.848266673983136,0.6555495212649817
41,9,240,0.1496399288046656,0.23983657065063507,4.849692427099066,4.426797278889823,0.6597689439346158
41,10,239,0.15093895541276667,0.2426303216945153,5.432995283977116,4.720769455728365,0.6528613947586013
41,11,238,0.1500934406137982,0.2373091139820775,5.963319491654502,4.960938676922208,0.6631625868506403
41,12,237,0.15215362363300458,0.23605887252333504,5.321704360572814,5.448208711432552,0.6644557256981967
41,13,236,0.15436108728759207,0.2386968071067551,5.423022582504732,4.3887444487115985,0.6525868026167823
41,14,235,0.15705993400513732,0.24066716398682034,4.865848991197071,4.05828473361084,0.6399124324395039
41,15,234,0.15640378746165337,0.2363586300773508,5.277064763008431,4.529566074687423,0.6321315780466148
41,16,233,0.15821748605232033,0.2401087668388232,5.568840862842263,4.9209706225223,0.6408562977681301
41,17,232,0.15469481822313388,0.2350681088078186,5.130250881310383,4.464791240447801,0.6547801237513039
41,18,231,0.16262331373085237,0.24260821451495254,5.4246452731843675,4.766457847876794,0.6322347927334251
41,19,230,0.16121136186975088,0.24021439087944965,5.558089364146727,5.028086678720666,0.6598849651280052
41,20,229,0.15803649754566498,0.23736621206742356,5.435123430326056,4.752172366279666,0.6463114212356368
41,21,228,0.15767560562776917,0.2350783013519728,5.215351490948894,5.0731085725554905,0.6570702406942902
41,22,227,0.15591240720041283,0.2336921095054053,5.426665713356062,4.815580977455455,0.6635784062197481
41,23,226,0.15126987681617649,0.2278481892414689,5.761998621769052,6.586017811495523,0.671340273428462
41,24,225,0.15502203947025392,0.23248963511566068,4.881402953965412,4.487254866983634,0.6666254153372604
41,25,224,0.15415114323205376,0.23106665260236112,4.973159583063099,4.429896943857981,0.6554802759431126
41,26,223,0.16417185921219407,0.24854091894011723,4.915835908227306,4.358596098650459,0.6384361414354046
41,27,222,0.15908218457123513,0.23944637118883344,5.313337205115869,4.520248158838084,0.6611841526446592
41,28,221,0.15782702100885831,0.2372962653660652,5.239979816249274,4.5821894472581395,0.6366507905568777
41,29,220,0.15939889476230337,0.23807433202255196,5.9306960806333375,5.3382557222477045,0.658038499635782
41,30,219,0.16212077467258215,0.240785087379225,5.244458889844234,5.0763981660922886,0.6597485820536276
41,31,218,0.1610723441185103,0.2399667738152624,5.009553410363678,4.877631586287035,0.6532504181054227
41,32,217,0.16322409916229183,0.23915334186939025,5.294390562461,4.619234769643587,0.6351634315896717
41,33,216,0.16162554322858727,0.23784035691871144,5.873508528234206,4.752775125101711,0.6598400810170031
41,34,215,0.15982319494591635,0.23683982214127242,4.703816875604984,4.120397859476621,0.6796648484670015
41,35,214,0.15520434221746385,0.22962377166928746,5.621089415066555,5.688216301717307,0.6490870643208102
41,36,213,0.16199637679590873,0.24023779077455235,5.30193685537685,4.3635415954829435,0.6440926679409412
41,37,212,0.15516244546723992,0.23439974387158347,5.4968796202721,5.042498402919715,0.6417341402115777
41,38,211,0.1574424068241414,0.23608994125837154,5.113280196165556,4.625362929799704,0.6309431393394389
41,39,210,0.1599026179888045,0.24341554000831572,5.701192842207316,4.633163168364401,0.6678985987729333
41,40,209,0.15944819325280507,0.24180571798871864,5.102720777820956,4.577110071907749,0.6535172152794237
41,41,208,0.15771352307447958,0.23826050720174927,5.217827628239007,5.077612462899837,0.6562668731053771
41,42,207,0.16071647151546994,0.24303516984050885,4.979107742079806,4.416520532762523,0.6440176054680037
41,43,206,0.15756943464290915,0.23606234919777686,5.295473357943098,5.541991174916182,0.643529804654393
41,44,205,0.16656342412880623,0.2510754134501689,5.915669193788743,5.1171382323034305,0.6434920612254093
41,45,204,0.15855997978204078,0.24314752136555265,4.972181741950383,4.4399560121542905,0.6517910909142988
41,46,203,0.15688919284818878,0.23928474284102655,5.37410140578527,5.948970128942382,0.6531026496686259
41,47,202,0.15562444452881224,0.2370887574915772,4.752412486770536,4.545216856280893,0.6418704772789968
41,48,201,0.16096429129404852,0.24630397412669142,5.666508299487843,4.463824107826182,0.6590367505182562
41,49,200,0.1578452528461592,0.2425115912461913,5.273978748021461,5.389146585943805,0.6457637649105517
41,50,199,0.16244681162602786,0.24773631623753314,5.427181348788611,4.184874669861992,0.6320114262838502
41,51,198,0.16294791677283474,0.24968376590676442,5.199303497218958,4.250603750759676,0.6348074511657056
41,52,197,0.15379527352775252,0.23367476709258891,5.216355791429926,4.776253089206316,0.662516462318912
41,53,196,0.16711057798790288,0.2555913083636751,4.922150946167042,4.235572325790042,0.6320790056207266
41,54,195,0.15741206851167058,0.23545510526212474,5.4032206440172565,4.534804173733728,0.6667267872723364
41,55,194,0.16664628074835838,0.25341473412848586,5.089386331975979,4.288652313650075,0.632579525886165
41,56,193,0.15839500997666883,0.24505671426398226,5.206050741464898,4.602882369702437,0.6583841905267181
41,57,192,0.16520658059650972,0.25046596729582443,4.808953269309076,4.1015088234655,0.6287793368024942
41,58,191,0.16026895743126232,0.24249240026637545,4.861300134701373,4.217272088121099,0.6524358860980267
41,59,190,0.15845228468964992,0.23775397214912802,4.980491790750835,4.201906348058576,0.6539198672710317
41,60,189,0.163034416494936,0.24423231406404847,5.2664396201699635,4.187144206674967,0.636927004109855
41,61,188,0.15506339757140514,0.23919636298667377,5.18504471671606,4.394993020069616,0.6710970361995205
41,62,187,0.15998940087918034,0.24796144917647842,5.6325748452090565,5.283285082362644,0.6553150856652541
41,63,186,0.1621543218608658,0.2491555410031746,5.205457568564084,4.75764282006621,0.6925261772264109
41,64,185,0.1601372810521171,0.2453530521615235,5.090942607267861,4.387605783425502,0.6426532320993169
41,65,184,0.1574289707971328,0.24120728652231668,5.466263504224896,4.6018843570787356,0.6582431620080331
41,66,183,0.16647724198304992,0.25525812570436895,4.892776897836184,4.3961270914975215,0.6332487085186013
41,67,182,0.16374201997178275,0.25263283306858125,4.955726927295752,4.316859851205853,0.6556789383533719
41,68,181,0.16396341486320687,0.2543870762504876,4.713221406868268,4.282032498075461,0.6235686112762907
41,69,180,0.1642847488510313,0.2563041291540505,5.148807403136128,4.5931909420646475,0.6470532301110181
41,70,179,0.16653271061965438,0.25890867754867525,5.389194699018065,4.869818098253809,0.6338684077821243
41,71,178,0.16433515054989464,0.25930420497163814,5.217188080668565,4.454902938544176,0.6372606867023489
41,72,177,0.1629550249623929,0.2569439416660132,5.051258319052481,4.326676490096481,0.6397999391179643
41,73,176,0.1675651366941246,0.26348061974901876,5.244773273699234,4.905587792267582,0.6496078440443257
41,74,175,0.1556911029296473,0.24441758773346547,5.107719530118193,4.664594327972725,0.6463587070836269
41,75,174,0.16436508034958425,0.2580556596161163,5.292200326896673,4.355001767693737,0.6433462439216909
41,76,173,0.16231062892726048,0.2549448182507601,4.853783597560092,4.28025099742128,0.6330047119672669
41,77,172,0.1589763745537969,0.24787093359739704,5.403425931167245,4.60670532624862,0.6592790814507337
41,78,171,0.1647104696352313,0.25636506431168676,5.1199524289837655,4.829733445619364,0.6394419196236748
41,79,170,0.16593874912344828,0.2566076812713022,5.465079326914816,4.421117793597397,0.6567289074606519
41,80,169,0.16294464389362556,0.25095107434960584,5.230124708817312,4.628648188686903,0.6474054352527953
41,81,168,0.16779063860557256,0.2545518578975787,5.317974040397202,4.301703551683041,0.6402225481575231
41,82,167,0.16909375211787497,0.2546054972896424,5.254223342909208,4.558964930057616,0.6540637666374783
41,83,166,0.16564590922560832,0.2509873670426547,6.003484610567305,4.893319618921268,0.6684409094676314
41,84,165,0.16135462240026183,0.24334011098992592,4.7521617958063676,3.9740970051776654,0.6520984166849882
41,85,164,0.16531378662220622,0.24807001312113666,5.242181948370437,4.469094382436124,0.6526177763029462
41,86,163,0.17139768005856953,0.2583131567748811,5.692221494437731,4.251623641243975,0.6265830308570296
41,87,162,0.1686251516658536,0.24985913974084675,5.882897028679636,4.895245694584202,0.6546111708612948
41,88,161,0.17120633123221726,0.25421397407254176,5.355434190139811,4.647929122199918,0.647942656749404
41,89,160,0.16716515344323873,0.24968976581709978,5.276566450874967,4.8562574588605765,0.6203816345197005
41,90,159,0.1680131997616947,0.2548962082819071,5.366080778761129,5.032419826842149,0.643969177464459
41,91,158,0.16853598029158598,0.25552471311498487,4.997474945570104,4.538678945034969,0.6340812323906476
41,92,157,0.16826676716233155,0.2570857041672784,5.432194271706297,4.515463697758943,0.6564388902075141
41,93,156,0.16308860566936156,0.25282501076620995,5.045148786538512,4.593029651669758,0.6448935397761287
41,94,155,0.16771411073011772,0.26108734020507685,5.205129945518879,4.947456258924296,0.6537383012508156
41,95,154,0.16254419472456627,0.2547486009172882,4.704951199239681,4.1030458187326095,0.6184642480156225
41,96,153,0.16702364009762422,0.25760205003229136,5.214561002227785,5.475604577450208,0.6579656164380013
41,97,152,0.16851505191627805,0.25755618450531703,5.244927445122453,4.577548242611644,0.6403327565628866
41,98,151,0.16845475210975774,0.2575934525231885,4.922406796575604,4.637937418306376,0.6237190280490817
41,99,150,0.17280371509896134,0.2694401328385641,4.899418658734769,4.12854793670257,0.6267276187985258
41,100,149,0.18137831511126273,0.2877738122942901,5.0529804045787055,4.6260080755428765,0.5688343401977863
41,101,148,0.17935496767102507,0.28350239285955975,5.196425145406838,4.642367534426328,0.5700274673901011
41,102,147,0.19181991517845368,0.2947279599095208,4.747236748727286,3.906911748118732,0.5719736573197628
41,103,146,0.18478762724741032,0.2818697863409305,5.3544605879560265,4.616553200507578,0.6040561663264062
41,104,145,0.18668037721490718,0.28623628274822904,5.316143034109064,5.100916493676396,0.5889161433235893
41,105,144,0.1888450195404247,0.28924573779619617,4.851580055394858,4.119476237845862,0.5798189981022563
41,106,143,0.18714963117054742,0.28790271966181796,5.20625992684597,5.072544973391096,0.6024414580573617
41,107,142,0.18369657496393763,0.28396763922334084,4.894799319347729,5.050821884855047,0.5659035228484095
41,108,141,0.18428935924919512,0.2830128624521986,5.870707095045956,5.887782746373473,0.583930239563042
41,109,140,0.18191489636979485,0.27989720558529324,4.700205713793121,4.111015720001413,0.5925778468761042
41,110,139,0.1870715574776155,0.2839904385755878,5.054080114959197,4.280418724579038,0.582255727989793
41,111,138,0.186541468994499,0.2833108071226237,5.126948349813386,4.449656345382582,0.5802564931383827
41,112,137,0.1918942836993415,0.275922244196221,6.1114802608453545,5.686137673219226,0.590972235828534
41,113,136,0.19272886947994133,0.2760438222042227,5.05355829381673,4.443658410679156,0.5746963260734518
41,114,135,0.19312815847707474,0.26952584865565676,5.608764970109904,4.814743596463244,0.5828355017034675
41,115,134,0.19278203658870735,0.26972745419011035,4.7073522636359195,4.176937499032203,0.6069331710950345
41,116,133,0.19395763068926003,0.27168593679799535,5.276864798519202,4.189372236254549,0.5877310483833457
41,117,132,0.19815291959840375,0.2772107135247502,5.615485763185724,4.886882428784235,0.5660970031795363
41,118,131,0.19296031085994866,0.2656243287165228,5.056282230905234,4.886621116737947,0.6018113475916171
41,119,130,0.19740810238034595,0.276902810973848,4.944954106752755,4.6947573355388625,0.5699043481521487
41,120,129,0.19976064936031232,0.2741313049129045,5.089953081685991,4.114874866860088,0.6036458663949876
41,121,128,0.19972185903531767,0.27615681699758116,5.282809730433982,4.393594107899899,0.5614079303296718
41,122,127,0.20201993996796908,0.2802217279284047,4.7490203367501564,4.032429544299386,0.5833219423716637
41,123,126,0.19993439679578395,0.2756347012538845,4.959980782689127,4.880642246439227,0.5731041501025737
41,124,125,0.2027642707567768,0.27914677150588,4.952496426809232,3.971470379382353,0.5998237472265016
41,125,124,0.19728457649939599,0.27445904183908576,5.094918050405155,4.7033709891831705,0.5836862277445652
41,126,123,0.19461737415574104,0.2710426172102424,4.953928552928581,4.3207381646323615,0.5833192802541172
41,127,122,0.19649347059259803,0.2761078770952788,5.311061811836895,4.70621476817085,0.5695388448631741
41,128,121,0.19562657393787353,0.26949427853396113,5.397816980121071,5.203008583190011,0.5923467671171536
41,129,120,0.19913392954076936,0.27474589342124894,4.560186992759979,4.034308448303165,0.5813269153848862
41,130,119,0.1913857853309382,0.26385123565213625,5.119731496976046,4.224237405642778,0.5784879423359411
41,131,118,0.19496386511605093,0.2688297149192584,4.842290613301364,4.184245079939934,0.5936324619119434
41,132,117,0.19402822430320044,0.2685160880978678,4.6096108495409265,4.438066313673117,0.5732295885393266
41,133,116,0.1913511296980092,0.26259300902304417,4.839662223076027,4.435361330628251,0.5978547256016564
41,134,115,0.19334034540981443,0.2654952468299352,4.621605936491078,4.2941371297977975,0.5904819470735827
41,135,114,0.20568921408194657,0.27776416246185276,4.7824799852635165,3.9104348938543425,0.5879398221094808
41,136,113,0.20146220132208448,0.2706880641365778,4.999989304533297,4.328678807958549,0.5908234734454281
41,137,112,0.19775090732927936,0.2697550402146865,5.193019668128569,4.133451167782449,0.5713973520332255
41,138,111,0.20521227463835137,0.27877798227391376,5.079016240583328,5.0312501547134625,0.5858721201714367
41,139,110,0.2021533300831398,0.27448556135217417,5.454856470256824,4.7349396651463,0.6032347484783126
41,140,109,0.20003711610705086,0.27442137444959214,5.4410357016955215,4.494510412608132,0.5853948188702693
41,141,108,0.20468816286887345,0.27667817252845606,4.628668352691491,4.063134556559716,0.5694831221394743
41,142,107,0.20163149152040763,0.28056574082984215,5.943847864694285,5.103422186435086,0.5902700702642535
41,143,106,0.20012613377876864,0.27911497499772986,5.556403189333006,4.5668491198773635,0.604248888844868
41,144,105,0.20014640199966338,0.28028068204742695,5.1818966793035965,5.55746828193107,0.5632502140598915
41,145,104,0.20010642647437862,0.28304333646227386,5.185033094860215,4.287496031752678,0.6004158437634546
41,146,103,0.20134311995145796,0.27806846906745214,5.058894567531928,4.414390135349451,0.5811914577595092
41,147,102,0.20542132778575012,0.28138136968881694,5.379611980415901,5.85865508581459,0.5822346770792535
41,148,101,0.20790928945801435,0.28950351588074746,5.448328032977748,4.28842520044689,0.5587211381947947
41,149,100,0.1965329438682077,0.2750237352159718,5.350169389652802,4.561345297348052,0.5945594143176992
41,150,99,0.20735126678648108,0.2915661262967845,4.875037392844082,4.8095865139095135,0.5586900925196695
41,151,98,0.1957970508898687,0.27860982372141535,5.337121765496722,4.970081536730938,0.5978947330177352
41,152,97,0.19423505512394998,0.27298252280554897,5.223853978811178,4.49335109635653,0.5839169136674656
41,153,96,0.20359151301954806,0.29178419986723075,5.301757185836069,4.631028004400311,0.588796928996416
41,154,95,0.19758626162224832,0.2817045511723245,5.12113131285361,4.484689414551135,0.5875605570165281
41,155,94,0.20271790274782173,0.2936511347168323,5.4896755122099155,5.2629085082562135,0.5994012138806066
41,156,93,0.19686307112742527,0.2821558342322991,5.008098256773533,4.594657742548167,0.5804707982398385
41,157,92,0.20408601974477952,0.2935946846287668,5.358495366137326,5.0896671584198865,0.5836451031735724
41,158,91,0.20106459877174981,0.2908839226921282,5.439463210310986,4.84366251002736,0.5714341239556875
41,159,90,0.20445358022394255,0.2980927852471381,5.510122282340509,4.814612448834275,0.5753151075630742
41,160,89,0.20050050808285663,0.29443153621854473,4.794881939893166,4.348982735410933,0.5727784057108487
41,161,88,0.20007117290814486,0.29732483548956645,4.6876366336744315,4.589193460036306,0.5797525136614102
41,162,87,0.19831446003733388,0.29611098388330515,5.016661501498654,5.509621650095569,0.5839024604418428
41,163,86,0.2035055780955028,0.30352441331037655,5.114097775040115,5.115710691222164,0.5708480551803095
41,164,85,0.20271920295105467,0.29904680337588413,5.126052602122266,4.285196336001147,0.582604770834704
41,165,84,0.1996807401113257,0.29159032942586244,5.076133297914179,5.0968006912173065,0.5810114082672271
41,166,83,0.2018163922757289,0.29636386999326775,4.687990031411893,4.053308127640081,0.5914706998379283
41,167,82,0.20411224031879294,0.2971564482465212,5.180843577113851,4.223664624277749,0.5729761074687196
41,168,81,0.20301190420422008,0.2935988184762192,5.448307836509108,4.605551983540322,0.5712768301420961
41,169,80,0.202046609241573,0.2853146417350098,4.958453217037794,4.664776860946995,0.5705888319036817
41,170,79,0.20687760314552958,0.2891548292018032,5.323094350934921,5.226540786362955,0.583737225296476
41,171,78,0.2063916911411072,0.288246177542664,4.7997785797399075,4.034727068917885,0.588716726948846
41,172,77,0.2023225829108166,0.2796955102462417,4.796625275449809,4.176897350434372,0.5701402166588311
41,173,76,0.2081845793305007,0.28618130813448933,5.120013702736252,4.296679319655328,0.5616549872327128
41,174,75,0.21428997138246908,0.2982960010581693,4.655002983990062,4.314821705799039,0.5883310450287017
41,175,74,0.20267250776269966,0.2810503630672,4.775647230596759,4.8421820035792535,0.5939221686306352
41,176,73,0.20511270426163183,0.28540323784159366,4.496722653707537,3.983181330046449,0.5503945004198948
41,177,72,0.20660368998383838,0.28621886988161555,4.772612299066509,4.412128488600566,0.5786174690535842
41,178,71,0.20523318347142078,0.28606038187983623,5.011613039079037,4.651875359925242,0.5642390556006069
41,179,70,0.21076257528598608,0.28994313429629026,4.847568411008919,4.720410868305669,0.5681951741291271
41,180,69,0.20592180659507645,0.2829134793096019,4.8080799168985315,4.5861302180355175,0.5895991793554148
41,181,68,0.20827355557236726,0.28214386670244024,5.690219495093453,5.52945791135759,0.5923739373740546
41,182,67,0.2075652165270442,0.27783122745364924,4.654443475750214,3.748855373464084,0.5792935674883749
41,183,66,0.21811528986322465,0.2939437091597213,5.289915780911905,4.832353813201126,0.5633522801703481
41,184,65,0.22023294620990666,0.29817586342950053,5.141552512764453,4.85413552802917,0.5559719978769623
41,185,64,0.21752842751230983,0.2901978096188988,4.98390993668575,4.667668701182836,0.5726605422016174
41,186,63,0.20561326181736964,0.27626017363429084,4.598464182723744,4.3944499151323715,0.5781089258531863
41,187,62,0.21245706331204262,0.2844470659835946,4.99900616696636,4.580664208982052,0.5721573727890091
41,188,61,0.21240719723064258,0.28379001895414846,4.7214186903775355,3.921534198341393,0.6031906593515605
41,189,60,0.21665666569406145,0.28797202797814175,5.5529357897504985,4.905166955511623,0.5680114485247476
41,190,59,0.21601440862567486,0.2932308952036342,5.375629580399508,4.500381958918677,0.5970004775270326
41,191,58,0.21417065812339964,0.29101642712977444,5.352790724891959,4.896461927317022,0.5711951920847571
41,192,57,0.21368615174995592,0.2874532499519647,5.197433472330017,4.8298095370465814,0.5772418495715725
41,193,56,0.21285223632330827,0.28673889709392436,4.683924883660847,4.016811739030545,0.5928969128229356
41,194,55,0.21318837133085683,0.28960769881104104,5.466584759083595,4.843260665861203,0.5922095999268924
41,195,54,0.21281270199972496,0.28764687967656827,5.145794222546081,4.5055349130548885,0.5810467161766254
41,196,53,0.21008745533321266,0.28287924587438934,4.687823669463212,4.518104045362301,0.5945618980878947
41,197,52,0.21028777821352243,0.28768974423558236,5.488837356728329,4.437614683560905,0.5860189082341679
41,198,51,0.21142169953786052,0.2903393107469245,4.858032324893807,4.487405017988364,0.5760745102886242
41,199,50,0.21879807744231503,0.30510368806061616,5.223188652458973,4.66938667853401,0.5690180428587646
41,200,49,0.24434267017164982,0.33949156472752384,4.949493833214112,4.28335610095523,0.5068393187728742
41,201,48,0.22516124663515763,0.3149636475445115,4.784319350341519,4.266430131512825,0.5604542191239089
41,202,47,0.24520694715274477,0.34238910446787785,4.6808177038481045,4.563715757143358,0.5087748293515757
41,203,46,0.2451240715967137,0.33974475446241104,4.997996421328791,4.245458001902359,0.49112968775742794
41,204,45,0.2246103068140428,0.3075711412836195,4.812892846607788,4.2862558932477555,0.5413745737455326
41,205,44,0.23653084706585387,0.317724893469249,4.491417570115821,3.6350882063149137,0.5287691298669224
41,206,43,0.23554583876453075,0.3231537362505601,5.114498660081836,4.929879457246338,0.5326472666222244
41,207,42,0.22783455173776004,0.3119781782454257,5.193141251665579,4.963069154934383,0.5661241791642452
41,208,41,0.24154173849363786,0.3247754615778267,5.040164683214324,4.614731642924747,0.5234201678082419
41,209,40,0.24423307356687354,0.3283700149519954,4.852426470600251,4.411959109856419,0.5247074254576647
41,210,39,0.23653245060445588,0.3269980614289845,4.301533399966764,3.991273742402933,0.5283319772513227
41,211,38,0.2495670420705648,0.33869598212289265,4.944422547912483,4.35988687170838,0.5148545423605707
41,212,37,0.2537352547906668,0.34551977267437534,4.796222941065057,4.80104480450736,0.5210868711415626
41,213,36,0.2487532707495489,0.3397555268706913,4.955490381883589,4.339106219699635,0.5038529878695363
41,214,35,0.23602864965061554,0.3287167474011768,4.546493083708235,4.152045612179502,0.5303093193713327
41,215,34,0.23291251480129999,0.3294036477739472,4.817649030260421,4.777146100941883,0.5357337118034498
41,216,33,0.23482204881714433,0.33445418266506693,4.882008507657499,4.037251973991118,0.5366162741180996
41,217,32,0.2549895065716674,0.3633276567737165,4.5583367798699,4.078792442308634,0.47495077172925004
41,218,31,0.2391816015595538,0.3384498732629371,4.567973353914865,4.207809169269393,0.5371741401569764
41,219,30,0.239466582952653,0.34261629618278516,5.413370096801137,4.605086856786326,0.5234912761490005
41,220,29,0.24436740439925236,0.3475026351142928,4.412228255968449,3.826917289281855,0.49803013022772274
41,221,28,0.23814824562978554,0.3445910493073344,4.594493498754083,4.441283410200262,0.516078568218854
41,222,27,0.24350775217452142,0.34716570652586815,5.074320005862075,4.355916567172006,0.5309514702586274
41,223,26,0.2602445823515966,0.3714457246145685,4.609341117104347,3.973485807079348,0.4729459377160381
41,224,25,0.2401170801061216,0.3354720192649233,4.741801981399044,4.943178336695398,0.5245622919888382
41,225,24,0.24264459276784286,0.34158164119616463,4.468946006492311,3.662674202663,0.5046739885434924
41,226,23,0.24487227699429784,0.3414692195249603,5.080449720657713,4.449569426213255,0.5086924011212877
41,227,22,0.2506621520182233,0.350021495903575,4.5276816708447285,4.721936460248805,0.4998358171665831
41,228,21,0.23831141112982676,0.33214943051482887,4.7625925869713335,4.04132024594863,0.5489664253823153
41,229,20,0.24713407235197396,0.3427423628944686,4.6743047864097065,4.174109926509977,0.506596964104887
41,230,19,0.25191351466358547,0.3460937461136648,4.638453909925859,3.716107933464641,0.5081426195211064
41,231,18,0.24377898292456415,0.34004266173863223,5.169067268244021,4.613822179168884,0.5060541598264261
41,232,17,0.2503323419763796,0.35017900480226616,5.520533988228609,5.372199233109826,0.5370007177277977
41,233,16,0.24590676467138853,0.34364919347273454,4.719533032555303,4.204921722374313,0.5212791215318193
41,234,15,0.24416704927372512,0.34045773692479003,4.900378717118782,4.720296126921032,0.5245200657404884
41,235,14,0.25361848349609173,0.3495587699112221,4.839630114434463,4.980595596527763,0.5071881699494952
41,236,13,0.2584762834598496,0.3629713789316057,4.7277652271627755,4.430923453444629,0.505489145195661
41,237,12,0.25694146510137006,0.36243066402681207,4.989325429194485,4.038249381976891,0.5044330053034063
41,238,11,0.2388254424088307,0.33259448417350845,4.914002785854823,4.245654680764641,0.5364520157428475
41,239,10,0.24589580415609638,0.3451995204230145,5.041641182190951,4.757508655256677,0.5112395629369726
41,240,9,0.2444807678039244,0.34350146227124345,4.482066067305205,3.9576052360211538,0.5273589970729047
41,241,8,0.2615836386202519,0.36494309753243376,4.670774531854272,4.612843030896344,0.4791322188266982
41,242,7,0.25378381844624365,0.35441769800062234,5.1090972330987725,4.605435249015957,0.4973568554705713
41,243,6,0.2535869261446423,0.3511647942922559,4.325967782873112,3.9009529302213144,0.4820365186070997
41,244,5,0.2537284366480208,0.35231945126912606,4.596287309069371,4.481217160342453,0.4922546890941742
41,245,4,0.2619312706786506,0.3665824043073997,4.823540658208692,4.213204538659937,0.488055629859799
41,246,3,0.25683496603477624,0.3568004541235147,4.574706252974668,4.488970497875632,0.4784973004282433
41,247,2,0.22524718757955395,0.30621138111248836,5.07714047067484,4.636897112962408,0.5427085799930701
41,248,1,0.26877019626465826,0.3604876997525345,4.8689687162475455,3.924192406688906,0.4869246691543134
41,249,0,0.2731236304004691,0.37161287643700247,5.114383669538078,4.426980277323745,0.5022199868718891
42,1,247,0.15410993026348677,0.23178300423084036,5.110501097410498,4.755095387409177,0.6660506411580702
42,2,246,0.1566464565211699,0.23279289732571865,5.427657067345758,4.569227093634703,0.6504913985074446
42,3,245,0.15439284230870304,0.22948664835628038,5.08886344184397,4.239618552074966,0.6481544365775918
42,4,244,0.15355289446658793,0.22938744096173655,5.413693759352408,4.292738891004409,0.6506764657523806
42,5,243,0.15848235602731506,0.2382006604184175,5.790792519447187,4.833547827117656,0.6438595423696473
42,6,242,0.15520279773837467,0.23468494801612758,4.986729901984935,4.128630087905452,0.6479194417632228
42,7,241,0.15732951373270754,0.23661181815384294,5.5323448726352815,4.3469191169629475,0.652324188695054
42,8,240,0.15464044223717796,0.23462434327066503,5.782442850543832,5.699259069622687,0.6744666712253937
42,9,239,0.1541279172306043,0.23268351301748355,5.572551578976332,5.057662827018499,0.6527597259569208
42,10,238,0.15627032240081884,0.23360123048352266,5.532236975198276,4.43214627456943,0.6782643577018502
42,11,237,0.15238493122104066,0.22713989612283017,5.243280448105567,4.420572041620029,0.6709166263543583
42,12,236,0.15892154669540673,0.23232950263594748,5.033608719559096,4.310190180158685,0.6685256265163796
42,13,235,0.1513977756139865,0.2242664603379249,4.708185780517856,3.807926863402994,0.6609003355103253
42,14,234,0.15891399909959958,0.23614734224792894,5.897052320178885,5.223936442637622,0.6545086922612043
42,15,233,0.15474156683440743,0.2309249283469313,5.240358889391717,4.172314962513184,0.671378423743467
42,16,232,0.15926974234069555,0.23642869007570336,5.617898993227593,5.192833170037519,0.676076387912919
42,17,231,0.1563003064664803,0.2325027132867171,5.0567411758543015,4.2088081402001345,0.6663458597534404
42,18,230,0.15756241854044314,0.23243795805279363,4.962720371141045,4.514844686566238,0.6558383692774084
42,19,229,0.15677559131934432,0.23063241264425297,5.460076400936211,4.7635184620772755,0.6536297171722361
42,20,228,0.1643153087371409,0.2433056435621279,4.666487115747174,3.968936332721646,0.6441768772301174
42,21,227,0.1577324817688267,0.23486271275255324,5.485080733013071,5.321819382587429,0.6490919298934695
42,22,226,0.15509827551877542,0.23023461080334365,5.506798951697304,4.815145191554412,0.6891406563971041
42,23,225,0.15742724690818635,0.2348830731391536,5.558530406164026,4.66512033468577,0.6453701190917465
42,24,224,0.15623627363458018,0.23057617835496194,5.270406561780264,4.767884611567191,0.6341209740967914
42,25,223,0.15802071939100515,0.23402642327082399,4.958712605165262,4.270945677427862,0.6607164252230151
42,26,222,0.161589860080553,0.2403660926635161,5.10541012223508,4.166791452190553,0.6575126360142421
42,27,221,0.15934113915637982,0.24251869833479175,4.9083641575919605,4.543721137604844,0.663981143484664
42,28,220,0.15731222473904172,0.23646283327213935,5.209290038159047,4.314502975394645,0.6745099147640741
42,29,219,0.15099470900460205,0.22711129830769552,5.49954847079511,5.334217784051819,0.6658932965809953
42,30,218,0.15468947674107095,0.23369788422180124,5.101032573203448,4.600630216148128,0.6699784934869524
42,31,217,0.1612735226767108,0.24537537681244712,4.757359501977714,4.037419203259274,0.642608301720402
42,32,216,0.15749726173587658,0.23961923944759866,5.068100893500835,5.031425470168337,0.646405814620084
42,33,215,0.16122874967624273,0.24421715119141657,5.848967908960691,5.578599964017534,0.6431534094073075
42,34,214,0.15860106735571722,0.2358687338202655,4.9420650039739895,4.2788720162145,0.6705495061265611
42,35,213,0.162647567316149,0.2387040372358114,5.027231277898489,4.627987680906396,0.670759806619226
42,36,212,0.16307001643910357,0.23827288565748264,5.092429360345367,4.393592222601588,0.6578836404387697
42,37,211,0.1619990634454141,0.23406930012760993,5.139309789421791,4.461649168229351,0.6557027516199189
42,38,210,0.16252579703597378,0.23951811625495698,5.370379268150894,4.265681075346162,0.6336772261627892
42,39,209,0.16146552539938486,0.2407219802360682,5.511680848347079,4.540404770509459,0.6468510164064601
42,40,208,0.15572647971283288,0.23444935555640592,5.227137100519123,5.0928696445085215,0.6450845460435926
42,41,207,0.1646731015117457,0.24992388259239476,5.358946807406142,4.694438826536693,0.6317253935990904
42,42,206,0.16087739968043588,0.24286594414391263,5.497435966300898,4.677518071946055,0.6574846876257652
42,43,205,0.15855633944076625,0.24003597064391094,5.029810561040532,4.155625733532789,0.6627557169521597
42,44,204,0.15950407123092375,0.2412804629857285,5.072778972019786,5.540931959544532,0.6411228099740025
42,45,203,0.15985118394493097,0.2421534415827886,5.359450055815171,4.606450191591799,0.6760252896023311
42,46,202,0.16151573087189058,0.2468885403334852,5.06981777477918,4.142124113927357,0.6505190565127413
42,47,201,0.16343310985192094,0.2489506370368284,5.4229435028120285,5.158349288873402,0.6249810064742605
42,48,200,0.1627127647800912,0.24587679353703318,5.234211471187115,4.57944878921997,0.6305894362122276
42,49,199,0.15813456338182558,0.23845293760437425,5.466664308391499,4.490325309224399,0.6331867199720802
42,50,198,0.1588227528338436,0.23729608136129415,5.000751300221582,4.529478025131782,0.6540066552182703
42,51,197,0.15854557494836158,0.2378409543287825,5.344734104241456,4.640559650561504,0.6523857871733953
42,52,196,0.15792540104179562,0.23919696700418264,5.11937760907084,4.279246066067536,0.6539240207726823
42,53,195,0.16874754738956496,0.2582058265363579,5.565814359396418,5.0549930848186095,0.6375809328121155
42,54,194,0.15705907388750076,0.23718829998827656,4.819800818559014,4.342627783002396,0.6388553192688246
42,55,193,0.1560770389684157,0.23631413405611773,5.279530491668547,4.517584902444711,0.6451441947195514
42,56,192,0.1609695037909282,0.246545679138037,5.342229589281624,4.629615968694371,0.6636848559298185
42,57,191,0.16502298134924434,0.25208088846976157,5.256168628281584,4.675683223140981,0.670595586630627
42,58,190,0.1631515860249145,0.24466368373746952,5.279322394654773,4.5006033167447885,0.6269226037009649
42,59,189,0.16371001452933906,0.24364196399016877,5.260378011467727,4.434820439553827,0.6663013537948899
42,60,188,0.1633172585712877,0.24298364710556497,5.882974849353468,5.13186003552942,0.6280426432415616
42,61,187,0.16569943810680243,0.24649324892399468,5.5871458369902385,5.937382445655611,0.6453967843664129
42,62,186,0.1681953816707269,0.24951311620374614,5.268012248077584,4.274113204538724,0.670645016008706
42,63,185,0.16109542854413675,0.23952452838260074,5.1224364991613225,4.792841830417659,0.6438693303496824
42,64,184,0.16661219319670006,0.2490067652687807,5.101971661201956,4.767133298491966,0.6592642787747751
42,65,183,0.15908651478729147,0.2400605263738883,5.260574270589224,4.7600173673716775,0.6696708912528551
42,66,182,0.16141416442622356,0.24522367276742996,5.528422240596775,5.579407630308146,0.6563531632119582
42,67,181,0.16320155471639144,0.24988652347884707,6.41680349048052,6.015593855127135,0.6565878578444163
42,68,180,0.16218871111910657,0.24865881594851036,5.927556979476142,5.64550851451643,0.6651750127834637
42,69,179,0.1627813742332755,0.24998792530596572,5.424827554666607,5.414646941753297,0.650463226293459
42,70,178,0.16082491366496127,0.24300155507889534,4.901016605893511,4.423308195758576,0.6253350235796009
42,71,177,0.16579741349225774,0.24824757835887995,5.63285284801659,5.651489600911794,0.667961599885662
42,72,176,0.16149840715706024,0.24078759549783868,5.668876682814755,5.066922898789629,0.6505733743585416
42,73,175,0.16623333884501124,0.24870325582442554,5.628119061792001,5.031394163833311,0.6455652388048381
42,74,174,0.1627129926820369,0.24231697074145772,5.013015029558174,4.296659377783129,0.674938435465529
42,75,173,0.16278953373113936,0.24048272115760191,5.519727704411233,4.494274248657174,0.6576070757570498
42,76,172,0.16468555525120016,0.2417943725153882,5.088132000903331,4.806745011475354,0.6345697769959113
42,77,171,0.1629176643176085,0.23905479586354603,5.2855865795301415,5.637203666986152,0.6976978582873767
42,78,170,0.16849281592037565,0.24629165537916875,5.34966392750673,5.546796462091637,0.6379928558337069
42,79,169,0.16116448441412692,0.2342001084773292,5.241192618307785,4.715730437024928,0.6791660310481855
42,80,168,0.16492855403705234,0.2391721032963457,5.342893480746987,4.798398177358919,0.6542411216335063
42,81,167,0.17125251377370118,0.2484243196581717,5.459047980098683,5.017256276468071,0.6367743734833077
42,82,166,0.17073748610708972,0.2515256396010935,5.445202055656785,4.398415406295991,0.6447429675074062
42,83,165,0.16225101364786187,0.24009683379362,5.508550562548251,4.879079510809296,0.6610422744054525
42,84,164,0.16252423097352872,0.24210737679662925,5.440768706943221,4.602838889616724,0.632751414466453
42,85,163,0.1684908230294266,0.24808689795226258,5.4041827322055145,4.497904077109359,0.6529646606883701
42,86,162,0.16652433415658202,0.24680638050947956,4.973935471939204,4.349412292998661,0.6500840577459299
42,87,161,0.17053535992592592,0.25351516936226415,5.6016296307389375,4.718536105118463,0.6334365689960899
42,88,160,0.1668196129560874,0.2502681443395448,5.175499902613651,4.726223315370412,0.6475916633827364
42,89,159,0.1681151687591661,0.2533590398088561,4.620125082633507,4.683583694573597,0.6392889469740549
42,90,158,0.1625183229948727,0.23961738350730855,5.1385828041101504,4.875205057805292,0.6679941506017072
42,91,157,0.17432289689716632,0.25840919308929944,4.984586169256586,4.481267639121542,0.6361423048628111
42,92,156,0.16739697244955393,0.24740312117275226,5.020800342749233,4.561009017937954,0.6548210505883927
42,93,155,0.1658915961351165,0.24617128035870992,5.277039674178756,4.6531020867085084,0.6363087886042769
42,94,154,0.1698602971734618,0.25213953000339356,5.738424286249343,6.128548611309999,0.6418291399734352
42,95,153,0.1631634718643926,0.24228572060081935,4.904130824816415,4.1188116415771026,0.6542922887986669
42,96,152,0.16913574076183183,0.25069677167627336,4.89327989746122,4.63182178866289,0.6474563142244971
42,97,151,0.1662616661857854,0.24935182797318564,4.829650869460771,3.827575719800075,0.6198145047028049
42,98,150,0.1702515260984338,0.25639934879085025,6.105036037027343,5.9275395333794645,0.6408371947850082
42,99,149,0.17129987154157955,0.2546571295642073,5.617800320412384,5.236562748705226,0.6313296268237392
42,100,148,0.18517167267560064,0.2731948618317645,5.4932153540865185,4.580725065412663,0.5814472027717396
42,101,147,0.18052447875600977,0.2649643140328978,4.665831525204269,4.255698637328872,0.5732755204394099
42,102,146,0.1843648417722602,0.27677410289846005,4.703085141354469,4.074560966635422,0.5837206683251036
42,103,145,0.18730160659777223,0.2822037952876117,5.881972375878009,5.582921228305372,0.5794119652499716
42,104,144,0.1805622070166164,0.27383817192409193,5.049156697348978,4.137273978776934,0.5793625234389316
42,105,143,0.18468531921425516,0.28141985510845013,5.131267164634064,4.464063493470358,0.5720699764374952
42,106,142,0.19525513980448406,0.2979147417888604,4.992854974467413,4.142968456901684,0.5671214036562814
42,107,141,0.18718680587136086,0.2859126622942028,5.525860923742615,4.97219639461128,0.5837981556614408
42,108,140,0.18702814614016253,0.28719671088520504,5.07555688929418,4.450323465268581,0.5735587109672663
42,109,139,0.1816406900632583,0.27682951886236107,5.311009766403023,4.282319043776625,0.6069108996284678
42,110,138,0.188072000691815,0.2838991192145207,4.895882880730651,4.736785898156077,0.550816457275167
42,111,137,0.18464079534088865,0.27827085876750735,5.837598200383973,5.46861686019767,0.6160881450463396
42,112,136,0.18407618359100034,0.27541127323623177,4.8150347709795955,4.160859513604486,0.5888476719069922
42,113,135,0.18581008745369898,0.2816608643144389,5.038770349457515,5.03106500175479,0.5960816659641239
42,114,134,0.1921546700957821,0.29062322823818665,5.482357766377737,4.5833006854664395,0.5699573480545423
42,115,133,0.1810893067232441,0.27368393681796266,5.456390217509595,4.755282033720044,0.5677526931308141
42,116,132,0.18836125007022472,0.2870342662399641,5.092251464384276,4.408603231027049,0.5717229500703829
42,117,131,0.18369471161250459,0.2819983742201389,5.199539540180764,4.756961405502304,0.5884185487761074
42,118,130,0.1898629422315409,0.2903028484946588,4.88878057722332,4.39150267010458,0.5626520324480951
42,119,129,0.19029633353209877,0.2969485210009665,5.393407347833474,4.270281889509544,0.575784785857436
42,120,128,0.18002355953495058,0.27810478293703506,4.353246834136153,3.815090713407093,0.5822455934446203
42,121,127,0.18286285708681627,0.2807726478268733,5.011962875141574,4.739755087209239,0.562956409309655
42,122,126,0.18586089656138835,0.2827645617731331,4.98887047702498,4.121954447361983,0.5714267164514248
42,123,125,0.18708207673854527,0.2836188802034026,5.174802220491912,4.615282899297,0.5891535209604739
42,124,124,0.1891538066852761,0.28848838356503953,4.864038231459109,4.144319495035344,0.5796354826285666
42,125,123,0.1864164217507374,0.2826954156427356,4.999614860165081,4.784844328683738,0.5754522085890185
42,126,122,0.1916449858065555,0.29272544848107596,5.169635439789044,4.4318887583937565,0.5685424108438909
42,127,121,0.18843918940550833,0.2900137431318808,4.884209479153483,4.556741963871777,0.5748973674648995
42,128,120,0.1870910852652063,0.2837348933025035,5.023041155913038,4.406927470002585,0.592059462186576
42,129,119,0.18866737179010762,0.2871067906553441,5.596508024218967,5.3196565697214595,0.5733935551402389
42,130,118,0.18744535558098094,0.28262773917635786,4.990334775721646,4.756126024355995,0.5991623836913939
42,131,117,0.19098632322284237,0.2852849703643472,5.0970904938942905,5.090359022102147,0.5886896439472493
42,132,116,0.19008701315245752,0.28463383143506354,4.917141382998154,4.093544990841779,0.5704203376434652
42,133,115,0.192039818502119,0.28763795661927605,4.996471031195597,4.68264073347916,0.5911870441782644
42,134,114,0.18543843786761646,0.2774313044645052,4.523969300520156,3.757380413906132,0.5664325372995755
42,135,113,0.1926957225183766,0.28788524538045496,5.1320966342503755,4.335013348043993,0.5577617528283058
42,136,112,0.19115428899991027,0.28541286413888745,5.102892544722584,4.499277371562366,0.5862905844474298
42,137,111,0.1957832660511245,0.2919431890094293,5.708670695632683,4.6708211114535185,0.6023961192048414
42,138,110,0.18660923034053706,0.2808569902137257,4.953815155520003,4.427631900542509,0.5774803304737942
42,139,109,0.18541333031204818,0.2804220377891799,5.381359711299762,5.087635505355844,0.5955574371545217
42,140,108,0.19090531231841487,0.2863328461957372,4.786196842159175,4.817973587626755,0.6122127819694356
42,141,107,0.19168687812855276,0.2881494217073642,4.936743303283075,4.007247641489833,0.5863259985123601
42,142,106,0.19028822777453544,0.2883007485355915,4.83709667588214,4.291821300549044,0.5787486248140382
42,143,105,0.19275108473263586,0.2909098335624709,5.465977506053875,4.329704750701274,0.5671343464715054
42,144,104,0.1855988063353799,0.2774790997285398,5.69014864898274,5.246376232675809,0.5937017830618093
42,145,103,0.19202322991628396,0.28668728077455724,4.91222736996219,4.213063349271262,0.5871602805908962
42,146,102,0.18956113231352126,0.2837190638872349,4.685575529564186,4.390605626455082,0.6051757187353083
42,147,101,0.19086110759325497,0.29111853702519724,4.883886037288521,4.229340325599137,0.5974225728105995
42,148,100,0.18451887355773958,0.285444627817861,4.740154425095113,4.448135616617592,0.6025323858391922
42,149,99,0.1969718011273845,0.30332857180113154,4.965867501654133,4.452334287959175,0.5916189543893859
42,150,98,0.18564423035086025,0.2797300393462828,5.190562919179101,4.74597409030866,0.5683873506785465
42,151,97,0.19110488948221513,0.28874533046524237,4.9204868393713195,5.1112785711956255,0.5851773524673736
42,152,96,0.19565525402545522,0.2953632004587468,5.174560661753271,4.814685069692078,0.5694897826997158
42,153,95,0.19608927621764857,0.2953421022591752,4.600211354063921,3.9418860116159893,0.5566056758761865
42,154,94,0.18896414039152903,0.28473225394455975,4.893228940748013,5.100772122125333,0.5913209153322421
42,155,93,0.19031171438111272,0.2884074151465195,5.04734498833992,4.416157137942687,0.5924816642440911
42,156,92,0.19029795488317103,0.29042081815156917,5.196758345222308,5.609223938458036,0.5879126623027142
42,157,91,0.1915060885056653,0.29317488256354357,4.987501747224115,4.667247884532537,0.5715954306208704
42,158,90,0.19409479005168187,0.294099384506849,4.916203311656073,4.334112549616049,0.5868989791148762
42,159,89,0.18933108048345662,0.28813937815848883,4.776243377832008,4.130841410488675,0.580007753135074
42,160,88,0.19408718521040558,0.2963772518562,5.098489367227474,4.725145881134177,0.5895683515392688
42,161,87,0.19300088439707047,0.2968960253118245,4.5024666055035105,4.062963762566339,0.5697691103874555
42,162,86,0.19078772606886263,0.289900797206107,5.253096383845941,4.537781042621852,0.5933560228030984
42,163,85,0.1917165054610729,0.28760936747134647,5.150978428639991,4.5226859540242295,0.5847599312924766
42,164,84,0.2010044658789826,0.3023293585420037,4.887657508188987,4.291524634829116,0.5737622928687066
42,165,83,0.19687294290914545,0.29704275301245175,4.489949814578502,4.245570972074907,0.5778595776993442
42,166,82,0.1886850992311779,0.2866935023520209,4.669790693370341,4.052352827522471,0.5565803972346426
42,167,81,0.19356829209279494,0.2917381242213421,4.694277684341138,4.288627137451415,0.5942250001660974
42,168,80,0.194717135655853,0.2919366277576666,5.473267431519719,4.658912168374284,0.5789084093289227
42,169,79,0.19315105132336297,0.2914036199623141,4.69192838898909,4.894243358414313,0.557986477702946
42,170,78,0.19834702051132921,0.29772507326234526,4.941123825005635,4.245839148315055,0.5840493883593303
42,171,77,0.19328848940230137,0.29378195131192014,5.163387948957529,4.9317734199904395,0.5989781767598864
42,172,76,0.19430091367249608,0.29326434820126784,5.1138891008329175,4.591051827190924,0.5877789531620349
42,173,75,0.19864287651577056,0.2984147770814055,4.92500699431659,4.965466751530673,0.558905791642147
42,174,74,0.1931030494790404,0.28861549354586236,5.061573647603856,4.83916122987293,0.5778134496639419
42,175,73,0.19745147882729336,0.29189140265587993,4.859129122567442,4.582563392287054,0.5676212585187707
42,176,72,0.19622529090384228,0.2882069774536717,4.732440444998249,4.187243666952237,0.5588565201144574
42,177,71,0.20155707393055716,0.29506004608185504,4.940327278301542,4.845120020158803,0.5752697736234658
42,178,70,0.1959923771519381,0.287938256693802,5.104010859478372,4.232904872248659,0.5798306185666888
42,179,69,0.19404869457210278,0.28568925777424903,5.30155449516959,5.533189498459364,0.5843114137507854
42,180,68,0.19455638528118152,0.29113544191379187,5.0245604060289715,4.07861059722219,0.612901585078709
42,181,67,0.1979473331084802,0.2970815729568097,5.254711296347063,4.524132022071932,0.5802273969685415
42,182,66,0.19962783697024636,0.2982493555906612,5.086957240473041,4.720636313254553,0.5552915493615164
42,183,65,0.19702107350001277,0.2937118504974097,4.789257263422552,4.549287547634083,0.5388345896979249
42,184,64,0.19810594545588536,0.29438278798421247,4.824667999365088,5.201955727920652,0.6028812680920284
42,185,63,0.19853654471948753,0.2946977039279383,4.742482979539888,5.057649792902211,0.5666913619183975
42,186,62,0.1997264455621909,0.29711269777618976,5.955808191760021,6.152270914003056,0.5723188060777683
42,187,61,0.20055493963071763,0.2994576497755814,4.702751997501585,4.891870450264303,0.5624100536104146
42,188,60,0.19719965738163608,0.29314978173488915,4.811609589640906,4.489311602866296,0.5946676645172534
42,189,59,0.20058536514192307,0.29663345652938966,4.874579543921373,4.105220552969449,0.57129712219995
42,190,58,0.20486352823917656,0.2996337582998892,5.542132678746405,4.719910607738691,0.563594892654715
42,191,57,0.19773214181810175,0.28989591606505977,5.002143202643724,4.51642881755945,0.5925308316709966
42,192,56,0.20918901667809692,0.30131847885106877,4.953823175906177,4.306070816695928,0.564918239421039
42,193,55,0.20389850054507253,0.29185156571133813,5.384633174162573,4.814649093697965,0.5823887533338318
42,194,54,0.19637670553468245,0.2822925550487001,5.09965627948748,5.212828266352622,0.557749890676809
42,195,53,0.19138085107953512,0.278066027763077,5.004193732718865,4.492595979627749,0.5912882223895998
42,196,52,0.1952802912981015,0.2858539717935851,4.877570251365636,5.161285729396934,0.5582348876784957
42,197,51,0.2081494977714113,0.30522143603075474,5.0225383688139695,4.412647254482253,0.582203462960456
42,198,50,0.20120880672444247,0.293363634836501,5.1803251910247035,4.742966555744415,0.5792119930728142
42,199,49,0.23417259782422492,0.3453772455244328,5.216815389773829,4.330916379161233,0.5054999361108709
42,200,48,0.22705283269614354,0.33429945133693606,4.78552677899796,4.3784555622598935,0.49300415017588356
42,201,47,0.21381163919135385,0.3191187613302693,5.130548162369465,4.665204595626846,0.5427863960035039
42,202,46,0.21468496924350394,0.3228906681559621,4.52863358954235,3.73134520819626,0.5142601518995862
42,203,45,0.23224341379134059,0.3473074272036683,4.1069928132658235,3.710749159824785,0.4860241875540593
42,204,44,0.22743512596086965,0.34060797848738866,4.87613243784198,4.141912185161098,0.5051538262885892
42,205,43,0.22037553639108737,0.33402453878642613,4.714942988028407,4.6264079202788695,0.513736464890764
42,206,42,0.23228570175637858,0.3541956800477213,5.30909596946263,4.347645345273895,0.4875238152571688
42,207,41,0.22579508550807828,0.3444904582104407,5.238337624519536,4.722440811571521,0.5121344216067272
42,208,40,0.2230354887214498,0.34569656225192613,4.611043477247199,4.529647332400819,0.500468381525371
42,209,39,0.22695217905716306,0.3531861105011843,4.210442238010685,3.746125493483203,0.5015347392388007
42,210,38,0.21522357177685866,0.33591738122501,4.899263073183487,4.895362236615554,0.5199728894999659
42,211,37,0.22518252408591288,0.35334409869696426,4.992131624710325,5.008828622940652,0.4997170449874387
42,212,36,0.2150745577055859,0.3379717465908114,4.958375152118585,4.363869370996333,0.5270823374122313
42,213,35,0.21056015840527514,0.329986534137567,4.3688730496019765,3.785499276380695,0.5240668203571249
42,214,34,0.2270283640247584,0.3489361679992773,4.730689160155352,4.869897665860326,0.5071653321941462
42,215,33,0.21670070504359068,0.3356958784404482,4.8341101749836835,4.161556167928153,0.5304351672911731
42,216,32,0.2188853862765344,0.3364523350965024,4.903124180630778,4.5120904129489565,0.5516981021721614
42,217,31,0.2324700581850753,0.35334874546608463,4.9191439404841635,4.3473863297074065,0.5014561487707436
42,218,30,0.21995518878180856,0.33493480295695677,4.929079474584949,4.648213252744091,0.520045699740554
42,219,29,0.22942058254527384,0.34318448222631753,4.874041689778446,5.234620737688336,0.515331785233478
42,220,28,0.22346854538015667,0.33015945236043454,4.627257252926353,4.157870175715749,0.5140235951015212
42,221,27,0.22451561427762254,0.32750399853064177,4.894486523375646,4.221381899026473,0.5255995620547622
42,222,26,0.23072227876413295,0.33916500705562397,5.042039444698347,4.985799460151035,0.4843533824938617
42,223,25,0.23232706204690118,0.34319931714173507,5.084922005233709,4.473501919280296,0.4857197382202044
42,224,24,0.2220726403442069,0.3269199101373223,4.615856566601684,4.384260013820632,0.5373382546718517
42,225,23,0.2324719966974141,0.34251116849434965,5.4216951680736525,4.758734725105831,0.5208111579461367
42,226,22,0.2180428788609783,0.3203082953468287,4.8181566965638165,4.296139136067631,0.5450884902045812
42,227,21,0.23988267398442764,0.35199556989306097,4.837305658443176,4.386029979600015,0.4842902609795576
42,228,20,0.2279674787715981,0.33963594334310726,5.02796267977458,4.909674440856334,0.5129664458763316
42,229,19,0.23484703513651856,0.35331130402062055,5.500360397797229,5.505669533085118,0.5187421931480327
42,230,18,0.23431483852249557,0.35319087282280665,4.888190376504486,4.5614180058077665,0.5146146162200191
42,231,17,0.24121350595148797,0.3666173957311794,4.875946064208556,3.9507788440439113,0.483974014738637
42,232,16,0.2359030249600234,0.35832076556467735,4.762913465579128,4.443349238018789,0.5112317718433156
42,233,15,0.22088855691116138,0.339212274452457,4.919304340462994,4.248132623181793,0.513205040330929
42,234,14,0.2314713476980935,0.3519419294487567,5.117550767627149,4.314500131590459,0.5145940585253367
42,235,13,0.2305899635010471,0.35294321644061605,5.1352787073283235,4.30770712032552,0.5157005707627991
42,236,12,0.23428518476074223,0.3548468459780161,4.678863269559865,4.372054077783733,0.5236539536718356
42,237,11,0.23709394454009483,0.35763019985924527,5.145835101668034,4.793047480393357,0.48786382723024363
42,238,10,0.23226181962994444,0.3477034246220587,5.451844740931044,4.428788310211577,0.5032204636723566
42,239,9,0.2227378504886544,0.33847843157753127,5.090132429773817,4.855441915460327,0.5370861243246476
42,240,8,0.2174174378029126,0.32949516307421867,5.170662699271405,4.346903086782159,0.530070424022113
42,241,7,0.2353029645784522,0.35544564074757046,5.109833520844527,5.1514026989704575,0.5119669657092157
42,242,6,0.23208151110283218,0.3524256398377636,5.222901481945012,4.483374192449333,0.5063664506317967
42,243,5,0.22758605460226672,0.3448089926744169,4.858430769387624,3.881885388560514,0.5164202159320631
42,244,4,0.22594574247928229,0.3456524741527915,4.238986617700286,4.399401870774091,0.5057938321324222
42,245,3,0.22160826778610546,0.3397518156807962,4.925737432322766,4.186087154611328,0.5391979931689093
42,246,2,0.23431188483351145,0.3585930627088606,4.713555612231559,4.089957618244068,0.5058445151431501
42,247,1,0.22824892230536858,0.34959685873317603,4.855591598904118,4.255645485398009,0.49991820417007604
42,248,0,0.2226007488312247,0.33455781936663426,4.737845853938836,5.169065540199748,0.5209489750250123
45,1,188,0.16289082150625947,0.22184504186283455,5.341610644204836,4.457649367879854,0.6575919494177656
45,2,187,0.16116423100468846,0.21885256089449806,5.315638651212867,5.340412710965736,0.6808397949894782
45,3,186,0.16491148188575885,0.22544067809270305,5.302920932634919,4.542216166473362,0.637052384748793
45,4,185,0.1615427408507056,0.22086859571698436,5.235222968485429,4.670926108882566,0.6634804397336533
45,5,184,0.16546102351875452,0.23039298297369312,5.687783305285219,5.633727589194941,0.6586174789430673
45,6,183,0.1600165362635911,0.22518106273534996,5.581280341894039,5.0041437149727495,0.6448541531860711
45,7,182,0.1616628157214495,0.2284584884576601,5.788330654247617,4.943197729038057,0.6610283157929915
45,8,181,0.1645812751670952,0.23351285989278336,4.905680783891398,3.9622443639631397,0.6831207290951739
45,9,180,0.15778586063388952,0.22423182767933114,4.738720127212961,4.076384079725074,0.6723736410982436
45,10,179,0.16128657072586064,0.22552852634590262,5.504970988341107,5.85574164114169,0.658697549753764
45,11,178,0.16088229204491386,0.22689862676206152,5.1359305252451195,4.439960181853338,0.6757278692185608
45,12,177,0.15961478375280433,0.2288696955563031,5.022399522561873,4.921605522103643,0.6389263014982056
45,13,176,0.1604044979851359,0.2241281994535081,5.309669260014374,4.5877614159286155,0.6739933682546473
45,14,175,0.16164988871249975,0.22467140517868509,5.508306647930429,5.061537513051362,0.6695436317594247
45,15,174,0.16451656548400287,0.22861806922935407,5.5634692921490005,5.667152825487645,0.6452614005178333
45,16,173,0.1609160559586867,0.22008627317530133,5.4149517155353335,5.05464564383936,0.6482272847387711
45,17,172,0.1570360433300027,0.21527976075915142,4.924662349932197,4.396063931626048,0.6771369498443089
45,18,171,0.16652588595271808,0.23139128946170978,5.199527707967992,4.340606267771644,0.6506869487468678
45,19,170,0.16578032809783516,0.23375076851179818,5.355299156485121,4.573402178989369,0.665684300960078
45,20,169,0.16523353198633728,0.23556331326480687,5.363685716928027,4.762336444035994,0.658921413140656
45,21,168,0.1601083294172488,0.22752451717460492,6.373016376479937,6.909713042703321,0.6528520110776651
45,22,167,0.1579827533884731,0.22409545894006577,5.352222031919357,4.234918023708186,0.6861238506699214
45,23,166,0.1668116029026615,0.23671039120206816,4.887303820165051,4.0045712150284745,0.6435041284943932
45,24,165,0.1584453489068906,0.22570080811868132,5.213448911826464,4.391921847451563,0.660984807825148
45,25,164,0.15173902728739977,0.218039064808057,5.020975162600626,4.86607850089918,0.6661653714277972
45,26,163,0.1609775373735554,0.22950946425065386,5.122537591795785,4.0945459134691164,0.6655632852371612
45,27,162,0.15930640965410986,0.22821806756022822,5.230753355682089,5.177772392020456,0.6485219118730855
45,28,161,0.16445112737118342,0.2342052178643327,5.404523812394266,5.562155750497824,0.6285143706939926
45,29,160,0.16246789578754975,0.2335455047398646,5.094450016645192,4.801721718469138,0.6569606055155275
45,30,159,0.16518799017007701,0.24000352737539699,5.530474243045202,4.665351658809223,0.6528764335871747
45,31,158,0.15895516131462406,0.22681305862888013,4.78944489435532,4.432618025498031,0.6519094529230723
45,32,157,0.160485039712548,0.23034124682440907,4.749736347039805,4.030926377376792,0.653542694983932
45,33,156,0.16470296983426125,0.24322837966631833,5.269735927405362,4.806811582127089,0.6498917150827823
45,34,155,0.16278384160815487,0.24238927159087198,5.234016828893104,4.8671180321160215,0.6692495933679673
45,35,154,0.162519855176172,0.23987209967532877,5.446561183770425,5.498404189321613,0.6287364884416666
45,36,153,0.16310536332070613,0.23798091652155565,5.151483023390284,4.341866537756878,0.6500126960214053
45,37,152,0.15883667032757937,0.2325826362441264,5.813645031809624,6.307029420478782,0.6634604242688343
45,38,151,0.16432974174623458,0.24292311898285052,6.120936964297085,5.696702435384182,0.6538263744609759
45,39,150,0.16261289742360116,0.23833663763059712,5.5096456281117,4.735298901569013,0.6425085016065676
45,40,149,0.1597828093662498,0.23343134175501545,4.932405285912916,4.4175914226112925,0.6649705898570849
45,41,148,0.16021221701447982,0.23164721380609388,5.15104062087213,4.6276195825453135,0.6534920225848386
45,42,147,0.16069506308218098,0.23542222619606856,5.185370089190801,4.531939976242119,0.67933340040395
45,43,146,0.15912056375763606,0.2313624676504871,4.983961538020197,4.17294656382862,0.6502296760207115
45,44,145,0.1703217772283761,0.2438100676256044,5.4360935720180805,4.870559460851451,0.6297029571662035
45,45,144,0.16127985854884203,0.22786367982427347,5.375395439914721,5.056939698146592,0.6759124339851437
45,46,143,0.16379327319773457,0.23214417021514924,5.011449284647924,4.48797171611148,0.6731374624000366
45,47,142,0.15853677707293248,0.22580877145614833,5.350986583682946,4.708192303058549,0.6539604458754489
45,48,141,0.15853822124632355,0.23051558753136533,5.082673877224353,4.287759447746762,0.6694406621734289
45,49,140,0.1680490813556777,0.24540672699169971,5.044425672749364,4.491711693481893,0.6312297830263354
45,50,139,0.16702613994975687,0.24438175959848166,5.250472420683247,5.060488029996806,0.6457362330029007
45,51,138,0.16185741883889074,0.2331165048882836,5.1259012984912165,4.565040417392322,0.6905819373354378
45,52,137,0.1653297672550465,0.23783256765686292,5.180587402850456,4.579523001549699,0.6391087204271683
45,53,136,0.16401947024986385,0.23874839624451355,5.47779689723677,5.156058296985099,0.6344636420489872
45,54,135,0.16450217885902307,0.24007830584761838,5.428708948619594,5.169454928991478,0.6476431684181506
45,55,134,0.16799376109504863,0.24454345499006283,5.6310306292467995,4.967730677532773,0.6457922792633144
45,56,133,0.171309017600733,0.2491574790499095,5.67738725292465,5.075162029479066,0.633014658713955
45,57,132,0.16704917585681414,0.24364051979590068,5.407991769105404,4.985216097674734,0.6285641380896989
45,58,131,0.16520552162702434,0.23820410039206755,5.588129859196981,5.310595363656159,0.6708497421081916
45,59,130,0.16396971391667933,0.2323253807262009,5.237014079094541,5.242150872160388,0.6549613751246647
45,60,129,0.16705386403077294,0.23833263855223324,5.506561585370283,5.171081046724662,0.6182379738923981
45,61,128,0.16361480920982424,0.23510928455110175,5.1140766617038995,4.511321083160378,0.6522009287466377
45,62,127,0.17213606229414266,0.24551064704262446,5.300206851737572,4.36077648150079,0.6389874998779499
45,63,126,0.16910345965793178,0.23896668663008158,5.077534421458854,4.6193163801232595,0.6633872121030187
45,64,125,0.16490831871389275,0.23349662341962793,5.076862668987642,4.69409273161787,0.6637994675374193
45,65,124,0.16781011184123448,0.234693953339748,4.841914760185643,3.8194820751633847,0.6495820344623342
45,66,123,0.16213494691352298,0.22761609920122988,5.261228116815676,5.350594051211057,0.6476416784883854
45,67,122,0.16949820211381367,0.24184764797187036,5.267800531879013,4.8891311741575,0.6614022034871876
45,68,121,0.1714355988215689,0.24159856499007779,5.074505666676263,4.261466743400134,0.6239539475612861
45,69,120,0.1704477883676905,0.2399192663960325,4.86413741811489,4.280622227046803,0.6348115612872587
45,70,119,0.17320395152079818,0.24198076562575194,5.273004037102715,4.989094801673053,0.6701520108019411
45,71,118,0.1689870211265124,0.23618226689209948,5.379965629042314,4.870178946562524,0.6321157469091746
45,72,117,0.16877257085896236,0.2355417840158106,5.041262921668599,4.316792064786965,0.6326026364797763
45,73,116,0.16755537926281697,0.2363337397775005,5.324009462302775,4.9897087514720955,0.6386125205847825
45,74,115,0.17162799779034868,0.2403521167684218,5.234579895210459,4.542783196939546,0.659469150602908
45,75,114,0.1695440299296167,0.2389309122959448,5.3198922393768004,5.08922067617867,0.6525299295243624
45,76,113,0.1914743509629935,0.26945609676023824,4.930533790816005,4.247197209808812,0.5876307293036924
45,77,112,0.1819081443567642,0.2561554923690296,5.134191998329669,4.250945072830086,0.6075016009668897
45,78,111,0.1846360986496913,0.25749476891533735,4.962711528596131,4.446200647077312,0.6147094704708734
45,79,110,0.19084467218121537,0.2617658145117126,5.235361570064626,4.652208896476384,0.5697956500048671
45,80,109,0.18714367787326433,0.2519053337933654,4.962414784624292,4.580578338594991,0.6008460626152355
45,81,108,0.18818355993892985,0.25448202858532304,5.7160594651752845,4.876122945474392,0.5874455967869164
45,82,107,0.1906523955264952,0.25706796513200647,5.448087796299325,4.880296824193205,0.5876811079594363
45,83,106,0.18853189032111023,0.24975247119389643,5.190685286775869,4.663847919223236,0.5940341415901549
45,84,105,0.19611664739260118,0.2595971822314999,4.915986555135477,4.365921132966408,0.5996756218151181
45,85,104,0.19158673468718893,0.2550986801990804,4.997356676029435,4.765184127284332,0.5867270952616038
45,86,103,0.1929468388957204,0.25761776642820217,4.942487032508772,4.709956954030935,0.5841742698954582
45,87,102,0.19044930091715292,0.25597219839423985,5.367843745709401,4.2692130930152965,0.591759178551643
45,88,101,0.18659705405464094,0.25233171879006405,4.939140455569399,3.9896719165430485,0.5990940672572423
45,89,100,0.18979499442373526,0.2567606167995954,5.253798504904647,4.973968123376226,0.6166360666398888
45,90,99,0.1833036524709992,0.2528161022231686,4.88678518090717,4.610954664485826,0.5863323551230849
45,91,98,0.1959445131822506,0.27332361672297184,5.278267798464009,4.259661533526084,0.58132873765764
45,92,97,0.19605393854780645,0.27160743258153064,5.491755413143421,4.862840959062697,0.5553303965594523
45,93,96,0.1903785061816964,0.2614487968835459,4.904757669402931,4.38837792455407,0.5867552074799816
45,94,95,0.18984458307731247,0.2619019156791352,4.908119936710516,4.050614927278745,0.602730986378431
45,95,94,0.19310096674915014,0.2660475687470367,5.012193953780054,4.216402730396546,0.5821217354200531
45,96,93,0.19107073960018298,0.2707951667487534,5.355364004194339,4.10105825066666,0.6028542844788066
45,97,92,0.19155650212949418,0.2741233680768006,5.175373352368725,4.311554313951887,0.5846585145043144
45,98,91,0.19004509566483876,0.2720886763577148,5.11626423298267,4.544123253976096,0.5719145016615332
45,99,90,0.18415057172484903,0.26207109970266856,5.292871124957593,5.292270785467323,0.5747064726153795
45,100,89,0.18526861570873387,0.26365612150441753,4.453704682811684,3.872966366213552,0.562599315843311
45,101,88,0.18941978187757558,0.2700496910465776,5.010357999786882,4.4281718239801515,0.6089083001016219
45,102,87,0.19334057362479104,0.2756646313250433,4.828367769543071,4.451992311470093,0.570120547032592
45,103,86,0.1876104578815078,0.2657398060902496,4.992618477761173,5.296594145076988,0.5654677992755225
45,104,85,0.18854927209032624,0.2675925767051453,5.292269596390187,5.355792926341771,0.6031185193630068
45,105,84,0.18967151556780146,0.26899905687927056,4.866305290845482,4.753434366390399,0.5815680170613297
45,106,83,0.189509121795098,0.26918512932803923,5.027332096281759,4.274747448074719,0.5871403305644398
45,107,82,0.19545034358823013,0.2784483522290538,5.636806841900292,4.676488019640086,0.5904544347751358
45,108,81,0.1872488699086853,0.2710661290796281,5.198941959754897,4.6743782012944,0.6080919838333899
45,109,80,0.18469955932365947,0.26843339125783516,4.813279707606224,3.99742333569491,0.5772723982700733
45,110,79,0.18884520380388595,0.2736151060064714,5.167015885143261,4.236384335894312,0.5859288759991912
45,111,78,0.1932343740669511,0.28205775643175296,4.662734204340402,4.154570254626722,0.5728821154106132
45,112,77,0.1952948837696611,0.2808460409021509,4.709465491553308,4.009773876482305,0.6042006167313174
45,113,76,0.20106260715640836,0.28377864466541153,5.053004854269416,4.204872756873932,0.5607972147122549
45,114,75,0.1943452190412383,0.2720972470629065,5.107243180149468,4.278293697830771,0.5702172477170624
45,115,74,0.19457627254794146,0.2729567268930661,4.73032321416789,3.9176824719256738,0.5850430406925159
45,116,73,0.1927667620925926,0.27097395557038717,4.993758999180455,4.975979649513869,0.5673778382882055
45,117,72,0.19348574860625664,0.2717718985660093,4.802531454804155,4.144655448178245,0.563810566256633
45,118,71,0.1909134327015347,0.27038414796701643,5.8197234300282865,4.671154124886676,0.6010408461653685
45,119,70,0.1935480903721555,0.27584536464168485,5.245565764733409,5.007898834999605,0.5762662896677495
45,120,69,0.19304455503644125,0.27441006108342275,4.744572856272314,3.9109575623841186,0.5726777764266755
45,121,68,0.19335908962866263,0.2761180420486998,4.532040848397349,4.297848496770301,0.5743009701383794
45,122,67,0.19476531277488338,0.2731470107135557,5.082915418782131,4.594277409089362,0.5717543983202373
45,123,66,0.1968130143893462,0.27839272183905944,5.332576880697374,4.629668680740427,0.5911885376822611
45,124,65,0.18759371931054505,0.26834606817730305,5.305685559400867,4.954487062942151,0.5655625839773776
45,125,64,0.19415873070157727,0.27412154819208046,4.802421111879626,4.171372326872926,0.5926444938774967
45,126,63,0.19364562325429632,0.2713819177627829,4.812626311417143,4.36083543054865,0.5810764754003584
45,127,62,0.1941527058611983,0.2717819060406463,4.772174237776362,4.149150979542947,0.5814432311755017
45,128,61,0.19370602713492496,0.2756094493811279,4.9629472959460745,5.0609474314834735,0.5813785734389697
45,129,60,0.19100523839809883,0.2759623441366541,4.521309696210748,4.092011673488729,0.5905751039728082
45,130,59,0.19450339778135403,0.2777655089778174,4.8335006456799805,4.661275600009133,0.5934889017052827
45,131,58,0.19175053751117485,0.2733066454985724,4.992226145104766,4.010407608302217,0.6049824668893179
45,132,57,0.19360996156578197,0.2728388506827697,5.115928267596576,4.083555478064176,0.5670920159617839
45,133,56,0.19992004773010172,0.28511868850559874,5.26222814591675,4.368235168197453,0.5939711474644362
45,134,55,0.193112218536521,0.27806775662009015,4.94722622549188,4.380717650560445,0.5730784062697247
45,135,54,0.19627912459035518,0.27727160609394835,5.3578134387090905,5.60944234195878,0.5835387916951374
45,136,53,0.1992687167063347,0.2837634469243911,5.572592254571924,4.919507700726255,0.5973422929172881
45,137,52,0.19872310835613766,0.2868970198417521,4.876827980922727,4.200498616066255,0.6015535871217967
45,138,51,0.18794652555637864,0.2736626913953749,5.031970034090509,4.855328137874524,0.5964380272630051
45,139,50,0.2023636476841331,0.2923437380063632,5.214414521527422,5.298206795993636,0.5748906093387601
45,140,49,0.19541730418869205,0.27931904977932326,4.790663268868871,4.51187803357849,0.5732090195291756
45,141,48,0.1993521919226567,0.28623127898424244,4.854399223381321,4.923807875851539,0.5752290432703717
45,142,47,0.20044874211410976,0.28745476745344706,5.142673942063926,4.328310077951776,0.5599239048851065
45,143,46,0.1888533113120915,0.27114154519541944,4.319929425510548,3.72049782019648,0.5683702010832363
45,144,45,0.19362526351374929,0.2754869147797435,5.37995019870283,4.440374103736525,0.5807024913920671
45,145,44,0.19709083044297018,0.27838631070328046,5.1011614126181986,4.825420338949957,0.5843597096297167
45,146,43,0.20199646172747196,0.28501315221205586,4.856151037395304,4.54161643633138,0.573509880248318
45,147,42,0.20516985005089924,0.2927522611527051,4.828497015479881,4.227043038287956,0.5756017575734367
45,148,41,0.19595631061358415,0.2816873119373984,5.249853817833236,4.2536368550897246,0.5720312324047031
45,149,40,0.19661357448339187,0.2776249683609452,5.511242892552602,4.871257228345985,0.5904175530938355
45,150,39,0.20392821689940357,0.2841327760447966,5.647969696043485,4.724866951084656,0.5693009029501447
45,151,38,0.19974951943035768,0.2792212348177278,5.183496091315783,5.409691344309076,0.5688063948782127
45,152,37,0.2322735992167159,0.32313177561030076,4.953415357067182,4.496757831863191,0.4918670461895549
45,153,36,0.22442944711621765,0.3076878826930538,4.697599697819221,4.50341854886573,0.5071616793594745
45,154,35,0.22348345460216695,0.305776996324797,4.839896664714443,4.512779110640593,0.5141938691873457
45,155,34,0.23201961535939794,0.3217028594031743,4.578074859005405,4.778494834905342,0.4907041650908897
45,156,33,0.23511456431681552,0.3284673616134141,5.120743828380129,4.728790240583144,0.5215947778261801
45,157,32,0.20696171340936884,0.2852730210374292,4.758115924084857,4.128931461033211,0.5683225702639287
45,158,31,0.22006275961384822,0.3003016609051953,4.202399784738187,3.8901081517622673,0.5123400560648675
45,159,30,0.22452919785559047,0.30760570603248283,4.660460436174381,4.103186829248614,0.5194269602713952
45,160,29,0.22743681797951248,0.3096373465117446,5.311446675936317,5.1014175024183395,0.521657348515183
45,161,28,0.22083349287092105,0.2977640825717792,4.709789382099846,4.156772127211032,0.5307640108007642
45,162,27,0.23673125887338015,0.317748954910794,4.648314853127193,4.7687922824001125,0.49190887545718287
45,163,26,0.2229015372101889,0.300173268083507,4.770430255292096,4.017332610276834,0.5323829500286351
45,164,25,0.2311282564511801,0.3095102345372663,4.960522580061578,5.374387508532638,0.521861656799965
45,165,24,0.21498068639581464,0.288457063470696,4.909124167241851,4.1619804581020245,0.5426301454733428
45,166,23,0.23376672978566754,0.31641364801076255,5.562860103585356,4.983914746226024,0.5250520655815577
45,167,22,0.22896661916115976,0.3105274802731659,4.8947015357994825,4.808205205124733,0.524398658344749
45,168,21,0.2344814993899683,0.3187870921545501,4.357111389238229,3.6489012094039457,0.5143311425264626
45,169,20,0.23462952358563893,0.3139346633616765,5.191555658264559,4.995660902654904,0.5256487303542904
45,170,19,0.217097966596975,0.29158431754861913,4.654491909289959,4.312454085199958,0.5310865933806732
45,171,18,0.21905726811611573,0.29819024824979495,4.804341337532028,4.080705557255788,0.5287915669641652
45,172,17,0.21799439560377729,0.29830948238980204,5.386856952213237,5.478542046277565,0.5277721342610824
45,173,16,0.21513333674103552,0.2980963931616946,4.964230287927952,4.208513538678475,0.5508157228383652
45,174,15,0.2180260710952683,0.30585559984816824,5.071791590159454,4.2608913729161735,0.5368552826713922
45,175,14,0.22886569592354583,0.32267631274965514,4.57922724549681,4.177425811454904,0.5124443389268234
45,176,13,0.21912575983288293,0.3071212489974704,4.695298837977214,4.630612263223318,0.5205945487594413
45,177,12,0.22162529521447097,0.3149230447084575,4.800609678038967,4.167885963904192,0.5235096941938172
45,178,11,0.23831604161194495,0.3347809732856974,4.87738143296631,4.040984394227236,0.5000184696476763
45,179,10,0.21044798243883053,0.2956098333158565,5.358652545206101,5.035082990969468,0.5437969490305256
45,180,9,0.2150518539857489,0.30296096777310044,5.213465619447092,4.438938493973949,0.531749790088297
45,181,8,0.2382417809871838,0.3376417548949975,4.729570281098551,3.9506028738930437,0.4849008790513623
45,182,7,0.21700854122221988,0.30987831795648674,4.852766911212627,4.338702057047561,0.5274501403220357
45,183,6,0.23065062514546503,0.3281938090712702,5.148279029388263,4.312230744226408,0.49251400706502607
45,184,5,0.22095720582059833,0.31073585704961537,4.48897757372378,3.919886984192994,0.5213061861513333
45,185,4,0.22417789213490202,0.3241422819360067,4.908786494078642,4.641673082341578,0.5021118784686881
45,186,3,0.23287514221064542,0.33436194253408713,4.835972686803727,4.411384804519207,0.5034606940759957
45,187,2,0.2390938091198812,0.34087235143101163,4.848891788762653,4.22854278711763,0.4796585548651749
45,188,1,0.2355092481798191,0.3330550794888884,5.195187906744215,4.964028141464771,0.5083867890374663
45,189,0,0.222070798861998,0.31713697321366896,4.419846018494641,3.826867112508446,0.518442983967143
46,1,203,0.1447174806042429,0.25197000974566436,5.400957010249315,4.600986762749504,0.6769159444505615
46,2,202,0.14417733707285224,0.24968996564301263,5.586397730692918,4.760389531582719,0.6505648359080861
46,3,201,0.14501969225099226,0.25685735035399365,5.499416009752578,5.019458720730991,0.6516993759940101
46,4,200,0.14863485389559883,0.2602781228692935,5.010464643810687,4.62416750772109,0.6358934169564124
46,5,199,0.1501858201299174,0.25587713271288576,4.7822211584534795,4.7193929721190395,0.6424081898909101
46,6,198,0.14529552307358662,0.2513690139085316,5.080433132820661,4.397974004917892,0.6589237496125017
46,7,197,0.13940264931077756,0.25445609599587504,4.891350702533714,4.299709324739648,0.6549331431514557
46,8,196,0.147788736924056,0.2563226278936602,4.9941655449029385,3.968747754877565,0.642346154088767
46,9,195,0.14567006264299653,0.2579784766658175,5.140494433947824,4.208503491644141,0.6344070316218947
46,10,194,0.1454976575329858,0.25937281249957334,5.64209275411162,4.876503636940632,0.6457938324095762
46,11,193,0.14728923328656635,0.2645373652655748,5.502545299842737,4.435044385039742,0.650036765961396
46,12,192,0.1485149949596129,0.25845184279936234,5.242034161688293,4.550964410122598,0.6331874201024491
46,13,191,0.14381737136046716,0.26128432355761444,4.961267146722024,4.884954921268614,0.6315069592125311
46,14,190,0.1463299487989352,0.2638855588246201,4.819182570201159,4.376658664492654,0.6469081837893407
46,15,189,0.14467418644570648,0.2633468159428406,5.175893238695543,4.5307908717715035,0.6482780933501987
46,16,188,0.14470178075334741,0.2586256790733747,5.819133883646902,4.839472761012234,0.6530953434831658
46,17,187,0.14367390824494772,0.2618157242501077,4.921654608877093,4.483432644134239,0.6250657660788371
46,18,186,0.14449107515530002,0.2640778064737524,5.53480540119508,4.840373691671537,0.6556960164535623
46,19,185,0.1505974106050254,0.2698030776436742,4.845579618034261,4.142014290994034,0.64037804769172
46,20,184,0.14579530014746173,0.25638697947232975,5.15696487665231,4.814056233298677,0.6452203378760383
46,21,183,0.14149793455794168,0.25462056895962204,5.020610126673601,5.057408273998182,0.6789535245424916
46,22,182,0.14337091682001113,0.25646503007787713,5.6945474769920175,5.533491516873443,0.6539918227039264
46,23,181,0.1447176101307593,0.2673490722184905,5.3677258542105495,5.092582798234323,0.625412797229747
46,24,180,0.14690505952823799,0.2587792149764932,4.970921415119788,4.368370284076004,0.6182213719366386
46,25,179,0.1435339785742495,0.25542712230320047,5.25762157792044,4.653016802003642,0.6548570978173915
46,26,178,0.14366070262550815,0.25041754770089264,5.274513625374965,4.559900045318268,0.6677541149766516
46,27,177,0.1457834614144476,0.252464847011569,5.224827425892418,4.718679423225609,0.6571853551777566
46,28,176,0.1501642076257308,0.2619336918295398,5.094711897923819,4.538797450392289,0.6531338217660146
46,29,175,0.14628697876560473,0.26400106112283267,4.9326262990123055,4.763675895159434,0.6463291369300983
46,30,174,0.1498151906283931,0.2680525136914306,5.0458772914236185,4.467084834479099,0.6475391884575777
46,31,173,0.14779905901553142,0.2440327234332292,5.157027066015413,4.7154998949249425,0.6494614160757064
46,32,172,0.15177732969248744,0.2633283909715674,5.207206809001175,5.050612226902728,0.6340873597449946
46,33,171,0.1477716245217474,0.25874371416786307,5.098715690398837,4.545204435801911,0.644461676102644
46,34,170,0.15068998292485128,0.2626193438598822,4.819965133095343,4.308190480897792,0.6664214805823689
46,35,169,0.14527677087206706,0.26162024633776565,5.00210028726684,4.274454452325743,0.6453843288978576
46,36,168,0.14861413066127932,0.25970273621159073,5.201815283862956,5.000646360164768,0.6440023357112127
46,37,167,0.14581767663584094,0.25348755729007966,4.947405030822465,4.484713779318601,0.6494876108223842
46,38,166,0.1451124445854048,0.2508344232283903,5.042893898519825,4.552464572623755,0.6603900581775586
46,39,165,0.15402154089372116,0.2689949866848678,5.276269550233635,5.546579095579966,0.6366976824863821
46,40,164,0.14635676455919272,0.2517470970433803,5.588214388837344,4.456018591306326,0.6452421041358043
46,41,163,0.1493204274975761,0.26360950136123146,5.136064813680042,4.683329085442666,0.6385246654648131
46,42,162,0.15326765954506774,0.2683092374739142,5.756423543492263,5.871702536343631,0.6512135154612846
46,43,161,0.1559773358741391,0.2586724073145316,5.066380973980875,4.543739661057248,0.642856533644135
46,44,160,0.15044650256659658,0.2624132222061292,5.265409152319567,4.237556692539613,0.6397575602584504
46,45,159,0.14973392901440338,0.2735174999505484,5.270313693735631,4.412267067716903,0.6328341435240827
46,46,158,0.1467941086491667,0.25990438367363633,5.299801297881844,4.208853816885676,0.6559028660089453
46,47,157,0.152252799982557,0.25053917221219346,5.159691968531709,4.190262026198082,0.6256883109119039
46,48,156,0.14627657083188364,0.26293642699528824,5.024485400423723,4.146951292842637,0.6247148045684351
46,49,155,0.15077760991651745,0.2627342006081326,5.3879015313059195,5.072286344206984,0.6411448043179444
46,50,154,0.1506330602813498,0.2542473292993448,5.008498294775485,4.239118648413716,0.6280934266275071
46,51,153,0.15290448908327814,0.27925786747147746,5.267402798627078,4.714975592078558,0.6196585961835734
46,52,152,0.15325155346245384,0.2542015311628517,5.579902194976956,5.7373908173079045,0.6604761453860166
46,53,151,0.15244274731005267,0.25522680179198326,5.228680470951154,4.181192887212191,0.6720010483680934
46,54,150,0.15634776468872927,0.26567957544628434,5.044020215717643,4.486547639764116,0.6364601387664304
46,55,149,0.15103965705477387,0.265227594458741,5.152101218775604,4.881399154020414,0.6322213283516223
46,56,148,0.15544838915912973,0.270733731687644,4.9526843791721,4.812377706456978,0.641069016617786
46,57,147,0.14735794755412804,0.25433233738887545,5.143262753817898,5.08529172333858,0.6327665834848947
46,58,146,0.14982836057845542,0.26859407322625145,4.961060106012701,4.016698125742227,0.6166897104435035
46,59,145,0.15514492187980866,0.26663718476239207,4.9639768993148925,4.575287534180703,0.6153926604975305
46,60,144,0.154917613455381,0.26622005831351536,5.6452118572011365,4.865243020068484,0.6606688904916765
46,61,143,0.14627297712646317,0.2570855929456295,5.640135875713131,4.64568999774619,0.640295758089638
46,62,142,0.15342447074341853,0.2623474133946855,5.471417373532348,4.513517448379698,0.6374888498953537
46,63,141,0.14866831985190643,0.2568386592860326,5.105044717454476,4.7100267533005304,0.6468665587812256
46,64,140,0.1539104265736631,0.2704710327724863,5.389018393513529,4.496140215487022,0.6629242711571868
46,65,139,0.15593394102447353,0.2719157095491842,5.18888122897096,4.484265943846685,0.6351710449917463
46,66,138,0.15263614327013408,0.27060020109752986,4.993927257805151,4.157729133695173,0.6178078481262514
46,67,137,0.1525125606279397,0.2692449614807201,5.066479491144401,4.4872588582945685,0.6332122928670373
46,68,136,0.15321522137391563,0.2800288995611252,5.288746022451864,4.586904327952387,0.6224345664292503
46,69,135,0.14980133906537257,0.26863327280659666,5.329179391547303,4.567929574113425,0.6392652145900986
46,70,134,0.15557433039055582,0.26672966532691994,4.8332294269417355,4.839516189434096,0.6249125248512576
46,71,133,0.14885542573415683,0.267086267775595,4.9126755137363745,4.272736081083369,0.6418724455525052
46,72,132,0.15934345189063362,0.266338218989961,5.314583648053192,4.90715387445112,0.6314840791360393
46,73,131,0.15595064861197497,0.2725175627068953,4.94598925167193,4.583544164559892,0.6280457455899144
46,74,130,0.15620766884426324,0.26571258151234,5.6111807459797785,5.017524643342927,0.6348701939050116
46,75,129,0.15556232395457503,0.26063591046092527,5.365811219519097,4.932187963089009,0.6525859842636241
46,76,128,0.15663429754151767,0.26762276409480734,5.091990452016386,4.587030381467506,0.6405742619000535
46,77,127,0.15366176446826318,0.2666761882029392,5.665370876965623,4.660043315662511,0.6396931706670791
46,78,126,0.15104444039334894,0.25714078116368144,5.338310414101149,4.7180663088303865,0.6556242807779925
46,79,125,0.15623998924591584,0.26790302997734644,5.140196981875759,4.154450712791985,0.6393171172032454
46,80,124,0.16242988148490495,0.2639465247327077,5.153933864487482,5.2899283398211185,0.6432337784043475
46,81,123,0.15954533920719516,0.25827699349998495,5.347182003505472,4.765773902418813,0.6317637937324831
46,82,122,0.17064495147442335,0.29063995547187077,4.933104159656892,4.7308035981042655,0.5776821151821999
46,83,121,0.17276363652677354,0.2868825142763481,5.112562159793151,4.40400991891483,0.583087779421738
46,84,120,0.1740381551090444,0.29149732092511277,5.369886935409419,5.233880991156173,0.5613840013548712
46,85,119,0.17265187124835685,0.2929180410144303,4.443967207693469,3.71174599428899,0.5728145304673049
46,86,118,0.18114619717169006,0.30702222463052653,5.257471585111373,4.444142663739045,0.5862460015621611
46,87,117,0.17743467922182876,0.2966682623205827,4.714356377362488,4.3405494177151684,0.5803724232421691
46,88,116,0.17255777806331826,0.2909964175807862,5.032387573814431,4.348681861785593,0.5682429489093257
46,89,115,0.17671572476641098,0.294566863921783,5.13246117912681,4.634046988316155,0.5907138548273402
46,90,114,0.17844411661055204,0.29602806341019267,5.310744870408776,4.782038973739399,0.5818646402320394
46,91,113,0.17220764527617197,0.29186348282718727,5.0718282043348655,4.324220438443849,0.6042435591919875
46,92,112,0.17311546224750998,0.30558974642609577,4.821391597285029,3.815252737758005,0.5749818268104914
46,93,111,0.17518199136758122,0.29067044597170094,5.2874793456413185,4.716123245171203,0.5763653238905997
46,94,110,0.1713131132536145,0.2859057635076664,4.9167038473870415,4.436439081021315,0.5962471989152658
46,95,109,0.16871637931785705,0.29095545580485965,5.534761103034039,5.255917901158621,0.5848134984179778
46,96,108,0.1736907849066586,0.2996332306862375,5.773845672120649,5.040892913116125,0.5873675371079143
46,97,107,0.17161492030271217,0.28559790929793244,4.846749506488685,4.623192863134656,0.5765245539118641
46,98,106,0.17499268858402628,0.2927130586746707,5.487578857547641,4.869295506700339,0.5740393399072892
46,99,105,0.17751733117071722,0.29131905484034565,5.023306035422355,4.710778887584939,0.5933580857291232
46,100,104,0.17455592710279016,0.2855835813943819,4.768457110115541,4.234956508035971,0.5688742078703208
46,101,103,0.17569361296028083,0.29338160184739215,5.554696614619045,4.552691614000167,0.5806856323298004
46,102,102,0.17708513085275232,0.293602805715054,5.099696860443061,4.5631998130217655,0.5826334998815679
46,103,101,0.18017950738672406,0.29836532826130147,5.352665126490415,4.610253080192021,0.5810957125817815
46,104,100,0.1775396652615385,0.2971480733028533,4.97584178405161,4.297796178703906,0.5833013255862836
46,105,99,0.17559200776576983,0.28387610197403307,5.402581502541826,4.676529278508836,0.575772347629491
46,106,98,0.16549399322379243,0.2963331835203567,5.342824577610178,4.7125506883596735,0.5721395588823637
46,107,97,0.17426593812950938,0.297928720962843,5.108665765707151,4.551444072740949,0.5774994845490379
46,108,96,0.17545971687171458,0.29235779873687223,4.706422418653983,4.302278513592357,0.5606677759006103
46,109,95,0.17466879829976684,0.29118746120735955,5.033883798220108,4.923574286397315,0.571372445673156
46,110,94,0.18778427503905942,0.3128219571643272,5.099839584085432,4.363243549765627,0.5724149429762235
46,111,93,0.17206293391494382,0.2948566569128168,4.748913730701658,4.09995546472234,0.6018853229594766
46,112,92,0.17462104804074938,0.29864316613159286,5.1363062571092035,4.554061798658719,0.5573950496396272
46,113,91,0.17422525353212018,0.2939938171252139,5.158481473604425,5.101838060642534,0.5692517195757945
46,114,90,0.18283879061256186,0.3151184393130253,4.4454099547641714,4.390205526706631,0.5578413528811025
46,115,89,0.18181928563455133,0.29484515173779735,5.329626485428212,4.810754063099355,0.5704204517219505
46,116,88,0.1793942323603628,0.2931656358686133,5.282012801119896,4.463874463711748,0.5843384776463333
46,117,87,0.1821670054040297,0.3177543378967707,5.093755447855319,4.8165345235207395,0.5705918371878697
46,118,86,0.17489328138772794,0.2879953557928256,4.71129760596162,4.507087664260191,0.5868057252299582
46,119,85,0.17627971461443043,0.28956073746134764,4.872596883242927,4.5159335203072155,0.5808169900153884
46,120,84,0.17570890946048762,0.29528546101667136,5.154619831745638,4.667820863990938,0.5692933710872582
46,121,83,0.18122586481426645,0.3020778461387195,4.991141998959234,4.2716345009481635,0.5786938236890509
46,122,82,0.1846127714729423,0.31021168269778426,4.974128355024458,4.386216314791272,0.5766846148370685
46,123,81,0.17320050377890686,0.29322634355918853,5.068023778694128,4.23894189180895,0.5714784841459962
46,124,80,0.17580358053431377,0.2984833581384378,5.391005842053893,5.227600337614122,0.5678618876283019
46,125,79,0.17785125831772122,0.293993842386171,4.981308043969371,4.01174047247346,0.5782947017786899
46,126,78,0.17521216878229767,0.2960923808127208,4.599210815657129,4.236033982943587,0.5891815992575262
46,127,77,0.18040071628927248,0.3063833574417936,4.90800238189141,4.36853217367503,0.5619569163805479
46,128,76,0.18935005250300146,0.30726750616848386,5.32513796522665,5.609204380951346,0.5740710020780766
46,129,75,0.17698228915533484,0.28907344042341954,4.999423376653615,4.382095513231792,0.5654275133879455
46,130,74,0.18007921522905604,0.2967013871789556,4.6991310675750775,3.9436181057131283,0.5677158782457322
46,131,73,0.1765181088615636,0.2968748712521375,5.060256112527463,4.5383680713932275,0.5626690083429032
46,132,72,0.17749814124567292,0.30786312235815716,5.0387846383273205,4.164152489322029,0.5678403790365162
46,133,71,0.17989739398985458,0.303814006779485,5.138955840225952,5.054374302626576,0.5847007218716015
46,134,70,0.17994208841450351,0.30921354072166285,4.890933597266598,4.506185553563346,0.5745806486702709
46,135,69,0.1840850187616826,0.3143815697346343,5.289879377137138,4.6327639805031495,0.5738980641738968
46,136,68,0.1801897284580471,0.3041875079799389,4.667564578599237,3.9957980963842306,0.5623771449764334
46,137,67,0.18049489777134858,0.3083321382542581,5.066393223625743,4.452620389379603,0.5487189296980735
46,138,66,0.18235857854319903,0.3005524123543132,5.014701030504761,4.570049746632961,0.5731690361100433
46,139,65,0.18288806861600082,0.29205384833034376,4.992029690155642,4.414192009816151,0.571102665273327
46,140,64,0.1810011795561642,0.3044544645651424,5.190929100858119,4.753092520361532,0.5615608754857564
46,141,63,0.1790752220574636,0.29720887415338687,4.761263337404794,4.614127883531634,0.5871385085535353
46,142,62,0.17786014893370897,0.3074802274791464,4.679425284283221,4.437967726056497,0.543599169480277
46,143,61,0.1882003511629658,0.3195985452609604,5.001414332591759,4.608150580161236,0.5532390411937218
46,144,60,0.18522821601140294,0.3084561128935793,5.3696388242432604,4.558067471876228,0.5756656619914773
46,145,59,0.18327824891927358,0.31266430318265187,4.782844073657441,4.005552548268525,0.5508332298285301
46,146,58,0.17748710947947874,0.3012608292135718,4.577371601461515,4.0057689872474205,0.5704068986530538
46,147,57,0.18433860644849395,0.32142815121338103,5.31920410535324,5.0905020107785095,0.5563927634499677
46,148,56,0.17990322984035484,0.3164900353011252,5.236727362123989,5.183737312363974,0.5773349539408071
46,149,55,0.18485570440956353,0.3250367254891786,5.022698940105927,4.361739865308188,0.5730364150470921
46,150,54,0.17779273526293593,0.3071611982556517,4.987450226597121,4.5189125798538665,0.588378347823841
46,151,53,0.1787296565690895,0.30598379667803927,4.641390926681522,4.65425852930816,0.5538549319329092
46,152,52,0.1817457613915002,0.3170839326669367,4.930137142531144,4.543368918169888,0.5910065118472343
46,153,51,0.1810751488048657,0.31017974653983615,5.247565643248219,6.070267243575002,0.5525617004785875
46,154,50,0.1826212418165795,0.3153061467319636,5.0853880312851425,4.7162263634748935,0.5711738888458021
46,155,49,0.18849424980669602,0.3141289150019259,4.529224687411715,4.423922958641629,0.5611152835676535
46,156,48,0.18108347522989515,0.310943579743693,5.631101586249455,5.318291180446527,0.5795649707852466
46,157,47,0.17965884554381353,0.31754195708451877,5.304970251480386,5.534691914763589,0.5649421814950074
46,158,46,0.1807068794135018,0.30713539364191955,5.302822069026153,4.530936375789394,0.5875436955814932
46,159,45,0.18299042120091694,0.3077890742796208,4.690212867121016,5.0727317689528,0.5556940833107664
46,160,44,0.18499862252121377,0.30922834867059334,4.8736482491601665,4.400953247177491,0.5610295865286858
46,161,43,0.18177863779427975,0.30908017374175295,4.9032637280450455,4.558925235888762,0.5918882098051311
46,162,42,0.1855130551343795,0.3029883896862935,5.194239391185191,5.011444702100799,0.5635039638100111
46,163,41,0.18154425975288835,0.30644079090011606,4.6883472016608545,4.306673745052766,0.5566073677777095
46,164,40,0.20881904559934322,0.35185817906192135,4.6559757551854775,3.964504168486914,0.48457161966199536
46,165,39,0.19811901382944141,0.33012757936002113,4.879857880319703,4.226137931274901,0.5200434162575233
46,166,38,0.19544437382318314,0.3268038606228985,5.224847900015449,4.580624211189564,0.5283073892597272
46,167,37,0.2093270604872829,0.36371207796033966,4.595532639991573,4.443821825813416,0.4865973392381773
46,168,36,0.20890004683351965,0.3561322668962945,4.6189726041030355,3.9592413452658914,0.5112697877344934
46,169,35,0.20322405299499288,0.3496977997647081,5.087713980752638,5.10250753305087,0.5052973122306181
46,170,34,0.20138247910328685,0.34932278430695957,4.975611681820186,5.06344768104913,0.5139192986120845
46,171,33,0.19665481926097686,0.3509560515100449,5.2559670421611875,4.695769563619227,0.5280784504522555
46,172,32,0.20745027475288047,0.3696210354578785,5.092270575317341,4.202300097366864,0.516530224056212
46,173,31,0.20406852677700155,0.3631724816383666,4.807349489711123,4.122581099845688,0.4803954163735619
46,174,30,0.20593353137066722,0.3511399066548329,4.614649241952911,3.777168741060514,0.5034784755511549
46,175,29,0.20709357615542798,0.3508271068240319,4.472357423018945,3.7279685962156783,0.500463308319587
46,176,28,0.20211475219302882,0.34110217456742703,4.472370463625191,4.020489152218411,0.5390142455851253
46,177,27,0.20516830788748242,0.33369956099254594,4.787903109593694,4.540676403549125,0.5445935451066638
46,178,26,0.21023677322847473,0.35510721336025436,5.2728592852406795,5.3058672299474035,0.5113645612931681
46,179,25,0.2118570610571865,0.3509122158346111,4.628998322388683,4.313719265071288,0.506479649546552
46,180,24,0.21191646303264494,0.3562147218518902,5.285971792982016,5.352153548294847,0.5056484476273566
46,181,23,0.21010222678156362,0.34129128807583037,4.5095118303856445,3.937384877552629,0.5252125765989574
46,182,22,0.20212810502865133,0.3292446213244762,4.624145976785526,4.558691797502134,0.5306121507585
46,183,21,0.20324368580696806,0.32299406646704365,5.015407316479573,4.891176207333832,0.5452525058083942
46,184,20,0.20584987732864585,0.31919062078650684,4.949701554465932,4.453731759771402,0.5274395542602683
46,185,19,0.20841351902193164,0.338044387021536,4.881600143814846,4.8026022244814,0.5157211710631702
46,186,18,0.21136393818537033,0.33728763690335134,4.480104967678656,4.112353815947741,0.4949971793849742
46,187,17,0.2071313177350006,0.33952147285958084,4.7425650107735375,4.607339861258388,0.5053147118986948
46,188,16,0.2090603928684205,0.3598269024657295,4.349689132781359,4.052814652683926,0.48937013529607
46,189,15,0.21635642646987516,0.36203985342681155,4.73952813126531,4.311674594935179,0.5017664497621573
46,190,14,0.20051184151875157,0.32889995968400204,4.531238295509496,4.029807919048849,0.5347503379000393
46,191,13,0.2125311033316789,0.35079028313928023,4.540991794734012,3.861670534432569,0.5002552037638482
46,192,12,0.20873388306037785,0.34270522124320224,5.145021598669367,5.302809207924889,0.5308395320210894
46,193,11,0.21651940338701797,0.350206564661882,4.408948327476754,4.321012417961094,0.5007687955234089
46,194,10,0.2205305394960733,0.36006602843822993,4.95480217737321,4.7961458596618165,0.5095722534403874
46,195,9,0.20500421399562754,0.3221519739924488,4.772759755035553,4.7381686807439625,0.5405991287963666
46,196,8,0.20407248903796887,0.3269907746709386,4.508175664051306,3.8555243420071825,0.5199183624553272
46,197,7,0.22001709698340702,0.36627578668423205,4.842102182781264,4.614679163140188,0.46781517321775967
46,198,6,0.20353178394028246,0.33717201667352137,5.184360464658833,4.936557165932031,0.5355429534435093
46,199,5,0.219359508317888,0.3521193292929263,4.858677416386111,4.875203158137289,0.47383054856614926
46,200,4,0.21244605791715437,0.34564970209830376,5.180521905447918,5.343663014126299,0.49597177438136214
46,201,3,0.22538130103108342,0.3544336234307912,4.671703965837355,4.5643629811764574,0.4969246433632643
46,202,2,0.20778112289358627,0.33376549652727344,4.4463584610737765,3.942615627770873,0.5184381043556826
46,203,1,0.22255021743939635,0.3597563773122982,4.4407424694784785,4.226487658808613,0.4798347591707324
46,204,0,0.2118099204506731,0.3474356978489074,5.212630410427577,4.74495075490103,0.5188283064359995
47,1,214,0.16357220524563543,0.22443146366166714,5.062632340771127,4.50761309600359,0.6550902863440615
47,2,213,0.1608316185309978,0.21497510629315494,4.91766437076004,4.529666008589205,0.6436381044864871
47,3,212,0.16590835889728617,0.2194499004939484,5.109841645240021,4.700113887070217,0.6837126851355599
47,4,211,0.16746255398807383,0.2219280789618328,4.723547909653465,3.844647209492101,0.6539136920038964
47,5,210,0.16346692614339883,0.21392837794413663,5.573975096077001,4.950164843096825,0.6575376769163089
47,6,209,0.16724371216889147,0.2199225410083118,5.599285573686027,4.905401719707224,0.661983840574499
47,7,208,0.16647908586770865,0.2183886276197783,5.348045576546925,4.301215256293744,0.6714841639636822
47,8,207,0.16654386029656656,0.22699482247602393,5.571810773749352,4.777151208496547,0.653538561135501
47,9,206,0.16666367817222102,0.22138666819817113,5.112711312413861,4.867464515847419,0.6620922742942886
47,10,205,0.15920605092166742,0.21096608349654009,5.2965838976325355,4.217334575049383,0.6738825591995654
47,11,204,0.16647432057256387,0.22217976235341474,5.666471372344447,4.780362352563707,0.6551412852329269
47,12,203,0.16343994222952551,0.22219589956207705,4.823783366804411,4.369741486495917,0.6504180078491729
47,13,202,0.1652028953339091,0.22650170310481224,5.389992518563801,4.728283030447419,0.6754222995605162
47,14,201,0.1637428491511704,0.22767093868343996,4.957248642285716,4.15143105287237,0.6272109097425936
47,15,200,0.15967678328700444,0.2218902062731682,5.845410960592599,5.650818833300304,0.654070533272807
47,16,199,0.16052281680660282,0.2233578478178827,4.980843319730707,4.014568969923901,0.6635328951578333
47,17,198,0.16526743628728088,0.22848079873118887,4.955649191457075,4.429760137272416,0.6574675502742903
47,18,197,0.16338448754843443,0.22202330351951088,4.828060744065345,3.9918568554744325,0.649978262344811
47,19,196,0.16332786277354644,0.22570631437659824,5.133814095784878,4.662032291332048,0.6533083477314844
47,20,195,0.16135389351564597,0.2188870813226807,5.112322495386882,5.038829169850835,0.6885121149921387
47,21,194,0.16332795517515242,0.22697915124967558,5.397301157279612,5.269385233194845,0.6610410792021216
47,22,193,0.16002327789981688,0.226248797431681,6.136616694997,5.143751761624755,0.6492631827414193
47,23,192,0.16762167575565587,0.22756573214736475,5.2269045406624315,4.592449607372113,0.648656189716229
47,24,191,0.16757498757757247,0.22829363016203785,4.842725047191671,3.8403976641529995,0.6547584171826051
47,25,190,0.16493022130184062,0.22339627240075077,5.29520679213754,5.176375452689117,0.6819333367242587
47,26,189,0.16588133641722505,0.22724093107866608,5.453926203515984,4.637374041095399,0.6591245990682426
47,27,188,0.16274979816120144,0.22828315320571796,5.638415830414863,4.94480396330801,0.6551706028739369
47,28,187,0.16310165300545745,0.23116614865641416,4.846113834019583,4.0815121567585795,0.6531332002473503
47,29,186,0.1682317996645539,0.2323947632314364,5.364579769909909,4.729704186778677,0.6504310729002792
47,30,185,0.161144846676797,0.2277027560379596,5.656486701225055,5.035311807398262,0.6752750076875844
47,31,184,0.16539293614817402,0.22396493237685192,5.303425926666254,4.2609720675387575,0.6865582827664427
47,32,183,0.16357843419023185,0.21925729084797288,4.706043249459849,4.460685236175119,0.6663725473470632
47,33,182,0.1662225669761365,0.2318370719783978,5.6572802875428065,5.609596918346233,0.6517152064141046
47,34,181,0.15839297021154586,0.22248448556152975,5.1505759551142365,4.673141437110155,0.6584113863440274
47,35,180,0.16980108597117588,0.23121853288735086,4.967895932242385,4.089451208842417,0.6585538926377331
47,36,179,0.16258728195182104,0.22617398402876668,5.791493593989862,5.106385223063651,0.6749450421146621
47,37,178,0.16778206908420612,0.22937104066343486,5.585457868289649,5.125890103058292,0.6596405895107603
47,38,177,0.1630579274786189,0.22395154296264755,5.314480437744503,5.281183944284849,0.6478985744989766
47,39,176,0.16838784095568826,0.2270286352222386,5.39018886172405,4.983960840195754,0.6755858382781469
47,40,175,0.1681993446659227,0.2292746304051044,5.842218073939993,5.7771159344179175,0.6521273322909277
47,41,174,0.15885340114165036,0.212313534932237,5.733789406370675,5.433455884774997,0.675476526590883
47,42,173,0.1690077496772055,0.23054544022125423,4.940971435907102,4.592694615214648,0.6532735743009048
47,43,172,0.16623060989608682,0.22312957469996683,5.114441859183454,4.472518930117303,0.6473581442729511
47,44,171,0.16991538746421564,0.22887683970514955,5.088018993704347,4.433442880965839,0.6546308749998471
47,45,170,0.16386205099403323,0.23381468271338077,5.859196597533742,5.352369441536344,0.6288684562944074
47,46,169,0.16760313496134147,0.22389332076803073,5.005033314585767,4.080518463325514,0.6617655861357791
47,47,168,0.16996575769781758,0.2274372723101647,5.22247685440634,4.368323503144212,0.6689791620487178
47,48,167,0.17675783698226216,0.23698242592680582,5.46741241055083,4.7710353854285,0.6449906222562307
47,49,166,0.16192900884750702,0.22109125216014408,4.970079061705468,4.075947050712743,0.6602599621510463
47,50,165,0.1730723230484168,0.22497959467483197,5.529032209339953,5.1800195311267485,0.6559008324878263
47,51,164,0.17124826905594354,0.22881960040583485,5.174599377262029,5.359055794039591,0.6584024079415204
47,52,163,0.17269584750487482,0.24132057669226287,5.27850767085682,4.299542401934864,0.6482121646805781
47,53,162,0.16590241665617436,0.22479653954060877,5.233485670497207,5.644332813262893,0.6681186102531529
47,54,161,0.16736966377880136,0.22103226594872508,5.1150727083967205,4.930614053690722,0.6573073213801958
47,55,160,0.17209772027012932,0.23779752669686338,5.387067210032082,4.95706078580073,0.6615764936321192
47,56,159,0.16569218350038556,0.23076279044496292,5.356236939345314,5.095323379577437,0.6557584546593223
47,57,158,0.16914070090177694,0.22793525731688347,5.429279149270538,4.461121989603453,0.6574976410748997
47,58,157,0.1692071925106599,0.22857789906493686,5.211917467674867,4.294444138996053,0.6396999377766803
47,59,156,0.17238679632309248,0.23616848512977748,5.040539525143879,4.417297916560707,0.6458395413569529
47,60,155,0.16572594048484823,0.22334186980785528,5.602044321642579,4.831155876731065,0.6738945126144056
47,61,154,0.16881785672929472,0.2302883429877401,5.567925174567182,4.902184389899181,0.6636154129683739
47,62,153,0.16929586652738998,0.22921981903535585,4.859738359530871,3.8990537893998543,0.6550745747576626
47,63,152,0.16685868310112145,0.22752299565265002,5.872424093068496,4.784778270764217,0.6693968548272815
47,64,151,0.16965711862568558,0.22793467359782746,5.146836941904238,4.286325382066343,0.6486016875196546
47,65,150,0.17210526367684797,0.23224117260841068,5.532097737274697,4.423596136229336,0.6502253678872622
47,66,149,0.17324021165983344,0.22968038272440613,5.328409982194817,5.412849688451569,0.6334542319382288
47,67,148,0.1738048983389492,0.2293435060571214,5.097329078869839,4.493098803139259,0.6441324873254608
47,68,147,0.1717504857401913,0.22453979080461473,5.198749573415306,4.75788262350591,0.6644945360571909
47,69,146,0.1717832932032498,0.2347302070669175,5.168458513149169,4.395995270447824,0.6386307856103981
47,70,145,0.17167785497161112,0.22685125534861406,5.233837345557481,4.538209077222071,0.6761285063143598
47,71,144,0.1724652583690074,0.22986995821012315,5.764431657707746,5.827811304373348,0.6587424175847307
47,72,143,0.16884614330268014,0.21942092280019637,5.552919535454697,5.175072089331459,0.6744483562629155
47,73,142,0.17133809291076388,0.2255706528307742,5.4762850407721775,4.887566698367966,0.658293605337722
47,74,141,0.17192548458138104,0.23261407995434374,5.14502003116824,4.530394494373335,0.6707567212148612
47,75,140,0.17525728015041195,0.2331919219432224,5.383403745663182,4.230634893724658,0.6555758681044583
47,76,139,0.17042722940830374,0.22839151708856315,5.452022809435201,4.743021669850124,0.6622906290789244
47,77,138,0.1666629061536772,0.223100031291327,4.891773718867865,4.29518631341052,0.6607341771967133
47,78,137,0.17421830772650154,0.22851957411098775,5.647781172273904,5.225793963536805,0.6671137706741523
47,79,136,0.17097320091769855,0.2273277214290877,5.578481737482626,4.55851922602534,0.6527086319036638
47,80,135,0.1794695597772375,0.23522440867302638,4.982848021528972,4.377202966128548,0.6446166386096768
47,81,134,0.17074201385643634,0.22864352811188937,5.11904829609686,4.364040385490724,0.6589895915092787
47,82,133,0.17367206654535394,0.23280556708608138,5.450672773392591,4.455725916309281,0.6671677117471506
47,83,132,0.1706052591942012,0.2263927328776157,5.401035219666018,4.333838490144656,0.6663624458252987
47,84,131,0.17767725009942414,0.23426151689675143,5.331941455245064,4.31859942857075,0.6442685287512135
47,85,130,0.17642816915728593,0.2438949048630442,5.781593967322069,4.911551510492861,0.6520518376832154
47,86,129,0.17289955053249523,0.2357773265857423,5.891086859903766,4.831492095985304,0.6453371000072552
47,87,128,0.19109714104703013,0.25409205856445566,5.284402530963903,4.481101539251748,0.592453327658872
47,88,127,0.19493429378638003,0.2507934988457765,5.133268106896656,4.8004725864302396,0.5973125974194045
47,89,126,0.19100936223172746,0.2486737154767186,5.58052823282422,4.504637291854163,0.5835831601505395
47,90,125,0.19303023535767852,0.2554898304750394,5.678444106663234,5.164766413927462,0.5796572148438685
47,91,124,0.19049863732259179,0.2573583508968482,5.361355967419858,5.87762105392797,0.592764885720863
47,92,123,0.1880811673568169,0.2533802563335635,4.9702259510447835,5.02242053802957,0.5834712497596927
47,93,122,0.19218443107115415,0.2549503639882155,5.236261048348775,5.110244333955548,0.5884939529458136
47,94,121,0.1906622667088361,0.25137653801794857,4.960829099558298,4.597001920371382,0.5753742580698934
47,95,120,0.1939238737944061,0.25888037361220595,4.66508694041888,4.364271568678786,0.5825261083323242
47,96,119,0.19289967209560152,0.25795844728943634,4.98118958182187,4.340074763751502,0.5929317038099351
47,97,118,0.19114096298832045,0.2457518762329329,4.886534838487716,4.1185527841099585,0.5974123197384529
47,98,117,0.1898510165278606,0.24947749221163906,6.193392035583541,5.155823039867086,0.5935674535776926
47,99,116,0.1993609706019384,0.2478945879268543,5.920896343092348,5.5153823567141105,0.5954094943441882
47,100,115,0.19534579304016933,0.2593608119824578,4.782965732597901,4.228963431138307,0.5718587324888242
47,101,114,0.19017082312586156,0.24757511128668114,4.799196211664151,4.326901982027051,0.6017381265920833
47,102,113,0.192219507830451,0.2580494838401447,5.230968282505207,4.570872533951155,0.60688982193433
47,103,112,0.19227812369647437,0.24652991757156273,5.216952464238918,4.3353984927418425,0.5719738524797933
47,104,111,0.19353992692657213,0.25328823649993115,5.037015622316284,4.5117668142031455,0.5777549775100723
47,105,110,0.19035603110459068,0.2642466116459302,5.024591333019696,4.530076568134525,0.5783742050323014
47,106,109,0.19513114929801,0.2643696918068889,5.377543912341807,4.290404293629998,0.5914474498099989
47,107,108,0.19983885515869265,0.2674181254089082,5.15979556354732,4.474792758433131,0.5767896879919819
47,108,107,0.19075744621640706,0.25735468323789407,5.637073240424926,5.233611485838918,0.5847134969339038
47,109,106,0.19726467079470436,0.25776044707566015,5.16984248925151,4.286190006634833,0.6038062688750132
47,110,105,0.18644505752631008,0.24841351972100195,4.94223336969249,4.1692124869114044,0.6072373065449638
47,111,104,0.19425922282892066,0.2634365622341473,5.255915157639145,5.307289756653646,0.5812169607475169
47,112,103,0.19922968044453546,0.25957024870269096,5.039951470990925,4.219376620144279,0.5870610467253651
47,113,102,0.1948408867364884,0.2626572792784126,4.823111947417386,4.558742332132632,0.5893557674408227
47,114,101,0.19504955333199872,0.2588391990783082,4.780423424895764,4.3714789141144665,0.5984319590766453
47,115,100,0.1939338887580356,0.2491022523843033,5.160216242319837,4.305487877103462,0.5909333469920757
47,116,99,0.19248394082359493,0.2626147786676825,5.566052171384287,5.475970779186402,0.5957568118451283
47,117,98,0.19996765009823592,0.2595265575844458,5.146363118102013,4.779931105002023,0.590582178965697
47,118,97,0.2025875848279906,0.2678749532452073,5.304950066291436,4.93142403365511,0.5996145350707967
47,119,96,0.19976793113520508,0.24840941715491616,5.310208182265754,4.3991672876971,0.6098680717868438
47,120,95,0.1989557369314123,0.2557133429706189,5.050317924455997,4.650753362946805,0.5840525994320255
47,121,94,0.19761896878205662,0.2639539491934684,5.2386956937113185,4.41054749652734,0.5983906373052116
47,122,93,0.197593379851481,0.2445102336672923,5.2170057380761685,4.593486633222345,0.591882132802021
47,123,92,0.1988988328412954,0.25980909152533105,5.296638111527034,4.740921316099307,0.5990601623506933
47,124,91,0.199411875299768,0.254672844841579,4.870891798692945,4.630880665054178,0.5905405458545211
47,125,90,0.1967349249803621,0.250838583614895,5.228401620200484,4.904556451881124,0.605468838941812
47,126,89,0.20843255931571575,0.2637834171292816,5.290125331417323,4.689055611730626,0.5955070192204464
47,127,88,0.1990156826795973,0.24793297794179905,4.984984049398203,4.191370684595968,0.6147462985913497
47,128,87,0.19770692065153594,0.25268381909258725,5.077647501186149,4.471042394159659,0.6154695370139428
47,129,86,0.20133177101336963,0.24601880195869275,5.2747426965166895,4.345051574847969,0.5866960303932722
47,130,85,0.202099087993483,0.25631130096315896,4.572536888991623,4.336435644437828,0.5844232015979554
47,131,84,0.2070912222669082,0.25914344487946744,5.594736649654687,4.9668546081682035,0.5822619360693166
47,132,83,0.20766416264090942,0.26964783495183375,5.350799268731301,4.979695101255088,0.5914270685951899
47,133,82,0.20517400894726287,0.2637748092675329,5.36135799385416,4.907524964154291,0.5853261339177318
47,134,81,0.20599639397482764,0.2660746530744143,5.026651290109221,4.0734016545313585,0.5844480355732711
47,135,80,0.19817991580056477,0.27422251916268975,4.678463304118149,4.211284106500433,0.5694756996639898
47,136,79,0.2010777692941185,0.26160893944814834,4.971850847197449,4.637910549563484,0.5928292903716692
47,137,78,0.20552978056869675,0.2657864400029782,5.936855824685557,4.856879688054113,0.5939613360526577
47,138,77,0.2007103109362805,0.251993034451713,5.087789727323609,4.628343730558697,0.5839868887521072
47,139,76,0.2016107007441073,0.2501092893694062,4.654594748049812,4.495584502905881,0.585152118585612
47,140,75,0.20829775598571287,0.2590111150400045,5.004991628881664,4.959523148783504,0.5800184120289377
47,141,74,0.1977492673900776,0.2572900138525781,4.837279973630991,4.452065132341911,0.5862803991687598
47,142,73,0.20219695755629613,0.2563750008688209,5.419254952910413,4.988695678346083,0.5985547240349673
47,143,72,0.20250069574439414,0.2597741558202777,5.1316689094309815,4.747605684406418,0.6011081216600002
47,144,71,0.20188104023791312,0.25915981636820307,5.0590163415167115,4.379900230792637,0.5731394435252306
47,145,70,0.21025967249874558,0.25544372823222294,4.870292954165478,4.3782913798812295,0.5815324772019909
47,146,69,0.2092526776018777,0.2623044736870418,4.536511232491836,4.6145670334101965,0.5963101433430649
47,147,68,0.1990074753885962,0.25863454622626375,4.785287979740758,4.474166924393874,0.5914990417855147
47,148,67,0.21057328913607576,0.27194821360682647,5.177680278044836,4.59968621369123,0.5728356900895389
47,149,66,0.20128252855292775,0.2548009659958498,5.3504244952232245,4.622750039869866,0.6006067944704069
47,150,65,0.20995721850421442,0.26131152664135154,5.130425285924339,4.194525509779922,0.6018365507666489
47,151,64,0.2025852385107191,0.2564647807178054,4.869745363494294,4.421726060701869,0.5751478527609908
47,152,63,0.2016210160884118,0.2642728223086731,5.179018413733008,4.580613334552933,0.5793215250996394
47,153,62,0.20090644308577435,0.2685630508865166,5.3924067612907916,4.755642347476673,0.5800209170234568
47,154,61,0.20335781976124012,0.270903324033929,4.9122169870815995,4.14742050073939,0.5995154578321393
47,155,60,0.20134014343311712,0.2692991754885254,5.261758609723709,4.840131400897727,0.6108220412668154
47,156,59,0.1991678037757525,0.27192797950876424,5.327558073164891,4.354361524037805,0.5769446912404929
47,157,58,0.20770394309478937,0.27614791078751383,5.218729761213513,4.9964651392027415,0.5732297620718876
47,158,57,0.1947335973154699,0.2638980455686195,5.6864516036227215,5.438718336379462,0.5769261330902362
47,159,56,0.20697942804222436,0.27492014118354996,4.960812370079108,4.969842204544362,0.5868578997671102
47,160,55,0.20952435928039118,0.2819376798575237,5.103078162559303,4.560562286997319,0.5557771918510305
47,161,54,0.20435504981068675,0.2651471646206545,5.029698612386522,4.477178247532779,0.5723010194491562
47,162,53,0.20044595405521937,0.26195636358690294,5.547819370881051,4.549744791216654,0.5959836708629206
47,163,52,0.2062418612131984,0.26193095179246617,4.991407071569305,4.795681787170037,0.5836564673009322
47,164,51,0.20985354983715543,0.2687165066062715,5.020724195093276,4.392156400469306,0.5988493565246201
47,165,50,0.20933828830064158,0.27103390743910066,4.63180222413791,4.41455445254223,0.5517275690712685
47,166,49,0.20652858461503648,0.25927131240810813,5.016546061781358,4.507039585090588,0.6030905817824808
47,167,48,0.2048285949916131,0.2739414275702563,4.753847315582741,4.081262532072039,0.5935038163953643
47,168,47,0.2149667035068359,0.2772218128693995,5.1225608639030895,4.25261202765212,0.5765382511265522
47,169,46,0.21226102593920468,0.27781986075407694,4.833739789899139,4.085889627948381,0.6002214292904949
47,170,45,0.2020716751959982,0.26394063042975263,5.309520662827218,4.835514950617051,0.5967680533625254
47,171,44,0.20916804449225407,0.26829377279907596,5.181744796881256,4.096778061029851,0.5909258303503564
47,172,43,0.20668517755906024,0.260540878839368,5.146616611514409,4.829140722454798,0.5862109018504806
47,173,42,0.22657834120515835,0.2983000302251306,5.240294335150763,4.321899712668125,0.5202899135245265
47,174,41,0.22708072460125786,0.29657149150892553,5.3805889003854475,5.195217947794355,0.5532285789047034
47,175,40,0.224393333150589,0.2793794024490823,4.730879773936719,4.6868686571340135,0.5537989797959839
47,176,39,0.22976624830791828,0.29198549466980644,4.97133167407783,4.363981612905824,0.5199298269510649
47,177,38,0.23722492093601613,0.3058504633906368,4.899897274030254,4.267722251793919,0.5121210402527702
47,178,37,0.2299560260375762,0.29536977354913935,4.774638188533406,4.884389497723468,0.527673348043862
47,179,36,0.22801129159984027,0.2941287211385556,5.284552602907532,4.944812890557723,0.5476517766204185
47,180,35,0.21919066362610912,0.2943066312595161,5.287987038365234,4.213083593096085,0.5206881337329049
47,181,34,0.2437296361662902,0.3112698712062183,5.557618685920019,4.430077442635661,0.5045982807729809
47,182,33,0.2402451805954635,0.3093336847105144,4.473597130670163,4.422417264920181,0.4911246979514852
47,183,32,0.23969513258620187,0.31312631649332767,4.810650824421183,4.197163186111044,0.5095933233994848
47,184,31,0.23259874528994498,0.3149873000501891,5.147148597432299,5.125080968556983,0.529537553539918
47,185,30,0.24440433449106636,0.312356961397617,4.294728216120019,3.996509836618764,0.48383640042561876
47,186,29,0.24020162683519267,0.30862191912379106,5.0727473565762855,4.296455781663935,0.5351542974564031
47,187,28,0.241346574551679,0.312992860507103,4.746775680943989,4.05424123771845,0.5181683837905148
47,188,27,0.2318180812988855,0.2882308037873498,5.301261945325178,5.037049915039431,0.5396125099367879
47,189,26,0.23382755490528165,0.299190085938965,5.248239910320363,4.861310165165836,0.5492822736882254
47,190,25,0.23141610745133157,0.3006160409477177,4.863002035726749,4.397942248031736,0.5402242330685303
47,191,24,0.2291404752641777,0.28881842053027507,4.5214524082441105,4.224202575205169,0.5359853868408067
47,192,23,0.23518912879930934,0.30997704817148125,4.8300033630539385,4.69837679974209,0.5002528529479914
47,193,22,0.2433298319375115,0.3083056170419877,4.793308878450469,4.587924475514463,0.5112923109304743
47,194,21,0.2224082901256144,0.2773203466725955,5.052223654111746,4.6390812299283635,0.5569942214044566
47,195,20,0.2352920868698577,0.3030145286384042,5.142802104498276,4.837550884325859,0.5247323471767612
47,196,19,0.24239043904723237,0.3166037945734581,5.1650912192402085,4.524876175496486,0.4975174365816344
47,197,18,0.23473509478101964,0.2988627471247041,5.226410793798113,4.503993967768183,0.5334207004522274
47,198,17,0.24207499699213209,0.3219678783808546,4.376185996114207,3.978096356799361,0.49782503709200127
47,199,16,0.2210698211507359,0.28949936280376215,5.116725533203654,4.827785938486734,0.5365119847430029
47,200,15,0.23626114452796765,0.30609901550042046,5.295035170970712,4.977678681807839,0.5243927615347043
47,201,14,0.23993451576456074,0.3113482016075085,4.606818147871924,4.009786364694176,0.5238598734288867
47,202,13,0.23256882124108183,0.31570399579415587,5.01053005273071,5.1931926853600805,0.5195685095048197
47,203,12,0.22220611029775908,0.29473661770197646,4.72437402671482,4.3582739947879405,0.535356130255471
47,204,11,0.2339997249105088,0.32055534658383705,4.529684516925015,4.45408167801566,0.5203425583503387
47,205,10,0.23372704069512953,0.3015640605497673,4.626095364075123,3.966095622931825,0.5440123102837088
47,206,9,0.21703672272423816,0.2831716178461513,4.56184985911718,4.598527693134106,0.550401829933234
47,207,8,0.25433807643778245,0.31456770187235655,4.535871742869276,4.246410515667116,0.4954202925608199
47,208,7,0.22815657843987525,0.2888898782682368,5.325987038731366,4.794008102115656,0.5661469389336568
47,209,6,0.22632525850129942,0.285147587052612,4.708454042451688,4.118345071705469,0.5582871286829616
47,210,5,0.24514526185873237,0.31966327688953283,4.7142755716823075,4.1926925485606725,0.5179731846113028
47,211,4,0.2309008177305338,0.2833969733901369,5.1004672353227045,4.421838465421662,0.5499474127811593
47,212,3,0.23699099281511973,0.3053255499454974,5.15373904556656,5.04923896085519,0.5291840903996795
47,213,2,0.232845469056329,0.29262752402871245,4.89778663893504,4.510211942635667,0.5529652282965262
47,214,1,0.23753319193398933,0.29938013998240687,5.217399888900897,4.487709607765923,0.5308676722665187
47,215,0,0.24003619997526665,0.3039870023668947,5.259719773894421,4.651621407246192,0.5131771904481759
48,1,91,0.16197925439948782,0.2238020508108747,5.174285231373394,4.31192037792769,0.672978479174954
48,2,90,0.1612649033354476,0.22405722821908974,5.214168055627502,4.001536052203373,0.6508795518365108
48,3,89,0.15364388047519378,0.2148966487993421,5.87694830064874,5.751102029405413,0.6747241634562149
48,4,88,0.16040346659512733,0.2246337916354956,5.246884677102004,4.411593471410888,0.6589469547699416
48,5,87,0.1587645046419691,0.2210725087166425,5.6538359374311975,5.623167400212335,0.689590026599432
48,6,86,0.16297113871082952,0.22536560443984824,5.588237478063707,4.707731360920496,0.6576320587001876
48,7,85,0.15979912657053363,0.2185200938855451,5.236494269864029,4.597611792261949,0.6474541808351703
48,8,84,0.161813920502212,0.2228054087010685,5.080998711617644,4.496132495862855,0.668938562281439
48,9,83,0.16036042341415457,0.22241255961245712,5.47790507594598,4.758924999007385,0.6630611730365749
48,10,82,0.15817067941068844,0.22021812144281422,5.966304422216524,5.855738062970451,0.6513916316329297
48,11,81,0.16451560735356335,0.22793568365863306,5.156136017852783,4.28903130770536,0.6372661847684143
48,12,80,0.1635000222066059,0.22545443901211776,5.585919521920058,5.295339881166244,0.6395978500724411
48,13,79,0.16472932815833338,0.22772365359023486,5.196856560832416,4.472479959359624,0.6685623031977967
48,14,78,0.16017011278901092,0.2219346482516445,5.12158474073052,4.420194465611394,0.6698836603061542
48,15,77,0.16145052678272098,0.22539193617870648,5.333103776196512,5.091875550303522,0.6738975485587767
48,16,76,0.1615807605099534,0.22123787636226813,5.3996266790168335,5.309023402695511,0.6730657790524516
48,17,75,0.16838486149846227,0.23005567717306802,5.429119474723311,4.769073353667104,0.6433845605329034
48,18,74,0.15901091915619356,0.21555967346662377,5.313986846887551,5.259160719613179,0.6430352703942683
48,19,73,0.16851368843423972,0.23112625023959268,5.330962651794904,4.915913857219829,0.6510606031675646
48,20,72,0.1671748635600697,0.22962209621222754,4.963966759319193,3.9752267677007374,0.6241548923934934
48,21,71,0.16559101998042067,0.22773033481806715,5.052872488236446,4.20316030150092,0.6417041545307421
48,22,70,0.16377611348819016,0.22421795913085227,6.032523742244984,5.366656400737204,0.6832930084267058
48,23,69,0.16555173867041756,0.22754652026030514,5.436690180788328,4.576342466451874,0.6701830389790352
48,24,68,0.16281502043058416,0.22561479745466673,5.202949206706537,4.78149395282727,0.6843498212840687
48,25,67,0.16630301050238003,0.22877625728723322,5.542138106613312,4.660826530075264,0.6718845519005671
48,26,66,0.16805209342485034,0.23027067799986106,5.607355806249572,5.194379513329212,0.6575513352796882
48,27,65,0.16937793362560394,0.23250979887288123,5.1535331495865595,4.201895843422098,0.6407411929146247
48,28,64,0.17192697909509697,0.23720323256771672,5.298313826402842,4.730038379628427,0.6398172215870936
48,29,63,0.1648371274011079,0.22786786044697077,5.546243318449809,5.279777883010161,0.6399581052545916
48,30,62,0.1595116138705833,0.22145450793508992,5.232176395490098,4.635375291621007,0.6634168617834301
48,31,61,0.16911787051217436,0.23512005717828457,5.206229617546368,5.015372101728899,0.6555012529841582
48,32,60,0.1682355007842524,0.23008535203577465,5.047323401094694,4.595133207035339,0.6379788243112782
48,33,59,0.16987332948073144,0.2317850998157512,5.153272007148587,4.987686064944846,0.6595896651092613
48,34,58,0.17028109935292884,0.23294705180183575,5.463883688675889,6.023453801360423,0.6448943606489748
48,35,57,0.1671558303616243,0.22688955998539986,5.078777080306057,4.357679847542141,0.6487071547713719
48,36,56,0.17167197086260097,0.23086293796260543,5.713478581365829,5.732968038397179,0.6457481657555781
48,37,55,0.1886993574061049,0.2538512693997991,4.9970676073527045,4.291384453555866,0.5866709659836277
48,38,54,0.1851044366504027,0.24900700502673606,5.728213455209266,5.242849977463748,0.60477106605652
48,39,53,0.1824207721320747,0.24667990094451472,5.049540654951864,4.400827542099594,0.6100244413934014
48,40,52,0.18564384700026382,0.2481700001276375,5.416708621944544,4.98961502739944,0.5959942244651719
48,41,51,0.1895043750100958,0.2508418975449894,5.191320346687816,4.6838215746679115,0.6012240530091998
48,42,50,0.18452171596108113,0.24289163864217517,5.2424794955403975,4.731322238411627,0.6053184456753934
48,43,49,0.1882316195249788,0.24982351788691137,5.98696986342979,5.57486554326767,0.6059701677182813
48,44,48,0.1822793526748887,0.23953519862891456,4.831905220763369,4.138059820421857,0.6102780285539994
48,45,47,0.19004921952980303,0.24840184351068806,5.345954178071686,4.780512010551111,0.5921973770643882
48,46,46,0.18826370705460924,0.24718449301214163,4.851738270604434,4.537170052119671,0.6079461197542358
48,47,45,0.1910287709442546,0.2531165510414131,5.191351513108648,4.584570204009171,0.5671715609084105
48,48,44,0.19106161585453524,0.25453724808874145,5.61491165556995,5.028399088823943,0.6027037988077301
48,49,43,0.18646201392655812,0.2516253704604867,5.2550200519526316,4.363815185302847,0.593952154637536
48,50,42,0.18108216062459456,0.2471693764709527,5.128655196579189,4.720944397181617,0.5973919377020542
48,51,41,0.1862260172189208,0.253493774301513,5.087330109566637,4.158401640983219,0.5927449498985223
48,52,40,0.19271986225501828,0.2618166924815796,5.468242930529912,4.7603113700477815,0.5907044447632476
48,53,39,0.18760919870544604,0.2556724636480445,4.880743732868587,4.3719401772005195,0.5715906955473743
48,54,38,0.19223638459459524,0.26275040108526965,5.587101907311048,4.421809301455775,0.5987620098183648
48,55,37,0.18944377528042142,0.26100377415162324,5.228380898713567,4.605465290395841,0.5846842985743388
48,56,36,0.18603232762013236,0.2545622011989247,4.828876396393093,4.4791443277611505,0.6090080635838203
48,57,35,0.19142326411352775,0.2613495392881147,4.986938777129172,4.412236680475762,0.5916903311226662
48,58,34,0.18751312057096475,0.257861704885209,5.150155188062743,4.539651728284292,0.5881231385833682
48,59,33,0.1928360025085725,0.2639888606709821,4.785585641794373,4.321537382137693,0.6033088790546294
48,60,32,0.18353310970930542,0.2566656718687737,6.044119312753923,5.808351687715861,0.5897295955802874
48,61,31,0.187358000760537,0.2593759412968554,5.02674413521539,4.344591702866063,0.5956479233509394
48,62,30,0.19078819298845462,0.26573274907428307,5.512482326036466,4.91304778299087,0.5980607141438933
48,63,29,0.18950003958313544,0.2653347389031583,5.441242396709217,4.749380186813695,0.5946346905467423
48,64,28,0.19237800607904987,0.2674031591304763,5.400010387572369,4.537831729032999,0.5752757656426333
48,65,27,0.18828352038422996,0.2602538520784834,4.780227112303319,4.273908908675016,0.5590917411442968
48,66,26,0.19564447947747649,0.27082966537996,4.728362356880734,4.062411967512751,0.5589064582922593
48,67,25,0.19236650005754696,0.26683556762947097,5.367208179357989,4.908939763362913,0.5760621804827238
48,68,24,0.1905517647852111,0.26428894275867815,4.937468256097162,4.283886959496397,0.5864338878783771
48,69,23,0.18377086673684742,0.2556270697321664,5.213537440118696,4.293625240125165,0.6055206095968012
48,70,22,0.19046254808145877,0.26332948740731976,5.019942982550046,4.746704784137749,0.5839342258867543
48,71,21,0.19238398693923475,0.2644889509342537,5.164627138736138,5.016939179554561,0.5791173649596747
48,72,20,0.19248795007707292,0.2615623123776022,4.951378384603288,5.578049311001662,0.5752413171062987
48,73,19,0.19306648440455873,0.26489422537055324,4.854352788220974,4.528843429637609,0.5794678604307897
48,74,18,0.20767917590684082,0.2900222217091061,5.24842560406654,4.724148355537661,0.5278341389494864
48,75,17,0.20855330800772048,0.2905919288861444,5.11451278680842,4.739681939593224,0.5289703131225667
48,76,16,0.21419365232019338,0.3009167617673746,4.770275599204062,4.376835289372223,0.5124529021916412
48,77,15,0.20983548980557104,0.2969829746526066,4.886046784492496,4.16019244530681,0.5217269924252737
48,78,14,0.22533943704554316,0.31917679025455603,5.263348318178627,4.685869937195797,0.4907751312284532
48,79,13,0.22237508726965832,0.3126920845185116,5.359280170909919,4.455451567056855,0.5147074692956303
48,80,12,0.21218125644492122,0.29623621621398943,5.095615680139598,4.898911206665137,0.5321181238578306
48,81,11,0.2097198729977701,0.29291374846214463,4.8620236980632505,5.192252666909323,0.5233460448290895
48,82,10,0.2146848348260819,0.302721079191834,5.407011714029466,5.218067679091759,0.5200705279033355
48,83,9,0.20918035158610288,0.2955498772925686,5.086666516891102,4.450924776181675,0.5438968097211689
48,84,8,0.20166222899836128,0.28173276732597213,5.123864562267865,4.89786694735334,0.5535057887400686
48,85,7,0.21396603264836,0.298572035289603,4.783772367590265,4.07372070347187,0.5209091326667589
48,86,6,0.21030721340089426,0.2950729500936671,4.675432221962512,3.9483795823152867,0.5250402947836524
48,87,5,0.21612868493533552,0.3036431677923918,4.424260659325834,3.9674301120901747,0.5185170947365979
48,88,4,0.21936042194627786,0.30548659417156077,4.5813187732820095,4.4541689256509756,0.5069017415768142
48,89,3,0.21202368585087628,0.29446017468534214,4.988429602284059,4.86808107321382,0.5120976079255247
48,90,2,0.21652290149395795,0.3042400213642425,5.25339814880582,3.9091544693099727,0.5061554050180167
48,91,1,0.2167150481257846,0.3076799217451266,4.703350649650016,3.946869011755495,0.5119172575272951
48,92,0,0.20598155132531618,0.2934982561985968,4.878954927878709,4.504225953839702,0.5545927119664953
49,1,366,0.1674228839550894,0.2224117162959229,4.9535954101942545,4.384378878795737,0.6627354399519595
49,2,365,0.1608948926890174,0.21992177572013358,5.3921416306115315,4.94363268983321,0.6719812280887798
49,3,364,0.164622482194376,0.2214410232740954,5.246079106109496,4.658847623276007,0.6717747484608053
49,4,363,0.16956107069294027,0.22016635115551728,5.458138406511787,5.412880994566558,0.6432463557565344
49,5,362,0.15690643008118257,0.21106152645471069,4.7264779793144625,4.096491506038966,0.6803500982480968
49,6,361,0.1670901436191167,0.22074913796551798,5.423411298002252,5.210547107688649,0.6408789329332564
49,7,360,0.16478164606089177,0.21993441243495895,5.197725383053312,4.555653305905669,0.6573857160787252
49,8,359,0.16272710181798522,0.22560559531480548,5.122244590827241,4.346908434499444,0.6659842669526039
49,9,358,0.16520021763083645,0.22505513079337677,5.268694420137566,4.373386423965029,0.6645415517718156
49,10,357,0.16487569981213365,0.223591000878275,5.283632951439651,4.761793253324054,0.6653841861417035
49,11,356,0.16233403112923542,0.22471449479330988,6.089251082801031,5.301106323381392,0.6713907787617588
49,12,355,0.15939700706619206,0.21693791739542487,5.377322017220253,5.265685226559163,0.6841322406414208
49,13,354,0.16780346477786298,0.22530301689500337,5.258673808902792,4.792383508802194,0.6580977774329466
49,14,353,0.16654886485497009,0.22210953828975927,5.219335351376321,4.130944988935867,0.6830396471883885
49,15,352,0.16519017835629318,0.2209146826603925,5.535831844115826,5.02523113576529,0.6752477480095602
49,16,351,0.1648018364952895,0.22102376426001555,4.730313465146541,4.008364117280446,0.6588277503109935
49,17,350,0.1652911265572824,0.2276819680831736,5.128416700005424,4.275270295428943,0.6656189425291691
49,18,349,0.16344449959587265,0.21962288303538707,5.006636532623347,4.177153582192932,0.6723885474039621
49,19,348,0.16567155805999284,0.22056404526371762,5.021703193618475,4.193076070071398,0.6772407135093764
49,20,347,0.16003695000273868,0.22008358691599633,4.9023573817889154,4.492797507876315,0.6557825929593104
49,21,346,0.16665471634987883,0.22187623137805576,5.309984989697881,4.6936445595936735,0.6679399611676137
49,22,345,0.16886459793351263,0.22463744680934347,4.947904786086868,4.107334806571211,0.6494437068301394
49,23,344,0.1674628234130175,0.22065682431813688,5.2276748146918885,4.223081094906842,0.6556463520044112
49,24,343,0.16451785236994151,0.21372822966985994,5.243030849156338,4.211728885214384,0.6664843380391878
49,25,342,0.16330516011808288,0.21758675781330564,5.031899052158233,4.771061259544059,0.6483861369380808
49,26,341,0.170662839340404,0.22889004522324377,5.8776509036677185,4.961579378442749,0.6413291124182896
49,27,340,0.1664814229490707,0.2254292189737016,4.684107664798015,4.00920630161154,0.6278908909310599
49,28,339,0.16364792271512973,0.22148588657292664,4.949037299015585,4.561780009990667,0.6730848730764233
49,29,338,0.16810034884250316,0.22976311634523594,5.2678854956857535,4.448240116483574,0.6467148229833687
49,30,337,0.16656813163850123,0.22536482513108905,4.8033891542047655,4.434499843927586,0.6539586018555562
49,31,336,0.1651196236716205,0.21996587079374877,4.8554404059009215,4.524149131563816,0.6673023374089645
49,32,335,0.1654922533853749,0.22224003658082084,4.943873005155613,4.33208002056603,0.6856422440218115
49,33,334,0.16312021605466367,0.22244242996688485,5.489350736703782,5.491149906095848,0.6599698820011303
49,34,333,0.16823858399034286,0.22866022428845922,5.178603251819467,4.696300865383644,0.6755569384557005
49,35,332,0.17539108523134234,0.23605510959003698,5.432742247300618,4.835804514731914,0.6546041094403368
49,36,331,0.1642982655095568,0.21800173322945615,5.5652994848309625,5.534085259423417,0.6783105866802427
49,37,330,0.1641109324669611,0.22066101437079758,5.305454977558336,5.321448128407493,0.6553049974724569
49,38,329,0.16543413090043196,0.22161243806164474,5.269249413717738,4.711243566071293,0.6622619611077563
49,39,328,0.16640668779352238,0.22380903391912033,5.465273546316717,4.926457498846596,0.6632929919874134
49,40,327,0.17051182087273972,0.23266259581601847,5.662370113169159,4.669497141909314,0.6624798281852364
49,41,326,0.17188609378268918,0.22684803339277557,5.159046751102579,5.01270277245513,0.6658780025971509
49,42,325,0.16503635630745941,0.22592169931195494,5.0144844685798375,4.602304253529917,0.6588029632708712
49,43,324,0.16721635631328788,0.22342843673428198,5.346374854708745,4.714054065665068,0.6737848152332944
49,44,323,0.1679570335366806,0.21800542642909612,5.497467477664352,5.335490636987768,0.6785231716991027
49,45,322,0.17664438351878758,0.23427474772106022,5.16628747209122,4.315723099866188,0.6550430633514807
49,46,321,0.16706833853166816,0.22426034666882794,4.980030847102591,5.093979184498442,0.6514791371510263
49,47,320,0.16755692408785294,0.2250992278654699,5.124746644655371,4.553461443343721,0.6718101382380687
49,48,319,0.16772283125133783,0.22659133475028595,4.872407112608204,4.377310974936366,0.6579303482914183
49,49,318,0.1655887957121505,0.22712826638736777,5.217096009902015,4.743042557074086,0.6422107294065875
49,50,317,0.17205694613302447,0.2198226899228642,5.189838740722733,4.262966443245274,0.6595343018417508
49,51,316,0.16914008190808166,0.22440305285528564,5.189286118595062,4.514007827592872,0.673947029724299
49,52,315,0.17299089334060758,0.2304402490523942,4.963439278952707,4.367633320203108,0.6471998202604287
49,53,314,0.17406167131241387,0.23375229743870982,5.132759388867259,4.630689344458964,0.6695980745486867
49,54,313,0.17154459042966463,0.2239820355613167,5.478161480176269,5.453264060997928,0.6786406504152454
49,55,312,0.17161090814863925,0.22655270132527697,5.54106185472642,4.699358436431901,0.672340006920368
49,56,311,0.17472378500622998,0.23083747635862073,5.267049365546322,4.556747039557493,0.6535055029082439
49,57,310,0.1752830246599166,0.2326357339394389,5.1533571766013155,4.444240544424606,0.6348149866268435
49,58,309,0.1770433293617646,0.23562462686042454,5.2599863414849315,4.7868029392700056,0.654085390358199
49,59,308,0.17074072308429453,0.23248905223490207,5.517555193077625,4.470141771515896,0.6779460163440058
49,60,307,0.17317007445499524,0.2288806088411927,5.5980078428595546,4.761155080056692,0.6584150072224935
49,61,306,0.16911517074799598,0.22294479122627753,4.930572508972416,5.051940304646565,0.645939984560539
49,62,305,0.1690426058924436,0.22518311641009553,5.369515179554851,4.5692995703407755,0.6567978164588606
49,63,304,0.18150196926623793,0.2429759022763167,5.148734635946431,4.740865071244356,0.6452657005550918
49,64,303,0.17923206798874453,0.2347547250951756,6.0601506411920845,4.922646641144271,0.6450313384838983
49,65,302,0.1717868174879045,0.2360989772560147,5.136829587026154,5.046677929962754,0.6541108403814594
49,66,301,0.17196306444940554,0.23279636529825715,4.9340614634470334,4.053808519584054,0.6401704451182221
49,67,300,0.17138747567348336,0.22532050948248583,5.179940343306653,4.65328443778477,0.64914488494984
49,68,299,0.17244874959873538,0.22691256103992424,5.84621663205418,4.768497479728189,0.6733643279619014
49,69,298,0.17710970997225878,0.2283325100789041,5.100629821495994,4.35928061647857,0.6766823721097095
49,70,297,0.17484799004349555,0.22792351206578082,5.603552781517042,4.2979215152566095,0.6644958280164909
49,71,296,0.17624854736987391,0.22484919084927488,5.420358527212752,4.688542345786513,0.6531388645173615
49,72,295,0.17268645148541625,0.2285947303396149,5.1691910499919445,4.28776065769719,0.6695591557115123
49,73,294,0.17346122754978163,0.22961102374318196,5.341244814796064,4.80795915591084,0.6626680324779205
49,74,293,0.1736933369335492,0.22536162254199868,4.995810866336514,4.036310962272778,0.6647292962250514
49,75,292,0.17369974268957944,0.2340182373455347,5.663634955028151,4.989183557343795,0.6535491987992601
49,76,291,0.1744262823078454,0.22973719215774316,5.808728551093256,6.325869935386133,0.6687263240704224
49,77,290,0.1722059618890236,0.22020685921075708,5.192145562332806,4.249748586953535,0.6829671671580064
49,78,289,0.17756548248041673,0.2321340559969083,5.325924125130652,4.5231019435291335,0.6574525946864601
49,79,288,0.18045071022494935,0.22764884388953843,5.567386796313111,4.391866504777212,0.6640430461268229
49,80,287,0.179401523831184,0.23311162154898057,5.545585937166486,4.962236116074198,0.6548773586593117
49,81,286,0.17759754064621366,0.23231588964875552,5.038588840663321,4.79782316952895,0.6314223027737904
49,82,285,0.17519403002881628,0.22808675528742078,5.384199699932727,4.258793211114067,0.6489248651063618
49,83,284,0.1813606371145747,0.23080040685878145,5.059424981281838,4.0287293432983375,0.6468173360017471
49,84,283,0.17796424015483445,0.22777971224585553,5.302123595392334,4.974482174529618,0.6709135743858796
49,85,282,0.18168181651949353,0.22553020842147511,5.288903746043037,4.248199404397482,0.6600967474214032
49,86,281,0.17974194929766563,0.22857298516642396,5.456608878869607,5.0043336022095595,0.6478780541343429
49,87,280,0.17356908924689154,0.2236759499328226,5.461395504215338,5.3605143814737515,0.6691322499957889
49,88,279,0.18024983904938488,0.2324221489756623,5.121072309812052,5.389047814274812,0.6514021571240728
49,89,278,0.18539196654557125,0.23278613119447092,5.287780869919683,5.126914074926301,0.6461270347983924
49,90,277,0.17337978528104342,0.21903712933410244,5.075787178550542,4.767558250942929,0.6683367093073493
49,91,276,0.17941202711360132,0.2347977014177794,4.84732226697419,4.1100733911722,0.6651351169751238
49,92,275,0.18130787119562844,0.2358626705617495,5.386530059594415,4.86061400334839,0.6464372834665876
49,93,274,0.1879897013093149,0.23522638880186536,5.13683276907159,4.221418760557286,0.6554423929457879
49,94,273,0.17622061788390164,0.22944679567217616,5.046348332515761,4.159440983214941,0.6559782948928625
49,95,272,0.1828364597150912,0.2340600839835148,5.3692778714821525,5.114789768963364,0.6565604610142901
49,96,271,0.18574231750925196,0.24236837192146765,5.968308559842657,5.093166793991704,0.646877322610605
49,97,270,0.18046406514487273,0.23369018932487268,5.326484313735253,4.398417254491124,0.6639464921637819
49,98,269,0.1730626727435923,0.22827634994520507,5.041431578359732,4.351693427082705,0.669733630601605
49,99,268,0.178544103356725,0.2283915512466294,5.3592009071720295,4.657833767318261,0.6377776342078784
49,100,267,0.1778196932874883,0.2300600857418362,5.200895646988354,4.372804507434041,0.6557557079468426
49,101,266,0.1786553964240032,0.23433657345159503,5.241661035692953,4.7375770874621415,0.6578979140729462
49,102,265,0.17706504012865562,0.23444014994586762,5.31860512489755,5.580963884942312,0.647455001576839
49,103,264,0.1750428588586619,0.23450368455370632,4.958668877067078,4.077808094481245,0.6623913859515496
49,104,263,0.18101421560309702,0.23328560222620248,5.389159554636041,4.998663212719131,0.6560104225699304
49,105,262,0.18814855261229468,0.23482220269157159,5.440383959890159,5.023991693813033,0.6717610318709055
49,106,261,0.18364275865528307,0.22837743943712177,5.164353220314316,4.440880420429474,0.6603852002258904
49,107,260,0.1842165524185061,0.23411229463585537,5.497452024360168,4.844433006013814,0.639450512911995
49,108,259,0.18447727866907795,0.23641068400901621,5.801794028574405,5.184121028714365,0.6391433406767308
49,109,258,0.17638161236414593,0.23063840648354553,5.287484399831531,5.014313062040854,0.6625095828111957
49,110,257,0.1839735928588049,0.24343499537072907,5.5798041512281085,5.64007474606996,0.6465439124434096
49,111,256,0.17683589301393376,0.2371667921807719,5.329134012232135,5.148941975454035,0.6744764831375877
49,112,255,0.1808949695851787,0.24025068459385815,5.082591720737506,4.4400887251175565,0.6558888113666581
49,113,254,0.17988044489218016,0.23564127818857766,4.721916809153008,4.467455722085394,0.6380279923576871
49,114,253,0.18037226756762842,0.23104775408346692,5.041782163776347,4.975776080922959,0.6548320019742645
49,115,252,0.18071963613086345,0.23634521002030975,5.912013782858326,5.383639360022697,0.6490108182824413
49,116,251,0.18169797792571982,0.23602707606263443,5.077008917731456,4.290820543289134,0.6183611402959337
49,117,250,0.17850322551337988,0.2363987160809842,5.409804183467261,5.416266373211083,0.6241209579012269
49,118,249,0.18220954945333406,0.24076570797109298,5.384741002073351,4.972165952175296,0.6664277338972123
49,119,248,0.1837085384196453,0.23919482974846643,5.458986419415671,5.413916552672552,0.6502191768434228
49,120,247,0.17715231244396287,0.23622750781055407,5.255820633938284,5.508253910067302,0.6567370557411224
49,121,246,0.1741173838298715,0.22379365281679528,5.304975267660311,4.600841229746402,0.6629269711238004
49,122,245,0.179703530864148,0.23842771499527435,5.337531827998497,4.42256684573481,0.6583146777935179
49,123,244,0.1800120623058816,0.23763038610938284,5.608931537794655,5.238673396237633,0.6572828805302833
49,124,243,0.18392228822214562,0.2393623226421242,5.0512128798494365,4.277682082027817,0.6590125124399924
49,125,242,0.18133704329870973,0.24088150387334506,5.177086474154709,5.704474114677547,0.6585587756822486
49,126,241,0.18331746488676195,0.23964722560485574,5.5578589230081015,4.744271981909391,0.6402475757286552
49,127,240,0.17851767966309634,0.23325585057229764,5.465573002354667,4.940887534897815,0.6351386136138676
49,128,239,0.17839392157644585,0.23292694784791698,5.40624007683168,5.525334614044882,0.6569361604903442
49,129,238,0.1956161106383888,0.2550541370329826,4.75667346445365,4.1212311723119885,0.6190375183443104
49,130,237,0.18657040755761273,0.24219787910553606,5.202913041493114,4.845499412166986,0.6516492287247947
49,131,236,0.18616777497560252,0.2377531946612222,5.9297569955103215,5.344647812322317,0.6510242168507687
49,132,235,0.1882514635171594,0.23747192539508102,5.024533661033958,4.347205772531289,0.6641890447399327
49,133,234,0.19052643686256174,0.24211621441382783,5.351969773694541,4.5425734853373845,0.654780809519236
49,134,233,0.18367677923235082,0.23848119793161004,5.405661634316777,4.4597721245931305,0.66189133304389
49,135,232,0.1861802449921785,0.25021198523727517,5.131893939669531,5.361895090082658,0.6519935896889021
49,136,231,0.19035702758637812,0.24908688589208589,5.220966225463583,4.549921446523704,0.6360186418400274
49,137,230,0.1811933490476622,0.23797968983509712,5.3376819857589,4.8019192849632555,0.6429886966143119
49,138,229,0.18921403062798886,0.24511049016400205,5.76908956320204,4.752700994608129,0.6435172847134448
49,139,228,0.18689177683787808,0.23996116482206464,5.286006275015204,4.260678221662442,0.6601256607776635
49,140,227,0.18633422861223825,0.23465784104962337,5.4877249471942715,5.149270726542837,0.6361941413580342
49,141,226,0.19085607161419224,0.24436150795439293,4.994369346166056,4.14599931996862,0.64484013391493
49,142,225,0.18425323926185788,0.2432950382393189,5.559114072592427,5.626919998920249,0.6478629956844167
49,143,224,0.19283183425110512,0.24367502615269726,5.099718598598087,4.235865710714353,0.6257846094294721
49,144,223,0.18764496354174967,0.2377641716224923,5.569649498607278,4.969501289145537,0.672048516217109
49,145,222,0.18763922611182324,0.24055117551250133,5.222799755701082,4.440255811312189,0.6595502560933211
49,146,221,0.18751823357649372,0.24089077697665562,5.755602535404538,5.435430481798955,0.6575590408802319
49,147,220,0.20272563988793066,0.2550257803443715,5.214702940351524,4.5052058788048495,0.6144927100679946
49,148,219,0.20625475195234566,0.26829086187691115,5.41048272142069,4.627608214344143,0.5930257922497894
49,149,218,0.21177892177994365,0.2656210696443642,5.14241444984955,4.389127007378074,0.600894149422846
49,150,217,0.20843139897072566,0.2668189291669848,4.774572753373021,4.339269236500006,0.6019026535404125
49,151,216,0.2136746808410723,0.2704287008653726,5.069383515355915,5.385451110688022,0.5757899215424934
49,152,215,0.21025089633519173,0.2664388752858823,5.647216311432921,4.685196955541366,0.6003529377823437
49,153,214,0.20364685699051954,0.26350448699267853,5.381623880668748,5.950444157903282,0.592019650848861
49,154,213,0.2084815769307392,0.26336216601470375,5.341094917219179,4.708077570055715,0.5881906237335758
49,155,212,0.208939140364855,0.2699672705561722,5.24412249932756,4.077866782807412,0.5803483018842348
49,156,211,0.21249989421631796,0.2762019442751085,4.858294265643748,4.7885141406093,0.5574334793823306
49,157,210,0.2033785421229879,0.26082769464275424,4.875214125590922,4.9259675094701265,0.6031082480257035
49,158,209,0.21229269647764965,0.2745489923161756,5.160402237349597,4.919269650480728,0.5917649558224194
49,159,208,0.20314651203345793,0.2619786640363943,5.4265148297630095,4.509631901588368,0.623594542598893
49,160,207,0.2076142229358967,0.27495303192356574,5.076406539958222,5.3031400245480835,0.5707344201756586
49,161,206,0.20701161563870624,0.26634150604772894,5.010976354547617,4.875423957869327,0.5805737882737961
49,162,205,0.20602925488635984,0.2593232679661797,5.209067773037743,4.4449383393372885,0.6153570089982555
49,163,204,0.21383892726666606,0.26955482922148927,5.1845170298676315,4.47675021530136,0.5651188038003591
49,164,203,0.2041378980548227,0.2712737604358499,5.142922962938101,4.26180456041936,0.5834873954817086
49,165,202,0.21086919378505348,0.26692998611667523,5.621657889779712,5.244958727580957,0.6020131335641612
49,166,201,0.21384359860728375,0.27041183508276184,5.362384608415358,4.836185116950881,0.5975773408191876
49,167,200,0.20945486926374762,0.26561730386803245,5.719507656120841,5.225593420804045,0.5961942324702126
49,168,199,0.2125642309908897,0.27509994698605955,4.592055493095057,4.827427496930888,0.5870942552934704
49,169,198,0.2109566299176516,0.27577211262522944,4.5601137751097,4.169511724068428,0.5782007009041022
49,170,197,0.20942972142981608,0.2666357209651218,5.157123704602682,5.008663173782488,0.5930548412527221
49,171,196,0.20948827078432936,0.27038544663975195,4.757279421691026,4.012534200849911,0.6003647823829757
49,172,195,0.20960620613390807,0.27125055760258326,5.093898064070977,4.995624702722785,0.5588658035677293
49,173,194,0.2060716286596035,0.26712370794870843,5.258723153178605,4.541143413688328,0.5893532235545629
49,174,193,0.2040702364339852,0.26406222269540824,4.793228610707748,4.738182658922217,0.5930974443886292
49,175,192,0.2078394039688066,0.26105346967931087,5.286089892015387,4.329342661974332,0.5905750746514183
49,176,191,0.2131061967517262,0.27264987974040616,5.522135094356165,5.218335884838428,0.6064333187331307
49,177,190,0.2051164148623063,0.26190270647046937,4.93113794868011,3.9629941149433754,0.5763635979700819
49,178,189,0.21025417132089202,0.25968255912742705,4.777958077904244,4.399222873595763,0.6146343508152576
49,179,188,0.21430284849991477,0.2748274346009906,5.111362192788947,4.027217161918463,0.5847416566386391
49,180,187,0.21721883285796287,0.2721651647832758,5.000010408550331,4.312578521627016,0.5888804695582672
49,181,186,0.21320376808566882,0.27293021991158545,5.122496761433259,5.03485830570882,0.5908412913177484
49,182,185,0.21655493185601227,0.2791682515304739,5.030887073325326,4.499072510356976,0.5864985863648097
49,183,184,0.21617984774811183,0.27473248420486723,5.190693067409823,4.437351480971002,0.5877761833663699
49,184,183,0.21592555140227646,0.27422099353202967,5.172197179167469,4.27516231123477,0.5798784095818285
49,185,182,0.21382878076588793,0.2749522547634978,5.394708625366444,4.780179563200456,0.5733569392075055
49,186,181,0.21046992644301296,0.272245589712933,5.015571576950775,4.43948823429294,0.5927531388321979
49,187,180,0.20959510257220262,0.27343516598526674,5.086633318324834,4.485042165100878,0.5899336673028167
49,188,179,0.20647761540124715,0.2729904717675732,4.775837407892171,4.651674324215439,0.591191531860936
49,189,178,0.2209696472254096,0.289845859926337,5.487774369345047,5.353094963155472,0.5696580756982904
49,190,177,0.21131714903853507,0.2783021033048255,5.215934233382464,4.7776257773280655,0.5736626663945654
49,191,176,0.20673590193230745,0.2716490700336159,4.794479190774712,4.538369531092034,0.6039382831107056
49,192,175,0.21810877748015373,0.2846635896239057,5.464914048706097,5.012956097984276,0.5981797878695224
49,193,174,0.21183356727658792,0.27286147890934775,5.3273877723154435,4.1638611213813626,0.5735872951946588
49,194,173,0.21020863479757557,0.26554739276033557,4.851232176921842,4.106927046037084,0.5793052878573112
49,195,172,0.22185152652146564,0.284592451080683,5.357469702717535,4.934716668257812,0.5557421221285251
49,196,171,0.21452796573365132,0.2686714975813466,5.0228427839686125,4.327963179459118,0.5980414925075056
49,197,170,0.21009600156354566,0.2673626427418974,5.146975778994975,4.37769065128054,0.6038998824082613
49,198,169,0.21759249312777726,0.27292445191204195,4.873970424203687,4.163477026734638,0.5772709371418018
49,199,168,0.2133182597585671,0.27207093565862567,5.361717131308399,5.281569434581797,0.6193412844131088
49,200,167,0.21568138673858117,0.26826347735390416,5.2553866567863015,4.31301437818458,0.5968372294903492
49,201,166,0.21965702149248972,0.27511046519997473,5.579608989777418,4.838602048329711,0.6025154580520233
49,202,165,0.22575172395696186,0.2828503837219687,5.188533460681558,4.657044873879975,0.5972774092779221
49,203,164,0.21193625148541811,0.2748811735942611,5.5931639628013325,5.211429363185833,0.5890733904560533
49,204,163,0.21090298526651577,0.28493570634429943,4.751111195709369,4.2043543251983415,0.5888681856451841
49,205,162,0.21724887604269014,0.27980753180586315,5.155435773728163,4.5923318049279365,0.5674391319398876
49,206,161,0.21122661936639875,0.26934906081947624,4.877519484627873,4.003455431963927,0.592177089374478
49,207,160,0.21290259923939522,0.274735917938162,5.0262370661457085,4.762410897010169,0.5900628492801475
49,208,159,0.21605986489849954,0.2811747886851261,4.9553260638488315,4.509133342129824,0.5643995395718595
49,209,158,0.2171675121553215,0.28695346786988885,5.084571666823398,4.90170507778124,0.5876741298026945
49,210,157,0.2149380604938636,0.27235862194933663,4.888798015154397,4.613691907384245,0.596744417400842
49,211,156,0.21506565488581827,0.284511225788895,5.0861034054907055,4.55216991218272,0.6088386330856927
49,212,155,0.21959149366865563,0.28482757230463096,5.935539573423404,5.396584931911436,0.6048305323848397
49,213,154,0.2198730087160735,0.2813397553941933,4.729007958007725,4.383879996354377,0.56898883017388
49,214,153,0.21659010665989611,0.27905708929871664,4.86857638432701,4.402465107498137,0.6110607220244498
49,215,152,0.23136293208574096,0.3005851394021122,5.604525962948267,4.51196126349567,0.5851621492831455
49,216,151,0.21388988334123216,0.28358889807125137,5.513394380150183,5.088039056020126,0.6019526152012237
49,217,150,0.22420394517118156,0.2861602973214505,5.674663816181077,4.824402818780261,0.5554954011675906
49,218,149,0.22545897241722251,0.29929455727014387,5.474384237922016,4.773914793389548,0.5793454341215659
49,219,148,0.21660869910070593,0.27691072533147776,5.079531724687683,5.327240686046637,0.5795645351993003
49,220,147,0.23175139275472126,0.29043595008605705,5.748372087486823,5.131844850382541,0.5610510435334949
49,221,146,0.21286298194680373,0.2706697662952992,5.042675313499976,4.44272345977676,0.6210543633671497
49,222,145,0.20734372276693908,0.27905798662894377,5.648895753983627,4.618644817305965,0.6224086990816189
49,223,144,0.2320607795409931,0.2938546674364467,4.922306653740835,4.446212627330434,0.5750067249451933
49,224,143,0.21198124883875932,0.2789051073875721,4.917977369501447,3.7523491712893153,0.5892020712630531
49,225,142,0.22412840292880018,0.28666855931578705,5.157566405209611,4.170961532050686,0.5938286276322133
49,226,141,0.2316457787552792,0.2961591511839123,5.171591180896735,4.808420506910173,0.5643770026835548
49,227,140,0.2276124996042244,0.2931099673677842,4.958461549783779,4.932807586288214,0.576889184225045
49,228,139,0.21998360074176485,0.2892249557035289,4.83682159511943,4.942907563428619,0.6068084228122819
49,229,138,0.22645357349912199,0.29659100191150256,4.9362668566462276,4.4772329250272165,0.5788580108891596
49,230,137,0.22127702527353177,0.2980921750324914,5.065983140996986,4.490238330248112,0.5693361915490617
49,231,136,0.21694160563506007,0.2852457574295425,5.451776948404921,4.710479793135143,0.5925832259571201
49,232,135,0.2259698933881672,0.2858452034954526,5.309592806444804,5.189331770691564,0.5982333616953912
49,233,134,0.22323504743491965,0.28677483812510896,5.352452920469749,5.349515370030587,0.596182992158544
49,234,133,0.2191483384078815,0.27913514768015196,5.3119767881529345,4.666906846171043,0.596586218857171
49,235,132,0.22169721809139167,0.28607926314694593,5.5205255946652265,4.568650243897408,0.5775317504350793
49,236,131,0.2282612540534098,0.28979327033637087,4.744130363267649,4.1932426808257475,0.5603483471948435
49,237,130,0.22445316532925072,0.278973752915604,5.389941936568552,4.914463139598799,0.5884274787672643
49,238,129,0.2202413681050942,0.2776430791822938,5.226208378096004,4.90169876518203,0.5864789919952297
49,239,128,0.22790940707963223,0.29694052709781354,4.864686333836225,4.174889760522436,0.5606044215729891
49,240,127,0.2276993436194878,0.287699717342229,4.695770527328214,4.265393915336833,0.5783856038492896
49,241,126,0.22008338694245944,0.2831151832108818,5.15221562569335,4.881378637697789,0.5913026809805326
49,242,125,0.22932960493972368,0.30143548778400153,5.146282418559261,4.34188980056122,0.5754291305472093
49,243,124,0.22865345837432025,0.2871749210204817,5.268985552203236,5.235929389337551,0.5901011937618152
49,244,123,0.22989242372345814,0.291219827037558,4.962286517368913,4.667942871153798,0.5729920698515181
49,245,122,0.22403252641732618,0.2821531965425013,4.877024642321659,4.29557173753944,0.6097288923794084
49,246,121,0.22088223466770326,0.28691078388476415,5.142444891998327,4.484975705011379,0.5859746520481656
49,247,120,0.22744253880406304,0.2868218785073868,4.929238032350867,4.125100562894437,0.5833172011256956
49,248,119,0.2291823055118886,0.28320110189838427,5.173457491776864,4.504146353766056,0.5734284652369618
49,249,118,0.2335366204112886,0.2908488897159331,4.965290363357129,4.4200823394491175,0.6006085488130666
49,250,117,0.2298297557367948,0.28771429965227896,5.444966364010734,4.616654343220109,0.5840336505266596
49,251,116,0.23146658844511797,0.2923708121211546,5.117546362649018,4.861907468910129,0.5835504798272064
49,252,115,0.23424176390542295,0.29386422500413256,4.817113981879258,4.544062360663493,0.5688745838538276
49,253,114,0.22304668474888556,0.28292686012446766,4.399680607647895,3.9827666941574624,0.6123188109117459
49,254,113,0.22527091572857114,0.2758190754897,4.693593157464082,4.308968244423143,0.5931346266545252
49,255,112,0.23405841016153314,0.28567454422461014,5.307372853258354,4.680792124936908,0.5734530401900952
49,256,111,0.23011845224523678,0.2863444644390341,4.735643893577199,4.469325472482305,0.5766116345634837
49,257,110,0.23065005489327295,0.2923903811695437,4.598621771188181,3.937757269368632,0.5938466614154296
49,258,109,0.23555139238464745,0.2900138570469458,4.952134043659296,4.40745180298406,0.5575889357971957
49,259,108,0.23498600255889515,0.300027191175549,4.870287727324751,4.719608496398362,0.5666460232419258
49,260,107,0.2335337143060113,0.29409710279773255,5.130471626580225,4.559565402525072,0.5679646381412177
49,261,106,0.23070146294496494,0.28617022529751246,5.199260694729302,4.811455343959938,0.5800388492052138
49,262,105,0.22973685226384855,0.2881014984509054,5.111078415861767,4.216137388934255,0.5808590904860594
49,263,104,0.2278967016866323,0.2890756737069998,4.873276139958197,4.039497521129382,0.5701372468998962
49,264,103,0.2299630481130998,0.29172710312694666,5.090959542027383,4.771741463266091,0.5845219743609955
49,265,102,0.22935818517860065,0.27429708516202206,4.823989956419698,4.231260066512531,0.5878880797406603
49,266,101,0.24308607815762776,0.29997442097045535,4.546122455236641,4.509421341565692,0.5784422753306674
49,267,100,0.22759695381456654,0.2775817782602228,5.321959302270363,4.519333019293582,0.5817590864376765
49,268,99,0.23774552372839242,0.2923122769022366,5.082034492310416,4.291808513623951,0.5799703379653386
49,269,98,0.22743820430799588,0.28439434133868674,5.584497405958508,6.14820319844225,0.5987251727838969
49,270,97,0.23238543413058071,0.28889216042586574,5.238341497293855,4.558424013765443,0.5704545130441475
49,271,96,0.2382921935543117,0.29080195836609585,5.072374961316869,4.209993613603091,0.5477493047047582
49,272,95,0.24622548548032505,0.3051188034174578,5.040016388821952,4.808364610402239,0.5546175940194679
49,273,94,0.2359387465983276,0.29369257749815436,5.0525262852416155,4.909903041406397,0.5746462149867281
49,274,93,0.24134508354771178,0.29618474274390244,5.590657220060441,5.438002106616312,0.5539412048058008
49,275,92,0.2330643284638507,0.2950269607252662,5.336997152011339,4.747797477015761,0.5824468500188594
49,276,91,0.2341727747281838,0.2905062384390499,4.873672711148281,4.867297484641074,0.5805483277635992
49,277,90,0.23035303062436732,0.29182978266293746,4.918318637797023,4.460037487037107,0.6058100337946306
49,278,89,0.23993164333911915,0.2986316268299537,5.270604328627597,4.224505221563242,0.5765860212354137
49,279,88,0.2436126250507374,0.29480647050032105,5.0207062941238085,4.436868166936131,0.5830896493742252
49,280,87,0.22402034249447914,0.2760187046935602,5.109090978082607,4.244719539365161,0.6044623840930943
49,281,86,0.2327907743521573,0.2998061398119185,5.642693165915045,5.120317247114103,0.6034695772995089
49,282,85,0.23887932586436905,0.3033005949921083,5.296848927722589,4.839620852166617,0.5975644141787083
49,283,84,0.23920123104194507,0.3058860875664818,5.515659010109849,5.094290974458596,0.5719080278856163
49,284,83,0.2350622255944144,0.3031315636832052,5.177038214276401,4.563114155950034,0.5674730735008008
49,285,82,0.2415655620906277,0.30116664157296447,4.9266404504736965,4.7491473954888885,0.5744276342321436
49,286,81,0.22803746645933917,0.29571382461353224,5.5910798806762845,5.025212227321814,0.5785979491270975
49,287,80,0.23108527880327476,0.2947314106011153,4.910235254964113,5.016929201505425,0.582961680615013
49,288,79,0.23268634334945182,0.29678572966968475,4.6860060756162865,4.67783648509035,0.5901887831415706
49,289,78,0.2287285794310794,0.2871643090747796,5.07277686603573,4.272106194781559,0.5816352748488584
49,290,77,0.23617566761671785,0.303386469718426,5.309369243143682,4.830605962716341,0.5916347202334364
49,291,76,0.241916591279721,0.3007670340632971,4.954380185267112,4.778996557946229,0.5616126748953244
49,292,75,0.2363201413190968,0.3036803532817784,5.0327830145056645,4.689086246085869,0.5617458563314812
49,293,74,0.245521331611321,0.3025183824946423,5.219398882422324,4.524978194498367,0.577371732740185
49,294,73,0.265354606712209,0.3300584075537414,4.90760774869061,4.664595870845778,0.5443581830991517
49,295,72,0.26116457844246965,0.32876934112101425,5.494163058532791,4.760236840647723,0.5552856280160895
49,296,71,0.25413096258722173,0.3131186250054543,4.9535300209835205,4.837296984812915,0.5551917008129748
49,297,70,0.26517089647130876,0.32868194884638646,4.686352807406829,4.7674875303273065,0.5291131376291174
49,298,69,0.27281934019567605,0.3384260782365669,5.125963568102586,4.391286433429428,0.49902062605549513
49,299,68,0.2714689190936862,0.3408219132806302,4.908175310102158,4.2856128372807865,0.5135983136911743
49,300,67,0.2676478140963042,0.3292939874478283,4.998085137944843,4.303307533390018,0.5382315766476342
49,301,66,0.2616239574064281,0.32572761005659046,4.6726309854484,4.010489659048654,0.5471185772218095
49,302,65,0.27392613426485474,0.34149313795049735,5.018283228954733,4.239650696507136,0.490316321077966
49,303,64,0.2821248488065005,0.35178010925290476,5.095152152796727,4.324590820615318,0.4949555645693647
49,304,63,0.2706325304130748,0.33693873808658126,4.846568913045199,4.739134153413512,0.5292649097959957
49,305,62,0.2557788989914736,0.3241593480688408,4.902221381719446,4.362290499824431,0.5635901286877701
49,306,61,0.2539458319350482,0.323777903896609,4.952945767220129,4.503715124003021,0.5465866322148405
49,307,60,0.2599208392968588,0.32252113112755293,5.1486625298756366,4.53505346262185,0.544669871530085
49,308,59,0.2720645398124885,0.34179335150294315,5.250189197817204,4.976366498733312,0.5252421043407763
49,309,58,0.26766936935876334,0.3359327505893651,4.864572939250123,3.947330289531809,0.527908923355207
49,310,57,0.2714203093550258,0.32589508256521366,4.997009956562162,5.135295754402955,0.5273912926792618
49,311,56,0.26466993515852194,0.3216199949744813,5.2585984296041985,4.806650879282711,0.5244315769679732
49,312,55,0.27587482652237805,0.35032856493590747,4.479565402849411,4.293326845888576,0.48676326170960316
49,313,54,0.268623560603514,0.3289148315381733,4.912767147643837,4.238197870110581,0.5262716209089707
49,314,53,0.2698361616306137,0.34039653657244945,5.151554518964528,4.9362716555083415,0.5146458503592375
49,315,52,0.28298205440188146,0.3545197185060455,4.285934327304634,3.786746381873611,0.4874751106637992
49,316,51,0.2541920710966822,0.3201431843504678,4.930952668510037,5.094690188861395,0.5712035518304159
49,317,50,0.2725900313479236,0.3445300275427577,4.756470129226129,4.282102563310812,0.5114793084844208
49,318,49,0.28058547906873904,0.360857790115847,4.602603878977009,3.688499194844544,0.4983600517664803
49,319,48,0.264642500284188,0.3435426323034013,4.7009326923564085,4.255228090630944,0.49441124060654495
49,320,47,0.2618320494570886,0.3269973513585499,4.765279593445875,3.8724802850131264,0.5276600742793777
49,321,46,0.2818381180158349,0.3588076572794596,4.6848058494070095,4.346205889541332,0.48925181656783373
49,322,45,0.2777572633171143,0.35247154481324294,4.912002521538405,4.333004272768175,0.5437713991340778
49,323,44,0.26939848195992194,0.34447528458001464,4.69628570027696,4.198421098970029,0.5232186611018019
49,324,43,0.26756393212846485,0.34021306037904725,5.015883203350601,4.085199320913857,0.5321013518785419
49,325,42,0.26175867558041793,0.34022474170529077,4.942196126985404,4.457076525212749,0.521148298091051
49,326,41,0.2511424103949319,0.3215574361017104,5.0568546381609885,4.266340843951292,0.5459331786755666
49,327,40,0.27461585108407177,0.34756714048246345,5.38061890627157,4.3754803048751185,0.5091611770180086
49,328,39,0.28304648768250196,0.353011782601434,4.462212548133286,4.18100780091113,0.5092234613411606
49,329,38,0.28505551808840957,0.3446827810780757,5.1413511722529694,4.409015139780167,0.49318798122474583
49,330,37,0.281282365802474,0.3466818883057748,4.758864326312221,3.958330201488924,0.51515150534974
49,331,36,0.2588765937564093,0.3211107474574332,4.939284732168124,5.001297860830519,0.5345880537473379
49,332,35,0.2696908122827262,0.33453973908106177,5.591989104552205,6.53308719477898,0.5560706577584164
49,333,34,0.28144151061504474,0.339474479063988,5.734887689214975,4.687816583456289,0.5336649694106953
49,334,33,0.27141509792465673,0.33155210974265026,4.552786955897746,4.318937706692584,0.5116523818326868
49,335,32,0.27361529896897624,0.33459370874269484,5.096428549692222,4.288458946306018,0.5204911154857159
49,336,31,0.2787531269746191,0.3497184759966808,4.6577661355767805,4.123752850269204,0.5040873684369016
49,337,30,0.26350897502632475,0.3281965728736717,4.319097615377645,4.334923291610208,0.5359070484708381
49,338,29,0.2885574291512279,0.3579441885043543,4.848547055863101,4.563116395501464,0.487292909276444
49,339,28,0.2656376251650982,0.32224131459632577,4.629688472629729,3.9061258761122293,0.5338230598332232
49,340,27,0.2839453107651424,0.3496560477550323,4.5484582800694,4.138522740505652,0.5107042287636167
49,341,26,0.29173764518108924,0.3551090077145794,4.555686686689035,3.9516322825415124,0.49034469918416507
49,342,25,0.26759217567702026,0.33332450902316735,4.462225089959608,4.31565550952555,0.5408735866680109
49,343,24,0.2637039250921943,0.32301422503697125,4.941217455425452,4.730607241094836,0.5602983489637855
49,344,23,0.28918654367353375,0.3491680039732044,5.117779090433245,4.85286253367906,0.48723830177045163
49,345,22,0.2730404762310566,0.3378262781268105,4.7049356166917775,4.1603746057000315,0.4973087701711393
49,346,21,0.2610170326769524,0.3256629687159522,4.410861054204275,4.071416522549166,0.5261737213783922
49,347,20,0.28583244585467166,0.3626872166577149,5.0853469727515765,4.84923163588494,0.5155955682572606
49,348,19,0.27525746016660313,0.3443230054221105,4.892056810311273,4.49397812229754,0.5019134237362628
49,349,18,0.2679893322218893,0.33019629744420914,5.062387374502249,4.6250184844311315,0.5420681937161224
49,350,17,0.2704310101245109,0.3326706350191086,4.4903940570314305,3.9864892745528677,0.5089415749467048
49,351,16,0.29121079534304295,0.3617484595752829,5.109318498711502,4.073243821921929,0.5043894391440765
49,352,15,0.2667240188288736,0.3270779562232932,4.685535461909695,4.350614739903581,0.5440558056331667
49,353,14,0.2645816663793276,0.33672830411236393,5.14095551667574,4.4873034514376124,0.5680380311394484
49,354,13,0.28204340672148404,0.3510406296443291,4.946455558770802,4.358382626017099,0.5252624116642592
49,355,12,0.27866319474254164,0.3465870181558476,4.9675516845493135,5.081946792262747,0.5058494732520712
49,356,11,0.282536999581035,0.35103541572403746,4.918958146881069,4.894248486039338,0.51372382945396
49,357,10,0.3010687420979711,0.3664317768215022,5.355863241996968,4.710477720096475,0.5001713113653194
49,358,9,0.2662659106751166,0.33016796988586083,5.154709640878999,4.2870191682247825,0.5545223880803128
49,359,8,0.2690661883254635,0.3333987678909485,5.288226741708215,4.277526535985927,0.5433220419228779
49,360,7,0.28015751439753483,0.34710329864412626,4.435428144795642,4.069433784395507,0.5295153951926721
49,361,6,0.2760920253013166,0.33441697798160286,5.017515906358367,4.837937976625674,0.534708179924462
49,362,5,0.29067861146504753,0.3556317967707008,4.868885866529659,4.989801731269512,0.5185384421193061
49,363,4,0.26777531142883715,0.3272653640149266,4.888367468828159,4.074508213967053,0.5494394347875555
49,364,3,0.2687225099758967,0.3187452263228231,5.128661061929277,4.827864438718084,0.534194368459305
49,365,2,0.28146357029792823,0.34566016153922474,5.165688747537708,4.943311739650261,0.5323624203869429
49,366,1,0.2922116377119844,0.35808448223719075,4.885386576505313,4.32914349278881,0.49285422331316003
49,367,0,0.2860613366394931,0.3551692496354223,4.910174457006918,4.175674522622317,0.5249913452744736
50,1,219,0.1646759365108561,0.2308158023265111,4.840116870507895,4.315593947953733,0.6389666448969683
50,2,218,0.15771925879024642,0.22518516005282846,5.237819759945243,4.477956715949404,0.6696264758862333
50,3,217,0.15424609919198065,0.22819087485660505,5.655249102546879,4.9403009669717,0.6591274560685281
50,4,216,0.15969300117488677,0.2336487059504246,5.818329389762884,4.541967133400251,0.6616585908375453
50,5,215,0.15336654548194398,0.21615970208876037,5.272121137834189,5.019984184785841,0.658081868940356
50,6,214,0.1611843292343155,0.2237754946214014,5.502086204202714,4.985379995691202,0.6805551559559487
50,7,213,0.15988433494919943,0.22522577382145412,5.816625089531774,4.766563775816951,0.6911122408911531
50,8,212,0.16085196706374558,0.2278909764290909,5.071737774547942,4.129667918422687,0.6612205535879436
50,9,211,0.16229729119994568,0.22903643276198896,5.483469189172075,4.792439404176126,0.6516562272714727
50,10,210,0.15790975392821457,0.22257234260161532,5.093599804721867,4.507262666918726,0.6521880097440175
50,11,209,0.1633792856012351,0.22558357136551954,5.227695659771367,4.934650787730263,0.6311409459742956
50,12,208,0.16092461422582813,0.22190122686465213,5.290051526975546,4.648885313643695,0.6424321379498961
50,13,207,0.16353357415268785,0.2237058311460393,5.2426331096026,4.095685391047126,0.6626720201310953
50,14,206,0.15447548707494804,0.22141520848906224,5.088106776144075,4.295098871187902,0.6346998995750794
50,15,205,0.1563416898691307,0.22440560315734515,5.076770160671908,4.409164305791234,0.6651409493886584
50,16,204,0.15943477398206726,0.23110921577172075,4.633904647283046,4.056572049033542,0.6690046252352759
50,17,203,0.1618360432210595,0.21956491633194644,4.880155848821798,4.174531903305446,0.6759817481382012
50,18,202,0.15644978989267486,0.22796074840314062,4.968120294690996,4.110296651760222,0.6470466891911422
50,19,201,0.15754820127835753,0.22407695357354043,5.2518317706759134,4.8037379599615875,0.6596429603777023
50,20,200,0.1588284144395572,0.2305228838214039,5.300103185435221,4.943962601487243,0.6585284411664493
50,21,199,0.16020309131128288,0.22537060297760114,5.605272786774335,5.3045575668812255,0.6522670447950708
50,22,198,0.1625857284513121,0.22702992959060359,5.115509212813218,4.783173240603132,0.6359919094527225
50,23,197,0.16146051566523167,0.2288156130530125,5.137045930665493,4.084311596668084,0.6703835835875936
50,24,196,0.16839286379541316,0.24039585407549943,5.944755485427294,5.278503304316448,0.6472087672547211
50,25,195,0.16171680689057102,0.23534953977622827,5.290304093758447,4.470211443129301,0.6591129014442
50,26,194,0.16103759977575702,0.2302336018066683,5.284828237469795,4.837582578573011,0.6658852501124365
50,27,193,0.16316793985131176,0.22876662814357268,5.583286925387378,5.297418349570068,0.6561371417257971
50,28,192,0.1698193655316544,0.23231259433874546,5.115767941568755,4.063717633857253,0.6320315073672345
50,29,191,0.1612298878221252,0.2289188181195602,5.263196076397339,4.682947745019697,0.6591384230053227
50,30,190,0.1664903648122746,0.229387744218893,4.984779712930092,4.385754963526198,0.6419483250262547
50,31,189,0.16668344991999795,0.23359269323392953,5.421744575331033,5.210957224286132,0.6656434000584701
50,32,188,0.16669440240383504,0.2290126295863235,5.15590681259481,4.1848064684960775,0.6595991443651851
50,33,187,0.1683309314389178,0.23015291241194374,5.855523069532975,5.7211839826159965,0.6582915776262851
50,34,186,0.16641844933218883,0.23145910297904487,5.092829687807373,4.466537770902336,0.618962121872176
50,35,185,0.16503901597671405,0.23324510590826,5.02660279984501,4.363122976965626,0.6554641221850481
50,36,184,0.16326073269908645,0.22301245274409054,5.484139285300114,5.049086065735574,0.6537697524199282
50,37,183,0.16647768254463405,0.22826971896999762,5.171452135649989,4.684343154093711,0.6601801500069384
50,38,182,0.16308247503801207,0.2353587215502704,5.294751719562878,4.82374369645686,0.648001291534016
50,39,181,0.16008602377767886,0.23010488547901053,5.192505595505918,4.5223543182704535,0.6559092346786369
50,40,180,0.16163350930388198,0.22239011559376778,4.991387157533644,4.441692439069314,0.6863958015852124
50,41,179,0.17029701553632107,0.2341469858213726,5.508584183289534,4.504177859256991,0.6670309696023163
50,42,178,0.15628314570129298,0.22361011110569876,4.997237218450275,4.6876980928254675,0.6506985570452708
50,43,177,0.16621343241810582,0.22961034175653838,5.456234665451626,4.778963591173073,0.6322853276601037
50,44,176,0.16470056109708314,0.23523652930994046,5.098095772868432,4.488334080507487,0.6414127313147767
50,45,175,0.1624370897072667,0.23240820972207132,4.722907135180269,4.052821183714069,0.6473885767430515
50,46,174,0.16740995010199736,0.2328081162440811,5.153977547559779,4.390669823013708,0.6551612431636327
50,47,173,0.16580174078027832,0.23029792639317131,5.950342600960023,5.211202286128973,0.673060337300122
50,48,172,0.17122958607973376,0.2422514988636095,5.275065570799155,5.0049784059199265,0.6554827200086468
50,49,171,0.1648711282963019,0.23568589905489476,5.53562638204616,4.178873651311535,0.6681167430120338
50,50,170,0.15870912150967456,0.236505283069022,4.886789125700419,4.054990480804163,0.6381165399404031
50,51,169,0.16070148378151738,0.23678234774690216,5.413855166485222,4.384682494067098,0.6395624986583412
50,52,168,0.16589453038146237,0.23996859816706448,5.259340776394669,4.64386491359564,0.6662393563404075
50,53,167,0.16208784395935166,0.24658686614029926,4.712182742534402,4.248137855638826,0.6494261930551513
50,54,166,0.16153095467284748,0.2395395901968641,5.244478590529763,4.1809858112668605,0.6441429833711589
50,55,165,0.1609788684417863,0.24107174890832572,5.597314612780917,4.523672618313201,0.6527693206515872
50,56,164,0.1648973378050407,0.23903368939499745,4.844156946046935,4.899041078293648,0.644467834898896
50,57,163,0.16652728682690404,0.2312037783370422,5.4089183388954565,5.098041274487375,0.6697710364725691
50,58,162,0.16121532329115026,0.23086688436772973,4.507386683670667,4.042238501904744,0.6447057361065243
50,59,161,0.17051011553663636,0.23310242816378884,5.597274156881548,4.924890786053482,0.6669698122807439
50,60,160,0.16489212939802236,0.24728292021481313,5.73510862600539,4.913585667357797,0.6476154810089694
50,61,159,0.17103306921704356,0.24547801063687388,5.234208110314561,4.412928837093244,0.6194848061354348
50,62,158,0.16709383209065473,0.24120368385164753,5.428046884796183,4.799268970069573,0.6585075503846957
50,63,157,0.1626806414658711,0.22956923984807995,5.491961785160663,6.216945808023334,0.6694646859677252
50,64,156,0.16701931789482355,0.23463632717104535,5.117058813342541,4.43969540573408,0.6384118914865378
50,65,155,0.1677794272103457,0.23759112726465131,5.586490615747177,4.890309239651461,0.6680326028761253
50,66,154,0.1696341382807017,0.23342336454303736,4.973460307843873,4.619294534108103,0.6542981056841971
50,67,153,0.16681872472061965,0.24115994589083614,5.080056251650037,4.620610844672564,0.6387980491159335
50,68,152,0.16220349965943556,0.24435241434503185,5.052203615820767,4.796623625560875,0.6463365638908258
50,69,151,0.16618456036461302,0.23490185667666008,5.1677384868893075,4.132706628230052,0.6575361595715825
50,70,150,0.1668043550731463,0.23933665901333376,5.199473133311622,5.0126938384573885,0.6484857213145518
50,71,149,0.17208949410332353,0.24123619370176358,5.177552468789827,4.506761239043222,0.6334848747905467
50,72,148,0.16836091528165825,0.23363572747699202,5.10218231973175,5.036381751926274,0.6387847602774136
50,73,147,0.16569133596206898,0.23592761770151793,5.03765687122608,4.473565355134284,0.6511964088792861
50,74,146,0.1677041067026461,0.24475304626247296,5.093987703759412,4.71745257007048,0.6627325351851616
50,75,145,0.17045263865633645,0.23364345203244566,5.090512745479107,4.977962810785461,0.6497121340161804
50,76,144,0.16466846832376394,0.23302754108137283,5.317598664826525,4.685995233372324,0.6480163676755696
50,77,143,0.16559017764853357,0.23706149731982495,5.189111775266667,4.4766453853143044,0.665980155874998
50,78,142,0.16381224956942214,0.23950318644053326,4.871551405654062,4.1435348458555135,0.6616175748396201
50,79,141,0.1663088348902062,0.23264004358156837,4.8699798569725985,4.536227467629425,0.6187499817793922
50,80,140,0.16899133153762033,0.2411094429741008,5.608750730014339,5.644656921015955,0.6726110135378004
50,81,139,0.16822040498730584,0.2398970114157361,5.347795321524956,4.869619916372525,0.6616776740778418
50,82,138,0.16710453397726557,0.23427923568522607,5.364578014829144,4.291515925953324,0.6646407649824593
50,83,137,0.165984380128465,0.22952958859097233,5.030323961886328,4.100908122539142,0.6667004810233534
50,84,136,0.17632817855781868,0.24664187295767515,5.116124232478622,4.249078097168039,0.6422322719482859
50,85,135,0.16683957169556796,0.24108714408875087,5.544400925769403,4.875830301460623,0.6162582116063985
50,86,134,0.1729131153979829,0.24431669055181515,5.181674647198171,4.732372682182094,0.645329921516034
50,87,133,0.1682293324041353,0.24525871225656476,4.9165734340806,4.410153965124213,0.6594914927675285
50,88,132,0.16730571154134752,0.24155767180321616,5.171053334851241,4.690010116712744,0.6670491159829066
50,89,131,0.18577932409830927,0.26543660877616065,5.62940503906003,4.680353697315206,0.5714191138746973
50,90,130,0.179545188259169,0.2624976258094038,4.90200698460387,4.423441804871038,0.5837866369857092
50,91,129,0.19352883650499492,0.28163633294199397,6.018652301845582,4.713291994540553,0.5867460293168808
50,92,128,0.1841873969717287,0.26939284741078134,4.937929074301415,4.434180778012443,0.5612553987020654
50,93,127,0.19045567186751775,0.26911527062120055,5.080967910900579,4.452583307818034,0.5880896557382759
50,94,126,0.1880980452065373,0.26516743875976634,4.930114383264678,4.201198822717876,0.5913228093035561
50,95,125,0.19326626003232492,0.26318639881207323,5.560945445469098,5.275865695829877,0.5964171770990983
50,96,124,0.19323432865063678,0.27341523534802276,5.15739589635148,4.3582276732606955,0.5848616817372317
50,97,123,0.17832683066498672,0.26042914191965266,4.876925784622925,4.572206151186835,0.5786346609703218
50,98,122,0.19184703861104935,0.2592308690668919,5.376671880059791,4.468853490486083,0.6074988975355229
50,99,121,0.19306093706013827,0.2702412470365183,4.905003743742942,4.4524788615741215,0.5936801052716436
50,100,120,0.1849960769790931,0.2589130600825562,5.413227729312618,4.930979565143279,0.5932303003915962
50,101,119,0.1926153643820665,0.2752914329693117,5.3579377954742995,5.3177744917384215,0.5669096640608533
50,102,118,0.18774165827195735,0.264735601046544,5.123386311169838,4.5137992265400815,0.5959586934124073
50,103,117,0.18506710776067412,0.26151708110560684,5.071811441655353,4.375229397675473,0.5824607572152386
50,104,116,0.19211504633312235,0.2654145241748637,5.1579313153857305,5.59023686366377,0.5947118015582772
50,105,115,0.19908924227499913,0.27106931138320167,5.082265153987603,4.184290605328335,0.5779095989286307
50,106,114,0.1873108287369289,0.26322090409970167,5.080932438027981,4.60127982556852,0.5835928725413057
50,107,113,0.19239415480913893,0.2574331447199755,4.645835264066935,4.220619911419106,0.5998626662986681
50,108,112,0.1968525371513642,0.2802195001729896,4.8453695077709025,4.118455873740532,0.5639622686624652
50,109,111,0.18832745699465836,0.284758751748511,5.457821616217221,5.318955524039635,0.5980567859215256
50,110,110,0.1834786972363652,0.274261630604078,5.359666511593434,4.476642448602636,0.5657917301045837
50,111,109,0.18419110801529315,0.2690761277020794,5.6258039658361945,4.858193683049054,0.6032128636535071
50,112,108,0.18754660427964312,0.2612160575905584,4.741421862231063,4.1960063792035065,0.5780301085344641
50,113,107,0.18861382483174913,0.263334261744106,4.6025423022997645,4.694134473461082,0.5689403079054983
50,114,106,0.19074854119945825,0.26823168723010005,5.027496849664043,4.339564539918082,0.5874561926647179
50,115,105,0.19478197020456586,0.26589052555783227,5.6680786867491175,4.835998968517418,0.606901018921351
50,116,104,0.19388729638545193,0.26118567414877775,5.1557917783882585,4.317345507418837,0.5868607954723052
50,117,103,0.18655409535215592,0.2567698562507936,4.953130865116249,4.443662558990361,0.6009606193586621
50,118,102,0.19093260947999982,0.2596488636393896,5.098722650906689,4.115811043864677,0.5839443603789872
50,119,101,0.19488402787916237,0.2656733174763901,5.014593856337779,4.490333138013703,0.5936129835273185
50,120,100,0.1915975788033114,0.2732155722884305,4.806255233445656,4.458815112826688,0.5726973014043395
50,121,99,0.18635372068566539,0.2615431884037218,5.529751699526994,4.625290206906427,0.5885064127443242
50,122,98,0.1900386703326115,0.2707788957960413,4.469134336412152,3.9213656004353883,0.5930762651974758
50,123,97,0.18934785465515575,0.2666765715611005,5.015666090283208,4.628797718609698,0.60695703367492
50,124,96,0.1938927191282591,0.26722648724803144,5.118429784667024,5.317459256400468,0.5868775111835621
50,125,95,0.19503848977630375,0.2787436809024704,5.1913980870065615,4.585163342077551,0.5932908975709268
50,126,94,0.19448873566427968,0.2835853423356549,4.7775329298844875,4.280352640212644,0.5555318256553502
50,127,93,0.19520123645822923,0.28028271366749347,5.017928722363526,4.594342122136891,0.5843462442582634
50,128,92,0.18863982704012164,0.2658783408616717,4.74673376484831,3.9602860256720827,0.5956166365431417
50,129,91,0.1905022402994334,0.274430227087968,4.582395760626907,4.142177466797681,0.5682067646164445
50,130,90,0.19348704084796844,0.2676696410823342,4.950024573354549,5.042175330958371,0.5845922222022251
50,131,89,0.18747740149250858,0.2627825772133573,4.93234806066495,4.072813394073126,0.6096167176067768
50,132,88,0.18858070621812764,0.27168028176783376,5.0600395071141655,4.859255192744587,0.5607405711542486
50,133,87,0.1872111827946549,0.2777176047265582,4.950217752769499,4.361491378134416,0.5998982613024924
50,134,86,0.19502235952796051,0.2758454613465653,5.236614873618343,4.746509231141496,0.5984739060878069
50,135,85,0.19465348249265613,0.27888801544162733,5.413445311276039,4.976110580706656,0.5777374697846375
50,136,84,0.18941499681122329,0.2772301402429807,5.584047777108835,5.876730178025828,0.5731203120180347
50,137,83,0.19414669266303022,0.28286472643607746,5.391287547083002,4.402299914074116,0.5800971975640055
50,138,82,0.18495152760729247,0.27995622413722443,4.533489661479699,4.375494055322844,0.5861467595034191
50,139,81,0.19130176140339603,0.28143076670025907,4.826418843186742,4.1711417138604325,0.5705522615314653
50,140,80,0.19560857259914607,0.28184650930287664,5.0016678399931465,4.515213719714398,0.564794952804651
50,141,79,0.19361196698899077,0.29031256709790554,4.452847960532627,3.8676644352569816,0.6012972259372044
50,142,78,0.1894123743368139,0.2865451911697826,5.04418271146812,4.363411857171205,0.603093609240494
50,143,77,0.18653817478916665,0.27771447171962593,4.550625400382236,4.408864962876736,0.583670481249757
50,144,76,0.1954631056016645,0.27646433824886274,4.960706287302648,4.370243138625242,0.5704487642440185
50,145,75,0.18593219429664395,0.2705445733453609,5.188228141427704,4.456172364918265,0.5988243631321123
50,146,74,0.19275797206819362,0.2761990582852831,5.0240817513893985,4.291510678418685,0.5775169086108808
50,147,73,0.19363961711319597,0.2795450719346877,5.163628943764558,4.972776064398464,0.5814252246853076
50,148,72,0.18889469862742406,0.2759840051633845,5.416896839749802,4.675326261332028,0.5796113903425836
50,149,71,0.1952436705200562,0.2770444731769695,5.360601338161996,4.848862379474558,0.5734226615606904
50,150,70,0.1991694088065814,0.27538543345174177,4.995352303539017,4.777278646325111,0.573331757076822
50,151,69,0.19678613006787177,0.27798876992717336,4.950072748404125,4.686568174023018,0.5608305797682803
50,152,68,0.19146108813412302,0.2764635683481481,5.265624744686654,4.47857418044188,0.5615269655853158
50,153,67,0.19573222912437896,0.28446742484823023,5.270438715792061,4.981769946583333,0.5669847664550978
50,154,66,0.19430176036230531,0.2849547138574429,5.327390385148476,5.186676598202989,0.5880045657939661
50,155,65,0.1927908678862387,0.28834770539322774,5.112526721174121,4.69033272478902,0.587459553339335
50,156,64,0.19174480602934985,0.27990260643564496,5.29454316897675,4.309846039176868,0.6084626676832045
50,157,63,0.19824105827220276,0.29034398726627714,4.953277295828617,4.5037763978696335,0.573877709060963
50,158,62,0.199189644654606,0.288290549846642,5.114846628987931,4.4943636121954995,0.5867924180741348
50,159,61,0.19840166881665527,0.2942649056562857,5.1205574061498105,4.596413765697432,0.5642462175121524
50,160,60,0.19253711546053312,0.2811784783486618,4.939300371007074,4.727221776156048,0.56852983130637
50,161,59,0.20043683769364568,0.2835142049330081,5.423925935431612,4.815182719644917,0.5810726702600265
50,162,58,0.1993014059928226,0.2842530224425301,4.5924213736761414,4.0797817907782585,0.573120784164551
50,163,57,0.19427780960864344,0.2829424058563403,5.320422080651285,4.992272798079579,0.5722467489496232
50,164,56,0.19202192010203567,0.27261429823675054,4.972987149144141,4.284202640115706,0.5879956697482018
50,165,55,0.20012916252481397,0.2913316589140926,5.44680245183317,4.951722221466358,0.5782322589402431
50,166,54,0.1967583880754203,0.2806662067670274,5.46071800119535,4.499971799325468,0.5674536132952631
50,167,53,0.19847525472553987,0.28414647266072734,5.100379519217716,4.5874154686590725,0.5794013408869775
50,168,52,0.1956278809989759,0.28583875046146406,5.0899906179914005,4.209249846931814,0.5745425654526665
50,169,51,0.19651627383458914,0.29084105798067805,5.172222759303917,5.081639329205857,0.5802462970295095
50,170,50,0.19616267207766347,0.2895823566167481,5.7447434293032815,4.694469723693759,0.5631893332853816
50,171,49,0.20610481219659516,0.28648049853544477,4.79970118999803,4.347247379990113,0.5749372599182648
50,172,48,0.1963829269763077,0.2775349666143944,5.326362465062732,4.666110800962423,0.5823104470081637
50,173,47,0.19573855607794788,0.28338834222081466,5.392447147976645,4.534589278550035,0.6011239769850237
50,174,46,0.20684876383019796,0.2872972815604015,4.782197575340281,4.081886737099784,0.5673489276587224
50,175,45,0.19512186948314203,0.27987027542982773,5.033108655745901,5.188285183383975,0.5716557447961773
50,176,44,0.20271707881151854,0.29675870529202675,4.976364614222303,4.579454135212794,0.5483453650044403
50,177,43,0.21831388216773362,0.3043541851017329,5.075454870456406,4.4489857876207335,0.53971100788705
50,178,42,0.21181571089852166,0.30803591829617055,5.305576240522544,4.779828562216638,0.5348117601194052
50,179,41,0.21556329600975843,0.29793889459772466,4.769387028764754,4.0549712511695715,0.5326067647907362
50,180,40,0.21113556188336785,0.3192136623424191,5.761077720114949,4.776766874571521,0.556009421860312
50,181,39,0.2151477315435168,0.29911447784470935,5.15396984865422,4.617639647019332,0.5353793711203281
50,182,38,0.2172016215322593,0.3120839258798204,4.897823325874598,3.941746126963736,0.5234644000670252
50,183,37,0.22156757635181193,0.32279695874857894,4.364688139588016,4.124661802091092,0.5183399184683641
50,184,36,0.2175476465230194,0.3308989257050354,4.9628597613380885,4.2027623631122495,0.5177398096235866
50,185,35,0.23442879619088952,0.32178362574177594,4.373393919217607,4.005134413244351,0.49832764096073995
50,186,34,0.21633865087288706,0.31153224819940245,4.751978435225304,4.441532805262614,0.5596664428631155
50,187,33,0.22374102826783862,0.3068742049119828,4.849825204607761,4.442877194903923,0.5424339189969082
50,188,32,0.22581046492672724,0.32314725967133934,5.546992747465603,4.419170434889639,0.517380126912817
50,189,31,0.22203473146226804,0.3243243031984656,4.993711424007845,4.757068168432574,0.5154178324672378
50,190,30,0.22229758338199512,0.3262202315746587,4.685057855753059,4.656806419876626,0.5137070003882895
50,191,29,0.2226664364361457,0.32573282952661775,5.4118042901335475,4.307245252403057,0.5289234904286337
50,192,28,0.2161411116887324,0.31216941119853175,4.9376905740599675,4.189726892742205,0.5163005576675374
50,193,27,0.21816023632055395,0.3266299073582908,4.730067121208812,4.057166922300106,0.5317683806560275
50,194,26,0.22780803426900154,0.3172337008103076,4.382868911632158,4.100522218093614,0.5035583948180747
50,195,25,0.21186562544700474,0.31324363938709954,4.966765573579162,4.285321104616751,0.5260085610171383
50,196,24,0.22881446464747252,0.34727978244612184,4.849695552183128,3.902459866209128,0.4976452971782818
50,197,23,0.22838246873705662,0.3067567791111367,4.606332366174554,4.0285764607188845,0.5333919157594816
50,198,22,0.2165435026960809,0.31495345151426096,5.542012196074371,5.476859134426624,0.5322869234818689
50,199,21,0.21202690806544647,0.3025214306924697,5.036451521408932,4.741051304806205,0.5476567741955243
50,200,20,0.23200449946185428,0.32760422237583997,5.2538218975705675,4.276550054951908,0.5145735033374342
50,201,19,0.22721783640704496,0.31760931693659356,4.825718341229122,4.06862556868993,0.4981279281936281
50,202,18,0.21517286865957058,0.3078012811852481,5.136466407966685,4.372690945874665,0.5365885743237486
50,203,17,0.22709422299964327,0.30998627472780577,5.452332696451505,4.686600152161044,0.498535202604702
50,204,16,0.22661809514208917,0.32918829761961066,5.418528233711176,4.464145937324615,0.5285571649650571
50,205,15,0.21559014416076377,0.3116214714077387,4.500368961001286,4.170574537170958,0.5199276345305237
50,206,14,0.2285737473058502,0.3190113830710895,4.934673786864906,4.2660902651701225,0.5137319687971583
50,207,13,0.22958145352380918,0.3240332568395829,5.673819749737412,5.674606021029891,0.5091128846026503
50,208,12,0.23303257453140352,0.33782194295848883,4.4808330332032735,4.167612898573576,0.49234594483060473
50,209,11,0.22466812924605395,0.31398615367375665,4.925868405787145,4.975033780525077,0.5308622536266995
50,210,10,0.23467605951505124,0.328110502105957,4.892372538276337,4.147535304409502,0.5086776781391465
50,211,9,0.23008984017209297,0.3304126671946496,4.340920180736701,3.7145062330446743,0.4862641037695416
50,212,8,0.2174351411361544,0.3255015496492282,4.557425212534058,4.076897203197416,0.5229155765297965
50,213,7,0.2375427935845402,0.32301801209276987,4.537623492029606,4.062487536401119,0.49140497830724017
50,214,6,0.23050212929266214,0.32515653817446155,4.937407433316395,4.118050081565335,0.5068122532520803
50,215,5,0.22669438996371405,0.3117305423792735,5.3803217591988535,4.833286681402519,0.51440044073558
50,216,4,0.22536637128314901,0.31391900473626916,4.123028103599889,3.8535258245740676,0.5047656882423591
50,217,3,0.2340210653875506,0.3280566391738738,4.86071463590017,4.456547873992083,0.518589260209954
50,218,2,0.21473983292784168,0.31080965199104293,4.518350261062968,4.1925946404163135,0.540063799926809
50,219,1,0.21862927940435506,0.30949751789539937,4.708962296788819,3.89037872482961,0.5449201472711029
50,220,0,0.21713832186330134,0.32116639497705296,5.295297820313289,4.5825777052946,0.5137501929184015
